Txnuid,Uid,Adjdate,Adjtype,Remitter,Beneficiery,Response,Txndate,Txntime,RRN,Terminalid,Ben_Mobile_No,Rem_Mobile_No,Chbref,Txnamount,Adjamount,Rem/PayeePSP_Fee,Ben_Fee,Ben_FeeSW,Adjfee,Npcifee,Remfeetax,Benfeetax,Npcitax,Adjref,Bankadjref,Adjproof,Compensation amount,time,Penalty,SHDT73,SHDT74,SHDT75,SHDT76,SHDT77,Transaction_Type,Transaction Indicator,Beneficiary Account number,Remitter Account number,Aadhar Number,Mobile Number,Payer PSP,Payee PSP,UPI Transaction ID,Virtual Address,Dispute Flag,Reason Code,MCC,Originating Channel
9884760536,5032366405,02-09-2024 00:00:00,Fraud Chargeback Raise,APP,ICI,R9,02-09-2024 00:00:00,0:0:0,378816218748,159332,9473788174623,7431319078662,,310.21,310.21,0,0,0,0,0,0,0,0,APP/ICI/Fraud Chargeback Raise/5032366405,DRC,DRC_20240402_83.CSV,0,,0,,,,,,U2,COLLECT,9001920425968752489,9303389430821533322,,93650891416616,ICI,ICI,a15ba49582c894c8bbcfd82d,,RRC,103,0202,UMOB
1248774745,9009317669,02-09-2024 00:00:00,Chargeback Raise,SBL,SBI,RB,02-09-2024 00:00:00,0:0:0,051466624865,159332,9069316954491,7597398201559,,921.24,921.24,0,0,0,0,0,0,0,0,SBL/SBI/Chargeback Raise/9009317669,TCC,DRC_20240402_83.CSV,0,,0,,,,,,U2,PAY,9063133646275088393,9381853089444620996,,93176869077376,SBI,SBI,582adf13c31df3dbf0aa8f9e,,PR2C,108,9189,IDIR
2309284958,9919290564,02-09-2024 00:00:00,RET,SBL,IOB,RB,02-09-2024 00:00:00,0:0:0,858041440439,159332,9676847078772,7460229997642,,49.31,49.31,0,0,0,0,0,0,0,0,SBL/IOB/RET/9919290564,TCC,DRC_20240402_83.CSV,0,,0,,,,,,U2,PAY,9065632871071215013,9387768585257061481,,93393868824427,IOB,IOB,80bdf64f7e5fa47ecad7be6f,,TCC,102,2532,IDIR
6645057982,5973062607,02-09-2024 00:00:00,Credit Adjustment,SBL,MBK,R9,02-09-2024 00:00:00,0:0:0,070681386568,159332,9010052964675,7172823230440,,708.30,708.30,0,0,0,0,0,0,0,0,SBL/MBK/Credit Adjustment/5973062607,Credit Adjustment,DRC_20240402_83.CSV,0,,0,,,,,,U2,PAY,9051157157785249211,9355552464905867585,,93305498726304,MBK,MBK,ffbaf28e47eb42babbe38b32,,PBRB,102,2888,UMOB
4432808860,1862915124,02-09-2024 00:00:00,Re-presentment Raise,SBL,CNB,RB,02-09-2024 00:00:00,0:0:0,918025478903,159332,9825178169325,7272674523470,,40.74,40.74,0,0,0,0,0,0,0,0,SBL/CNB/Re-presentment Raise/1862915124,RET,DRC_20240402_83.CSV,0,,0,,,,,,U2,PAY,9079402690991922952,9332572939891924766,,93172583002138,CNB,CNB,346c1ad8c9ff8cccdbfc5ffb,,TCC,104,6816,UMOB
9256820151,8697908730,02-09-2024 00:00:00,Fraud Chargeback Raise,SBL,INB,0,02-09-2024 00:00:00,0:0:0,904238751176,159332,9568530427038,7782894641024,,228.71,228.71,0,0,0,0,0,0,0,0,SBL/INB/Fraud Chargeback Raise/8697908730,Credit Adjustment,DRC_20240402_83.CSV,0,,0,,,,,,U2,COLLECT,9046494287257868848,9312597892221210817,,93801952100089,INB,INB,a80e480de106b3ba7fb5bfa8,,TCC,103,2740,IDIR
6202274640,2282956007,02-09-2024 00:00:00,Credit Adjustment,SBL,SBI,0,02-09-2024 00:00:00,0:0:0,944999280609,159332,9126544253413,7357009701339,,402.85,402.85,0,0,0,0,0,0,0,0,SBL/SBI/Credit Adjustment/2282956007,UPI,DRC_20240402_83.CSV,0,,0,,,,,,U2,PAY,9070578670394227369,9313581612531425840,,93248356884956,SBI,SBI,e63b36f91d012f7fafa013fb,,DRC,104,2078,IDIR
8385962908,7934247108,02-09-2024 00:00:00,Wrong Credit Chargeback Raise,SBL,PNB,R9,02-09-2024 00:00:00,0:0:0,702033446069,159332,9384596521698,7875725406922,,114.11,114.11,0,0,0,0,0,0,0,0,SBL/PNB/Wrong Credit Chargeback Raise/7934247108,RET,DRC_20240402_83.CSV,0,,0,,,,,,U2,PAY,9042816099458824714,9381927720274700205,,93186461014472,PNB,PNB,469c2b16acaacd70fcd8d0ac,,PR2C,104,7883,UMOB
5350072189,4961350059,02-09-2024 00:00:00,Complaint Raise,SBL,IPB,0,02-09-2024 00:00:00,0:0:0,029220055538,159332,9907007256590,7179202328669,,425.58,425.58,0,0,0,0,0,0,0,0,SBL/IPB/Complaint Raise/4961350059,TCC,DRC_20240402_83.CSV,0,,0,,,,,,U2,COLLECT,9010252900726771465,9342383189406912367,,93635426458129,IPB,IPB,bce51c9a37d495dae2410048,,PBRB,108,8751,UMOB
8533410919,1767695667,02-09-2024 00:00:00,Chargeback Raise,SBL,APP,0,02-09-2024 00:00:00,0:0:0,385222564335,159332,9299904048746,7158712350881,,881.82,881.82,0,0,0,0,0,0,0,0,SBL/APP/Chargeback Raise/1767695667,UPI,DRC_20240402_83.CSV,0,,0,,,,,,U2,PAY,9015651296621572063,9379676132270293760,,93055225927515,APP,APP,3069fde058dc2aa1b2cffb73,,PR2C,U008,2656,UMOB
8256493395,5062405058,02-09-2024 00:00:00,Wrong Credit Chargeback Raise,APP,IIB,RB,02-09-2024 00:00:00,0:0:0,592817450882,159332,9742604693815,7623121167484,,133.80,133.80,0,0,0,0,0,0,0,0,APP/IIB/Wrong Credit Chargeback Raise/5062405058,TCC,DRC_20240402_83.CSV,0,,0,,,,,,U2,PAY,9009425259295525306,9308287751346331920,,93971649250741,IIB,IIB,1ac625da3bb2786d7c608f7c,,PR2C,103,6225,UMOB
0545165645,9776586094,02-09-2024 00:00:00,Wrong credit Representment,SBL,SIB,R9,02-09-2024 00:00:00,0:0:0,005872389003,159332,9611791203783,7664145562755,,242.27,242.27,0,0,0,0,0,0,0,0,SBL/SIB/Wrong credit Representment/9776586094,DRC,DRC_20240402_83.CSV,0,,0,,,,,,U2,COLLECT,9016036802207660771,9386631163840920628,,93816338663586,SIB,SIB,3ecc25cbc6d36affe7ec10ba,,TCC,108,1936,UMOB
7994669834,3069101476,02-09-2024 00:00:00,Fraud Chargeback Raise,SBL,KVB,RB,02-09-2024 00:00:00,0:0:0,333177271680,159332,9590942476047,7784851435171,,426.02,426.02,0,0,0,0,0,0,0,0,SBL/KVB/Fraud Chargeback Raise/3069101476,DRC,DRC_20240402_83.CSV,0,,0,,,,,,U2,COLLECT,9063683102840062579,9380817468465766292,,93699011123663,KVB,KVB,4ad3d3fac1d4c64933c63687,,DRC,U010,4604,IDIR
4005333771,8291860748,02-09-2024 00:00:00,Re-presentment Raise,SBL,YES,R9,02-09-2024 00:00:00,0:0:0,463014287003,159332,9908254013629,7114510788098,,75.27,75.27,0,0,0,0,0,0,0,0,SBL/YES/Re-presentment Raise/8291860748,UPI,DRC_20240402_83.CSV,0,,0,,,,,,U2,PAY,9030546698432917507,9375073045994652223,,93320973431538,YES,YES,e2306ed18c9476bcffed0783,,DRC,108,1661,UMOB
9772560080,8558279729,02-09-2024 00:00:00,Wrong Credit Chargeback Raise,AXB,ICI,R9,02-09-2024 00:00:00,0:0:0,949025948787,159332,9626801364247,7525742397746,,604.93,604.93,0,0,0,0,0,0,0,0,AXB/ICI/Wrong Credit Chargeback Raise/8558279729,RET,DRC_20240402_83.CSV,0,,0,,,,,,U2,PAY,9071600770456245908,9310071654065907714,,93053441150274,ICI,ICI,b54fbb0ddcee561b1bc7b406,,DRC,109,3588,UMOB
6046833592,0756828770,02-09-2024 00:00:00,Complaint Raise,PNB,ARL,RB,02-09-2024 00:00:00,0:0:0,192505362763,159332,9827325281574,7139343286402,,512.30,512.30,0,0,0,0,0,0,0,0,PNB/ARL/Complaint Raise/0756828770,Credit Adjustment,DRC_20240402_83.CSV,0,,0,,,,,,U2,PAY,9045713745032863873,9340027742385877468,,93974076002615,ARL,ARL,60d6e2d48accec3da3d30cfa,,PR2C,103,4488,UMOB
6982055618,4076758379,02-09-2024 00:00:00,TCC,SBL,FIB,RR,02-09-2024 00:00:00,0:0:0,593431452747,159332,9194499806510,7368512159689,,136.04,136.04,0,0,0,0,0,0,0,0,SBL/FIB/TCC/4076758379,DRC,DRC_20240402_83.CSV,0,,0,,,,,,U2,PAY,9039176414254436618,9358317362145498255,,93971762051665,FIB,FIB,b02726db7b0e4a4014fd1fd1,,PBRB,104,1612,UMOB
9055706914,8351771117,02-09-2024 00:00:00,Fraud Chargeback Representment,HDF,MBK,R9,02-09-2024 00:00:00,0:0:0,357169357006,159332,9086220431358,7271187336369,,872.32,872.32,0,0,0,0,0,0,0,0,HDF/MBK/Fraud Chargeback Representment/8351771117,DRC,DRC_20240402_83.CSV,0,,0,,,,,,U2,PAY,9008085054171564713,9309510572281998567,,93287643373657,MBK,MBK,6ff5ce1a45c28cd789ba597d,,PBRB,108,5235,IDIR
1203233521,8738173608,02-09-2024 00:00:00,Debit Reversal Confirmation,SBL,HDF,RB,02-09-2024 00:00:00,0:0:0,642528595986,159332,9515835305719,7871155895111,,933.69,933.69,0,0,0,0,0,0,0,0,SBL/HDF/Debit Reversal Confirmation/8738173608,DRC,DRC_20240402_83.CSV,0,,0,,,,,,U2,COLLECT,9077190091460539192,9349738854643834698,,93420288088616,HDF,HDF,bd3ce81be28fc91a4b3fbedd,,PR2C,109,5450,IDIR
1216683183,2263082935,02-09-2024 00:00:00,Chargeback Acceptance,SBL,MBK,RB,02-09-2024 00:00:00,0:0:0,650779944141,159332,9475900166391,7615002677381,,743.45,743.45,0,0,0,0,0,0,0,0,SBL/MBK/Chargeback Acceptance/2263082935,TCC,DRC_20240402_83.CSV,0,,0,,,,,,U2,COLLECT,9048234256167838531,9340082200900522728,,93167847736348,MBK,MBK,8ac4cf525469c292f0def43c,,PBRB,109,9253,UMOB
0094081210,1162034808,02-09-2024 00:00:00,Fraud Chargeback Representment,BOI,PNB,RR,02-09-2024 00:00:00,0:0:0,715542721163,159332,9484805494443,7505818155889,,429.32,429.32,0,0,0,0,0,0,0,0,BOI/PNB/Fraud Chargeback Representment/1162034808,UPI,DRC_20240402_83.CSV,0,,0,,,,,,U2,PAY,9017625171076354351,9369460399448123144,,93511130903287,PNB,PNB,dd2b520b3074a7dfa1d01b9f,,PBRB,U008,7967,IDIR
3752444531,1607398963,02-09-2024 00:00:00,Fraud Chargeback Raise,SBL,KMB,R9,02-09-2024 00:00:00,0:0:0,474067115495,159332,9500999771971,7475361714731,,384.11,384.11,0,0,0,0,0,0,0,0,SBL/KMB/Fraud Chargeback Raise/1607398963,TCC,DRC_20240402_83.CSV,0,,0,,,,,,U2,COLLECT,9094017842438151374,9397479913530231011,,93951256614145,KMB,KMB,59fdbffc2aee6fa93d7edde7,,PBRB,104,3223,UMOB
3247899772,3978110555,02-09-2024 00:00:00,Chargeback Acceptance,SBL,CNB,RB,02-09-2024 00:00:00,0:0:0,727898263036,159332,9968732536134,7022968529668,,558.41,558.41,0,0,0,0,0,0,0,0,SBL/CNB/Chargeback Acceptance/3978110555,TCC,DRC_20240402_83.CSV,0,,0,,,,,,U2,COLLECT,9041518203314800342,9362048943329843704,,93692774561582,CNB,CNB,0ff03911ccbea497f70d5ad9,,PR2C,103,5344,UMOB
5435296811,5267472569,02-09-2024 00:00:00,Complaint Raise,CNB,BOI,0,02-09-2024 00:00:00,0:0:0,822600673519,159332,9045733723809,7594044144852,,352.55,352.55,0,0,0,0,0,0,0,0,CNB/BOI/Complaint Raise/5267472569,RET,DRC_20240402_83.CSV,0,,0,,,,,,U2,COLLECT,9023539975850682485,9362899520266758704,,93400607190602,BOI,BOI,c21fedccba618daafd2d1fd9,,DRC,U010,7671,UMOB
2800786925,1701783133,02-09-2024 00:00:00,Refund Reversal Confirmation,SBL,YOM,RR,02-09-2024 00:00:00,0:0:0,271944073779,159332,9494680131880,7810675130185,,655.65,655.65,0,0,0,0,0,0,0,0,SBL/YOM/Refund Reversal Confirmation/1701783133,TCC,DRC_20240402_83.CSV,0,,0,,,,,,U2,PAY,9056254766285320041,9365027332534118992,,93781916249288,YOM,YOM,5b09fcf2bdafeaaca1bd47dd,,DRC,109,1757,IDIR
0530385944,5040191166,02-09-2024 00:00:00,TCC,SBL,UOB,RR,02-09-2024 00:00:00,0:0:0,240742416185,159332,9969917941262,7106624572726,,80.44,80.44,0,0,0,0,0,0,0,0,SBL/UOB/TCC/5040191166,UPI,DRC_20240402_83.CSV,0,,0,,,,,,U2,PAY,9029315517795062446,9380453245595766011,,93723646792836,UOB,UOB,df3a91fb10b7f5af65de1f84,,RRC,501,6092,IDIR
4407585302,2088754348,02-09-2024 00:00:00,Fraud Chargeback Raise,SBL,ICI,RB,02-09-2024 00:00:00,0:0:0,696465077537,159332,9380680272576,7987674008063,,435.97,435.97,0,0,0,0,0,0,0,0,SBL/ICI/Fraud Chargeback Raise/2088754348,TCC,DRC_20240402_83.CSV,0,,0,,,,,,U2,PAY,9073715143623572979,9394514356743893052,,93790864102480,ICI,ICI,16dfc8fc2b5bef6ccbcf7a35,,RRC,108,4998,IDIR
7910876237,8136124923,02-09-2024 00:00:00,Wrong credit Representment,SBL,YOM,R9,02-09-2024 00:00:00,0:0:0,319776730285,159332,9162624775493,7089116856931,,963.39,963.39,0,0,0,0,0,0,0,0,SBL/YOM/Wrong credit Representment/8136124923,DRC,DRC_20240402_83.CSV,0,,0,,,,,,U2,PAY,9084666589063378318,9306107046837630710,,93816190809944,YOM,YOM,abbcdf8cb268ca3b5aa645ff,,PBRB,104,1451,IDIR
8779438360,0333508065,02-09-2024 00:00:00,Response to Complaint,SBL,IPB,RR,02-09-2024 00:00:00,0:0:0,592095311882,159332,9081218889446,7692303301519,,849.63,849.63,0,0,0,0,0,0,0,0,SBL/IPB/Response to Complaint/0333508065,Credit Adjustment,DRC_20240402_83.CSV,0,,0,,,,,,U2,PAY,9082260369833754611,9326374276974641352,,93139682523610,IPB,IPB,2c0fc6b5af5b3e1cb8beac4c,,RRC,103,4487,UMOB
3388684314,9917168578,02-09-2024 00:00:00,Complaint Raise,SBL,BDN,RB,02-09-2024 00:00:00,0:0:0,522900501539,159332,9817606786238,7767441313777,,461.82,461.82,0,0,0,0,0,0,0,0,SBL/BDN/Complaint Raise/9917168578,DRC,DRC_20240402_83.CSV,0,,0,,,,,,U2,COLLECT,9071841613306210923,9300086065720786742,,93341415194658,BDN,BDN,7debef0ea3bead9f80f9c5e7,,TCC,U010,1520,UMOB
8530370990,7109683068,02-09-2024 00:00:00,Chargeback Acceptance,AXB,IIB,0,02-09-2024 00:00:00,0:0:0,831069083276,159332,9712789532855,7928231460041,,88.62,88.62,0,0,0,0,0,0,0,0,AXB/IIB/Chargeback Acceptance/7109683068,UPI,DRC_20240402_83.CSV,0,,0,,,,,,U2,PAY,9054413796729914179,9350107135479612734,,93176086706932,IIB,IIB,46caf7eae5159dfec78a8d98,,PBRB,U010,9169,UMOB
3632232711,7910719872,02-09-2024 00:00:00,RET,SBL,ARL,R9,02-09-2024 00:00:00,0:0:0,017368375273,159332,9062617032745,7699748609053,,879.13,879.13,0,0,0,0,0,0,0,0,SBL/ARL/RET/7910719872,UPI,DRC_20240402_83.CSV,0,,0,,,,,,U2,PAY,9056454346596423153,9314628080306041988,,93342522176075,ARL,ARL,d26afb0c2787b4ff5098da99,,PBRB,108,0615,IDIR
5877747536,7433676496,02-09-2024 00:00:00,Refund Reversal Confirmation,SBL,BOM,0,02-09-2024 00:00:00,0:0:0,739905615920,159332,9368660392247,7868125261466,,67.86,67.86,0,0,0,0,0,0,0,0,SBL/BOM/Refund Reversal Confirmation/7433676496,RET,DRC_20240402_83.CSV,0,,0,,,,,,U2,COLLECT,9093900095000353023,9349088835492599870,,93971785482303,BOM,BOM,c6f6edcda0182f6d176ec9cf,,PR2C,108,5828,IDIR
5626169650,1022855753,02-09-2024 00:00:00,Differed Re-presentment Raise,BOB,HDF,R9,02-09-2024 00:00:00,0:0:0,536471118439,159332,9932554443656,7487774722110,,586.32,586.32,0,0,0,0,0,0,0,0,BOB/HDF/Differed Re-presentment Raise/1022855753,RET,DRC_20240402_83.CSV,0,,0,,,,,,U2,COLLECT,9096100435937006893,9336602521439302797,,93837371848488,HDF,HDF,06fba5b3baba1bfcccbbb2c8,,RRC,103,6123,UMOB
1638837359,8273348251,02-09-2024 00:00:00,Fraud Chargeback Raise,SBL,ICI,RB,02-09-2024 00:00:00,0:0:0,587629890415,159332,9621061386922,7632495479152,,917.12,917.12,0,0,0,0,0,0,0,0,SBL/ICI/Fraud Chargeback Raise/8273348251,RET,DRC_20240402_83.CSV,0,,0,,,,,,U2,COLLECT,9044423413584268782,9373777376709606990,,93621320758473,ICI,ICI,adeccc573b5a3f8debcf04cd,,PBRB,103,5583,IDIR
0186018092,4393222540,02-09-2024 00:00:00,Chargeback Acceptance,FBL,PNB,R9,02-09-2024 00:00:00,0:0:0,838705132330,159332,9350197011671,7912353132858,,948.10,948.10,0,0,0,0,0,0,0,0,FBL/PNB/Chargeback Acceptance/4393222540,TCC,DRC_20240402_83.CSV,0,,0,,,,,,U2,COLLECT,9083899243823791729,9381704402492300433,,93183758152730,PNB,PNB,5e8acbdd36117fee5ffaebc2,,RRC,U008,4383,IDIR
0998807668,7909619768,02-09-2024 00:00:00,Wrong credit Representment,APP,SIB,RR,02-09-2024 00:00:00,0:0:0,335079469707,159332,9826086319484,7845477292798,,987.76,987.76,0,0,0,0,0,0,0,0,APP/SIB/Wrong credit Representment/7909619768,Credit Adjustment,DRC_20240402_83.CSV,0,,0,,,,,,U2,COLLECT,9079513020206314014,9374312092662205379,,93780483327942,SIB,SIB,af43102eebcadfe7f693c7fe,,DRC,U010,1540,UMOB
4439835620,1016795774,02-09-2024 00:00:00,Fraud Chargeback Representment,SBL,BDN,R9,02-09-2024 00:00:00,0:0:0,887450743844,159332,9062311831271,7065411511371,,640.95,640.95,0,0,0,0,0,0,0,0,SBL/BDN/Fraud Chargeback Representment/1016795774,TCC,DRC_20240402_83.CSV,0,,0,,,,,,U2,PAY,9045592557997703649,9337663732459175243,,93856512205336,BDN,BDN,ccf26984be8d6e3523dd0ceb,,DRC,104,6860,UMOB
2095766263,7312616211,02-09-2024 00:00:00,Debit Reversal Confirmation,SBL,APP,RB,02-09-2024 00:00:00,0:0:0,780169005819,159332,9784101925099,7780643279846,,295.78,295.78,0,0,0,0,0,0,0,0,SBL/APP/Debit Reversal Confirmation/7312616211,Credit Adjustment,DRC_20240402_83.CSV,0,,0,,,,,,U2,COLLECT,9076670264458168189,9329154839369575609,,93429547369995,APP,APP,ebd5a53d51c96ba07bed65da,,PBRB,U008,4577,IDIR
8693840719,9570228094,02-09-2024 00:00:00,Complaint Raise,IIB,GTI,RB,02-09-2024 00:00:00,0:0:0,765806840290,159332,9485958341489,7418582484930,,665.09,665.09,0,0,0,0,0,0,0,0,IIB/GTI/Complaint Raise/9570228094,TCC,DRC_20240402_83.CSV,0,,0,,,,,,U2,PAY,9010897701301055157,9352728710002148734,,93411935790891,GTI,GTI,5d371396d668249368ffdde4,,TCC,102,1314,IDIR
2539873094,6889148431,02-09-2024 00:00:00,Differed Chargeback Raise,SBL,AXB,0,02-09-2024 00:00:00,0:0:0,532564479509,159332,9612907181307,7855212595605,,960.07,960.07,0,0,0,0,0,0,0,0,SBL/AXB/Differed Chargeback Raise/6889148431,DRC,DRC_20240402_83.CSV,0,,0,,,,,,U2,PAY,9081981148088007313,9330680671942717700,,93107376918333,AXB,AXB,ce8a8ced7c422f72908b4ee3,,PBRB,103,4535,UMOB
9230067845,3167488547,02-09-2024 00:00:00,Re-presentment Raise,SBL,IOB,RR,02-09-2024 00:00:00,0:0:0,546867680125,159332,9694871397366,7548991609788,,828.58,828.58,0,0,0,0,0,0,0,0,SBL/IOB/Re-presentment Raise/3167488547,UPI,DRC_20240402_83.CSV,0,,0,,,,,,U2,PAY,9039888535180238746,9351239817837788475,,93461338382171,IOB,IOB,0a17cdcca13f7a0e6b978859,,DRC,102,4416,UMOB
5790248892,1136284753,02-09-2024 00:00:00,Complaint Raise,AXB,YES,0,02-09-2024 00:00:00,0:0:0,025779889230,159332,9567743504419,7234045185118,,411.03,411.03,0,0,0,0,0,0,0,0,AXB/YES/Complaint Raise/1136284753,TCC,DRC_20240402_83.CSV,0,,0,,,,,,U2,COLLECT,9039334458704733133,9321107652493396048,,93882861804816,YES,YES,a63ccfcea28eea2c2817bf27,,RRC,103,9529,UMOB
1151007908,7773474596,02-09-2024 00:00:00,Credit Adjustment,SBL,BOB,RB,02-09-2024 00:00:00,0:0:0,442108351501,159332,9922635804038,7343454337036,,7.09,7.09,0,0,0,0,0,0,0,0,SBL/BOB/Credit Adjustment/7773474596,Credit Adjustment,DRC_20240402_83.CSV,0,,0,,,,,,U2,COLLECT,9041571832375222907,9385581677975928116,,93579056639707,BOB,BOB,237eadfdab4cccbbfa3c7fc3,,RRC,104,9055,UMOB
6564690357,2270482566,02-09-2024 00:00:00,Debit Reversal Confirmation,SBL,YJU,RB,02-09-2024 00:00:00,0:0:0,642623844639,159332,9863837509302,7096783420038,,992.74,992.74,0,0,0,0,0,0,0,0,SBL/YJU/Debit Reversal Confirmation/2270482566,TCC,DRC_20240402_83.CSV,0,,0,,,,,,U2,PAY,9078839008370377395,9371166730330802013,,93472168786819,YJU,YJU,c876dccaca50faafa34e5f7a,,TCC,104,2197,IDIR
1288031770,0454958191,02-09-2024 00:00:00,Online Refund,PNB,KMB,RB,02-09-2024 00:00:00,0:0:0,253479464844,159332,9690124451763,7309534360702,,653.50,653.50,0,0,0,0,0,0,0,0,PNB/KMB/Online Refund/0454958191,UPI,DRC_20240402_83.CSV,0,,0,,,,,,U2,PAY,9084252602598613546,9327817359425207082,,93800080692716,KMB,KMB,50e9dfdb1b738e02f93f13b8,,TCC,104,0309,UMOB
1415325156,0579774682,02-09-2024 00:00:00,RET,SBL,KMB,RR,02-09-2024 00:00:00,0:0:0,130609539773,159332,9891418872207,7257530002098,,829.13,829.13,0,0,0,0,0,0,0,0,SBL/KMB/RET/0579774682,TCC,DRC_20240402_83.CSV,0,,0,,,,,,U2,PAY,9083119037009243488,9338648672028815392,,93132447154559,KMB,KMB,e3f4a51fcb901fbad35f3a6d,,DRC,103,0173,UMOB
9591664326,3495753240,02-09-2024 00:00:00,Online Refund,SBL,YOM,R9,02-09-2024 00:00:00,0:0:0,539098644496,159332,9194176987706,7185923467860,,979.48,979.48,0,0,0,0,0,0,0,0,SBL/YOM/Online Refund/3495753240,DRC,DRC_20240402_83.CSV,0,,0,,,,,,U2,PAY,9014172598886027198,9356355824573388206,,93191863660375,YOM,YOM,11f3c74951b28eeaafc9d0e0,,DRC,103,6080,UMOB
7032936364,9356185754,02-09-2024 00:00:00,Differed Re-presentment Raise,UOB,IIB,RB,02-09-2024 00:00:00,0:0:0,069211836432,159332,9765021276981,7417207183116,,713.82,713.82,0,0,0,0,0,0,0,0,UOB/IIB/Differed Re-presentment Raise/9356185754,RET,DRC_20240402_83.CSV,0,,0,,,,,,U2,PAY,9025842259231870405,9373934005838855383,,93832844410880,IIB,IIB,f0ece05ddefb0de02a6aacbb,,TCC,U008,4938,IDIR
1313673440,9981566195,02-09-2024 00:00:00,Complaint Raise,SBL,FIB,R9,02-09-2024 00:00:00,0:0:0,328491689882,159332,9844893943256,7991831964092,,119.25,119.25,0,0,0,0,0,0,0,0,SBL/FIB/Complaint Raise/9981566195,RET,DRC_20240402_83.CSV,0,,0,,,,,,U2,PAY,9090205842095023512,9305150361878627063,,93139714972198,FIB,FIB,828db9d583586b18f8ed67cc,,PBRB,U010,2567,IDIR
4498345590,2333398650,02-09-2024 00:00:00,Differed Re-presentment Raise,SBL,HDF,R9,02-09-2024 00:00:00,0:0:0,098871478558,159332,9536057054189,7096564156443,,865.64,865.64,0,0,0,0,0,0,0,0,SBL/HDF/Differed Re-presentment Raise/2333398650,UPI,DRC_20240402_83.CSV,0,,0,,,,,,U2,PAY,9031448862463542206,9357351534775569744,,93334381725550,HDF,HDF,c4ddbdf3cecd8d7ede9a78da,,PBRB,U008,8031,UMOB
6404965029,5907003660,02-09-2024 00:00:00,Credit Adjustment,SBL,AXB,RB,02-09-2024 00:00:00,0:0:0,912675175662,159332,9403601943313,7863827904137,,237.91,237.91,0,0,0,0,0,0,0,0,SBL/AXB/Credit Adjustment/5907003660,RET,DRC_20240402_83.CSV,0,,0,,,,,,U2,PAY,9041270371764561840,9306578093770146590,,93480921609362,AXB,AXB,207e04d5e776b06c8dbbbc1d,,TCC,501,8978,IDIR
3434417685,6400465161,02-09-2024 00:00:00,Chargeback Acceptance,SBL,HDF,RR,02-09-2024 00:00:00,0:0:0,716214279372,159332,9031185429592,7953379148757,,395.50,395.50,0,0,0,0,0,0,0,0,SBL/HDF/Chargeback Acceptance/6400465161,DRC,DRC_20240402_83.CSV,0,,0,,,,,,U2,COLLECT,9070765473131923931,9351320439166766948,,93277749176522,HDF,HDF,44caa37f351075b80fbcb8cc,,DRC,104,3099,UMOB
5030029334,7940979504,02-09-2024 00:00:00,Debit Reversal Confirmation,SBL,IDB,RR,02-09-2024 00:00:00,0:0:0,732431265788,159332,9105238702114,7455715550513,,463.38,463.38,0,0,0,0,0,0,0,0,SBL/IDB/Debit Reversal Confirmation/7940979504,DRC,DRC_20240402_83.CSV,0,,0,,,,,,U2,COLLECT,9081697659276779628,9365318345933740914,,93432239881711,IDB,IDB,7a8aa67cf5b4124f8ff2fefd,,DRC,U008,8764,IDIR
3302037386,9338555314,02-09-2024 00:00:00,RET,IIB,IOB,RR,02-09-2024 00:00:00,0:0:0,482142374723,159332,9177909559675,7054912400971,,522.42,522.42,0,0,0,0,0,0,0,0,IIB/IOB/RET/9338555314,DRC,DRC_20240402_83.CSV,0,,0,,,,,,U2,PAY,9020698629117950774,9398376129944608440,,93620692985372,IOB,IOB,cd418d4cc1cffacfbdeafbee,,PBRB,102,8017,IDIR
6796837571,6613511472,02-09-2024 00:00:00,Debit Reversal Confirmation,SBI,ICI,RR,02-09-2024 00:00:00,0:0:0,337884754117,159332,9034323919485,7922923572487,,630.55,630.55,0,0,0,0,0,0,0,0,SBI/ICI/Debit Reversal Confirmation/6613511472,TCC,DRC_20240402_83.CSV,0,,0,,,,,,U2,COLLECT,9064395705230061077,9369460581265963118,,93250028839097,ICI,ICI,23dcd3dae0bfa8cd46eaf08a,,RRC,U008,0539,IDIR
6363496315,6309580772,02-09-2024 00:00:00,Online Refund,PNB,YJU,R9,02-09-2024 00:00:00,0:0:0,903375637380,159332,9604352737893,7144486130393,,744.46,744.46,0,0,0,0,0,0,0,0,PNB/YJU/Online Refund/6309580772,RET,DRC_20240402_83.CSV,0,,0,,,,,,U2,COLLECT,9019732489825419034,9317319344508953260,,93292731562066,YJU,YJU,d701acb01b9e7a7904e74030,,RRC,108,2272,UMOB
8523812249,4494907019,02-09-2024 00:00:00,TCC,INB,FIB,0,02-09-2024 00:00:00,0:0:0,498287892191,159332,9240501600988,7908241134563,,793.45,793.45,0,0,0,0,0,0,0,0,INB/FIB/TCC/4494907019,RET,DRC_20240402_83.CSV,0,,0,,,,,,U2,PAY,9048913791908005793,9346680815923495427,,93003751850292,FIB,FIB,d5c16cbc3b0ec5fbaa17eee4,,RRC,U010,0850,UMOB
4264201392,1729986172,02-09-2024 00:00:00,Chargeback Acceptance,SBL,IIB,0,02-09-2024 00:00:00,0:0:0,424811668441,159332,9236753027833,7055177538354,,746.86,746.86,0,0,0,0,0,0,0,0,SBL/IIB/Chargeback Acceptance/1729986172,UPI,DRC_20240402_83.CSV,0,,0,,,,,,U2,COLLECT,9047884643884465405,9376959621098617587,,93578911911835,IIB,IIB,3c7dee813cf9dabbfa00cc57,,RRC,109,1644,IDIR
0897910355,9584840720,02-09-2024 00:00:00,RET,SBL,IDB,R9,02-09-2024 00:00:00,0:0:0,261396018955,159332,9436105893632,7867900206219,,940.06,940.06,0,0,0,0,0,0,0,0,SBL/IDB/RET/9584840720,Credit Adjustment,DRC_20240402_83.CSV,0,,0,,,,,,U2,PAY,9031087829135221009,9374146113192078929,,93923212630641,IDB,IDB,2ffaed4bc219e5f3e6ddc5cf,,DRC,U008,0268,IDIR
0605145411,0023785232,02-09-2024 00:00:00,Fraud Chargeback Raise,BOI,MBK,RB,02-09-2024 00:00:00,0:0:0,850109152800,159332,9582121747251,7072732029091,,878.97,878.97,0,0,0,0,0,0,0,0,BOI/MBK/Fraud Chargeback Raise/0023785232,UPI,DRC_20240402_83.CSV,0,,0,,,,,,U2,PAY,9059138910972514068,9382807609126248063,,93982605190038,MBK,MBK,793b92fcbeef8f8ecaace3cb,,DRC,108,3456,UMOB
8196228438,1082706847,02-09-2024 00:00:00,RET,PNB,PNB,RB,02-09-2024 00:00:00,0:0:0,621964822541,159332,9467846990261,7604664899631,,102.84,102.84,0,0,0,0,0,0,0,0,PNB/PNB/RET/1082706847,Credit Adjustment,DRC_20240402_83.CSV,0,,0,,,,,,U2,PAY,9001149996723616909,9334597409984758567,,93757682098001,PNB,PNB,c77dc88bce2641b85dfef965,,PBRB,501,1638,IDIR
5788724265,6087774755,02-09-2024 00:00:00,Credit Adjustment,YBS,ICI,0,02-09-2024 00:00:00,0:0:0,452349054707,159332,9039124360142,7790826629521,,503.11,503.11,0,0,0,0,0,0,0,0,YBS/ICI/Credit Adjustment/6087774755,DRC,DRC_20240402_83.CSV,0,,0,,,,,,U2,PAY,9073740553273114753,9379985395886808723,,93857719269340,ICI,ICI,a9fe0165ababeeae82b5bc6e,,PBRB,U008,5641,UMOB
9040710953,1401756248,02-09-2024 00:00:00,Chargeback Raise,SBL,YOM,RB,02-09-2024 00:00:00,0:0:0,048084694753,159332,9874785523814,7584637541610,,227.54,227.54,0,0,0,0,0,0,0,0,SBL/YOM/Chargeback Raise/1401756248,UPI,DRC_20240402_83.CSV,0,,0,,,,,,U2,PAY,9036556010873715287,9352283680564825332,,93170669726427,YOM,YOM,13eff7d5b23f1eed6ed49dce,,DRC,104,1879,UMOB
5069281923,7461331147,02-09-2024 00:00:00,Response to Complaint,SBL,IIB,0,02-09-2024 00:00:00,0:0:0,410057286766,159332,9687617646361,7101714190600,,156.48,156.48,0,0,0,0,0,0,0,0,SBL/IIB/Response to Complaint/7461331147,TCC,DRC_20240402_83.CSV,0,,0,,,,,,U2,PAY,9089462024261386687,9368012965654694782,,93267608492344,IIB,IIB,06db4dd32abea3158dc9a98c,,PR2C,109,8766,UMOB
0684431388,7756399759,02-09-2024 00:00:00,Debit Reversal Confirmation,ICI,SIB,R9,02-09-2024 00:00:00,0:0:0,950054650625,159332,9376339927949,7004637788779,,554.41,554.41,0,0,0,0,0,0,0,0,ICI/SIB/Debit Reversal Confirmation/7756399759,TCC,DRC_20240402_83.CSV,0,,0,,,,,,U2,PAY,9055292732456388946,9390332780519706827,,93875704859156,SIB,SIB,a0ece18dbcfecc3c9c4feaaf,,TCC,501,3647,UMOB
0957412320,8453329834,02-09-2024 00:00:00,Fraud Chargeback Representment,SBL,BOM,0,02-09-2024 00:00:00,0:0:0,366049814957,159332,9507241789173,7979702951780,,60.05,60.05,0,0,0,0,0,0,0,0,SBL/BOM/Fraud Chargeback Representment/8453329834,TCC,DRC_20240402_83.CSV,0,,0,,,,,,U2,COLLECT,9004199421801199722,9332452034734087178,,93524674281340,BOM,BOM,0ffa77c58144dbc8ce3ccd5c,,TCC,501,8581,IDIR
7115821255,6926353725,02-09-2024 00:00:00,Refund Reversal Confirmation,KMB,YBS,RB,02-09-2024 00:00:00,0:0:0,652245410348,159332,9178187591755,7798969868567,,173.30,173.30,0,0,0,0,0,0,0,0,KMB/YBS/Refund Reversal Confirmation/6926353725,DRC,DRC_20240402_83.CSV,0,,0,,,,,,U2,COLLECT,9068376254490777383,9317034252865177353,,93471539614990,YBS,YBS,19484b798db408ac5b571404,,DRC,109,2100,IDIR
6275642503,2416668546,02-09-2024 00:00:00,Wrong Credit Chargeback Acceptance,SBL,KMB,RR,02-09-2024 00:00:00,0:0:0,793443091413,159332,9691253556137,7829011789342,,984.80,984.80,0,0,0,0,0,0,0,0,SBL/KMB/Wrong Credit Chargeback Acceptance/2416668546,RET,DRC_20240402_83.CSV,0,,0,,,,,,U2,PAY,9083642877158371697,9343753334917140973,,93496243168654,KMB,KMB,caf3f1965ace3fa893a495cc,,DRC,U010,6356,UMOB
9781675300,6723961766,02-09-2024 00:00:00,Chargeback Acceptance,SBL,HDF,RB,02-09-2024 00:00:00,0:0:0,938145540372,159332,9327301219919,7252791729202,,857.61,857.61,0,0,0,0,0,0,0,0,SBL/HDF/Chargeback Acceptance/6723961766,DRC,DRC_20240402_83.CSV,0,,0,,,,,,U2,PAY,9095567549190685856,9382611801800421697,,93722721123786,HDF,HDF,fe37a84c03c336e49511e2d7,,PR2C,U010,1929,UMOB
4162835796,2233987670,02-09-2024 00:00:00,TCC,SBL,KTP,RB,02-09-2024 00:00:00,0:0:0,811660619799,159332,9497037756821,7661989630773,,263.26,263.26,0,0,0,0,0,0,0,0,SBL/KTP/TCC/2233987670,UPI,DRC_20240402_83.CSV,0,,0,,,,,,U2,PAY,9046358655925154090,9316539196051658836,,93841339022719,KTP,KTP,c729fdf294a418e1183fce2e,,PBRB,104,1588,IDIR
1517445264,2605892360,02-09-2024 00:00:00,Wrong Credit Chargeback Raise,SBL,BDN,R9,02-09-2024 00:00:00,0:0:0,850568181222,159332,9893020653156,7358854566920,,304.04,304.04,0,0,0,0,0,0,0,0,SBL/BDN/Wrong Credit Chargeback Raise/2605892360,RET,DRC_20240402_83.CSV,0,,0,,,,,,U2,PAY,9019593657375107356,9362044579558437797,,93947350436591,BDN,BDN,586d558acf8bb0e8851b1bc0,,PBRB,U008,8903,IDIR
0243778192,0887686159,02-09-2024 00:00:00,RET,YBS,IDB,RR,02-09-2024 00:00:00,0:0:0,775495211293,159332,9589812306290,7462390983865,,975.30,975.30,0,0,0,0,0,0,0,0,YBS/IDB/RET/0887686159,RET,DRC_20240402_83.CSV,0,,0,,,,,,U2,PAY,9021009088041252224,9377290118513310454,,93978680384383,IDB,IDB,a38cdcffaec60e5e7088c8e5,,PR2C,108,2907,UMOB
8039464940,2489084197,02-09-2024 00:00:00,Wrong Credit Chargeback Acceptance,SBL,INB,RR,02-09-2024 00:00:00,0:0:0,980860075606,159332,9810324935058,7130441339358,,435.58,435.58,0,0,0,0,0,0,0,0,SBL/INB/Wrong Credit Chargeback Acceptance/2489084197,RET,DRC_20240402_83.CSV,0,,0,,,,,,U2,COLLECT,9052098598439340089,9323554495257721775,,93138338717823,INB,INB,2eebefbd0d66e7a6bfd41a3c,,PR2C,104,9148,IDIR
8001717034,0652558400,02-09-2024 00:00:00,Fraud Chargeback Raise,SBL,PNB,0,02-09-2024 00:00:00,0:0:0,977652950319,159332,9355857681501,7184471091183,,135.36,135.36,0,0,0,0,0,0,0,0,SBL/PNB/Fraud Chargeback Raise/0652558400,DRC,DRC_20240402_83.CSV,0,,0,,,,,,U2,PAY,9035033890642761929,9372349378004253474,,93999996965391,PNB,PNB,92e93689efe8b8daeb9acfab,,PR2C,U010,0039,IDIR
2276855132,1800729092,02-09-2024 00:00:00,Re-presentment Raise,SBL,HDF,0,02-09-2024 00:00:00,0:0:0,799410733543,159332,9781560086831,7220812144394,,810.02,810.02,0,0,0,0,0,0,0,0,SBL/HDF/Re-presentment Raise/1800729092,RET,DRC_20240402_83.CSV,0,,0,,,,,,U2,COLLECT,9059292124834240377,9330145776279312132,,93595732325388,HDF,HDF,a49b57dd2bd2c4f56cafbe49,,PR2C,103,3582,UMOB
9506693122,5375256011,02-09-2024 00:00:00,Debit Reversal Confirmation,SBL,BDN,RB,02-09-2024 00:00:00,0:0:0,777010746146,159332,9597216552856,7598219404504,,327.54,327.54,0,0,0,0,0,0,0,0,SBL/BDN/Debit Reversal Confirmation/5375256011,UPI,DRC_20240402_83.CSV,0,,0,,,,,,U2,PAY,9018048210996182524,9368073274982682288,,93983714073060,BDN,BDN,0ba0ee6bb8fc1bc11c4dcdb3,,TCC,104,2687,UMOB
4427899830,8909425168,02-09-2024 00:00:00,Complaint Raise,SBL,IDC,RR,02-09-2024 00:00:00,0:0:0,258886366100,159332,9747452158268,7060097793369,,319.67,319.67,0,0,0,0,0,0,0,0,SBL/IDC/Complaint Raise/8909425168,UPI,DRC_20240402_83.CSV,0,,0,,,,,,U2,PAY,9026730495460244884,9351009952021491243,,93038852825956,IDC,IDC,fb2be419f0ba30aec66a08ca,,PBRB,104,6339,IDIR
7465730265,2014466660,02-09-2024 00:00:00,Wrong Credit Chargeback Raise,SBL,CNB,RB,02-09-2024 00:00:00,0:0:0,133114728401,159332,9605314340206,7355714306947,,923.17,923.17,0,0,0,0,0,0,0,0,SBL/CNB/Wrong Credit Chargeback Raise/2014466660,DRC,DRC_20240402_83.CSV,0,,0,,,,,,U2,PAY,9020124741006042145,9343580876888220137,,93981891743116,CNB,CNB,5baccd487dd47b5d909f9616,,PR2C,U010,1347,IDIR
1700882048,9549535658,02-09-2024 00:00:00,Credit Adjustment,SBL,FBL,RR,02-09-2024 00:00:00,0:0:0,899637705454,159332,9251927147931,7346705003876,,222.70,222.70,0,0,0,0,0,0,0,0,SBL/FBL/Credit Adjustment/9549535658,UPI,DRC_20240402_83.CSV,0,,0,,,,,,U2,COLLECT,9075236855141028061,9360453583120759027,,93209913307728,FBL,FBL,8238cecf7062eaaeea6fbe6f,,PR2C,103,1708,UMOB
2803028566,0867727831,02-09-2024 00:00:00,Wrong Credit Chargeback Acceptance,SBL,CNB,0,02-09-2024 00:00:00,0:0:0,184757696989,159332,9396518929397,7468386346451,,265.56,265.56,0,0,0,0,0,0,0,0,SBL/CNB/Wrong Credit Chargeback Acceptance/0867727831,Credit Adjustment,DRC_20240402_83.CSV,0,,0,,,,,,U2,PAY,9067298604950018354,9333097025748246079,,93059430837257,CNB,CNB,ff23cea29e11ebb0fe2a66a4,,PBRB,501,2760,IDIR
8770194746,7897741093,02-09-2024 00:00:00,Refund Reversal Confirmation,CNB,BOB,RR,02-09-2024 00:00:00,0:0:0,239082457364,159332,9162335325359,7515557859232,,760.54,760.54,0,0,0,0,0,0,0,0,CNB/BOB/Refund Reversal Confirmation/7897741093,DRC,DRC_20240402_83.CSV,0,,0,,,,,,U2,PAY,9010059829903698888,9315191358674931720,,93662864102579,BOB,BOB,97642d3e0e8c3aaa45ac756d,,DRC,102,5206,IDIR
3905540618,8201808464,02-09-2024 00:00:00,Complaint Raise,IPB,IIB,0,02-09-2024 00:00:00,0:0:0,993047303830,159332,9924326430816,7710933648278,,28.46,28.46,0,0,0,0,0,0,0,0,IPB/IIB/Complaint Raise/8201808464,RET,DRC_20240402_83.CSV,0,,0,,,,,,U2,PAY,9062142211309943552,9382671298063832856,,93820361041601,IIB,IIB,83c1a9aa614f0bcbba7ec5be,,DRC,108,8813,IDIR
7538585175,7329649414,02-09-2024 00:00:00,Wrong Credit Chargeback Raise,SBL,CBI,R9,02-09-2024 00:00:00,0:0:0,700248941796,159332,9327040500816,7413849047750,,163.20,163.20,0,0,0,0,0,0,0,0,SBL/CBI/Wrong Credit Chargeback Raise/7329649414,TCC,DRC_20240402_83.CSV,0,,0,,,,,,U2,PAY,9091599288274034062,9327208203933222235,,93356576904343,CBI,CBI,cd902ef79118162f83e5e60b,,DRC,U008,5132,UMOB
3336096724,5190550766,02-09-2024 00:00:00,Re-presentment Raise,SBL,UOB,R9,02-09-2024 00:00:00,0:0:0,008501571121,159332,9946029817694,7985590559778,,906.92,906.92,0,0,0,0,0,0,0,0,SBL/UOB/Re-presentment Raise/5190550766,RET,DRC_20240402_83.CSV,0,,0,,,,,,U2,PAY,9014758230875500362,9355954428392101167,,93772347872898,UOB,UOB,c4ca8ce0bff66a8ece23fcf7,,TCC,108,7976,IDIR
0187333567,2335256371,02-09-2024 00:00:00,Chargeback Acceptance,SBL,FIB,RB,02-09-2024 00:00:00,0:0:0,460570152319,159332,9651219580880,7644251304337,,397.06,397.06,0,0,0,0,0,0,0,0,SBL/FIB/Chargeback Acceptance/2335256371,RET,DRC_20240402_83.CSV,0,,0,,,,,,U2,PAY,9079341112936197577,9385411667348111707,,93945760873719,FIB,FIB,42b21f1acfaeb363dfb9db7a,,DRC,501,4961,IDIR
0070515402,5076359283,02-09-2024 00:00:00,Online Refund,SBL,KMB,0,02-09-2024 00:00:00,0:0:0,185777412000,159332,9613390678513,7063079744948,,950.49,950.49,0,0,0,0,0,0,0,0,SBL/KMB/Online Refund/5076359283,Credit Adjustment,DRC_20240402_83.CSV,0,,0,,,,,,U2,COLLECT,9044084545049959804,9375386833483367197,,93694610390675,KMB,KMB,fda7cfb48179fd0a5bb05a02,,DRC,104,0317,UMOB
6420845447,8608785454,02-09-2024 00:00:00,Differed Re-presentment Raise,SBL,BOB,R9,02-09-2024 00:00:00,0:0:0,687977026705,159332,9569193642704,7304967020895,,671.25,671.25,0,0,0,0,0,0,0,0,SBL/BOB/Differed Re-presentment Raise/8608785454,DRC,DRC_20240402_83.CSV,0,,0,,,,,,U2,PAY,9081095493649475486,9308381111618378516,,93332029136341,BOB,BOB,bfffedd8e38da80b0a9dc863,,PBRB,104,7798,UMOB
7069517391,5032965217,02-09-2024 00:00:00,Fraud Chargeback Representment,YJU,IOB,RR,02-09-2024 00:00:00,0:0:0,389106808644,159332,9724360466163,7435097891144,,303.02,303.02,0,0,0,0,0,0,0,0,YJU/IOB/Fraud Chargeback Representment/5032965217,RET,DRC_20240402_83.CSV,0,,0,,,,,,U2,COLLECT,9029554421501489633,9364446878554165609,,93241951554650,IOB,IOB,bf2debbbedfae58792bb589c,,DRC,108,0931,UMOB
9642290188,4875730940,02-09-2024 00:00:00,TCC,SBL,BDN,RB,02-09-2024 00:00:00,0:0:0,269375737017,159332,9103395102377,7521363588712,,35.64,35.64,0,0,0,0,0,0,0,0,SBL/BDN/TCC/4875730940,RET,DRC_20240402_83.CSV,0,,0,,,,,,U2,PAY,9067663736994933673,9335081103055602023,,93271081955917,BDN,BDN,4aaaf040d9c8a8c3a183f0a5,,PBRB,103,2568,IDIR
8880299470,8653599379,02-09-2024 00:00:00,TCC,SBL,YBS,R9,02-09-2024 00:00:00,0:0:0,491615602302,159332,9333574147917,7263162985477,,472.14,472.14,0,0,0,0,0,0,0,0,SBL/YBS/TCC/8653599379,DRC,DRC_20240402_83.CSV,0,,0,,,,,,U2,COLLECT,9024178215821075286,9339256011696616105,,93424791193486,YBS,YBS,e2bae7d1ade6a844d6e0fd78,,PR2C,104,0679,UMOB
9266678896,1520377747,02-09-2024 00:00:00,Differed Chargeback Raise,YBS,UOB,R9,02-09-2024 00:00:00,0:0:0,561118577304,159332,9101038128330,7340035008484,,652.89,652.89,0,0,0,0,0,0,0,0,YBS/UOB/Differed Chargeback Raise/1520377747,RET,DRC_20240402_83.CSV,0,,0,,,,,,U2,PAY,9036532985145209280,9398160917583890647,,93988363970912,UOB,UOB,cb747d3925bc5afcbced920e,,DRC,104,3040,UMOB
2112463681,0996571671,02-09-2024 00:00:00,Chargeback Acceptance,SBL,SIB,0,02-09-2024 00:00:00,0:0:0,886314981600,159332,9882110025223,7597505588082,,112.24,112.24,0,0,0,0,0,0,0,0,SBL/SIB/Chargeback Acceptance/0996571671,TCC,DRC_20240402_83.CSV,0,,0,,,,,,U2,COLLECT,9002885633234112951,9328914097669995477,,93383701288508,SIB,SIB,6fbd8de24aea1acace8e8cae,,PR2C,108,0342,IDIR
8765302352,6468519467,02-09-2024 00:00:00,Fraud Chargeback Raise,YJU,BOM,RB,02-09-2024 00:00:00,0:0:0,848282571144,159332,9236391810322,7478972836932,,843.01,843.01,0,0,0,0,0,0,0,0,YJU/BOM/Fraud Chargeback Raise/6468519467,TCC,DRC_20240402_83.CSV,0,,0,,,,,,U2,PAY,9033690578296874334,9345360793992816566,,93397055398995,BOM,BOM,7f83903dfff4dcde3de637ce,,DRC,102,9985,IDIR
0000326061,2657257563,02-09-2024 00:00:00,Fraud Chargeback Representment,SBL,KMB,R9,02-09-2024 00:00:00,0:0:0,796980784944,159332,9105196384957,7887390014414,,75.76,75.76,0,0,0,0,0,0,0,0,SBL/KMB/Fraud Chargeback Representment/2657257563,Credit Adjustment,DRC_20240402_83.CSV,0,,0,,,,,,U2,PAY,9068855831473788244,9379446840871157740,,93043323891355,KMB,KMB,3e8ffa96f7d9a7d3e3fd6acd,,TCC,U008,4923,IDIR
4879084747,6428884190,02-09-2024 00:00:00,Fraud Chargeback Representment,SBL,HDF,R9,02-09-2024 00:00:00,0:0:0,664759406197,159332,9985421894060,7469126793008,,176.29,176.29,0,0,0,0,0,0,0,0,SBL/HDF/Fraud Chargeback Representment/6428884190,RET,DRC_20240402_83.CSV,0,,0,,,,,,U2,COLLECT,9035307461543036631,9335403621921565406,,93813800864469,HDF,HDF,e01bfff3fbddfcd6dac7dd28,,TCC,104,6008,IDIR
1443761519,2808701781,02-09-2024 00:00:00,TCC,ICI,YOM,RB,02-09-2024 00:00:00,0:0:0,328829321315,159332,9189798734637,7354019887563,,257.87,257.87,0,0,0,0,0,0,0,0,ICI/YOM/TCC/2808701781,TCC,DRC_20240402_83.CSV,0,,0,,,,,,U2,PAY,9072939072341943451,9343800561812723857,,93039119738511,YOM,YOM,1f28fe5a6f4bd7a65abf4cc2,,PBRB,501,0881,IDIR
4051885308,1089670773,02-09-2024 00:00:00,Differed Re-presentment Raise,SBL,FBL,RB,02-09-2024 00:00:00,0:0:0,778255761332,159332,9021873933562,7394122382802,,201.53,201.53,0,0,0,0,0,0,0,0,SBL/FBL/Differed Re-presentment Raise/1089670773,UPI,DRC_20240402_83.CSV,0,,0,,,,,,U2,PAY,9026601266327764313,9395740384762242700,,93490068882054,FBL,FBL,2b5519bc9953525fbec76eaa,,RRC,104,7840,UMOB
3525615233,7769522921,02-09-2024 00:00:00,Re-presentment Raise,SBL,UCO,0,02-09-2024 00:00:00,0:0:0,672876576360,159332,9057169017451,7394983554288,,907.33,907.33,0,0,0,0,0,0,0,0,SBL/UCO/Re-presentment Raise/7769522921,DRC,DRC_20240402_83.CSV,0,,0,,,,,,U2,COLLECT,9028976415551610175,9349028659029225465,,93686830004734,UCO,UCO,2ed80ada0430cefa2fb84ae0,,TCC,103,3026,IDIR
5026117408,6764912186,02-09-2024 00:00:00,Differed Re-presentment Raise,SBL,AXB,RR,02-09-2024 00:00:00,0:0:0,455803470902,159332,9994132290092,7559555396684,,175.65,175.65,0,0,0,0,0,0,0,0,SBL/AXB/Differed Re-presentment Raise/6764912186,UPI,DRC_20240402_83.CSV,0,,0,,,,,,U2,COLLECT,9053706830502215160,9399992517205823011,,93988726819614,AXB,AXB,eb9b5aabf3f8c86c811f7a65,,TCC,109,4511,UMOB
7774225980,1377273290,02-09-2024 00:00:00,Fraud Chargeback Representment,SBL,YBS,R9,02-09-2024 00:00:00,0:0:0,474907295139,159332,9530901234636,7520834454660,,676.01,676.01,0,0,0,0,0,0,0,0,SBL/YBS/Fraud Chargeback Representment/1377273290,UPI,DRC_20240402_83.CSV,0,,0,,,,,,U2,PAY,9017280519159238465,9357758490566030174,,93650700959537,YBS,YBS,b82121130b36157ad39bddcf,,PBRB,103,9526,UMOB
4342285896,8219997142,02-09-2024 00:00:00,TCC,SBI,IDB,RB,02-09-2024 00:00:00,0:0:0,506925419950,159332,9058201390278,7188809560110,,530.67,530.67,0,0,0,0,0,0,0,0,SBI/IDB/TCC/8219997142,TCC,DRC_20240402_83.CSV,0,,0,,,,,,U2,COLLECT,9078986579728758195,9316231414121137754,,93918587642554,IDB,IDB,8b287d7f6d9af9ef4f1d50ec,,TCC,108,3179,UMOB
5714317920,3210187916,02-09-2024 00:00:00,Chargeback Raise,SBI,PNB,RR,02-09-2024 00:00:00,0:0:0,051380263299,159332,9832255967649,7274563899107,,794.35,794.35,0,0,0,0,0,0,0,0,SBI/PNB/Chargeback Raise/3210187916,TCC,DRC_20240402_83.CSV,0,,0,,,,,,U2,PAY,9066714092802141852,9346388736967981041,,93912685649279,PNB,PNB,cf456357e46b1fe2917d8b84,,RRC,501,9094,UMOB
5960695641,9225278510,02-09-2024 00:00:00,Differed Chargeback Raise,SBL,MBK,0,02-09-2024 00:00:00,0:0:0,717135047990,159332,9199359025523,7671709053476,,506.72,506.72,0,0,0,0,0,0,0,0,SBL/MBK/Differed Chargeback Raise/9225278510,TCC,DRC_20240402_83.CSV,0,,0,,,,,,U2,COLLECT,9059302142653162105,9331174407782534160,,93356059523170,MBK,MBK,8ef7f6746166fbe02a38b5cf,,TCC,103,5992,UMOB
5923512930,1781527133,02-09-2024 00:00:00,Debit Reversal Confirmation,SBL,YJU,R9,02-09-2024 00:00:00,0:0:0,885810970631,159332,9258593393407,7807501483981,,446.76,446.76,0,0,0,0,0,0,0,0,SBL/YJU/Debit Reversal Confirmation/1781527133,RET,DRC_20240402_83.CSV,0,,0,,,,,,U2,PAY,9089626906607424059,9336747271136112454,,93769344157430,YJU,YJU,cddcb7ea0030eee1e9edd31e,,PR2C,103,0452,UMOB
6545088252,6354582546,02-09-2024 00:00:00,Chargeback Acceptance,YBS,PNB,R9,02-09-2024 00:00:00,0:0:0,526582556980,159332,9407282341519,7181362476321,,647.00,647.00,0,0,0,0,0,0,0,0,YBS/PNB/Chargeback Acceptance/6354582546,DRC,DRC_20240402_83.CSV,0,,0,,,,,,U2,COLLECT,9082822080154088890,9309208476116197456,,93082257761495,PNB,PNB,f27f8c9bcb5b7ceafeac2fa1,,DRC,104,4317,IDIR
1957029138,9958535386,02-09-2024 00:00:00,Credit Adjustment,YES,KTP,R9,02-09-2024 00:00:00,0:0:0,158813535539,159332,9265313443498,7520424643565,,887.13,887.13,0,0,0,0,0,0,0,0,YES/KTP/Credit Adjustment/9958535386,TCC,DRC_20240402_83.CSV,0,,0,,,,,,U2,PAY,9026049540868147358,9305333086808757021,,93314888721149,KTP,KTP,232081aaf9927c4c7d634bee,,TCC,103,4480,IDIR
4913571316,3211979412,02-09-2024 00:00:00,Chargeback Raise,SBL,INB,RR,02-09-2024 00:00:00,0:0:0,503179062831,159332,9494188942681,7890134057968,,753.53,753.53,0,0,0,0,0,0,0,0,SBL/INB/Chargeback Raise/3211979412,RET,DRC_20240402_83.CSV,0,,0,,,,,,U2,PAY,9006778249803945677,9389326093934163142,,93969090036089,INB,INB,3f60ccec08fffd223d5e8ff7,,TCC,109,4091,UMOB
7256688894,9663051708,02-09-2024 00:00:00,Wrong Credit Chargeback Acceptance,SBL,BOI,RB,02-09-2024 00:00:00,0:0:0,391417513122,159332,9235447419523,7623247954086,,589.51,589.51,0,0,0,0,0,0,0,0,SBL/BOI/Wrong Credit Chargeback Acceptance/9663051708,UPI,DRC_20240402_83.CSV,0,,0,,,,,,U2,COLLECT,9057068556575363576,9329035667650080965,,93227633521439,BOI,BOI,ee53cc316e3c2d1f9dfedd73,,TCC,109,0096,IDIR
1694246610,5752627250,02-09-2024 00:00:00,Wrong Credit Chargeback Acceptance,INB,INB,R9,02-09-2024 00:00:00,0:0:0,315058882120,159332,9268355754913,7145272126430,,231.91,231.91,0,0,0,0,0,0,0,0,INB/INB/Wrong Credit Chargeback Acceptance/5752627250,UPI,DRC_20240402_83.CSV,0,,0,,,,,,U2,PAY,9094770486335855157,9358858086740018045,,93021757024183,INB,INB,ecb9576b3ffa8cd12ee7cdb9,,PBRB,109,3019,UMOB
8407135024,3640795856,02-09-2024 00:00:00,Debit Reversal Confirmation,SBL,IDB,RB,02-09-2024 00:00:00,0:0:0,213018113996,159332,9704275690518,7675758001670,,812.10,812.10,0,0,0,0,0,0,0,0,SBL/IDB/Debit Reversal Confirmation/3640795856,Credit Adjustment,DRC_20240402_83.CSV,0,,0,,,,,,U2,PAY,9053397686545749664,9303792892699126745,,93807812323677,IDB,IDB,fdb99cc34fd4880efc8cda8f,,PR2C,102,4227,IDIR
4022143358,3680422822,02-09-2024 00:00:00,Debit Reversal Confirmation,SBL,ICI,0,02-09-2024 00:00:00,0:0:0,478688985884,159332,9245142018899,7304956387783,,698.22,698.22,0,0,0,0,0,0,0,0,SBL/ICI/Debit Reversal Confirmation/3680422822,RET,DRC_20240402_83.CSV,0,,0,,,,,,U2,COLLECT,9082156630106553849,9322861592544609137,,93591527524429,ICI,ICI,d2e8ac6da390913dda3d6fea,,RRC,109,3247,IDIR
0631460451,7028313570,02-09-2024 00:00:00,Fraud Chargeback Representment,SBL,HDF,RR,02-09-2024 00:00:00,0:0:0,488007167571,159332,9168516809308,7040946333709,,876.61,876.61,0,0,0,0,0,0,0,0,SBL/HDF/Fraud Chargeback Representment/7028313570,TCC,DRC_20240402_83.CSV,0,,0,,,,,,U2,PAY,9001173575014925221,9353578854419725581,,93992214718892,HDF,HDF,7fb7e4cf5a4fdb6bee3d6906,,PBRB,U010,1457,IDIR
2293873745,4738361102,02-09-2024 00:00:00,Differed Re-presentment Raise,SBL,APP,R9,02-09-2024 00:00:00,0:0:0,161049332975,159332,9161102045019,7787352292426,,628.05,628.05,0,0,0,0,0,0,0,0,SBL/APP/Differed Re-presentment Raise/4738361102,DRC,DRC_20240402_83.CSV,0,,0,,,,,,U2,PAY,9024715585176189586,9390699944815642829,,93886281709105,APP,APP,6802d9ec98d3af6a0e1e3ac8,,DRC,104,7211,IDIR
9768690925,5501318168,02-09-2024 00:00:00,Credit Adjustment,SBL,BDN,RR,02-09-2024 00:00:00,0:0:0,248579192371,159332,9688912742679,7416645577669,,99.40,99.40,0,0,0,0,0,0,0,0,SBL/BDN/Credit Adjustment/5501318168,TCC,DRC_20240402_83.CSV,0,,0,,,,,,U2,PAY,9050950902359043204,9384375715052954440,,93074940962469,BDN,BDN,64341c560d0ecb5343ccece6,,RRC,U010,1972,UMOB
6900263160,8412916960,02-09-2024 00:00:00,TCC,YBS,UOB,0,02-09-2024 00:00:00,0:0:0,454782262266,159332,9327499601920,7594256122395,,661.55,661.55,0,0,0,0,0,0,0,0,YBS/UOB/TCC/8412916960,TCC,DRC_20240402_83.CSV,0,,0,,,,,,U2,PAY,9014182565426086852,9394896638779660914,,93429704803965,UOB,UOB,e28d1bb11671225efefe0ad0,,DRC,102,6364,UMOB
0026823683,3794363792,02-09-2024 00:00:00,Wrong credit Representment,HDF,MBK,RB,02-09-2024 00:00:00,0:0:0,530956096620,159332,9883893184667,7797106427458,,840.68,840.68,0,0,0,0,0,0,0,0,HDF/MBK/Wrong credit Representment/3794363792,DRC,DRC_20240402_83.CSV,0,,0,,,,,,U2,PAY,9095790157116513133,9393083498188044527,,93827557880311,MBK,MBK,e484e498ca2fade365deea46,,TCC,501,5198,UMOB
9006943003,9045715042,02-09-2024 00:00:00,Wrong Credit Chargeback Raise,SBL,BDN,R9,02-09-2024 00:00:00,0:0:0,128066581646,159332,9763727467578,7439706379037,,456.44,456.44,0,0,0,0,0,0,0,0,SBL/BDN/Wrong Credit Chargeback Raise/9045715042,UPI,DRC_20240402_83.CSV,0,,0,,,,,,U2,PAY,9093000164100506607,9398433065151879698,,93129894829110,BDN,BDN,82d9c01bf6814a35e3b8290b,,PR2C,109,3092,UMOB
2350974857,5659034962,02-09-2024 00:00:00,TCC,KMB,HDF,RR,02-09-2024 00:00:00,0:0:0,816714358192,159332,9796098000831,7991352656090,,145.88,145.88,0,0,0,0,0,0,0,0,KMB/HDF/TCC/5659034962,RET,DRC_20240402_83.CSV,0,,0,,,,,,U2,COLLECT,9090351173639313874,9385312783206226805,,93227275255676,HDF,HDF,cd4c142f55a8cf2a8db8cf5c,,TCC,104,9831,IDIR
3623467883,8195555988,02-09-2024 00:00:00,Fraud Chargeback Raise,SBL,CBI,RB,02-09-2024 00:00:00,0:0:0,931671889780,159332,9734384513103,7218094498929,,402.13,402.13,0,0,0,0,0,0,0,0,SBL/CBI/Fraud Chargeback Raise/8195555988,RET,DRC_20240402_83.CSV,0,,0,,,,,,U2,PAY,9032320810859211215,9349681342188094901,,93351914613788,CBI,CBI,a121893fc226f6fdf655b40c,,DRC,102,9862,UMOB
3741350893,0028669372,02-09-2024 00:00:00,Credit Adjustment,SBL,SIB,R9,02-09-2024 00:00:00,0:0:0,819949266953,159332,9078041931039,7701388391400,,515.36,515.36,0,0,0,0,0,0,0,0,SBL/SIB/Credit Adjustment/0028669372,UPI,DRC_20240402_83.CSV,0,,0,,,,,,U2,COLLECT,9072240953202805999,9322194471081341103,,93917430332395,SIB,SIB,0e9e6451b59af35bb5d7aedc,,PR2C,U010,9620,UMOB
1050567645,4975029450,02-09-2024 00:00:00,Debit Reversal Confirmation,SBL,FBL,RB,02-09-2024 00:00:00,0:0:0,011866419164,159332,9601288096253,7263818056309,,337.21,337.21,0,0,0,0,0,0,0,0,SBL/FBL/Debit Reversal Confirmation/4975029450,TCC,DRC_20240402_83.CSV,0,,0,,,,,,U2,PAY,9042852347589172501,9391558483952578215,,93019739516866,FBL,FBL,a1d3e9bbbfe15ce59ebbabd1,,PBRB,109,5820,UMOB
9901139681,5465498908,02-09-2024 00:00:00,Debit Reversal Confirmation,SBL,BOM,0,02-09-2024 00:00:00,0:0:0,256668390655,159332,9164417264451,7912515092126,,112.92,112.92,0,0,0,0,0,0,0,0,SBL/BOM/Debit Reversal Confirmation/5465498908,UPI,DRC_20240402_83.CSV,0,,0,,,,,,U2,PAY,9048302977331003467,9320785585011027234,,93048348532138,BOM,BOM,5d8207b94e9ce252be263fae,,PBRB,104,3579,IDIR
4199706716,2187227889,02-09-2024 00:00:00,Wrong Credit Chargeback Acceptance,SBL,SBI,R9,02-09-2024 00:00:00,0:0:0,518693427877,159332,9376479244894,7561268440219,,231.68,231.68,0,0,0,0,0,0,0,0,SBL/SBI/Wrong Credit Chargeback Acceptance/2187227889,DRC,DRC_20240402_83.CSV,0,,0,,,,,,U2,COLLECT,9009553722481581694,9376054096671461527,,93221893605462,SBI,SBI,f2ad9cdba4aa6eb9bed36fef,,TCC,103,5166,UMOB
8688802430,0358292552,02-09-2024 00:00:00,Complaint Raise,ARL,IPB,R9,02-09-2024 00:00:00,0:0:0,900473342003,159332,9467396360627,7806752481284,,419.23,419.23,0,0,0,0,0,0,0,0,ARL/IPB/Complaint Raise/0358292552,UPI,DRC_20240402_83.CSV,0,,0,,,,,,U2,PAY,9043214353052488804,9303505389848126787,,93384565595090,IPB,IPB,4aade04ae524abd6707c8ccf,,TCC,104,2240,UMOB
2734935006,1784951396,02-09-2024 00:00:00,Wrong Credit Chargeback Acceptance,BOB,BOB,0,02-09-2024 00:00:00,0:0:0,038873249478,159332,9758470277188,7124026931198,,108.08,108.08,0,0,0,0,0,0,0,0,BOB/BOB/Wrong Credit Chargeback Acceptance/1784951396,TCC,DRC_20240402_83.CSV,0,,0,,,,,,U2,PAY,9041071844493458658,9374448891390067991,,93189340450179,BOB,BOB,f53d0fc661fec3af905679c0,,PR2C,U008,3719,IDIR
5609623754,5924688162,02-09-2024 00:00:00,Complaint Raise,SBL,YES,0,02-09-2024 00:00:00,0:0:0,296259185814,159332,9471967051600,7629744328766,,799.56,799.56,0,0,0,0,0,0,0,0,SBL/YES/Complaint Raise/5924688162,Credit Adjustment,DRC_20240402_83.CSV,0,,0,,,,,,U2,PAY,9096143138851658377,9358563607869688496,,93749224193949,YES,YES,6aacd5daaaed0ce21fb4ecc4,,DRC,104,1375,IDIR
8376867634,2288366224,02-09-2024 00:00:00,Refund Reversal Confirmation,SBL,FBL,RB,02-09-2024 00:00:00,0:0:0,107730639711,159332,9966990688065,7692568645533,,572.10,572.10,0,0,0,0,0,0,0,0,SBL/FBL/Refund Reversal Confirmation/2288366224,TCC,DRC_20240402_83.CSV,0,,0,,,,,,U2,COLLECT,9057104625598716299,9335647025736743169,,93124016355285,FBL,FBL,503dadec3f54acaa21a93500,,PBRB,104,1995,UMOB
6681016153,8692691500,02-09-2024 00:00:00,Response to Complaint,SBL,BOI,R9,02-09-2024 00:00:00,0:0:0,663632697269,159332,9322495446390,7940013011229,,963.73,963.73,0,0,0,0,0,0,0,0,SBL/BOI/Response to Complaint/8692691500,TCC,DRC_20240402_83.CSV,0,,0,,,,,,U2,PAY,9033320944180140876,9341601888402411755,,93216762456010,BOI,BOI,a4ad14f72fdde6bd908d1517,,TCC,501,9421,UMOB
5796282715,0597340027,02-09-2024 00:00:00,Wrong Credit Chargeback Raise,SBL,IDB,RB,02-09-2024 00:00:00,0:0:0,830093505423,159332,9862158820982,7828915698340,,285.34,285.34,0,0,0,0,0,0,0,0,SBL/IDB/Wrong Credit Chargeback Raise/0597340027,RET,DRC_20240402_83.CSV,0,,0,,,,,,U2,PAY,9085572591128295443,9331475423379028020,,93664256869523,IDB,IDB,0ecbe986abe94ad1a1a11df8,,DRC,501,8350,UMOB
1904968321,1113849925,02-09-2024 00:00:00,Fraud Chargeback Raise,SBL,AXB,RR,02-09-2024 00:00:00,0:0:0,907543661725,159332,9219447639377,7263216999180,,933.90,933.90,0,0,0,0,0,0,0,0,SBL/AXB/Fraud Chargeback Raise/1113849925,Credit Adjustment,DRC_20240402_83.CSV,0,,0,,,,,,U2,PAY,9011588779956036121,9303835076991028534,,93201545748752,AXB,AXB,ecb1137687883fd7282ef8c7,,PR2C,109,1477,UMOB
6203234165,3669744202,02-09-2024 00:00:00,Re-presentment Raise,SBL,FBL,RR,02-09-2024 00:00:00,0:0:0,387135470541,159332,9119288264317,7874062852383,,693.11,693.11,0,0,0,0,0,0,0,0,SBL/FBL/Re-presentment Raise/3669744202,TCC,DRC_20240402_83.CSV,0,,0,,,,,,U2,PAY,9027646735941978590,9301657809612043756,,93144531851137,FBL,FBL,60b5bf61eda8be5dca2fb675,,PR2C,108,7531,UMOB
9275072878,7102970136,02-09-2024 00:00:00,Credit Adjustment,SBL,BOM,R9,02-09-2024 00:00:00,0:0:0,675235314582,159332,9338330445173,7268804916895,,636.96,636.96,0,0,0,0,0,0,0,0,SBL/BOM/Credit Adjustment/7102970136,TCC,DRC_20240402_83.CSV,0,,0,,,,,,U2,COLLECT,9039491431753544710,9320031637091315639,,93048415500211,BOM,BOM,c9e7aee4b7b8ecca5b3ccab9,,RRC,109,6018,UMOB
3915095277,0667044144,02-09-2024 00:00:00,Refund Reversal Confirmation,SBL,KVB,RR,02-09-2024 00:00:00,0:0:0,438271367752,159332,9640267122696,7418151670591,,869.15,869.15,0,0,0,0,0,0,0,0,SBL/KVB/Refund Reversal Confirmation/0667044144,DRC,DRC_20240402_83.CSV,0,,0,,,,,,U2,PAY,9043506953692456666,9347872458434730513,,93055918832696,KVB,KVB,b9fd53f2a3dffbc761becf70,,DRC,108,7343,IDIR
4539962207,0535393310,02-09-2024 00:00:00,Differed Re-presentment Raise,SBL,UOB,0,02-09-2024 00:00:00,0:0:0,708081936234,159332,9400089426068,7398405620573,,522.63,522.63,0,0,0,0,0,0,0,0,SBL/UOB/Differed Re-presentment Raise/0535393310,UPI,DRC_20240402_83.CSV,0,,0,,,,,,U2,COLLECT,9044667075493555634,9320726686426481218,,93025694549448,UOB,UOB,0a1d1f6fac7654ff84fd4da8,,RRC,109,0456,UMOB
5203114356,9348798141,02-09-2024 00:00:00,Chargeback Raise,INB,SIB,R9,02-09-2024 00:00:00,0:0:0,815864800714,159332,9562153204877,7568188577691,,251.43,251.43,0,0,0,0,0,0,0,0,INB/SIB/Chargeback Raise/9348798141,Credit Adjustment,DRC_20240402_83.CSV,0,,0,,,,,,U2,COLLECT,9028901251307520192,9391007039437681285,,93165188630592,SIB,SIB,da486304da04cee42d6e4f7f,,RRC,103,6594,IDIR
9419625669,5986254059,02-09-2024 00:00:00,Chargeback Acceptance,KMB,IDC,RR,02-09-2024 00:00:00,0:0:0,457780024708,159332,9976087988561,7139284410259,,607.64,607.64,0,0,0,0,0,0,0,0,KMB/IDC/Chargeback Acceptance/5986254059,Credit Adjustment,DRC_20240402_83.CSV,0,,0,,,,,,U2,COLLECT,9036923717121218248,9321599757900602040,,93115765506309,IDC,IDC,9ca67e3d88131e1b28a7195e,,PBRB,108,6061,UMOB
9126877821,1856606038,02-09-2024 00:00:00,Wrong Credit Chargeback Acceptance,SBL,FBL,R9,02-09-2024 00:00:00,0:0:0,699812278468,159332,9636175136795,7439215214900,,457.04,457.04,0,0,0,0,0,0,0,0,SBL/FBL/Wrong Credit Chargeback Acceptance/1856606038,DRC,DRC_20240402_83.CSV,0,,0,,,,,,U2,COLLECT,9019763504483918689,9395560294728456806,,93659295671699,FBL,FBL,efdb91de450b6fc4d5a1ca7c,,TCC,102,1967,IDIR
8811778640,4644668484,02-09-2024 00:00:00,Response to Complaint,SBL,AXB,0,02-09-2024 00:00:00,0:0:0,064146145020,159332,9422335963204,7203390589944,,282.64,282.64,0,0,0,0,0,0,0,0,SBL/AXB/Response to Complaint/4644668484,DRC,DRC_20240402_83.CSV,0,,0,,,,,,U2,COLLECT,9015222796460399023,9380597740760442426,,93827171658365,AXB,AXB,d50e845ccd35bf5d5b4b2211,,RRC,108,7918,IDIR
8603291481,1579835727,02-09-2024 00:00:00,TCC,SBL,SIB,0,02-09-2024 00:00:00,0:0:0,621338073218,159332,9289301935088,7967977160433,,776.80,776.80,0,0,0,0,0,0,0,0,SBL/SIB/TCC/1579835727,UPI,DRC_20240402_83.CSV,0,,0,,,,,,U2,PAY,9012343018846269707,9317616845577976178,,93810487264012,SIB,SIB,dabc70a532830aaac99a7bbd,,RRC,501,5887,IDIR
0918746782,1409196399,02-09-2024 00:00:00,Wrong Credit Chargeback Acceptance,SBL,KVB,RR,02-09-2024 00:00:00,0:0:0,841787183532,159332,9390480136539,7985275837009,,773.84,773.84,0,0,0,0,0,0,0,0,SBL/KVB/Wrong Credit Chargeback Acceptance/1409196399,Credit Adjustment,DRC_20240402_83.CSV,0,,0,,,,,,U2,PAY,9011363831557096177,9371611267669326036,,93084386034645,KVB,KVB,e75c20f288ace0e020dfdd7e,,PBRB,109,4178,IDIR
6659326876,1534941867,02-09-2024 00:00:00,Chargeback Acceptance,SBL,MBK,R9,02-09-2024 00:00:00,0:0:0,037964042849,159332,9617713479485,7033001375783,,613.48,613.48,0,0,0,0,0,0,0,0,SBL/MBK/Chargeback Acceptance/1534941867,UPI,DRC_20240402_83.CSV,0,,0,,,,,,U2,PAY,9011249747432490620,9393502022941258874,,93726577856521,MBK,MBK,eb348f4fdf77400c198546bd,,PBRB,103,2665,UMOB
7672911774,5324197772,02-09-2024 00:00:00,Chargeback Acceptance,SBL,FIB,R9,02-09-2024 00:00:00,0:0:0,901967715400,159332,9788084029566,7664758555625,,915.29,915.29,0,0,0,0,0,0,0,0,SBL/FIB/Chargeback Acceptance/5324197772,UPI,DRC_20240402_83.CSV,0,,0,,,,,,U2,COLLECT,9099682297328937153,9344368863643558836,,93949862565475,FIB,FIB,3fca36b6fadb2dffdefe7bf6,,TCC,103,4104,UMOB
0004855184,9344503131,02-09-2024 00:00:00,Chargeback Raise,APP,AXB,RB,02-09-2024 00:00:00,0:0:0,895039492007,159332,9053446311443,7207673539495,,49.50,49.50,0,0,0,0,0,0,0,0,APP/AXB/Chargeback Raise/9344503131,DRC,DRC_20240402_83.CSV,0,,0,,,,,,U2,COLLECT,9035909923662283973,9300746987532495820,,93914643632014,AXB,AXB,5db4fb4eecde9ca5dcafd294,,PBRB,103,1326,UMOB
1752774712,9786557324,02-09-2024 00:00:00,Fraud Chargeback Representment,SBL,IPB,0,02-09-2024 00:00:00,0:0:0,574975285098,159332,9266035450229,7129809808556,,161.44,161.44,0,0,0,0,0,0,0,0,SBL/IPB/Fraud Chargeback Representment/9786557324,TCC,DRC_20240402_83.CSV,0,,0,,,,,,U2,PAY,9069040293876552776,9366023579536095958,,93033686358435,IPB,IPB,acc285abd20ea4e9d919cd1a,,PBRB,109,9556,UMOB
9885456366,3036063736,02-09-2024 00:00:00,Fraud Chargeback Representment,SBL,FBL,RB,02-09-2024 00:00:00,0:0:0,960457816455,159332,9446005959031,7395050921734,,50.51,50.51,0,0,0,0,0,0,0,0,SBL/FBL/Fraud Chargeback Representment/3036063736,TCC,DRC_20240402_83.CSV,0,,0,,,,,,U2,PAY,9051838915128176030,9386995642454355070,,93575103013454,FBL,FBL,9ca6ccca6ac6d8800c11aab4,,RRC,109,2197,UMOB
3448350303,3232525871,02-09-2024 00:00:00,Debit Reversal Confirmation,SBL,FIB,R9,02-09-2024 00:00:00,0:0:0,719020475056,159332,9580565169380,7424528218945,,21.52,21.52,0,0,0,0,0,0,0,0,SBL/FIB/Debit Reversal Confirmation/3232525871,TCC,DRC_20240402_83.CSV,0,,0,,,,,,U2,COLLECT,9044543022151341148,9342733310985869602,,93933589917173,FIB,FIB,fba502ed8cc73a34c83aeff4,,PBRB,104,3975,IDIR
5927843919,8918136668,02-09-2024 00:00:00,Wrong Credit Chargeback Acceptance,HDF,PNB,RB,02-09-2024 00:00:00,0:0:0,219265296017,159332,9529043159047,7069805288137,,690.76,690.76,0,0,0,0,0,0,0,0,HDF/PNB/Wrong Credit Chargeback Acceptance/8918136668,DRC,DRC_20240402_83.CSV,0,,0,,,,,,U2,COLLECT,9065503199592188535,9347622652099171699,,93972318341594,PNB,PNB,fe6910eae93d9ba1f2b0adbe,,RRC,102,2952,UMOB
4588434945,8064637877,02-09-2024 00:00:00,Refund Reversal Confirmation,ARL,YBS,R9,02-09-2024 00:00:00,0:0:0,163437691219,159332,9889139940183,7586705258930,,620.61,620.61,0,0,0,0,0,0,0,0,ARL/YBS/Refund Reversal Confirmation/8064637877,UPI,DRC_20240402_83.CSV,0,,0,,,,,,U2,COLLECT,9051925853159485286,9328451740963702627,,93645390337545,YBS,YBS,09bb3dd0bbad58a0b8f72bee,,PR2C,108,6719,UMOB
6737517339,8024062958,02-09-2024 00:00:00,Wrong credit Representment,SBL,HDF,RB,02-09-2024 00:00:00,0:0:0,526081740792,159332,9315552524511,7021981333735,,357.86,357.86,0,0,0,0,0,0,0,0,SBL/HDF/Wrong credit Representment/8024062958,DRC,DRC_20240402_83.CSV,0,,0,,,,,,U2,PAY,9049911525062980971,9319039698054770147,,93069357677609,HDF,HDF,df5af3f2f8adbea6f55dceeb,,TCC,104,0284,IDIR
8236384929,0596840699,02-09-2024 00:00:00,Differed Chargeback Raise,SBL,BDN,RR,02-09-2024 00:00:00,0:0:0,165067231492,159332,9588239078090,7164678017020,,986.41,986.41,0,0,0,0,0,0,0,0,SBL/BDN/Differed Chargeback Raise/0596840699,Credit Adjustment,DRC_20240402_83.CSV,0,,0,,,,,,U2,PAY,9003539318227218611,9369587316573186210,,93684676649469,BDN,BDN,534d93e9baefcc2fba101a3b,,PR2C,U010,7803,IDIR
1576673678,3321693426,02-09-2024 00:00:00,Chargeback Raise,GTI,IDB,R9,02-09-2024 00:00:00,0:0:0,832597957910,159332,9491898964185,7363708947544,,399.29,399.29,0,0,0,0,0,0,0,0,GTI/IDB/Chargeback Raise/3321693426,TCC,DRC_20240402_83.CSV,0,,0,,,,,,U2,PAY,9063607047880413092,9340843473014559705,,93751711838705,IDB,IDB,e2db759a7f4f5f7f2fecd809,,DRC,104,0557,IDIR
6199910060,1378259480,02-09-2024 00:00:00,Wrong credit Representment,UOB,KMB,0,02-09-2024 00:00:00,0:0:0,529324273953,159332,9996550195738,7882254668176,,708.05,708.05,0,0,0,0,0,0,0,0,UOB/KMB/Wrong credit Representment/1378259480,UPI,DRC_20240402_83.CSV,0,,0,,,,,,U2,COLLECT,9091030908456878152,9375148772881884362,,93110501101490,KMB,KMB,bcaf2671530c3b99c5c4dfa5,,RRC,U010,9792,IDIR
5855877722,6092757283,02-09-2024 00:00:00,Complaint Raise,SBL,KMB,RR,02-09-2024 00:00:00,0:0:0,074348423874,159332,9522087207566,7701246200259,,49.97,49.97,0,0,0,0,0,0,0,0,SBL/KMB/Complaint Raise/6092757283,UPI,DRC_20240402_83.CSV,0,,0,,,,,,U2,PAY,9000696649921047343,9306767951001360892,,93166777151476,KMB,KMB,f1faa163fad7cf5ed3285ef3,,PBRB,501,4960,UMOB
5013905371,0247150919,02-09-2024 00:00:00,Wrong Credit Chargeback Raise,GTI,IIB,RR,02-09-2024 00:00:00,0:0:0,108806833468,159332,9336172136693,7264302315646,,622.37,622.37,0,0,0,0,0,0,0,0,GTI/IIB/Wrong Credit Chargeback Raise/0247150919,DRC,DRC_20240402_83.CSV,0,,0,,,,,,U2,PAY,9050378766178604482,9334893402776066613,,93878173032388,IIB,IIB,5edaabe63fb9dddf4d6bbbef,,TCC,102,0568,UMOB
8820709381,2198244151,02-09-2024 00:00:00,Response to Complaint,SBL,FIB,R9,02-09-2024 00:00:00,0:0:0,837969055086,159332,9417120536026,7271805237376,,169.63,169.63,0,0,0,0,0,0,0,0,SBL/FIB/Response to Complaint/2198244151,RET,DRC_20240402_83.CSV,0,,0,,,,,,U2,COLLECT,9027136395371277190,9307668207293847193,,93572710780501,FIB,FIB,65db54df7ebf0f8a302123ec,,PR2C,501,3981,IDIR
5593110155,6432480382,02-09-2024 00:00:00,Debit Reversal Confirmation,SBL,CNB,0,02-09-2024 00:00:00,0:0:0,568106205084,159332,9489321355802,7940094414039,,40.95,40.95,0,0,0,0,0,0,0,0,SBL/CNB/Debit Reversal Confirmation/6432480382,TCC,DRC_20240402_83.CSV,0,,0,,,,,,U2,PAY,9092768994274616218,9332923556916761027,,93389926441746,CNB,CNB,7efcd30a4ebc5c60ecb3bacf,,PBRB,U010,3672,UMOB
3223911826,6223276003,02-09-2024 00:00:00,Fraud Chargeback Representment,SBL,HDF,R9,02-09-2024 00:00:00,0:0:0,345143992253,159332,9498140995010,7542568004328,,969.50,969.50,0,0,0,0,0,0,0,0,SBL/HDF/Fraud Chargeback Representment/6223276003,UPI,DRC_20240402_83.CSV,0,,0,,,,,,U2,COLLECT,9063994957454788218,9383644689487477704,,93673041612522,HDF,HDF,8f4f91ac51d05ea6fbde8bb3,,DRC,104,6502,IDIR
6631095736,0232570337,02-09-2024 00:00:00,Online Refund,GTI,KTP,RR,02-09-2024 00:00:00,0:0:0,859075692688,159332,9269630985054,7862707107687,,673.65,673.65,0,0,0,0,0,0,0,0,GTI/KTP/Online Refund/0232570337,TCC,DRC_20240402_83.CSV,0,,0,,,,,,U2,PAY,9008042345411812455,9366964376631444594,,93340114622606,KTP,KTP,a99cf4ce6e7da0e66d3e7eca,,PR2C,U010,9326,IDIR
5985807318,6231859733,02-09-2024 00:00:00,Chargeback Acceptance,SBL,IDB,RB,02-09-2024 00:00:00,0:0:0,572681174640,159332,9073245483701,7633896045885,,129.22,129.22,0,0,0,0,0,0,0,0,SBL/IDB/Chargeback Acceptance/6231859733,Credit Adjustment,DRC_20240402_83.CSV,0,,0,,,,,,U2,PAY,9067954958763634236,9343388164920184729,,93332796569230,IDB,IDB,d70df8ae5daafe401e76bff1,,DRC,104,9008,UMOB
4630485693,6754507953,02-09-2024 00:00:00,Re-presentment Raise,SBL,YJU,0,02-09-2024 00:00:00,0:0:0,216767851871,159332,9314351935717,7876054073634,,360.22,360.22,0,0,0,0,0,0,0,0,SBL/YJU/Re-presentment Raise/6754507953,TCC,DRC_20240402_83.CSV,0,,0,,,,,,U2,PAY,9048786511827741617,9327271638103693679,,93974004422348,YJU,YJU,a3e78ecd0b810fd176a3f46a,,RRC,U010,2296,UMOB
6074802325,2319427043,02-09-2024 00:00:00,Response to Complaint,INB,YBS,RB,02-09-2024 00:00:00,0:0:0,991518535099,159332,9707184824495,7489691322046,,350.03,350.03,0,0,0,0,0,0,0,0,INB/YBS/Response to Complaint/2319427043,DRC,DRC_20240402_83.CSV,0,,0,,,,,,U2,PAY,9046943627717913794,9317431767071189228,,93885887997403,YBS,YBS,bebb5ada91599c3fbb9b8ee4,,TCC,U010,8098,UMOB
4165419424,7571309478,02-09-2024 00:00:00,Fraud Chargeback Representment,UOB,BOM,0,02-09-2024 00:00:00,0:0:0,258566727727,159332,9186081104089,7945314858898,,477.70,477.70,0,0,0,0,0,0,0,0,UOB/BOM/Fraud Chargeback Representment/7571309478,DRC,DRC_20240402_83.CSV,0,,0,,,,,,U2,PAY,9018101425831675988,9314028759698425586,,93614682561600,BOM,BOM,4de5a2c468bab9b7afcb23ec,,PBRB,109,9805,IDIR
1366096979,1392055696,02-09-2024 00:00:00,RET,IPB,IIB,RR,02-09-2024 00:00:00,0:0:0,186734562669,159332,9309070668250,7670753206210,,687.72,687.72,0,0,0,0,0,0,0,0,IPB/IIB/RET/1392055696,UPI,DRC_20240402_83.CSV,0,,0,,,,,,U2,COLLECT,9054699601605482868,9354225794201439830,,93328531087102,IIB,IIB,d958c4b61edcce89cbe2cd78,,PBRB,U010,0410,UMOB
0932177014,9296311582,02-09-2024 00:00:00,Complaint Raise,CNB,BOM,RR,02-09-2024 00:00:00,0:0:0,474586178872,159332,9104609225004,7937510784404,,948.53,948.53,0,0,0,0,0,0,0,0,CNB/BOM/Complaint Raise/9296311582,Credit Adjustment,DRC_20240402_83.CSV,0,,0,,,,,,U2,COLLECT,9013548214441092089,9334746507038885420,,93512955982161,BOM,BOM,c72484ab82552ce211c5cd3a,,TCC,108,4324,IDIR
6760536855,3453416969,02-09-2024 00:00:00,Differed Re-presentment Raise,SBL,UOB,RB,02-09-2024 00:00:00,0:0:0,392287054911,159332,9080798350520,7763403769704,,369.26,369.26,0,0,0,0,0,0,0,0,SBL/UOB/Differed Re-presentment Raise/3453416969,RET,DRC_20240402_83.CSV,0,,0,,,,,,U2,PAY,9038285598300689632,9358717561652939517,,93880155952309,UOB,UOB,615fb0cadeb74f87c22cf7c8,,RRC,103,1930,IDIR
2515159551,4020429386,02-09-2024 00:00:00,Refund Reversal Confirmation,YJU,KVB,RR,02-09-2024 00:00:00,0:0:0,799262436395,159332,9458760635392,7825981316956,,163.66,163.66,0,0,0,0,0,0,0,0,YJU/KVB/Refund Reversal Confirmation/4020429386,DRC,DRC_20240402_83.CSV,0,,0,,,,,,U2,PAY,9019181289454443132,9330321177623448471,,93933668188128,KVB,KVB,8fbcfabdfc37ec57dbf4efd1,,TCC,109,6300,IDIR
5967706332,4982187552,02-09-2024 00:00:00,Re-presentment Raise,SBL,AXB,R9,02-09-2024 00:00:00,0:0:0,260208085967,159332,9969303107962,7912982444278,,660.94,660.94,0,0,0,0,0,0,0,0,SBL/AXB/Re-presentment Raise/4982187552,UPI,DRC_20240402_83.CSV,0,,0,,,,,,U2,COLLECT,9005953364132067543,9302556917146382601,,93325141057611,AXB,AXB,9d3f8d468b2ce1ade78bdfba,,PBRB,103,7774,IDIR
9519950264,7667409268,02-09-2024 00:00:00,Debit Reversal Confirmation,SBL,BOM,RB,02-09-2024 00:00:00,0:0:0,234534376851,159332,9295761208279,7134907153016,,173.77,173.77,0,0,0,0,0,0,0,0,SBL/BOM/Debit Reversal Confirmation/7667409268,RET,DRC_20240402_83.CSV,0,,0,,,,,,U2,PAY,9069253624560120057,9325549979195811825,,93612865757208,BOM,BOM,7b07faf865a5550fce6ebbd4,,PBRB,109,7518,UMOB
2886492075,9516377906,02-09-2024 00:00:00,Online Refund,ARL,IDC,RB,02-09-2024 00:00:00,0:0:0,147213870880,159332,9942193166479,7304681705092,,481.31,481.31,0,0,0,0,0,0,0,0,ARL/IDC/Online Refund/9516377906,Credit Adjustment,DRC_20240402_83.CSV,0,,0,,,,,,U2,PAY,9033044990963584940,9335872998132577625,,93755716237463,IDC,IDC,b60ad5c97317c86760ba412c,,PR2C,108,2077,IDIR
3321676206,3438110288,02-09-2024 00:00:00,Chargeback Raise,SBL,BOI,R9,02-09-2024 00:00:00,0:0:0,859524641619,159332,9452720529727,7432933689265,,632.31,632.31,0,0,0,0,0,0,0,0,SBL/BOI/Chargeback Raise/3438110288,UPI,DRC_20240402_83.CSV,0,,0,,,,,,U2,PAY,9084224322801404971,9377334301181291177,,93018298748897,BOI,BOI,cd7a6ea6fb62c91d7acd0df2,,PBRB,501,7096,UMOB
6415221541,7048655067,02-09-2024 00:00:00,Wrong Credit Chargeback Acceptance,SBL,FIB,0,02-09-2024 00:00:00,0:0:0,470954484749,159332,9467228878329,7348979712869,,455.99,455.99,0,0,0,0,0,0,0,0,SBL/FIB/Wrong Credit Chargeback Acceptance/7048655067,RET,DRC_20240402_83.CSV,0,,0,,,,,,U2,COLLECT,9053074733205988651,9375672523857606997,,93682518880878,FIB,FIB,a9bcbfc6fe5632db650496cc,,TCC,U008,0103,UMOB
3348223196,8744182923,02-09-2024 00:00:00,Differed Re-presentment Raise,SBL,IDC,R9,02-09-2024 00:00:00,0:0:0,287381420130,159332,9520644856031,7600705165394,,345.17,345.17,0,0,0,0,0,0,0,0,SBL/IDC/Differed Re-presentment Raise/8744182923,UPI,DRC_20240402_83.CSV,0,,0,,,,,,U2,PAY,9070255845820449258,9334108881144975361,,93121748461137,IDC,IDC,ea9fe5d614ffd1bfecfa7e78,,TCC,108,3205,UMOB
1014631906,8798379124,02-09-2024 00:00:00,Chargeback Raise,SBL,APP,R9,02-09-2024 00:00:00,0:0:0,525209060215,159332,9246745707479,7801328008268,,292.49,292.49,0,0,0,0,0,0,0,0,SBL/APP/Chargeback Raise/8798379124,Credit Adjustment,DRC_20240402_83.CSV,0,,0,,,,,,U2,PAY,9088254787048884731,9357689625430940626,,93169153449696,APP,APP,0ab17f876ad3a5cd84b1c2b6,,DRC,501,2046,IDIR
5605583400,8930688593,02-09-2024 00:00:00,Online Refund,UOB,IDC,R9,02-09-2024 00:00:00,0:0:0,277234429700,159332,9210226441930,7309550544084,,121.80,121.80,0,0,0,0,0,0,0,0,UOB/IDC/Online Refund/8930688593,RET,DRC_20240402_83.CSV,0,,0,,,,,,U2,PAY,9009937834235674474,9386842399027032729,,93794153578878,IDC,IDC,e00cf1b0ecb82dadce5ea6c7,,DRC,104,1610,IDIR
5111792869,6972179909,02-09-2024 00:00:00,Wrong credit Representment,SBL,BDN,0,02-09-2024 00:00:00,0:0:0,862311860882,159332,9914808366689,7503414793932,,574.66,574.66,0,0,0,0,0,0,0,0,SBL/BDN/Wrong credit Representment/6972179909,DRC,DRC_20240402_83.CSV,0,,0,,,,,,U2,COLLECT,9053685175663123123,9365135538116275344,,93649541865946,BDN,BDN,d1de0fbf1f15579c38d4ed9c,,DRC,103,6999,IDIR
6467658180,1339917582,02-09-2024 00:00:00,Credit Adjustment,IPB,BOM,R9,02-09-2024 00:00:00,0:0:0,554423818878,159332,9609070313508,7603327536481,,65.73,65.73,0,0,0,0,0,0,0,0,IPB/BOM/Credit Adjustment/1339917582,DRC,DRC_20240402_83.CSV,0,,0,,,,,,U2,COLLECT,9053265703101343964,9329974450114741033,,93790529575797,BOM,BOM,a8da87bbddbc30e282dcf5bf,,PR2C,102,6929,UMOB
2838030218,0695347522,02-09-2024 00:00:00,TCC,SBL,SIB,R9,02-09-2024 00:00:00,0:0:0,971738720684,159332,9780657526594,7862139234829,,871.90,871.90,0,0,0,0,0,0,0,0,SBL/SIB/TCC/0695347522,DRC,DRC_20240402_83.CSV,0,,0,,,,,,U2,PAY,9093875077301493426,9371777999623513411,,93169718240734,SIB,SIB,bccb10a8e05c08fbfbf37ab3,,PR2C,104,4025,UMOB
6830435205,2033329648,02-09-2024 00:00:00,Wrong credit Representment,SBL,PNB,RB,02-09-2024 00:00:00,0:0:0,590413208006,159332,9539099800149,7587921091517,,192.23,192.23,0,0,0,0,0,0,0,0,SBL/PNB/Wrong credit Representment/2033329648,RET,DRC_20240402_83.CSV,0,,0,,,,,,U2,COLLECT,9071327764326650199,9379838107920541820,,93711096565176,PNB,PNB,1a2ef78ab25910f52bd076de,,TCC,U008,3481,UMOB
3902150484,4775293066,02-09-2024 00:00:00,RET,KMB,YES,RR,02-09-2024 00:00:00,0:0:0,166993294639,159332,9984417292665,7170318837936,,359.51,359.51,0,0,0,0,0,0,0,0,KMB/YES/RET/4775293066,DRC,DRC_20240402_83.CSV,0,,0,,,,,,U2,PAY,9044853956281294892,9354596523297442151,,93203670610492,YES,YES,fd75ece9cd6f9ecd3b5d1b24,,PBRB,109,2519,IDIR
7459318341,6405266567,02-09-2024 00:00:00,Re-presentment Raise,SBL,ICI,R9,02-09-2024 00:00:00,0:0:0,445840783900,159332,9602132095452,7964118008838,,253.47,253.47,0,0,0,0,0,0,0,0,SBL/ICI/Re-presentment Raise/6405266567,DRC,DRC_20240402_83.CSV,0,,0,,,,,,U2,PAY,9014599033145967869,9362630746495397855,,93291584128699,ICI,ICI,51f1ffe6f7ce6f857e89fd5c,,PR2C,108,9134,UMOB
8359660095,5336783179,02-09-2024 00:00:00,Refund Reversal Confirmation,SBL,BOI,0,02-09-2024 00:00:00,0:0:0,168754485814,159332,9936273414149,7715037016615,,400.48,400.48,0,0,0,0,0,0,0,0,SBL/BOI/Refund Reversal Confirmation/5336783179,Credit Adjustment,DRC_20240402_83.CSV,0,,0,,,,,,U2,COLLECT,9013943454161187053,9354924765133308342,,93113749618110,BOI,BOI,dd428870798f380b5848dca5,,DRC,102,7541,IDIR
4239581164,6821256831,02-09-2024 00:00:00,RET,SBL,CNB,0,02-09-2024 00:00:00,0:0:0,721059697921,159332,9754866564013,7001560321251,,181.47,181.47,0,0,0,0,0,0,0,0,SBL/CNB/RET/6821256831,Credit Adjustment,DRC_20240402_83.CSV,0,,0,,,,,,U2,COLLECT,9087375650874682572,9362871137719132910,,93377247626035,CNB,CNB,ca743a1defacd2edae60b73f,,DRC,102,9951,UMOB
5297330739,2821417963,02-09-2024 00:00:00,Debit Reversal Confirmation,SBL,CBI,RB,02-09-2024 00:00:00,0:0:0,397382227237,159332,9338401612676,7981603271506,,423.16,423.16,0,0,0,0,0,0,0,0,SBL/CBI/Debit Reversal Confirmation/2821417963,RET,DRC_20240402_83.CSV,0,,0,,,,,,U2,PAY,9033419464603932108,9384736674911659391,,93165762871659,CBI,CBI,67a3ceeba707b35cef4df1ea,,RRC,108,4244,IDIR
6328017428,7415800194,02-09-2024 00:00:00,Complaint Raise,SBL,BOM,R9,02-09-2024 00:00:00,0:0:0,597531477044,159332,9292688796451,7447299483942,,734.03,734.03,0,0,0,0,0,0,0,0,SBL/BOM/Complaint Raise/7415800194,TCC,DRC_20240402_83.CSV,0,,0,,,,,,U2,PAY,9026374458644563932,9330542617664234659,,93969620440579,BOM,BOM,41db10523bc21f4d9e1dcea7,,RRC,104,6903,IDIR
5242775798,7300095627,02-09-2024 00:00:00,Wrong credit Representment,SBL,YJU,RB,02-09-2024 00:00:00,0:0:0,075553427467,159332,9771582172607,7994538332400,,610.59,610.59,0,0,0,0,0,0,0,0,SBL/YJU/Wrong credit Representment/7300095627,DRC,DRC_20240402_83.CSV,0,,0,,,,,,U2,PAY,9065377570376537044,9375353325413327062,,93130190548044,YJU,YJU,7e8ce6fecd2cf6fa5faafbd5,,PBRB,109,8880,UMOB
9440334861,4875761317,02-09-2024 00:00:00,Differed Chargeback Raise,SBL,IIB,RB,02-09-2024 00:00:00,0:0:0,658355328896,159332,9667184606262,7901854539866,,471.28,471.28,0,0,0,0,0,0,0,0,SBL/IIB/Differed Chargeback Raise/4875761317,Credit Adjustment,DRC_20240402_83.CSV,0,,0,,,,,,U2,PAY,9053663368254206644,9368991547516314754,,93729615056481,IIB,IIB,00ff4e09a9c6ea2877e6694c,,DRC,501,5331,IDIR
7710900659,5377718795,02-09-2024 00:00:00,TCC,SBL,INB,RB,02-09-2024 00:00:00,0:0:0,659353746205,159332,9321328667166,7222199838873,,598.43,598.43,0,0,0,0,0,0,0,0,SBL/INB/TCC/5377718795,Credit Adjustment,DRC_20240402_83.CSV,0,,0,,,,,,U2,PAY,9096230390872157792,9321262776536675808,,93087604707464,INB,INB,38ed55a97fada37dd3c61e64,,TCC,U008,4709,IDIR
2833095625,8326859126,02-09-2024 00:00:00,Differed Re-presentment Raise,SBL,CNB,RB,02-09-2024 00:00:00,0:0:0,712553743728,159332,9410476422524,7870758488585,,68.48,68.48,0,0,0,0,0,0,0,0,SBL/CNB/Differed Re-presentment Raise/8326859126,Credit Adjustment,DRC_20240402_83.CSV,0,,0,,,,,,U2,PAY,9082029145587397235,9334043810229339627,,93678698211294,CNB,CNB,e282abf7ba254cebda556fd1,,TCC,102,4170,IDIR
7337888606,5328992451,02-09-2024 00:00:00,Complaint Raise,SBL,FIB,0,02-09-2024 00:00:00,0:0:0,235715651101,159332,9990596747627,7006737735455,,28.90,28.90,0,0,0,0,0,0,0,0,SBL/FIB/Complaint Raise/5328992451,RET,DRC_20240402_83.CSV,0,,0,,,,,,U2,PAY,9073557540686188466,9330461832350096745,,93125565957092,FIB,FIB,65a80f942c701023b0af8a2e,,RRC,501,3357,UMOB
0846709256,5590471123,02-09-2024 00:00:00,Chargeback Raise,IIB,UOB,RB,02-09-2024 00:00:00,0:0:0,368421990554,159332,9563575413484,7715421762161,,625.81,625.81,0,0,0,0,0,0,0,0,IIB/UOB/Chargeback Raise/5590471123,UPI,DRC_20240402_83.CSV,0,,0,,,,,,U2,PAY,9008977619784770124,9383609532633659452,,93792331618500,UOB,UOB,7cbebd730db4f99aa7f2eb6c,,PR2C,U010,8360,IDIR
9941941922,9278666400,02-09-2024 00:00:00,Wrong Credit Chargeback Raise,SBL,YES,RB,02-09-2024 00:00:00,0:0:0,003073804294,159332,9837781402766,7557945363065,,964.32,964.32,0,0,0,0,0,0,0,0,SBL/YES/Wrong Credit Chargeback Raise/9278666400,Credit Adjustment,DRC_20240402_83.CSV,0,,0,,,,,,U2,COLLECT,9018776987390872566,9305647020529451362,,93148087720474,YES,YES,ef2c6c2d4db6e8710c8cba7d,,RRC,103,1145,IDIR
3345119734,1792920252,02-09-2024 00:00:00,Re-presentment Raise,SBL,BDN,RR,02-09-2024 00:00:00,0:0:0,331831523378,159332,9996020104697,7774804113031,,808.32,808.32,0,0,0,0,0,0,0,0,SBL/BDN/Re-presentment Raise/1792920252,UPI,DRC_20240402_83.CSV,0,,0,,,,,,U2,PAY,9003124541668345716,9329486962627463820,,93345195266771,BDN,BDN,a049b93d9a8bca5ac820674c,,PBRB,U010,0843,UMOB
2763556410,3922714566,02-09-2024 00:00:00,Online Refund,SBL,BOM,RB,02-09-2024 00:00:00,0:0:0,798042056438,159332,9035653867874,7149197538306,,474.18,474.18,0,0,0,0,0,0,0,0,SBL/BOM/Online Refund/3922714566,UPI,DRC_20240402_83.CSV,0,,0,,,,,,U2,COLLECT,9028900144501711330,9345401401942220586,,93403648407952,BOM,BOM,d5bfc4768ceff8bb97e0529b,,PR2C,U008,7956,IDIR
5604736232,4224785065,02-09-2024 00:00:00,Response to Complaint,ARL,AXB,0,02-09-2024 00:00:00,0:0:0,010147631761,159332,9218137957158,7801923805767,,722.72,722.72,0,0,0,0,0,0,0,0,ARL/AXB/Response to Complaint/4224785065,Credit Adjustment,DRC_20240402_83.CSV,0,,0,,,,,,U2,PAY,9078125169813650847,9332311054711678321,,93768243997393,AXB,AXB,871d6bcec0f1cb836637255a,,PBRB,102,9257,UMOB
3924669905,3078521964,02-09-2024 00:00:00,Online Refund,CNB,IDC,0,02-09-2024 00:00:00,0:0:0,561930674505,159332,9024764966925,7166458552115,,977.33,977.33,0,0,0,0,0,0,0,0,CNB/IDC/Online Refund/3078521964,Credit Adjustment,DRC_20240402_83.CSV,0,,0,,,,,,U2,PAY,9049143505433045934,9352644839485347304,,93564550446190,IDC,IDC,cd9d4d0c70cbc5bdac6eadf5,,PBRB,U008,9764,IDIR
8282741778,0414765693,02-09-2024 00:00:00,Complaint Raise,IPB,UOB,RR,02-09-2024 00:00:00,0:0:0,224857421068,159332,9953661816501,7688936359711,,966.21,966.21,0,0,0,0,0,0,0,0,IPB/UOB/Complaint Raise/0414765693,DRC,DRC_20240402_83.CSV,0,,0,,,,,,U2,PAY,9054394873814603047,9360567467738553120,,93020778116805,UOB,UOB,70106f5ffbb3bdc9eb53a9ee,,PBRB,104,2463,IDIR
7910690260,1653124893,02-09-2024 00:00:00,Differed Re-presentment Raise,SBL,MBK,RB,02-09-2024 00:00:00,0:0:0,523427946248,159332,9257763464432,7256808182163,,59.33,59.33,0,0,0,0,0,0,0,0,SBL/MBK/Differed Re-presentment Raise/1653124893,TCC,DRC_20240402_83.CSV,0,,0,,,,,,U2,PAY,9008083848510966980,9321585800151298293,,93695046448191,MBK,MBK,612999620adeeaee60aed8ed,,RRC,108,4386,IDIR
3343424188,7476531060,02-09-2024 00:00:00,Wrong Credit Chargeback Raise,INB,IIB,RB,02-09-2024 00:00:00,0:0:0,445295319895,159332,9636498842378,7109446289597,,908.73,908.73,0,0,0,0,0,0,0,0,INB/IIB/Wrong Credit Chargeback Raise/7476531060,RET,DRC_20240402_83.CSV,0,,0,,,,,,U2,PAY,9022907123970826671,9322248774545790355,,93155485654818,IIB,IIB,fd6d1dc7e43fb09d8f9e8d57,,PBRB,102,6285,IDIR
1416228612,6229479443,02-09-2024 00:00:00,Differed Chargeback Raise,SBL,IPB,RR,02-09-2024 00:00:00,0:0:0,677787245678,159332,9096502073694,7928769237237,,727.20,727.20,0,0,0,0,0,0,0,0,SBL/IPB/Differed Chargeback Raise/6229479443,UPI,DRC_20240402_83.CSV,0,,0,,,,,,U2,PAY,9087902413783327983,9332190550691671569,,93433927911648,IPB,IPB,4dc3a1cc8d2afa889e2f0889,,TCC,U010,2534,IDIR
5506464339,9675809997,02-09-2024 00:00:00,Chargeback Acceptance,SBL,CBI,0,02-09-2024 00:00:00,0:0:0,460526929289,159332,9810345544428,7286758263062,,544.99,544.99,0,0,0,0,0,0,0,0,SBL/CBI/Chargeback Acceptance/9675809997,UPI,DRC_20240402_83.CSV,0,,0,,,,,,U2,PAY,9064705011099363190,9309683088622979452,,93327979792225,CBI,CBI,6cbac14eb94cc8bb9c82b409,,DRC,103,5250,IDIR
2920653621,0372761430,02-09-2024 00:00:00,Complaint Raise,SBL,YJU,R9,02-09-2024 00:00:00,0:0:0,281448863970,159332,9932309928380,7703229327014,,286.46,286.46,0,0,0,0,0,0,0,0,SBL/YJU/Complaint Raise/0372761430,Credit Adjustment,DRC_20240402_83.CSV,0,,0,,,,,,U2,PAY,9029207569649658795,9377491398166702121,,93006463455455,YJU,YJU,2b4c9e2dfaeeb6bc9200f4ed,,PR2C,102,9127,IDIR
4386593886,2682028288,02-09-2024 00:00:00,Wrong credit Representment,SBL,YOM,0,02-09-2024 00:00:00,0:0:0,618955871464,159332,9463707084098,7774213022882,,553.10,553.10,0,0,0,0,0,0,0,0,SBL/YOM/Wrong credit Representment/2682028288,DRC,DRC_20240402_83.CSV,0,,0,,,,,,U2,PAY,9089691419650368953,9355974364571036401,,93121241718070,YOM,YOM,0bb72b8e005cfedbacd265b4,,TCC,104,6333,UMOB
6988957658,5545394269,02-09-2024 00:00:00,Differed Re-presentment Raise,SBL,FIB,RR,02-09-2024 00:00:00,0:0:0,747683962688,159332,9325182776624,7725140385569,,264.25,264.25,0,0,0,0,0,0,0,0,SBL/FIB/Differed Re-presentment Raise/5545394269,RET,DRC_20240402_83.CSV,0,,0,,,,,,U2,COLLECT,9059325842743690994,9326587163327919276,,93800737095411,FIB,FIB,3cfa4edffee2fb6a3749baca,,TCC,104,3213,IDIR
9200121552,4814898222,02-09-2024 00:00:00,Differed Re-presentment Raise,SBL,INB,RR,02-09-2024 00:00:00,0:0:0,293944611619,159332,9730720609221,7041171988739,,488.65,488.65,0,0,0,0,0,0,0,0,SBL/INB/Differed Re-presentment Raise/4814898222,Credit Adjustment,DRC_20240402_83.CSV,0,,0,,,,,,U2,PAY,9000266415016093445,9388314939508348305,,93000963838962,INB,INB,3d1bd43bfc6c49c5d98c054c,,DRC,109,6052,IDIR
7701292937,5291628272,02-09-2024 00:00:00,Refund Reversal Confirmation,SBL,BOM,R9,02-09-2024 00:00:00,0:0:0,398286156608,159332,9190615059120,7644255978297,,328.07,328.07,0,0,0,0,0,0,0,0,SBL/BOM/Refund Reversal Confirmation/5291628272,DRC,DRC_20240402_83.CSV,0,,0,,,,,,U2,PAY,9036276547274240710,9373065751658962076,,93834540163635,BOM,BOM,b52badd78d0eae1a9cfdebea,,DRC,108,0449,UMOB
4838724787,1823484385,02-09-2024 00:00:00,Differed Re-presentment Raise,INB,SIB,RR,02-09-2024 00:00:00,0:0:0,753543956817,159332,9018391575083,7585482257056,,941.63,941.63,0,0,0,0,0,0,0,0,INB/SIB/Differed Re-presentment Raise/1823484385,UPI,DRC_20240402_83.CSV,0,,0,,,,,,U2,PAY,9069800819169518933,9315810933923947913,,93627314138112,SIB,SIB,adffeaac8fa5f59bea93df0c,,PBRB,104,9810,UMOB
4748018855,5317758765,02-09-2024 00:00:00,Differed Re-presentment Raise,BOI,APP,RB,02-09-2024 00:00:00,0:0:0,512999198973,159332,9574111753910,7255931278801,,496.16,496.16,0,0,0,0,0,0,0,0,BOI/APP/Differed Re-presentment Raise/5317758765,Credit Adjustment,DRC_20240402_83.CSV,0,,0,,,,,,U2,PAY,9008738892879770796,9350401344968363011,,93574885538095,APP,APP,de212c4fc08b85fa5dc44c09,,TCC,109,0810,IDIR
2034755562,7105614783,02-09-2024 00:00:00,Complaint Raise,CNB,SIB,RR,02-09-2024 00:00:00,0:0:0,878859063640,159332,9567373353446,7933534861657,,830.28,830.28,0,0,0,0,0,0,0,0,CNB/SIB/Complaint Raise/7105614783,UPI,DRC_20240402_83.CSV,0,,0,,,,,,U2,PAY,9014088515711502117,9325846944902694825,,93100546323769,SIB,SIB,2bf74bfabf7e1e269e8b1c72,,PR2C,109,7823,IDIR
2193670252,4396072243,02-09-2024 00:00:00,Response to Complaint,SBL,HDF,RB,02-09-2024 00:00:00,0:0:0,148014160358,159332,9903671022942,7342292359699,,440.83,440.83,0,0,0,0,0,0,0,0,SBL/HDF/Response to Complaint/4396072243,RET,DRC_20240402_83.CSV,0,,0,,,,,,U2,PAY,9081604759310926217,9377519835187560112,,93076809482469,HDF,HDF,988abd28ccb10aad242bce48,,TCC,501,5350,IDIR
9933574055,2624008986,02-09-2024 00:00:00,Fraud Chargeback Raise,ARL,INB,0,02-09-2024 00:00:00,0:0:0,533058212027,159332,9737900461874,7669948327670,,94.46,94.46,0,0,0,0,0,0,0,0,ARL/INB/Fraud Chargeback Raise/2624008986,DRC,DRC_20240402_83.CSV,0,,0,,,,,,U2,PAY,9090127972132758802,9370017006683325403,,93308449611030,INB,INB,8d2041f653c6a9acc59a75cd,,RRC,103,3410,UMOB
5893726248,3680051144,02-09-2024 00:00:00,Response to Complaint,SBL,IOB,R9,02-09-2024 00:00:00,0:0:0,438782157686,159332,9076293706655,7867553463064,,984.31,984.31,0,0,0,0,0,0,0,0,SBL/IOB/Response to Complaint/3680051144,UPI,DRC_20240402_83.CSV,0,,0,,,,,,U2,PAY,9031803859837018063,9339278718233049437,,93688574114799,IOB,IOB,b65336cd6403f93556253df1,,PBRB,109,7239,IDIR
7129871812,6002971177,02-09-2024 00:00:00,Differed Chargeback Raise,SBL,KVB,RB,02-09-2024 00:00:00,0:0:0,406077673774,159332,9083603410873,7566349761694,,268.76,268.76,0,0,0,0,0,0,0,0,SBL/KVB/Differed Chargeback Raise/6002971177,TCC,DRC_20240402_83.CSV,0,,0,,,,,,U2,COLLECT,9038883284221033345,9394199076806139659,,93601877948582,KVB,KVB,68c5b3eb473df1a98723a05d,,PR2C,104,6729,IDIR
2107964856,2045625657,02-09-2024 00:00:00,Chargeback Raise,SBL,ICI,R9,02-09-2024 00:00:00,0:0:0,365230445801,159332,9865310146553,7213901916114,,156.59,156.59,0,0,0,0,0,0,0,0,SBL/ICI/Chargeback Raise/2045625657,TCC,DRC_20240402_83.CSV,0,,0,,,,,,U2,COLLECT,9010837335925227018,9376172380694160323,,93952363222657,ICI,ICI,8fe65d218da94cbecce8efdf,,RRC,109,7537,IDIR
2648640183,1162761484,02-09-2024 00:00:00,Wrong Credit Chargeback Raise,SBL,YOM,RR,02-09-2024 00:00:00,0:0:0,266822180737,159332,9812437011248,7625194761536,,354.06,354.06,0,0,0,0,0,0,0,0,SBL/YOM/Wrong Credit Chargeback Raise/1162761484,Credit Adjustment,DRC_20240402_83.CSV,0,,0,,,,,,U2,COLLECT,9059163039811126801,9346271670413650240,,93235396653749,YOM,YOM,ecabca771cc7a7ec8a6aaa0a,,TCC,109,4722,UMOB
1894740977,8879851554,02-09-2024 00:00:00,Chargeback Raise,SBL,KMB,0,02-09-2024 00:00:00,0:0:0,729927393345,159332,9943788014414,7789769384729,,899.69,899.69,0,0,0,0,0,0,0,0,SBL/KMB/Chargeback Raise/8879851554,RET,DRC_20240402_83.CSV,0,,0,,,,,,U2,PAY,9070168107966461407,9384864723391821552,,93450035281488,KMB,KMB,ca5a92afa3e9d7b16ceeafda,,TCC,109,8843,UMOB
4053955658,9693631248,02-09-2024 00:00:00,Wrong credit Representment,SBL,BDN,R9,02-09-2024 00:00:00,0:0:0,869965229147,159332,9407534807966,7176816464199,,311.58,311.58,0,0,0,0,0,0,0,0,SBL/BDN/Wrong credit Representment/9693631248,UPI,DRC_20240402_83.CSV,0,,0,,,,,,U2,COLLECT,9027993664321945335,9361206753896912210,,93790334325636,BDN,BDN,fef3b73bb14d69fb49ecb3e1,,TCC,104,2311,IDIR
7294693431,0698799259,02-09-2024 00:00:00,Differed Chargeback Raise,SBL,BOM,RR,02-09-2024 00:00:00,0:0:0,224380876133,159332,9681420312894,7518061578192,,144.77,144.77,0,0,0,0,0,0,0,0,SBL/BOM/Differed Chargeback Raise/0698799259,Credit Adjustment,DRC_20240402_83.CSV,0,,0,,,,,,U2,PAY,9030800114381862671,9357758671801160303,,93920138874850,BOM,BOM,cb19ecdd9f75d6dbf648cf3e,,TCC,U008,6723,UMOB
6292412181,2345018697,02-09-2024 00:00:00,Complaint Raise,SBL,KTP,RR,02-09-2024 00:00:00,0:0:0,016085591139,159332,9488982656896,7026813615900,,565.68,565.68,0,0,0,0,0,0,0,0,SBL/KTP/Complaint Raise/2345018697,RET,DRC_20240402_83.CSV,0,,0,,,,,,U2,PAY,9064489805333939104,9353549752593289812,,93366153350755,KTP,KTP,aeabebbd6aacb2af77abbe83,,PR2C,109,4928,UMOB
8557427228,7869568284,02-09-2024 00:00:00,Credit Adjustment,SBL,ARL,R9,02-09-2024 00:00:00,0:0:0,409145857863,159332,9248627855313,7293680651342,,77.93,77.93,0,0,0,0,0,0,0,0,SBL/ARL/Credit Adjustment/7869568284,DRC,DRC_20240402_83.CSV,0,,0,,,,,,U2,PAY,9094502878595628856,9351533496407443708,,93560804655222,ARL,ARL,ae0f714b959ebe66c7f48fc2,,PR2C,102,4231,UMOB
8670817675,2027720972,02-09-2024 00:00:00,Debit Reversal Confirmation,SBL,IDC,0,02-09-2024 00:00:00,0:0:0,900876632520,159332,9110944680138,7201678716350,,283.67,283.67,0,0,0,0,0,0,0,0,SBL/IDC/Debit Reversal Confirmation/2027720972,UPI,DRC_20240402_83.CSV,0,,0,,,,,,U2,PAY,9014406116032777769,9349994481283647296,,93014703625076,IDC,IDC,18edf8aac6a11e14b6546f4d,,PR2C,103,2916,IDIR
8268815955,3136095849,02-09-2024 00:00:00,Complaint Raise,APP,YBS,0,02-09-2024 00:00:00,0:0:0,773777062646,159332,9613976429388,7634781452178,,20.82,20.82,0,0,0,0,0,0,0,0,APP/YBS/Complaint Raise/3136095849,RET,DRC_20240402_83.CSV,0,,0,,,,,,U2,COLLECT,9004960339173016750,9311340070254006150,,93129612526491,YBS,YBS,ad0aa093e02a8b687108dc56,,PR2C,103,9470,UMOB
3382535470,7724864150,02-09-2024 00:00:00,Differed Re-presentment Raise,SBL,GTI,R9,02-09-2024 00:00:00,0:0:0,084150309701,159332,9505674074345,7562425430361,,382.40,382.40,0,0,0,0,0,0,0,0,SBL/GTI/Differed Re-presentment Raise/7724864150,UPI,DRC_20240402_83.CSV,0,,0,,,,,,U2,COLLECT,9081767931770142527,9334419285890777465,,93574127536028,GTI,GTI,f7d0f88b46b98bcaac3efa0a,,PR2C,102,7814,UMOB
8109340092,6572690482,02-09-2024 00:00:00,Refund Reversal Confirmation,AXB,KTP,0,02-09-2024 00:00:00,0:0:0,980916948091,159332,9268700559221,7430436046504,,557.69,557.69,0,0,0,0,0,0,0,0,AXB/KTP/Refund Reversal Confirmation/6572690482,Credit Adjustment,DRC_20240402_83.CSV,0,,0,,,,,,U2,PAY,9009270624759333467,9345422590510746830,,93989486652113,KTP,KTP,7e592aa18abf17ec6aff35fd,,PBRB,104,3858,IDIR
7542400852,8931237316,02-09-2024 00:00:00,Fraud Chargeback Representment,SBL,ARL,0,02-09-2024 00:00:00,0:0:0,855690760002,159332,9806117854489,7124688053392,,208.94,208.94,0,0,0,0,0,0,0,0,SBL/ARL/Fraud Chargeback Representment/8931237316,UPI,DRC_20240402_83.CSV,0,,0,,,,,,U2,PAY,9000328439148431589,9380802178258202299,,93772081470715,ARL,ARL,25ce0dbd4aebbb09cc94d0cd,,TCC,104,4483,IDIR
0582710348,2148403641,02-09-2024 00:00:00,Re-presentment Raise,SBL,UOB,RB,02-09-2024 00:00:00,0:0:0,122137288743,159332,9513519648407,7553214491066,,95.33,95.33,0,0,0,0,0,0,0,0,SBL/UOB/Re-presentment Raise/2148403641,Credit Adjustment,DRC_20240402_83.CSV,0,,0,,,,,,U2,PAY,9099461777692167196,9354913679910597310,,93174207120182,UOB,UOB,fdcc3fd77f1f4e2eb3b1bc38,,PR2C,109,4292,IDIR
2468093233,1005432303,02-09-2024 00:00:00,Wrong credit Representment,FBL,IIB,0,02-09-2024 00:00:00,0:0:0,673427531458,159332,9721564617333,7040441335487,,61.45,61.45,0,0,0,0,0,0,0,0,FBL/IIB/Wrong credit Representment/1005432303,TCC,DRC_20240402_83.CSV,0,,0,,,,,,U2,PAY,9076577699134523945,9362879944708776970,,93206056278227,IIB,IIB,1f848ab56df509fdaefea6c7,,PR2C,501,3667,IDIR
2227890917,9195190587,02-09-2024 00:00:00,Debit Reversal Confirmation,SBL,IDB,RR,02-09-2024 00:00:00,0:0:0,836840583373,159332,9714935906488,7535909660044,,407.54,407.54,0,0,0,0,0,0,0,0,SBL/IDB/Debit Reversal Confirmation/9195190587,Credit Adjustment,DRC_20240402_83.CSV,0,,0,,,,,,U2,COLLECT,9029146620541874095,9340512011555320203,,93852698118252,IDB,IDB,59fadfdf37a220a1dbf3eabb,,PBRB,109,7141,IDIR
5097570496,0517647192,02-09-2024 00:00:00,Re-presentment Raise,SBL,BOM,0,02-09-2024 00:00:00,0:0:0,165121618174,159332,9798021880535,7647123368975,,448.83,448.83,0,0,0,0,0,0,0,0,SBL/BOM/Re-presentment Raise/0517647192,TCC,DRC_20240402_83.CSV,0,,0,,,,,,U2,COLLECT,9042108249900093133,9354119077984300294,,93338104472821,BOM,BOM,bedd2b759deadbafb47f30a1,,DRC,102,4895,UMOB
7969767887,3552427242,02-09-2024 00:00:00,Fraud Chargeback Raise,SBL,IDC,RB,02-09-2024 00:00:00,0:0:0,320166874348,159332,9654368856023,7773123310281,,205.60,205.60,0,0,0,0,0,0,0,0,SBL/IDC/Fraud Chargeback Raise/3552427242,TCC,DRC_20240402_83.CSV,0,,0,,,,,,U2,PAY,9038729177021426798,9379701037148941498,,93893454462288,IDC,IDC,98207d84a8d0eddad96939cf,,DRC,U008,2733,UMOB
1345545215,5024878968,02-09-2024 00:00:00,Credit Adjustment,SBL,GTI,RR,02-09-2024 00:00:00,0:0:0,721058496463,159332,9865681115599,7593610019297,,114.61,114.61,0,0,0,0,0,0,0,0,SBL/GTI/Credit Adjustment/5024878968,Credit Adjustment,DRC_20240402_83.CSV,0,,0,,,,,,U2,COLLECT,9024759615738910904,9311097656422622112,,93958516015056,GTI,GTI,0c9f8b4c8cabfcde42a624d7,,RRC,103,8847,IDIR
2331763659,4314414617,02-09-2024 00:00:00,Debit Reversal Confirmation,APP,BOM,0,02-09-2024 00:00:00,0:0:0,533367756944,159332,9041875107479,7199425622417,,957.49,957.49,0,0,0,0,0,0,0,0,APP/BOM/Debit Reversal Confirmation/4314414617,DRC,DRC_20240402_83.CSV,0,,0,,,,,,U2,PAY,9011647203409225435,9377510315719007420,,93072138094671,BOM,BOM,c5adb8177f4c24abced86a13,,PR2C,U010,3275,UMOB
2523121792,9421032532,02-09-2024 00:00:00,Online Refund,SBL,KTP,RR,02-09-2024 00:00:00,0:0:0,901770671991,159332,9357567200095,7569818442356,,292.35,292.35,0,0,0,0,0,0,0,0,SBL/KTP/Online Refund/9421032532,DRC,DRC_20240402_83.CSV,0,,0,,,,,,U2,COLLECT,9039610605193201157,9306522186169737928,,93667042437103,KTP,KTP,b789698ab82e3cf35acb6e48,,PBRB,U010,1199,UMOB
4021963500,8848656111,02-09-2024 00:00:00,RET,SBL,IIB,RR,02-09-2024 00:00:00,0:0:0,075568797016,159332,9641062048473,7518013542838,,752.07,752.07,0,0,0,0,0,0,0,0,SBL/IIB/RET/8848656111,DRC,DRC_20240402_83.CSV,0,,0,,,,,,U2,COLLECT,9058142699060332331,9361443077991823938,,93543527650520,IIB,IIB,a3dcce8ed2fcfbaf1b42c1b3,,DRC,102,7972,IDIR
3492328357,0364417913,02-09-2024 00:00:00,Chargeback Raise,IPB,HDF,RR,02-09-2024 00:00:00,0:0:0,444034109366,159332,9233698735725,7391643907590,,262.83,262.83,0,0,0,0,0,0,0,0,IPB/HDF/Chargeback Raise/0364417913,Credit Adjustment,DRC_20240402_83.CSV,0,,0,,,,,,U2,PAY,9024468819039010557,9317229744719250983,,93451678661460,HDF,HDF,d31a50bfd4db9faa91dd8948,,RRC,109,4384,UMOB
1606987176,1263685814,02-09-2024 00:00:00,Fraud Chargeback Raise,SBL,SIB,R9,02-09-2024 00:00:00,0:0:0,524320646979,159332,9863144148626,7993493246235,,65.76,65.76,0,0,0,0,0,0,0,0,SBL/SIB/Fraud Chargeback Raise/1263685814,Credit Adjustment,DRC_20240402_83.CSV,0,,0,,,,,,U2,COLLECT,9019866344237003413,9321831989771383740,,93127973221542,SIB,SIB,f1e5e01bbc7f05909c751f61,,RRC,104,6306,IDIR
0083879981,2893698903,02-09-2024 00:00:00,Wrong Credit Chargeback Raise,SBL,SIB,R9,02-09-2024 00:00:00,0:0:0,480192875905,159332,9054852459405,7169746027523,,342.42,342.42,0,0,0,0,0,0,0,0,SBL/SIB/Wrong Credit Chargeback Raise/2893698903,DRC,DRC_20240402_83.CSV,0,,0,,,,,,U2,PAY,9087476095680397128,9311651864006532558,,93228727221812,SIB,SIB,fc7f252bd7a4e75e0ecaff6f,,RRC,103,7998,IDIR
0212893291,6881832055,02-09-2024 00:00:00,Differed Chargeback Raise,SBL,YJU,RB,02-09-2024 00:00:00,0:0:0,962040011841,159332,9108338400911,7068602602472,,185.57,185.57,0,0,0,0,0,0,0,0,SBL/YJU/Differed Chargeback Raise/6881832055,RET,DRC_20240402_83.CSV,0,,0,,,,,,U2,PAY,9024989041502994683,9375911138420567958,,93169828044255,YJU,YJU,bcce7ef4dca06fe8e99f4ddb,,PBRB,103,1727,IDIR
1064442701,7440729613,02-09-2024 00:00:00,Wrong Credit Chargeback Raise,SBL,BOB,R9,02-09-2024 00:00:00,0:0:0,933161010803,159332,9778684604034,7507586543021,,12.09,12.09,0,0,0,0,0,0,0,0,SBL/BOB/Wrong Credit Chargeback Raise/7440729613,UPI,DRC_20240402_83.CSV,0,,0,,,,,,U2,COLLECT,9021590251203434438,9351487134121960829,,93174379773455,BOB,BOB,fc4d7cea2e03ef63bcedd4ff,,TCC,U008,7337,UMOB
9165490132,5255104111,02-09-2024 00:00:00,Wrong credit Representment,ARL,IDB,R9,02-09-2024 00:00:00,0:0:0,372417024130,159332,9601197751820,7996689055501,,559.94,559.94,0,0,0,0,0,0,0,0,ARL/IDB/Wrong credit Representment/5255104111,DRC,DRC_20240402_83.CSV,0,,0,,,,,,U2,PAY,9076349246939010378,9306589813017130261,,93713590405830,IDB,IDB,3bdcce8a28cc238bb3bab48d,,PBRB,109,8365,UMOB
7431608661,2708333575,02-09-2024 00:00:00,Wrong credit Representment,SBL,BOI,RR,02-09-2024 00:00:00,0:0:0,726671383269,159332,9632731905516,7387447269478,,692.50,692.50,0,0,0,0,0,0,0,0,SBL/BOI/Wrong credit Representment/2708333575,TCC,DRC_20240402_83.CSV,0,,0,,,,,,U2,PAY,9002344721153494697,9366672552863552644,,93447356200592,BOI,BOI,f30383e3d8b7cdb4b99b9bd7,,PBRB,108,2416,UMOB
5720363042,4192258851,02-09-2024 00:00:00,Wrong credit Representment,SBL,IDB,R9,02-09-2024 00:00:00,0:0:0,839753859686,159332,9766475063264,7621913430883,,178.77,178.77,0,0,0,0,0,0,0,0,SBL/IDB/Wrong credit Representment/4192258851,UPI,DRC_20240402_83.CSV,0,,0,,,,,,U2,PAY,9014148643825506108,9311316375077027469,,93806597946323,IDB,IDB,8deaaeaed489dc9cbfd5b035,,DRC,U010,0859,UMOB
2481255075,6635309721,02-09-2024 00:00:00,Credit Adjustment,SBL,HDF,RB,02-09-2024 00:00:00,0:0:0,969650596395,159332,9999622764574,7595933603649,,975.09,975.09,0,0,0,0,0,0,0,0,SBL/HDF/Credit Adjustment/6635309721,RET,DRC_20240402_83.CSV,0,,0,,,,,,U2,COLLECT,9083556548615642218,9365514157568522393,,93106916659744,HDF,HDF,ee5bfc2a003a20fc977ed5bc,,PR2C,103,7934,UMOB
0783603969,6849015969,02-09-2024 00:00:00,Differed Re-presentment Raise,PNB,PNB,RR,02-09-2024 00:00:00,0:0:0,542705154786,159332,9015053039782,7562275462564,,851.15,851.15,0,0,0,0,0,0,0,0,PNB/PNB/Differed Re-presentment Raise/6849015969,DRC,DRC_20240402_83.CSV,0,,0,,,,,,U2,PAY,9038317678821201999,9314936258611452510,,93819438151450,PNB,PNB,059eedaced5dd1cf9e8fc205,,DRC,108,8802,UMOB
6114646634,2140220411,02-09-2024 00:00:00,Response to Complaint,SBL,AXB,0,02-09-2024 00:00:00,0:0:0,412915372489,159332,9645988937717,7590111696116,,855.47,855.47,0,0,0,0,0,0,0,0,SBL/AXB/Response to Complaint/2140220411,DRC,DRC_20240402_83.CSV,0,,0,,,,,,U2,PAY,9033499938702425253,9318039321732615080,,93849864215878,AXB,AXB,98a00e13ffbff0c93bd9ebfd,,RRC,108,4555,IDIR
2672520225,2896471266,02-09-2024 00:00:00,Refund Reversal Confirmation,SBL,ARL,0,02-09-2024 00:00:00,0:0:0,450881860864,159332,9286793561828,7199900334645,,406.98,406.98,0,0,0,0,0,0,0,0,SBL/ARL/Refund Reversal Confirmation/2896471266,UPI,DRC_20240402_83.CSV,0,,0,,,,,,U2,COLLECT,9028758209508517474,9351894937175598158,,93793059282178,ARL,ARL,bcf91d4ccfbbf657b967ef5c,,PR2C,108,9477,IDIR
8425512320,3039079524,02-09-2024 00:00:00,Wrong credit Representment,SBL,CNB,RB,02-09-2024 00:00:00,0:0:0,875571833846,159332,9355001495361,7282625267331,,464.13,464.13,0,0,0,0,0,0,0,0,SBL/CNB/Wrong credit Representment/3039079524,Credit Adjustment,DRC_20240402_83.CSV,0,,0,,,,,,U2,PAY,9017489123799592586,9334642087766958567,,93026832055785,CNB,CNB,ec52bbeefae2afb87337ae1b,,DRC,102,4651,IDIR
8184236801,8048603308,02-09-2024 00:00:00,Response to Complaint,SBL,BOI,RB,02-09-2024 00:00:00,0:0:0,216026594421,159332,9879595643900,7208436693226,,568.68,568.68,0,0,0,0,0,0,0,0,SBL/BOI/Response to Complaint/8048603308,TCC,DRC_20240402_83.CSV,0,,0,,,,,,U2,PAY,9080543769959852741,9356369068144209974,,93782593263360,BOI,BOI,dc6a2c79aea4502b7f8c56db,,DRC,102,5080,IDIR
9053485089,7789969380,02-09-2024 00:00:00,Fraud Chargeback Representment,SBL,CBI,RR,02-09-2024 00:00:00,0:0:0,010830698596,159332,9575717805195,7017220529397,,627.09,627.09,0,0,0,0,0,0,0,0,SBL/CBI/Fraud Chargeback Representment/7789969380,UPI,DRC_20240402_83.CSV,0,,0,,,,,,U2,COLLECT,9078437065269351386,9394249511959570548,,93408213203666,CBI,CBI,c00f1c7d7143c4c308fac36c,,PR2C,109,5325,UMOB
9107041562,4388284214,02-09-2024 00:00:00,Differed Chargeback Raise,SBL,KTP,RR,02-09-2024 00:00:00,0:0:0,226555008520,159332,9245170801540,7018465900219,,374.21,374.21,0,0,0,0,0,0,0,0,SBL/KTP/Differed Chargeback Raise/4388284214,UPI,DRC_20240402_83.CSV,0,,0,,,,,,U2,COLLECT,9001295466289309453,9314331313023202725,,93163973379219,KTP,KTP,f7c6fdf1ebdef3bddec7051d,,PR2C,U010,5370,IDIR
9280551403,8412242331,02-09-2024 00:00:00,Credit Adjustment,SBL,IPB,0,02-09-2024 00:00:00,0:0:0,666043221940,159332,9359693394311,7323834147088,,956.12,956.12,0,0,0,0,0,0,0,0,SBL/IPB/Credit Adjustment/8412242331,RET,DRC_20240402_83.CSV,0,,0,,,,,,U2,PAY,9013737968581624018,9306301673085126658,,93364527446628,IPB,IPB,0e3a36c8051d083d38fff8ef,,RRC,109,4872,IDIR
6739932919,4881101371,02-09-2024 00:00:00,Fraud Chargeback Representment,SBL,YOM,RR,02-09-2024 00:00:00,0:0:0,659366123893,159332,9610563640250,7786401621347,,758.11,758.11,0,0,0,0,0,0,0,0,SBL/YOM/Fraud Chargeback Representment/4881101371,RET,DRC_20240402_83.CSV,0,,0,,,,,,U2,PAY,9009485768768732197,9348940444527166302,,93790609129976,YOM,YOM,ccdbd2e8aaabf95eccfe27d9,,PR2C,109,2168,UMOB
2936372157,4724732722,02-09-2024 00:00:00,TCC,SBL,YOM,R9,02-09-2024 00:00:00,0:0:0,001840381448,159332,9328557541996,7033542369806,,894.06,894.06,0,0,0,0,0,0,0,0,SBL/YOM/TCC/4724732722,UPI,DRC_20240402_83.CSV,0,,0,,,,,,U2,PAY,9020044862704972347,9332048278453889943,,93399293202442,YOM,YOM,8aa07fc995fcbec1fd2313b9,,RRC,U008,9500,IDIR
4102825237,5479571399,02-09-2024 00:00:00,Complaint Raise,SBL,BOB,RB,02-09-2024 00:00:00,0:0:0,055827232714,159332,9958948692760,7427693711170,,934.00,934.00,0,0,0,0,0,0,0,0,SBL/BOB/Complaint Raise/5479571399,UPI,DRC_20240402_83.CSV,0,,0,,,,,,U2,PAY,9063205636851302685,9343386599411884205,,93950876236517,BOB,BOB,ac15d8e94f6dde640caa6b3c,,RRC,102,4121,IDIR
4644254704,4327620199,02-09-2024 00:00:00,Re-presentment Raise,SBL,KTP,R9,02-09-2024 00:00:00,0:0:0,907684598389,159332,9500644269786,7489798199823,,947.82,947.82,0,0,0,0,0,0,0,0,SBL/KTP/Re-presentment Raise/4327620199,RET,DRC_20240402_83.CSV,0,,0,,,,,,U2,PAY,9066307411882467647,9359366498731692193,,93501247241362,KTP,KTP,c9c4da7ba8d4d4cf6bbbdd7e,,PBRB,U010,2561,UMOB
7707558650,2197131222,02-09-2024 00:00:00,Re-presentment Raise,SBL,IDC,R9,02-09-2024 00:00:00,0:0:0,681104278776,159332,9604349745627,7913360736300,,505.62,505.62,0,0,0,0,0,0,0,0,SBL/IDC/Re-presentment Raise/2197131222,DRC,DRC_20240402_83.CSV,0,,0,,,,,,U2,PAY,9008024880900235984,9314780898400079586,,93846763819856,IDC,IDC,0eaf3dc8de9fafb9dc3ebf9a,,PR2C,102,6533,UMOB
8574354372,3682605304,02-09-2024 00:00:00,Credit Adjustment,YJU,GTI,RB,02-09-2024 00:00:00,0:0:0,137863419495,159332,9314419361133,7135149197797,,533.40,533.40,0,0,0,0,0,0,0,0,YJU/GTI/Credit Adjustment/3682605304,DRC,DRC_20240402_83.CSV,0,,0,,,,,,U2,PAY,9017734879761543610,9352658547719926376,,93375931077783,GTI,GTI,9eaa1c05be40bfe71dc75dbe,,DRC,108,0672,IDIR
8998945246,1051816908,02-09-2024 00:00:00,Differed Re-presentment Raise,SBL,INB,RB,02-09-2024 00:00:00,0:0:0,910707207517,159332,9823087908612,7386162758930,,250.70,250.70,0,0,0,0,0,0,0,0,SBL/INB/Differed Re-presentment Raise/1051816908,TCC,DRC_20240402_83.CSV,0,,0,,,,,,U2,COLLECT,9013702840639920905,9377125046939932167,,93550725341500,INB,INB,d7beadfea0f03ed99a8cefc3,,TCC,102,1565,UMOB
7884850893,5938655556,02-09-2024 00:00:00,Fraud Chargeback Raise,SBL,BOI,RR,02-09-2024 00:00:00,0:0:0,705807869210,159332,9600773515411,7420638564476,,888.87,888.87,0,0,0,0,0,0,0,0,SBL/BOI/Fraud Chargeback Raise/5938655556,RET,DRC_20240402_83.CSV,0,,0,,,,,,U2,PAY,9088548189580950068,9311397108222110596,,93954174380331,BOI,BOI,ad38b0accf5aab619cfedd4b,,PBRB,U008,2939,IDIR
5169643237,8898137015,02-09-2024 00:00:00,Wrong Credit Chargeback Acceptance,SBL,CNB,RB,02-09-2024 00:00:00,0:0:0,718073107727,159332,9277669284431,7669367300255,,653.53,653.53,0,0,0,0,0,0,0,0,SBL/CNB/Wrong Credit Chargeback Acceptance/8898137015,Credit Adjustment,DRC_20240402_83.CSV,0,,0,,,,,,U2,PAY,9088524487334230544,9358066455498694298,,93323594541643,CNB,CNB,2900cdbf0dc1b37cd10dd4ef,,PR2C,501,1962,UMOB
7634643783,8801471881,02-09-2024 00:00:00,Wrong Credit Chargeback Acceptance,SBL,KVB,0,02-09-2024 00:00:00,0:0:0,396145193130,159332,9450835716195,7730125419628,,766.28,766.28,0,0,0,0,0,0,0,0,SBL/KVB/Wrong Credit Chargeback Acceptance/8801471881,Credit Adjustment,DRC_20240402_83.CSV,0,,0,,,,,,U2,PAY,9063382266626889993,9345502480903977828,,93305982173295,KVB,KVB,82b7b131f0384664ff29de1c,,TCC,103,6428,UMOB
0616922529,0603764159,02-09-2024 00:00:00,Debit Reversal Confirmation,SBL,CBI,0,02-09-2024 00:00:00,0:0:0,846669757039,159332,9490864067975,7968170561283,,805.87,805.87,0,0,0,0,0,0,0,0,SBL/CBI/Debit Reversal Confirmation/0603764159,UPI,DRC_20240402_83.CSV,0,,0,,,,,,U2,PAY,9081820412559336817,9354970632348876571,,93416340416775,CBI,CBI,dcddafa2a162ca02fbbdf4fe,,DRC,102,1125,UMOB
6029462816,2794168899,02-09-2024 00:00:00,Chargeback Acceptance,ARL,KTP,0,02-09-2024 00:00:00,0:0:0,263271323656,159332,9682128719429,7320371560224,,394.00,394.00,0,0,0,0,0,0,0,0,ARL/KTP/Chargeback Acceptance/2794168899,TCC,DRC_20240402_83.CSV,0,,0,,,,,,U2,PAY,9048256982132855556,9398531659458198499,,93953954399031,KTP,KTP,d93c9a24ecb900c557d1f46b,,PR2C,501,9946,UMOB
1917443151,6579335038,02-09-2024 00:00:00,Online Refund,SBI,SBI,0,02-09-2024 00:00:00,0:0:0,720534851433,159332,9212861122593,7453807821186,,384.08,384.08,0,0,0,0,0,0,0,0,SBI/SBI/Online Refund/6579335038,RET,DRC_20240402_83.CSV,0,,0,,,,,,U2,PAY,9046296378914994303,9315593387158065360,,93559604416689,SBI,SBI,bec6ca8b944b3d1e6f9cff64,,PR2C,501,6944,IDIR
0418515080,8121920624,02-09-2024 00:00:00,Wrong Credit Chargeback Acceptance,SBL,BDN,RB,02-09-2024 00:00:00,0:0:0,082917287174,159332,9871846286612,7597094452541,,560.60,560.60,0,0,0,0,0,0,0,0,SBL/BDN/Wrong Credit Chargeback Acceptance/8121920624,DRC,DRC_20240402_83.CSV,0,,0,,,,,,U2,PAY,9024180909195992231,9328519433476396749,,93347129214798,BDN,BDN,bffcbb89dcb3feb1c8f8b11c,,PBRB,U008,4959,UMOB
8772876655,6347684723,02-09-2024 00:00:00,Fraud Chargeback Raise,SBL,PNB,RR,02-09-2024 00:00:00,0:0:0,739976402624,159332,9765811110337,7151898916929,,289.17,289.17,0,0,0,0,0,0,0,0,SBL/PNB/Fraud Chargeback Raise/6347684723,RET,DRC_20240402_83.CSV,0,,0,,,,,,U2,COLLECT,9017101558493887527,9398985333745888697,,93255935261868,PNB,PNB,ffcaf20a2eaeb380f54ff8c5,,PBRB,501,0794,IDIR
6652808975,3589746701,02-09-2024 00:00:00,Complaint Raise,AXB,KTP,RR,02-09-2024 00:00:00,0:0:0,534436540978,159332,9764116289047,7023853397013,,270.82,270.82,0,0,0,0,0,0,0,0,AXB/KTP/Complaint Raise/3589746701,TCC,DRC_20240402_83.CSV,0,,0,,,,,,U2,PAY,9020380953336514838,9338268961869650014,,93621732754200,KTP,KTP,1e404ac1b8cc3f0225bcc5e0,,TCC,U010,8685,IDIR
5398160889,6963048865,02-09-2024 00:00:00,Re-presentment Raise,SBL,HDF,RR,02-09-2024 00:00:00,0:0:0,037415323766,159332,9082296177521,7274179686165,,858.11,858.11,0,0,0,0,0,0,0,0,SBL/HDF/Re-presentment Raise/6963048865,RET,DRC_20240402_83.CSV,0,,0,,,,,,U2,PAY,9098391558726295739,9370636029770330010,,93023680579712,HDF,HDF,c3ebcec9f232e6cd7afdfcd0,,TCC,103,7100,IDIR
9411287963,1578640471,02-09-2024 00:00:00,Wrong credit Representment,FBL,HDF,R9,02-09-2024 00:00:00,0:0:0,865981183915,159332,9549903388704,7797532891571,,658.11,658.11,0,0,0,0,0,0,0,0,FBL/HDF/Wrong credit Representment/1578640471,UPI,DRC_20240402_83.CSV,0,,0,,,,,,U2,PAY,9042820202364548468,9301273992966984947,,93265495786278,HDF,HDF,b1ffdcd1cddd8f024afdfba2,,RRC,U010,6687,UMOB
8319562565,8496730328,02-09-2024 00:00:00,Differed Chargeback Raise,YJU,KTP,R9,02-09-2024 00:00:00,0:0:0,988053137733,159332,9958000507604,7348138267970,,307.55,307.55,0,0,0,0,0,0,0,0,YJU/KTP/Differed Chargeback Raise/8496730328,DRC,DRC_20240402_83.CSV,0,,0,,,,,,U2,COLLECT,9028932725044485577,9350824840728408250,,93798376852022,KTP,KTP,2e86befd1accc3ad50aac476,,DRC,104,7192,UMOB
6510093887,7594250544,02-09-2024 00:00:00,Debit Reversal Confirmation,SBL,SIB,0,02-09-2024 00:00:00,0:0:0,543451898209,159332,9285849946535,7794691614869,,40.30,40.30,0,0,0,0,0,0,0,0,SBL/SIB/Debit Reversal Confirmation/7594250544,TCC,DRC_20240402_83.CSV,0,,0,,,,,,U2,PAY,9079497083758760966,9314641082586791560,,93465768223431,SIB,SIB,0d62cab62843dde7dfe6c0ed,,DRC,103,6441,IDIR
3074156738,4566759389,02-09-2024 00:00:00,Credit Adjustment,SBL,ARL,0,02-09-2024 00:00:00,0:0:0,493238567364,159332,9382175342349,7719301586273,,225.76,225.76,0,0,0,0,0,0,0,0,SBL/ARL/Credit Adjustment/4566759389,TCC,DRC_20240402_83.CSV,0,,0,,,,,,U2,COLLECT,9091184772686467658,9325025182824690667,,93827978275737,ARL,ARL,0addcb0ffa1724b2da0eddf7,,PBRB,108,9006,UMOB
2021024126,8296286690,02-09-2024 00:00:00,Wrong credit Representment,YJU,IDC,RB,02-09-2024 00:00:00,0:0:0,555131502418,159332,9317455936341,7565337556287,,70.76,70.76,0,0,0,0,0,0,0,0,YJU/IDC/Wrong credit Representment/8296286690,RET,DRC_20240402_83.CSV,0,,0,,,,,,U2,COLLECT,9041649995302053508,9348496804188527175,,93931025333839,IDC,IDC,ab25cb5b74fbf6cfb1afecbb,,PBRB,102,4208,UMOB
1281869033,4409143057,02-09-2024 00:00:00,Differed Chargeback Raise,SBL,CNB,RB,02-09-2024 00:00:00,0:0:0,265950628243,159332,9810726618186,7391760986810,,441.78,441.78,0,0,0,0,0,0,0,0,SBL/CNB/Differed Chargeback Raise/4409143057,Credit Adjustment,DRC_20240402_83.CSV,0,,0,,,,,,U2,COLLECT,9071415190512570064,9318654370945354197,,93688350102663,CNB,CNB,7a9afe3dbb34fbb8daf8fb2d,,RRC,102,3395,IDIR
4540880229,1725155439,02-09-2024 00:00:00,TCC,SBL,BOM,0,02-09-2024 00:00:00,0:0:0,980049737709,159332,9392391279185,7482591748039,,56.24,56.24,0,0,0,0,0,0,0,0,SBL/BOM/TCC/1725155439,RET,DRC_20240402_83.CSV,0,,0,,,,,,U2,PAY,9050291748734296287,9360412521636200229,,93270283498461,BOM,BOM,0bedfbebfb2da58a3daf27ad,,PR2C,U010,2932,UMOB
1584149124,8634053309,02-09-2024 00:00:00,Differed Chargeback Raise,SBL,SIB,RR,02-09-2024 00:00:00,0:0:0,273215030424,159332,9458490637264,7514739514819,,549.63,549.63,0,0,0,0,0,0,0,0,SBL/SIB/Differed Chargeback Raise/8634053309,RET,DRC_20240402_83.CSV,0,,0,,,,,,U2,COLLECT,9045228390500377461,9311774337455990066,,93728254090465,SIB,SIB,38d8faee7a7efec9bcfdf05e,,DRC,U010,2632,UMOB
7220538392,9042757699,02-09-2024 00:00:00,Chargeback Acceptance,SBL,SIB,0,02-09-2024 00:00:00,0:0:0,602203486331,159332,9356457298355,7586638809814,,744.48,744.48,0,0,0,0,0,0,0,0,SBL/SIB/Chargeback Acceptance/9042757699,TCC,DRC_20240402_83.CSV,0,,0,,,,,,U2,PAY,9002440562361191893,9398265545414207065,,93345826424461,SIB,SIB,0f8f5fbaf7308ecdea647b57,,TCC,501,3851,UMOB
7021286046,0393772653,02-09-2024 00:00:00,Differed Re-presentment Raise,ICI,KTP,RB,02-09-2024 00:00:00,0:0:0,747329530216,159332,9086531758374,7403367176334,,429.04,429.04,0,0,0,0,0,0,0,0,ICI/KTP/Differed Re-presentment Raise/0393772653,Credit Adjustment,DRC_20240402_83.CSV,0,,0,,,,,,U2,PAY,9014170671944874903,9323053925689489656,,93684277372854,KTP,KTP,9250eab7eb1178d07eedc9fc,,TCC,102,4120,IDIR
5327486377,2607365473,02-09-2024 00:00:00,Wrong credit Representment,SBI,INB,RR,02-09-2024 00:00:00,0:0:0,308981536141,159332,9678596060253,7694339436668,,539.29,539.29,0,0,0,0,0,0,0,0,SBI/INB/Wrong credit Representment/2607365473,UPI,DRC_20240402_83.CSV,0,,0,,,,,,U2,PAY,9063620211095535017,9346692925384686827,,93632444277925,INB,INB,b0451bde29be5fdcf232f61e,,TCC,501,0724,UMOB
3121298335,6568524029,02-09-2024 00:00:00,Debit Reversal Confirmation,SBL,IDC,R9,02-09-2024 00:00:00,0:0:0,077794687754,159332,9163259245652,7149310767076,,712.95,712.95,0,0,0,0,0,0,0,0,SBL/IDC/Debit Reversal Confirmation/6568524029,TCC,DRC_20240402_83.CSV,0,,0,,,,,,U2,COLLECT,9007527545386526596,9306561726095513854,,93327091127409,IDC,IDC,6f0d7ad3a7cdbaa7c664e4dc,,RRC,501,5104,IDIR
4321067778,1865344159,02-09-2024 00:00:00,RET,PNB,CNB,0,02-09-2024 00:00:00,0:0:0,496407864335,159332,9968584077817,7097094318389,,501.45,501.45,0,0,0,0,0,0,0,0,PNB/CNB/RET/1865344159,Credit Adjustment,DRC_20240402_83.CSV,0,,0,,,,,,U2,PAY,9099971492074903598,9311268274510108736,,93646264644343,CNB,CNB,13fa7a5a5d9c86bb2d6eddaa,,TCC,108,8245,IDIR
8772882515,8485805637,02-09-2024 00:00:00,Chargeback Raise,SBL,YJU,RR,02-09-2024 00:00:00,0:0:0,467284302274,159332,9248187970956,7660994216267,,520.74,520.74,0,0,0,0,0,0,0,0,SBL/YJU/Chargeback Raise/8485805637,RET,DRC_20240402_83.CSV,0,,0,,,,,,U2,COLLECT,9087624828431291007,9302824487693099073,,93954370939747,YJU,YJU,dbceabdbcf9c3bc9f63c1eaa,,PR2C,U010,5166,UMOB
3647801499,7053859973,02-09-2024 00:00:00,Wrong Credit Chargeback Acceptance,SBL,KVB,RB,02-09-2024 00:00:00,0:0:0,718314178632,159332,9842551276936,7047260304264,,633.10,633.10,0,0,0,0,0,0,0,0,SBL/KVB/Wrong Credit Chargeback Acceptance/7053859973,Credit Adjustment,DRC_20240402_83.CSV,0,,0,,,,,,U2,COLLECT,9089954610556981298,9328526559148661793,,93551455516384,KVB,KVB,d8e95560c17297fd7c74bacf,,DRC,U010,1528,UMOB
7771880942,2851030121,02-09-2024 00:00:00,Credit Adjustment,CNB,IDC,0,02-09-2024 00:00:00,0:0:0,130433954594,159332,9622533335112,7303393141280,,74.69,74.69,0,0,0,0,0,0,0,0,CNB/IDC/Credit Adjustment/2851030121,DRC,DRC_20240402_83.CSV,0,,0,,,,,,U2,COLLECT,9009568392664155779,9369922361987497990,,93723581047975,IDC,IDC,6a32f9cddd9e9de7dffaf8da,,TCC,501,2317,UMOB
3268389833,9733853863,02-09-2024 00:00:00,RET,SBL,PNB,RB,02-09-2024 00:00:00,0:0:0,115398996818,159332,9709884455394,7596707962352,,299.48,299.48,0,0,0,0,0,0,0,0,SBL/PNB/RET/9733853863,TCC,DRC_20240402_83.CSV,0,,0,,,,,,U2,PAY,9002483971918452034,9365093603453959267,,93266789125130,PNB,PNB,c1d9ba4a3ebef13ce4787a8d,,TCC,109,9099,UMOB
4633272388,8338096311,02-09-2024 00:00:00,Chargeback Raise,PNB,HDF,RB,02-09-2024 00:00:00,0:0:0,897026043549,159332,9835883735748,7873635601646,,212.43,212.43,0,0,0,0,0,0,0,0,PNB/HDF/Chargeback Raise/8338096311,RET,DRC_20240402_83.CSV,0,,0,,,,,,U2,COLLECT,9086072166665960906,9382409220715475736,,93872863106707,HDF,HDF,cb5e8d4a87d851ea9eb637a4,,DRC,103,0811,IDIR
9469711389,3033961230,02-09-2024 00:00:00,RET,SBL,HDF,R9,02-09-2024 00:00:00,0:0:0,266029868276,159332,9007791626907,7511187542992,,454.06,454.06,0,0,0,0,0,0,0,0,SBL/HDF/RET/3033961230,Credit Adjustment,DRC_20240402_83.CSV,0,,0,,,,,,U2,PAY,9048609104040488489,9318407759226232059,,93764550827612,HDF,HDF,3bbefaea66fdcc816059bb44,,RRC,109,5887,UMOB
8940572007,4927871330,02-09-2024 00:00:00,Refund Reversal Confirmation,ARL,YBS,0,02-09-2024 00:00:00,0:0:0,817720910302,159332,9173502678019,7505788404867,,437.38,437.38,0,0,0,0,0,0,0,0,ARL/YBS/Refund Reversal Confirmation/4927871330,RET,DRC_20240402_83.CSV,0,,0,,,,,,U2,PAY,9048753713995673380,9391257835872209989,,93982823592672,YBS,YBS,d4da0bfd03dbe8f7eda489fe,,RRC,104,3881,IDIR
3513371890,5293783145,02-09-2024 00:00:00,RET,GTI,ICI,0,02-09-2024 00:00:00,0:0:0,071830209048,159332,9902937796474,7663629908691,,783.32,783.32,0,0,0,0,0,0,0,0,GTI/ICI/RET/5293783145,RET,DRC_20240402_83.CSV,0,,0,,,,,,U2,PAY,9045955564034456809,9360753503567277717,,93258607295068,ICI,ICI,ea5ec6bbf0ce2bd4ae3b732e,,PBRB,501,0821,IDIR
7170354561,1799085141,02-09-2024 00:00:00,TCC,GTI,ICI,RR,02-09-2024 00:00:00,0:0:0,394604957408,159332,9697506448917,7684160415555,,180.62,180.62,0,0,0,0,0,0,0,0,GTI/ICI/TCC/1799085141,TCC,DRC_20240402_83.CSV,0,,0,,,,,,U2,PAY,9070381452376735386,9304924252088256921,,93467367669955,ICI,ICI,bfa568d93adafbcce3bffb33,,TCC,U010,6319,IDIR
5932153445,2627516343,02-09-2024 00:00:00,Wrong credit Representment,SBL,IOB,0,02-09-2024 00:00:00,0:0:0,273756282707,159332,9173638311792,7234844771709,,920.86,920.86,0,0,0,0,0,0,0,0,SBL/IOB/Wrong credit Representment/2627516343,DRC,DRC_20240402_83.CSV,0,,0,,,,,,U2,PAY,9082254613054424557,9394639729376158672,,93926931477355,IOB,IOB,efcb1abc8cf5fa6cacac75f6,,TCC,102,2979,UMOB
7361930868,2123826677,02-09-2024 00:00:00,Credit Adjustment,SBL,UCO,RR,02-09-2024 00:00:00,0:0:0,636200193854,159332,9361492016193,7156953012213,,327.50,327.50,0,0,0,0,0,0,0,0,SBL/UCO/Credit Adjustment/2123826677,TCC,DRC_20240402_83.CSV,0,,0,,,,,,U2,PAY,9037606872185324872,9326246218137226990,,93586259339474,UCO,UCO,e9ccbb8c5b846ffccfc44e12,,RRC,109,1612,UMOB
4929816111,8315531670,02-09-2024 00:00:00,Complaint Raise,SBL,BDN,0,02-09-2024 00:00:00,0:0:0,032605970155,159332,9661767310659,7779436917603,,714.38,714.38,0,0,0,0,0,0,0,0,SBL/BDN/Complaint Raise/8315531670,DRC,DRC_20240402_83.CSV,0,,0,,,,,,U2,PAY,9068790175847434366,9307602823923132405,,93375773927300,BDN,BDN,7e0cddf0eb2c8faad6edfccb,,PBRB,U008,6987,IDIR
0646216535,4792900321,02-09-2024 00:00:00,Wrong Credit Chargeback Acceptance,IIB,IDB,RB,02-09-2024 00:00:00,0:0:0,029351062231,159332,9544688700275,7234116988571,,971.22,971.22,0,0,0,0,0,0,0,0,IIB/IDB/Wrong Credit Chargeback Acceptance/4792900321,UPI,DRC_20240402_83.CSV,0,,0,,,,,,U2,PAY,9001129604340329082,9377678781631401195,,93853305480436,IDB,IDB,c17c7e7a53f08eabeb8bba07,,TCC,108,2528,IDIR
8329014035,9508739049,02-09-2024 00:00:00,Fraud Chargeback Representment,SBL,IDB,RB,02-09-2024 00:00:00,0:0:0,050971316384,159332,9581860121442,7635543172032,,463.81,463.81,0,0,0,0,0,0,0,0,SBL/IDB/Fraud Chargeback Representment/9508739049,DRC,DRC_20240402_83.CSV,0,,0,,,,,,U2,COLLECT,9018274833872758003,9356581479056110693,,93619680337973,IDB,IDB,fac57fabb7e8c790bbcdc4bb,,RRC,109,3121,IDIR
8169122629,4433412363,02-09-2024 00:00:00,Complaint Raise,SBL,BOB,RR,02-09-2024 00:00:00,0:0:0,715874992323,159332,9202270693900,7499850484196,,540.78,540.78,0,0,0,0,0,0,0,0,SBL/BOB/Complaint Raise/4433412363,DRC,DRC_20240402_83.CSV,0,,0,,,,,,U2,PAY,9034485942321368682,9372938295628681963,,93617570466587,BOB,BOB,a4ef01cbe359b6d98e0ccccc,,DRC,104,2623,IDIR
1764751085,1718627935,02-09-2024 00:00:00,Re-presentment Raise,SBL,KTP,R9,02-09-2024 00:00:00,0:0:0,486935067313,159332,9702762839700,7931590260873,,216.85,216.85,0,0,0,0,0,0,0,0,SBL/KTP/Re-presentment Raise/1718627935,RET,DRC_20240402_83.CSV,0,,0,,,,,,U2,COLLECT,9029704422144532563,9348552296349295108,,93435188282997,KTP,KTP,fcc8fabfa41db1bd22bb1ede,,RRC,104,3553,UMOB
6475896722,5985119505,02-09-2024 00:00:00,Wrong credit Representment,SBL,YJU,RB,02-09-2024 00:00:00,0:0:0,821295065616,159332,9195658115788,7196193421478,,174.62,174.62,0,0,0,0,0,0,0,0,SBL/YJU/Wrong credit Representment/5985119505,Credit Adjustment,DRC_20240402_83.CSV,0,,0,,,,,,U2,COLLECT,9035406960625112596,9372929478991074356,,93074536780813,YJU,YJU,60f3cbddabf8cfb14cb61cfc,,PBRB,501,7807,IDIR
2491955382,8453547160,02-09-2024 00:00:00,Wrong credit Representment,AXB,SIB,0,02-09-2024 00:00:00,0:0:0,574611280986,159332,9773644203738,7065327636444,,478.58,478.58,0,0,0,0,0,0,0,0,AXB/SIB/Wrong credit Representment/8453547160,RET,DRC_20240402_83.CSV,0,,0,,,,,,U2,COLLECT,9044238171731500117,9303872493204277361,,93280048818363,SIB,SIB,4430cec8b6eabf7f0d3eda93,,DRC,103,0261,UMOB
7356324055,7799272925,02-09-2024 00:00:00,Chargeback Raise,SBL,KMB,R9,02-09-2024 00:00:00,0:0:0,925184542208,159332,9149218524266,7725636412150,,732.28,732.28,0,0,0,0,0,0,0,0,SBL/KMB/Chargeback Raise/7799272925,UPI,DRC_20240402_83.CSV,0,,0,,,,,,U2,COLLECT,9093770384222900044,9353390463848895495,,93670168051024,KMB,KMB,a8d4d2ac65cf3351c8877f7b,,PBRB,108,6549,IDIR
3990844564,9123916679,02-09-2024 00:00:00,Debit Reversal Confirmation,SBL,SBI,RB,02-09-2024 00:00:00,0:0:0,811611859092,159332,9008854992776,7229257921737,,387.79,387.79,0,0,0,0,0,0,0,0,SBL/SBI/Debit Reversal Confirmation/9123916679,TCC,DRC_20240402_83.CSV,0,,0,,,,,,U2,PAY,9067823463117216151,9342722985462498226,,93420796571395,SBI,SBI,ef236f3de5ba51ba0571f408,,PBRB,104,9397,UMOB
3091809031,0388055098,02-09-2024 00:00:00,Response to Complaint,SBL,KTP,0,02-09-2024 00:00:00,0:0:0,418919842139,159332,9196542195304,7287303597292,,262.25,262.25,0,0,0,0,0,0,0,0,SBL/KTP/Response to Complaint/0388055098,RET,DRC_20240402_83.CSV,0,,0,,,,,,U2,PAY,9016144415733807244,9313248302118538451,,93197744757489,KTP,KTP,79cc2e027c45bcd6c4daccc1,,PBRB,108,3980,IDIR
1223992325,7961209092,02-09-2024 00:00:00,Re-presentment Raise,YJU,FBL,0,02-09-2024 00:00:00,0:0:0,787917911737,159332,9438619094891,7478654183904,,77.57,77.57,0,0,0,0,0,0,0,0,YJU/FBL/Re-presentment Raise/7961209092,DRC,DRC_20240402_83.CSV,0,,0,,,,,,U2,PAY,9092112988499612783,9363211753643384020,,93586319099172,FBL,FBL,f21bee43efbcf53d1eadb3ca,,RRC,104,6156,UMOB
6045064329,9079473545,02-09-2024 00:00:00,Debit Reversal Confirmation,SBL,UCO,RR,02-09-2024 00:00:00,0:0:0,787599074041,159332,9121419282320,7457683028168,,964.88,964.88,0,0,0,0,0,0,0,0,SBL/UCO/Debit Reversal Confirmation/9079473545,TCC,DRC_20240402_83.CSV,0,,0,,,,,,U2,PAY,9066760929691207543,9354479963385018800,,93489960875173,UCO,UCO,cdc7dabbe7b56c538f24eb4d,,PR2C,U010,1931,IDIR
1283570571,9914251743,02-09-2024 00:00:00,Wrong credit Representment,ICI,BDN,R9,02-09-2024 00:00:00,0:0:0,219838730426,159332,9030709419181,7219669196601,,204.78,204.78,0,0,0,0,0,0,0,0,ICI/BDN/Wrong credit Representment/9914251743,TCC,DRC_20240402_83.CSV,0,,0,,,,,,U2,PAY,9044118202993689719,9364565083599076513,,93103315430888,BDN,BDN,2e3dfde2f13b0dfc2e1ef4ca,,TCC,501,1573,IDIR
9316929341,7315547306,02-09-2024 00:00:00,Debit Reversal Confirmation,SBL,CBI,R9,02-09-2024 00:00:00,0:0:0,228116140855,159332,9038097327211,7875352739104,,433.77,433.77,0,0,0,0,0,0,0,0,SBL/CBI/Debit Reversal Confirmation/7315547306,RET,DRC_20240402_83.CSV,0,,0,,,,,,U2,COLLECT,9054598626335666050,9353957284459148304,,93105403686477,CBI,CBI,3bf7a3e8a51240aeb74fcad2,,PBRB,501,2771,IDIR
9057744165,9908184411,02-09-2024 00:00:00,Chargeback Acceptance,INB,CNB,RB,02-09-2024 00:00:00,0:0:0,751947992120,159332,9309446333228,7956398120373,,544.51,544.51,0,0,0,0,0,0,0,0,INB/CNB/Chargeback Acceptance/9908184411,UPI,DRC_20240402_83.CSV,0,,0,,,,,,U2,PAY,9041733401013985059,9338536802465317494,,93254122492815,CNB,CNB,eacedbe8520a3a64cfaa24c4,,PBRB,104,5670,IDIR
4124459847,9577197905,02-09-2024 00:00:00,TCC,SBL,UCO,0,02-09-2024 00:00:00,0:0:0,038008198204,159332,9201302507023,7365747476035,,298.10,298.10,0,0,0,0,0,0,0,0,SBL/UCO/TCC/9577197905,RET,DRC_20240402_83.CSV,0,,0,,,,,,U2,PAY,9076618726145215385,9367759721157784033,,93960729610421,UCO,UCO,35ab987bbdc5ccccaca78e0e,,TCC,103,7627,IDIR
3053474459,3775616522,02-09-2024 00:00:00,Re-presentment Raise,GTI,AXB,RB,02-09-2024 00:00:00,0:0:0,425342200744,159332,9799173213101,7174776325574,,746.79,746.79,0,0,0,0,0,0,0,0,GTI/AXB/Re-presentment Raise/3775616522,TCC,DRC_20240402_83.CSV,0,,0,,,,,,U2,PAY,9059212772346442697,9339624413999204103,,93717633163506,AXB,AXB,a50a079dae24faf7b651afab,,DRC,109,5824,UMOB
7352994339,8286974182,02-09-2024 00:00:00,Differed Chargeback Raise,SBL,SIB,R9,02-09-2024 00:00:00,0:0:0,463434913336,159332,9124945491277,7019889515754,,118.15,118.15,0,0,0,0,0,0,0,0,SBL/SIB/Differed Chargeback Raise/8286974182,UPI,DRC_20240402_83.CSV,0,,0,,,,,,U2,PAY,9039797644939178468,9338421587500460395,,93098236934778,SIB,SIB,7cd829bbf22bb54fc3326bba,,DRC,102,8821,IDIR
5628076844,2614915028,02-09-2024 00:00:00,Wrong credit Representment,SBL,IDB,RB,02-09-2024 00:00:00,0:0:0,743279451811,159332,9681328253485,7579209792027,,100.20,100.20,0,0,0,0,0,0,0,0,SBL/IDB/Wrong credit Representment/2614915028,UPI,DRC_20240402_83.CSV,0,,0,,,,,,U2,COLLECT,9092741159480022718,9397975856664590845,,93527339746279,IDB,IDB,4ca9ddecb52caaf5eac0dcb7,,PR2C,108,4980,IDIR
2361690695,6074424216,02-09-2024 00:00:00,Online Refund,SBL,IOB,RB,02-09-2024 00:00:00,0:0:0,562018859355,159332,9197194485581,7380241585204,,511.06,511.06,0,0,0,0,0,0,0,0,SBL/IOB/Online Refund/6074424216,RET,DRC_20240402_83.CSV,0,,0,,,,,,U2,PAY,9034498385516532622,9389349304917892022,,93942427665017,IOB,IOB,f10d13fffec03fb1c4aad6b5,,RRC,501,5079,IDIR
0983039551,5464683245,02-09-2024 00:00:00,Refund Reversal Confirmation,SBL,YES,R9,02-09-2024 00:00:00,0:0:0,353435520443,159332,9465959729822,7470824227047,,590.36,590.36,0,0,0,0,0,0,0,0,SBL/YES/Refund Reversal Confirmation/5464683245,DRC,DRC_20240402_83.CSV,0,,0,,,,,,U2,PAY,9033322539100940807,9324911035262436633,,93821025284741,YES,YES,aaf3c64dba065e3551f9d5b8,,RRC,U010,2711,UMOB
0609269700,9251859533,02-09-2024 00:00:00,Debit Reversal Confirmation,SBL,SBI,RR,02-09-2024 00:00:00,0:0:0,576050006694,159332,9312666241443,7992835146311,,377.58,377.58,0,0,0,0,0,0,0,0,SBL/SBI/Debit Reversal Confirmation/9251859533,RET,DRC_20240402_83.CSV,0,,0,,,,,,U2,PAY,9063676748002654533,9392529556037251153,,93168870977276,SBI,SBI,3e8da34a1dbdf2ebeed8bdde,,RRC,U010,8400,UMOB
2353047262,0800210066,02-09-2024 00:00:00,TCC,SBL,INB,RB,02-09-2024 00:00:00,0:0:0,594913426321,159332,9508833225371,7517018836845,,769.35,769.35,0,0,0,0,0,0,0,0,SBL/INB/TCC/0800210066,TCC,DRC_20240402_83.CSV,0,,0,,,,,,U2,COLLECT,9030464211715332614,9342618527250924237,,93844826776148,INB,INB,db17ea4ae768b57a668cd5da,,PR2C,104,4337,IDIR
3537946320,9904821653,02-09-2024 00:00:00,Chargeback Acceptance,SBL,BOI,R9,02-09-2024 00:00:00,0:0:0,369863493419,159332,9386075688484,7780907143873,,798.27,798.27,0,0,0,0,0,0,0,0,SBL/BOI/Chargeback Acceptance/9904821653,Credit Adjustment,DRC_20240402_83.CSV,0,,0,,,,,,U2,PAY,9087649998745314060,9360319879677249965,,93314052440896,BOI,BOI,8da3aaac37b7631aaed93d65,,DRC,104,2131,IDIR
6159310068,4828577714,02-09-2024 00:00:00,Chargeback Acceptance,SBL,KMB,0,02-09-2024 00:00:00,0:0:0,124379852655,159332,9017988615035,7659918287985,,498.58,498.58,0,0,0,0,0,0,0,0,SBL/KMB/Chargeback Acceptance/4828577714,TCC,DRC_20240402_83.CSV,0,,0,,,,,,U2,PAY,9071615502399089509,9338955483841904831,,93895024171329,KMB,KMB,bbeefdea1dae701bb53fd3ce,,TCC,501,5831,IDIR
1433582069,4403248934,02-09-2024 00:00:00,Fraud Chargeback Raise,SBL,YJU,RR,02-09-2024 00:00:00,0:0:0,434624051668,159332,9171539696637,7409476622997,,102.58,102.58,0,0,0,0,0,0,0,0,SBL/YJU/Fraud Chargeback Raise/4403248934,Credit Adjustment,DRC_20240402_83.CSV,0,,0,,,,,,U2,PAY,9055303420911320163,9356640643618522849,,93587649296258,YJU,YJU,a9ac867ddcb1fa6dcbeb8bd2,,RRC,501,2648,IDIR
5964507361,4558332990,02-09-2024 00:00:00,Re-presentment Raise,SBL,APP,R9,02-09-2024 00:00:00,0:0:0,747011514336,159332,9202830642325,7133197711862,,631.91,631.91,0,0,0,0,0,0,0,0,SBL/APP/Re-presentment Raise/4558332990,DRC,DRC_20240402_83.CSV,0,,0,,,,,,U2,PAY,9071187564504969569,9316124032684768797,,93622989573013,APP,APP,eeb0bfe4bbcb103bbeceb1c7,,DRC,U008,5383,IDIR
5871612469,9966675898,02-09-2024 00:00:00,Differed Re-presentment Raise,SBL,UCO,0,02-09-2024 00:00:00,0:0:0,960913364166,159332,9401033604644,7351148273258,,489.21,489.21,0,0,0,0,0,0,0,0,SBL/UCO/Differed Re-presentment Raise/9966675898,DRC,DRC_20240402_83.CSV,0,,0,,,,,,U2,PAY,9039849681547893188,9399874453524515040,,93997959724999,UCO,UCO,faedaf89aac569d1c40cc3b8,,RRC,109,1235,UMOB
5986053542,8493155278,02-09-2024 00:00:00,RET,SBL,GTI,RB,02-09-2024 00:00:00,0:0:0,217078824811,159332,9274892931951,7914271278458,,875.39,875.39,0,0,0,0,0,0,0,0,SBL/GTI/RET/8493155278,TCC,DRC_20240402_83.CSV,0,,0,,,,,,U2,PAY,9019038976829987941,9337169774098268503,,93803387549121,GTI,GTI,ca9ebdc9e148d1d0adc3208f,,RRC,102,8645,UMOB
7056908858,6737559346,02-09-2024 00:00:00,Fraud Chargeback Raise,SBL,CNB,RB,02-09-2024 00:00:00,0:0:0,663067172639,159332,9438480923095,7003423464719,,11.51,11.51,0,0,0,0,0,0,0,0,SBL/CNB/Fraud Chargeback Raise/6737559346,RET,DRC_20240402_83.CSV,0,,0,,,,,,U2,PAY,9090169004849116040,9393026062322723415,,93646294751214,CNB,CNB,f0babcedf47f894e2bc2ddaa,,PBRB,U008,4362,UMOB
0910540509,4384994873,02-09-2024 00:00:00,Wrong Credit Chargeback Acceptance,SBL,IPB,R9,02-09-2024 00:00:00,0:0:0,065216287470,159332,9562585469707,7661347717904,,593.52,593.52,0,0,0,0,0,0,0,0,SBL/IPB/Wrong Credit Chargeback Acceptance/4384994873,RET,DRC_20240402_83.CSV,0,,0,,,,,,U2,PAY,9048088366176311177,9389818360834467013,,93660316890654,IPB,IPB,7ebd871eaa551aafcae7f9aa,,RRC,104,2924,UMOB
5156338162,1306885577,02-09-2024 00:00:00,Differed Re-presentment Raise,SBL,SBI,0,02-09-2024 00:00:00,0:0:0,086097719841,159332,9360246503629,7920765942380,,530.51,530.51,0,0,0,0,0,0,0,0,SBL/SBI/Differed Re-presentment Raise/1306885577,RET,DRC_20240402_83.CSV,0,,0,,,,,,U2,COLLECT,9073514461960988127,9318487194958487535,,93994366830989,SBI,SBI,eff1f7e2bfac7b2d4e977cce,,TCC,U008,2071,IDIR
4528602362,8690935139,02-09-2024 00:00:00,Response to Complaint,SBL,SBI,0,02-09-2024 00:00:00,0:0:0,443394342303,159332,9063575391134,7967259871644,,810.45,810.45,0,0,0,0,0,0,0,0,SBL/SBI/Response to Complaint/8690935139,RET,DRC_20240402_83.CSV,0,,0,,,,,,U2,PAY,9063825123461405794,9302162357062645711,,93779627054752,SBI,SBI,ac9dcacd4fba0ebe3fd7c8de,,PR2C,108,4355,IDIR
1379242297,9165888158,02-09-2024 00:00:00,RET,SBL,AXB,R9,02-09-2024 00:00:00,0:0:0,690438188758,159332,9281980870131,7552130984307,,559.42,559.42,0,0,0,0,0,0,0,0,SBL/AXB/RET/9165888158,UPI,DRC_20240402_83.CSV,0,,0,,,,,,U2,PAY,9038218202029340091,9347293787071336489,,93082592516852,AXB,AXB,6e8d8b9fd43661ad027ed1b7,,TCC,102,2178,IDIR
0477931116,9713251983,02-09-2024 00:00:00,Fraud Chargeback Raise,AXB,BOM,RB,02-09-2024 00:00:00,0:0:0,916061736879,159332,9076747836465,7814271905329,,349.54,349.54,0,0,0,0,0,0,0,0,AXB/BOM/Fraud Chargeback Raise/9713251983,TCC,DRC_20240402_83.CSV,0,,0,,,,,,U2,COLLECT,9061647064041475151,9333961664413398702,,93294786034014,BOM,BOM,b196cdaadffbc0e95bedf98f,,DRC,U010,7851,UMOB
9107581555,4701292132,02-09-2024 00:00:00,Credit Adjustment,CNB,KMB,RB,02-09-2024 00:00:00,0:0:0,155974631000,159332,9950217040305,7603825235971,,351.56,351.56,0,0,0,0,0,0,0,0,CNB/KMB/Credit Adjustment/4701292132,Credit Adjustment,DRC_20240402_83.CSV,0,,0,,,,,,U2,PAY,9086622368102146364,9362696393641241364,,93510025638799,KMB,KMB,59c7067c9c983f0d14efef3f,,DRC,U010,7275,UMOB
9755515117,8904921857,02-09-2024 00:00:00,Fraud Chargeback Raise,INB,PNB,RB,02-09-2024 00:00:00,0:0:0,133326507577,159332,9901612821067,7566180792594,,809.74,809.74,0,0,0,0,0,0,0,0,INB/PNB/Fraud Chargeback Raise/8904921857,RET,DRC_20240402_83.CSV,0,,0,,,,,,U2,PAY,9065541661928467214,9356341439053394567,,93332185338721,PNB,PNB,3c8b30b2ebecbeb8cccccded,,PBRB,108,1564,IDIR
7641870075,9252554921,02-09-2024 00:00:00,Re-presentment Raise,SBL,FBL,R9,02-09-2024 00:00:00,0:0:0,008693568367,159332,9001501423429,7159413660713,,368.17,368.17,0,0,0,0,0,0,0,0,SBL/FBL/Re-presentment Raise/9252554921,RET,DRC_20240402_83.CSV,0,,0,,,,,,U2,PAY,9023676861862743441,9345061830134850678,,93794360571761,FBL,FBL,9b2a8bce407c23bd626cbe2b,,RRC,103,7087,UMOB
8216807081,9120580635,02-09-2024 00:00:00,Fraud Chargeback Raise,YBS,HDF,RB,02-09-2024 00:00:00,0:0:0,244734032692,159332,9482697755551,7848494798569,,818.42,818.42,0,0,0,0,0,0,0,0,YBS/HDF/Fraud Chargeback Raise/9120580635,Credit Adjustment,DRC_20240402_83.CSV,0,,0,,,,,,U2,PAY,9006742408204095300,9303566957035932853,,93119272625216,HDF,HDF,eeae12d561caccbb88f345c1,,RRC,501,7081,IDIR
7228995739,2956746212,02-09-2024 00:00:00,Re-presentment Raise,HDF,IDC,RR,02-09-2024 00:00:00,0:0:0,783021625580,159332,9367777404026,7161995639774,,512.94,512.94,0,0,0,0,0,0,0,0,HDF/IDC/Re-presentment Raise/2956746212,DRC,DRC_20240402_83.CSV,0,,0,,,,,,U2,PAY,9066104406052235896,9338211991449142795,,93284062700479,IDC,IDC,77fb0ec76ce8a66fce4d77fb,,PR2C,109,5782,UMOB
5689547715,9786957563,02-09-2024 00:00:00,Wrong Credit Chargeback Acceptance,SBL,BOB,RB,02-09-2024 00:00:00,0:0:0,956566199743,159332,9049151581036,7581724749456,,114.42,114.42,0,0,0,0,0,0,0,0,SBL/BOB/Wrong Credit Chargeback Acceptance/9786957563,Credit Adjustment,DRC_20240402_83.CSV,0,,0,,,,,,U2,COLLECT,9071557175082577284,9301936121496541516,,93247357059162,BOB,BOB,b3cbdd3b9b68d5ca0c7a0b6a,,RRC,102,4195,IDIR
7817653874,7384467619,02-09-2024 00:00:00,Differed Chargeback Raise,SBL,CNB,R9,02-09-2024 00:00:00,0:0:0,103740089566,159332,9177906427872,7124906726885,,108.53,108.53,0,0,0,0,0,0,0,0,SBL/CNB/Differed Chargeback Raise/7384467619,DRC,DRC_20240402_83.CSV,0,,0,,,,,,U2,PAY,9042377115961240085,9398503334192063925,,93111418063563,CNB,CNB,96b0a3a7ed5be8b431344829,,PR2C,501,6175,UMOB
4043586604,5599626377,02-09-2024 00:00:00,Credit Adjustment,SBL,IIB,RR,02-09-2024 00:00:00,0:0:0,354703202863,159332,9264166938678,7131499552285,,992.56,992.56,0,0,0,0,0,0,0,0,SBL/IIB/Credit Adjustment/5599626377,TCC,DRC_20240402_83.CSV,0,,0,,,,,,U2,PAY,9010049798878761693,9307629001598817823,,93651438172836,IIB,IIB,7ae3bc7712dbccc656be3be9,,PR2C,109,6664,UMOB
3472197269,3064207729,02-09-2024 00:00:00,Complaint Raise,SBL,BDN,RR,02-09-2024 00:00:00,0:0:0,409697308213,159332,9971351416828,7647170942435,,915.74,915.74,0,0,0,0,0,0,0,0,SBL/BDN/Complaint Raise/3064207729,UPI,DRC_20240402_83.CSV,0,,0,,,,,,U2,COLLECT,9041658184167926066,9358735981171814036,,93468083872096,BDN,BDN,6d122ed2e79c4f3a0b909a2d,,PR2C,108,2079,IDIR
3637181318,4644427521,02-09-2024 00:00:00,Wrong credit Representment,PNB,BOB,RR,02-09-2024 00:00:00,0:0:0,705226261718,159332,9645115794177,7060418563525,,426.14,426.14,0,0,0,0,0,0,0,0,PNB/BOB/Wrong credit Representment/4644427521,UPI,DRC_20240402_83.CSV,0,,0,,,,,,U2,PAY,9002310997671428637,9307608378157090904,,93319970574507,BOB,BOB,fadfb71c948ace333e342eb4,,TCC,103,4635,IDIR
4678313454,3948775604,02-09-2024 00:00:00,Debit Reversal Confirmation,SBL,AXB,0,02-09-2024 00:00:00,0:0:0,787622428531,159332,9692040034892,7267264970686,,779.61,779.61,0,0,0,0,0,0,0,0,SBL/AXB/Debit Reversal Confirmation/3948775604,TCC,DRC_20240402_83.CSV,0,,0,,,,,,U2,PAY,9009770127654470323,9356495653149597483,,93026521724112,AXB,AXB,e3909bde9ed3e61c24e8db0e,,PR2C,104,4770,UMOB
1455155828,9508656330,02-09-2024 00:00:00,TCC,SBL,CNB,0,02-09-2024 00:00:00,0:0:0,617386337970,159332,9924317455777,7031144534270,,707.34,707.34,0,0,0,0,0,0,0,0,SBL/CNB/TCC/9508656330,UPI,DRC_20240402_83.CSV,0,,0,,,,,,U2,PAY,9061225378797218808,9305274832363965141,,93091369438250,CNB,CNB,480d8c85e6de6cf77b62f899,,RRC,102,7778,IDIR
9812145601,8693107691,02-09-2024 00:00:00,Chargeback Raise,SBL,YBS,R9,02-09-2024 00:00:00,0:0:0,514266126461,159332,9684213214699,7565301481883,,451.65,451.65,0,0,0,0,0,0,0,0,SBL/YBS/Chargeback Raise/8693107691,UPI,DRC_20240402_83.CSV,0,,0,,,,,,U2,PAY,9071904616921309757,9360347413734908518,,93256442413343,YBS,YBS,9e2dcdadbae7daefa9bfb85e,,RRC,U010,8225,IDIR
4922499980,7037401842,02-09-2024 00:00:00,Response to Complaint,SBL,UOB,R9,02-09-2024 00:00:00,0:0:0,135334653315,159332,9779849989102,7404821007274,,167.02,167.02,0,0,0,0,0,0,0,0,SBL/UOB/Response to Complaint/7037401842,TCC,DRC_20240402_83.CSV,0,,0,,,,,,U2,PAY,9004590160499990018,9372721306961947270,,93593712009889,UOB,UOB,9f8dc71afb83b4ea6a7bca0b,,PBRB,102,0780,UMOB
0241433195,9389852105,02-09-2024 00:00:00,Fraud Chargeback Raise,SBL,YJU,RB,02-09-2024 00:00:00,0:0:0,110494288837,159332,9712895232078,7030023413739,,261.57,261.57,0,0,0,0,0,0,0,0,SBL/YJU/Fraud Chargeback Raise/9389852105,RET,DRC_20240402_83.CSV,0,,0,,,,,,U2,PAY,9061226253043806705,9399173989333877746,,93608571693859,YJU,YJU,fd2f3a1feb5cb324aecfefc8,,RRC,102,0127,UMOB
2950237007,0526089793,02-09-2024 00:00:00,Re-presentment Raise,APP,AXB,0,02-09-2024 00:00:00,0:0:0,075314784851,159332,9027693044321,7774753824137,,28.43,28.43,0,0,0,0,0,0,0,0,APP/AXB/Re-presentment Raise/0526089793,TCC,DRC_20240402_83.CSV,0,,0,,,,,,U2,PAY,9010131826692756858,9349539411353284427,,93204946083164,AXB,AXB,8a85dbdacbfdf88ab9e78fc5,,DRC,U010,9020,UMOB
2631819907,8046351204,02-09-2024 00:00:00,Differed Re-presentment Raise,IIB,PNB,R9,02-09-2024 00:00:00,0:0:0,535850947576,159332,9337056876828,7640220390302,,115.22,115.22,0,0,0,0,0,0,0,0,IIB/PNB/Differed Re-presentment Raise/8046351204,UPI,DRC_20240402_83.CSV,0,,0,,,,,,U2,PAY,9039573393028805342,9341141779114992362,,93785527303066,PNB,PNB,beb6e451e7d4d0fb94e9a0ba,,PR2C,U010,0095,IDIR
1157857291,9153258333,02-09-2024 00:00:00,Wrong Credit Chargeback Acceptance,SBL,BOM,RR,02-09-2024 00:00:00,0:0:0,077577265345,159332,9833707935059,7934237908976,,971.09,971.09,0,0,0,0,0,0,0,0,SBL/BOM/Wrong Credit Chargeback Acceptance/9153258333,TCC,DRC_20240402_83.CSV,0,,0,,,,,,U2,PAY,9084199798788000974,9336558599058368130,,93040551598906,BOM,BOM,0e4f4e0c727eceedeeac6f19,,RRC,108,5363,UMOB
6030160724,8078920504,02-09-2024 00:00:00,Differed Chargeback Raise,SBL,KMB,R9,02-09-2024 00:00:00,0:0:0,617532939885,159332,9638233773524,7368289959311,,942.79,942.79,0,0,0,0,0,0,0,0,SBL/KMB/Differed Chargeback Raise/8078920504,DRC,DRC_20240402_83.CSV,0,,0,,,,,,U2,COLLECT,9017782457875136845,9304656628024678862,,93625607639202,KMB,KMB,09b3ea84cb6c02141bf362c8,,TCC,501,4876,IDIR
7234305566,3006936045,02-09-2024 00:00:00,Debit Reversal Confirmation,SBL,KTP,R9,02-09-2024 00:00:00,0:0:0,425100770100,159332,9372026713226,7051380991311,,938.44,938.44,0,0,0,0,0,0,0,0,SBL/KTP/Debit Reversal Confirmation/3006936045,DRC,DRC_20240402_83.CSV,0,,0,,,,,,U2,PAY,9005749599101745162,9372712771447732735,,93069254543989,KTP,KTP,b92a83ec125bed57cdd272e5,,TCC,109,8519,UMOB
1558357564,5897572831,02-09-2024 00:00:00,TCC,SBL,MBK,RR,02-09-2024 00:00:00,0:0:0,765769235879,159332,9211449436069,7825787231283,,258.42,258.42,0,0,0,0,0,0,0,0,SBL/MBK/TCC/5897572831,TCC,DRC_20240402_83.CSV,0,,0,,,,,,U2,PAY,9041072789785409360,9367830382407124551,,93104517096245,MBK,MBK,e6f4da0fa6de0d2dc4ae23eb,,PBRB,109,2933,IDIR
8144360539,4947883263,02-09-2024 00:00:00,Wrong Credit Chargeback Acceptance,SBL,KMB,R9,02-09-2024 00:00:00,0:0:0,779981717135,159332,9851819591555,7534662656053,,632.20,632.20,0,0,0,0,0,0,0,0,SBL/KMB/Wrong Credit Chargeback Acceptance/4947883263,Credit Adjustment,DRC_20240402_83.CSV,0,,0,,,,,,U2,PAY,9055251185032921161,9393012982220585177,,93917515904912,KMB,KMB,6ab9a40f014246b8b3d045f4,,TCC,501,6177,IDIR
5989275485,5598755951,02-09-2024 00:00:00,Fraud Chargeback Raise,SBL,BOM,R9,02-09-2024 00:00:00,0:0:0,494313031767,159332,9401413077576,7572737099511,,202.41,202.41,0,0,0,0,0,0,0,0,SBL/BOM/Fraud Chargeback Raise/5598755951,TCC,DRC_20240402_83.CSV,0,,0,,,,,,U2,PAY,9079076707337381099,9308129035961861372,,93773126224142,BOM,BOM,bc04f9e734c619a5246ebce5,,PR2C,103,4324,UMOB
3733163408,5617323516,02-09-2024 00:00:00,RET,UOB,KMB,R9,02-09-2024 00:00:00,0:0:0,817546696427,159332,9443074242750,7584920109557,,469.99,469.99,0,0,0,0,0,0,0,0,UOB/KMB/RET/5617323516,Credit Adjustment,DRC_20240402_83.CSV,0,,0,,,,,,U2,COLLECT,9023115490830538498,9300615064537670884,,93112062103298,KMB,KMB,bc6df6ca341d9cb7daa838ed,,TCC,U010,4867,IDIR
0306233186,8814601661,02-09-2024 00:00:00,Re-presentment Raise,BOB,KTP,0,02-09-2024 00:00:00,0:0:0,217399982688,159332,9474096877975,7067620172334,,800.69,800.69,0,0,0,0,0,0,0,0,BOB/KTP/Re-presentment Raise/8814601661,TCC,DRC_20240402_83.CSV,0,,0,,,,,,U2,PAY,9041118692603826569,9383802750429605143,,93619859920377,KTP,KTP,98ca93bcec2f0021ddcab6ba,,RRC,U008,9224,IDIR
4759818073,7664884941,02-09-2024 00:00:00,Wrong Credit Chargeback Acceptance,IPB,BOM,R9,02-09-2024 00:00:00,0:0:0,654085763565,159332,9320935784337,7303931268379,,539.34,539.34,0,0,0,0,0,0,0,0,IPB/BOM/Wrong Credit Chargeback Acceptance/7664884941,DRC,DRC_20240402_83.CSV,0,,0,,,,,,U2,PAY,9060478503467589679,9316603700541606141,,93148152569127,BOM,BOM,2dda0408c89058d2267e4c5b,,TCC,501,3991,IDIR
4596711250,2061716871,02-09-2024 00:00:00,Differed Re-presentment Raise,SBL,UCO,RB,02-09-2024 00:00:00,0:0:0,658456433575,159332,9438180031222,7567893764653,,655.09,655.09,0,0,0,0,0,0,0,0,SBL/UCO/Differed Re-presentment Raise/2061716871,TCC,DRC_20240402_83.CSV,0,,0,,,,,,U2,PAY,9058310704546674149,9326655239977722382,,93623235448594,UCO,UCO,fdcc759acecd918e02aed0de,,TCC,501,5488,UMOB
4718375895,5811783399,02-09-2024 00:00:00,Wrong Credit Chargeback Raise,CNB,APP,R9,02-09-2024 00:00:00,0:0:0,646963552305,159332,9393061970405,7182116335436,,411.56,411.56,0,0,0,0,0,0,0,0,CNB/APP/Wrong Credit Chargeback Raise/5811783399,RET,DRC_20240402_83.CSV,0,,0,,,,,,U2,PAY,9051696926352015671,9351278879877570281,,93945404133386,APP,APP,23c3af9ade4c93cbc11cc0bd,,DRC,103,8865,UMOB
0265372338,2613245659,02-09-2024 00:00:00,Response to Complaint,ICI,UOB,RB,02-09-2024 00:00:00,0:0:0,786299258244,159332,9682469633328,7622139219896,,562.11,562.11,0,0,0,0,0,0,0,0,ICI/UOB/Response to Complaint/2613245659,DRC,DRC_20240402_83.CSV,0,,0,,,,,,U2,COLLECT,9052155371235758557,9317984179981979719,,93748531542225,UOB,UOB,e5aafcee9be642113c050beb,,TCC,U008,4878,IDIR
8375114674,0395456869,02-09-2024 00:00:00,Online Refund,SBL,KTP,0,02-09-2024 00:00:00,0:0:0,253676071076,159332,9801609494427,7699246543751,,660.30,660.30,0,0,0,0,0,0,0,0,SBL/KTP/Online Refund/0395456869,Credit Adjustment,DRC_20240402_83.CSV,0,,0,,,,,,U2,PAY,9036154058192101269,9346746208255600343,,93688964666526,KTP,KTP,cf89b5c441cafb1b9acce2bf,,PR2C,102,8410,UMOB
3030313482,3956261575,02-09-2024 00:00:00,TCC,SBL,ARL,R9,02-09-2024 00:00:00,0:0:0,133775934035,159332,9064749963046,7171565355580,,621.88,621.88,0,0,0,0,0,0,0,0,SBL/ARL/TCC/3956261575,Credit Adjustment,DRC_20240402_83.CSV,0,,0,,,,,,U2,PAY,9038501757215810572,9390193341874111786,,93172708188586,ARL,ARL,cafa1d007fdbbd20cbc83bc1,,DRC,108,5930,UMOB
4527118177,1824054656,02-09-2024 00:00:00,Chargeback Acceptance,SBL,APP,RR,02-09-2024 00:00:00,0:0:0,097826040185,159332,9284123775788,7765724283018,,503.03,503.03,0,0,0,0,0,0,0,0,SBL/APP/Chargeback Acceptance/1824054656,RET,DRC_20240402_83.CSV,0,,0,,,,,,U2,PAY,9082400791178773578,9370995022732739445,,93582667189723,APP,APP,76fcb6f5f8f32da5bfd8a03c,,RRC,501,8913,UMOB
8324026856,7127303565,02-09-2024 00:00:00,TCC,SBL,KMB,RB,02-09-2024 00:00:00,0:0:0,711258102332,159332,9251313136592,7520069293068,,980.60,980.60,0,0,0,0,0,0,0,0,SBL/KMB/TCC/7127303565,TCC,DRC_20240402_83.CSV,0,,0,,,,,,U2,PAY,9033434815971893464,9367125930476970772,,93656889133627,KMB,KMB,a3174acdab0713cf4abe00ad,,PBRB,102,4681,UMOB
7448233302,3653369606,02-09-2024 00:00:00,Differed Chargeback Raise,SBL,FBL,RB,02-09-2024 00:00:00,0:0:0,095328191246,159332,9610819671944,7669105222811,,343.69,343.69,0,0,0,0,0,0,0,0,SBL/FBL/Differed Chargeback Raise/3653369606,DRC,DRC_20240402_83.CSV,0,,0,,,,,,U2,PAY,9023874005820681310,9380326928172124995,,93766900911020,FBL,FBL,cb7ecddbe150f01f5a33fc9b,,TCC,501,7139,IDIR
0442198862,0224467037,02-09-2024 00:00:00,Complaint Raise,SBL,GTI,R9,02-09-2024 00:00:00,0:0:0,627865868522,159332,9877086119312,7670829061861,,162.87,162.87,0,0,0,0,0,0,0,0,SBL/GTI/Complaint Raise/0224467037,Credit Adjustment,DRC_20240402_83.CSV,0,,0,,,,,,U2,PAY,9055843012466224101,9332002505574836928,,93698228096567,GTI,GTI,8b5c2cc26dfebae7bd7eedba,,PBRB,U010,2372,IDIR
7902533862,6886429699,02-09-2024 00:00:00,Differed Chargeback Raise,SBL,IPB,RB,02-09-2024 00:00:00,0:0:0,630521974283,159332,9081758975739,7015834436667,,869.22,869.22,0,0,0,0,0,0,0,0,SBL/IPB/Differed Chargeback Raise/6886429699,UPI,DRC_20240402_83.CSV,0,,0,,,,,,U2,COLLECT,9078798726875030474,9314945793380991776,,93566215149918,IPB,IPB,172aa29f3962b51dd5abdf32,,RRC,103,3675,UMOB
1729020172,9006053281,02-09-2024 00:00:00,Wrong credit Representment,SBI,ARL,RB,02-09-2024 00:00:00,0:0:0,219683212417,159332,9798489042641,7980246503802,,831.26,831.26,0,0,0,0,0,0,0,0,SBI/ARL/Wrong credit Representment/9006053281,UPI,DRC_20240402_83.CSV,0,,0,,,,,,U2,PAY,9066755128890990892,9314081612934385683,,93640476042935,ARL,ARL,f97e402b7cfa0a1efe200f1f,,PR2C,U008,4629,IDIR
2389528705,8119421386,02-09-2024 00:00:00,Debit Reversal Confirmation,SBL,SBI,R9,02-09-2024 00:00:00,0:0:0,312973249524,159332,9299478964326,7673576845325,,973.96,973.96,0,0,0,0,0,0,0,0,SBL/SBI/Debit Reversal Confirmation/8119421386,TCC,DRC_20240402_83.CSV,0,,0,,,,,,U2,PAY,9079359670117870718,9323411362264194081,,93434237641834,SBI,SBI,57fa0bca26766533aa23d71b,,DRC,501,8151,IDIR
1673160986,2343872801,02-09-2024 00:00:00,Differed Chargeback Raise,SBL,YBS,R9,02-09-2024 00:00:00,0:0:0,453352856046,159332,9224639266967,7863606437834,,667.90,667.90,0,0,0,0,0,0,0,0,SBL/YBS/Differed Chargeback Raise/2343872801,UPI,DRC_20240402_83.CSV,0,,0,,,,,,U2,COLLECT,9056550358272902192,9358748909263841696,,93198229904738,YBS,YBS,d093ba2bc02d2e8370aff1dd,,RRC,U008,4191,UMOB
7292466590,0241666839,02-09-2024 00:00:00,Chargeback Raise,SBL,YES,0,02-09-2024 00:00:00,0:0:0,553874769062,159332,9377568369494,7479578718598,,56.13,56.13,0,0,0,0,0,0,0,0,SBL/YES/Chargeback Raise/0241666839,Credit Adjustment,DRC_20240402_83.CSV,0,,0,,,,,,U2,COLLECT,9029543520172583272,9322832106016694579,,93833038612268,YES,YES,ad512dddca7d056b2f2bfd1a,,DRC,501,1777,UMOB
6269505050,0643030536,02-09-2024 00:00:00,Complaint Raise,FBL,MBK,RB,02-09-2024 00:00:00,0:0:0,613393902274,159332,9682755503822,7045274961913,,110.91,110.91,0,0,0,0,0,0,0,0,FBL/MBK/Complaint Raise/0643030536,DRC,DRC_20240402_83.CSV,0,,0,,,,,,U2,COLLECT,9074084044719583906,9369309976878077417,,93522778660769,MBK,MBK,e678e30eecf39d29fe4c58b8,,PBRB,102,8763,UMOB
8554834164,8663139417,02-09-2024 00:00:00,Fraud Chargeback Representment,SBL,YBS,R9,02-09-2024 00:00:00,0:0:0,736885083778,159332,9498595013369,7155452410917,,677.62,677.62,0,0,0,0,0,0,0,0,SBL/YBS/Fraud Chargeback Representment/8663139417,TCC,DRC_20240402_83.CSV,0,,0,,,,,,U2,COLLECT,9033761393306288522,9356916006165033834,,93384200278049,YBS,YBS,d1bf58ed9fdae5068beddb90,,PBRB,102,2244,UMOB
8363513002,9389283696,02-09-2024 00:00:00,Chargeback Acceptance,SBL,UOB,0,02-09-2024 00:00:00,0:0:0,317496962030,159332,9284301180896,7082841084107,,8.54,8.54,0,0,0,0,0,0,0,0,SBL/UOB/Chargeback Acceptance/9389283696,UPI,DRC_20240402_83.CSV,0,,0,,,,,,U2,COLLECT,9063914412146174354,9391883969272704739,,93018895023954,UOB,UOB,0b8a42f3cd6cf9dc1cc990bd,,TCC,U010,2340,UMOB
5243165196,3141883065,02-09-2024 00:00:00,Wrong Credit Chargeback Raise,SBL,BOB,R9,02-09-2024 00:00:00,0:0:0,048086470727,159332,9806903388993,7036286479321,,273.68,273.68,0,0,0,0,0,0,0,0,SBL/BOB/Wrong Credit Chargeback Raise/3141883065,RET,DRC_20240402_83.CSV,0,,0,,,,,,U2,PAY,9059733914976574849,9315219445673606696,,93592820524778,BOB,BOB,4f0de4edc6fe9faf2fcf6e2f,,PR2C,102,4865,IDIR
5284338398,6811618269,02-09-2024 00:00:00,Refund Reversal Confirmation,SBL,YOM,0,02-09-2024 00:00:00,0:0:0,360054512467,159332,9570720484874,7835622417714,,302.09,302.09,0,0,0,0,0,0,0,0,SBL/YOM/Refund Reversal Confirmation/6811618269,RET,DRC_20240402_83.CSV,0,,0,,,,,,U2,PAY,9065412825702330920,9396005088238662054,,93983635914324,YOM,YOM,aa6c6e9234eca17effdd6afa,,PBRB,102,1242,IDIR
8064072895,4502590715,02-09-2024 00:00:00,Wrong credit Representment,SBL,CNB,RB,02-09-2024 00:00:00,0:0:0,967179382328,159332,9483028563958,7096684753243,,441.56,441.56,0,0,0,0,0,0,0,0,SBL/CNB/Wrong credit Representment/4502590715,UPI,DRC_20240402_83.CSV,0,,0,,,,,,U2,COLLECT,9024008269211892939,9356120048607078824,,93365861300007,CNB,CNB,e142b63fdbba7a98fd9bf35e,,PR2C,104,2053,UMOB
8476211215,1330985596,02-09-2024 00:00:00,Refund Reversal Confirmation,IPB,IIB,R9,02-09-2024 00:00:00,0:0:0,589158135818,159332,9028239965599,7921846520601,,368.46,368.46,0,0,0,0,0,0,0,0,IPB/IIB/Refund Reversal Confirmation/1330985596,DRC,DRC_20240402_83.CSV,0,,0,,,,,,U2,PAY,9053061175843090301,9323488267658278102,,93190185441539,IIB,IIB,9793d0019f597a676de3e2b0,,PR2C,102,7530,UMOB
1791006035,5319767462,02-09-2024 00:00:00,RET,SBL,BOI,RR,02-09-2024 00:00:00,0:0:0,772442468954,159332,9743994357887,7884355523503,,918.31,918.31,0,0,0,0,0,0,0,0,SBL/BOI/RET/5319767462,RET,DRC_20240402_83.CSV,0,,0,,,,,,U2,PAY,9017342221628612900,9381022116973817264,,93482769268227,BOI,BOI,1bbf3797ef5f2d2fde45c98b,,DRC,104,5799,IDIR
5604164935,7201352372,02-09-2024 00:00:00,Re-presentment Raise,ARL,FIB,RB,02-09-2024 00:00:00,0:0:0,896415215598,159332,9723531201461,7530794399901,,225.45,225.45,0,0,0,0,0,0,0,0,ARL/FIB/Re-presentment Raise/7201352372,DRC,DRC_20240402_83.CSV,0,,0,,,,,,U2,PAY,9036667724279286675,9307194691119570523,,93855719279369,FIB,FIB,bb60c99c6896ea2252190e4e,,PR2C,U010,3551,UMOB
0837388270,1365621972,02-09-2024 00:00:00,Credit Adjustment,SBL,ICI,RB,02-09-2024 00:00:00,0:0:0,647789358425,159332,9471731152208,7734286327932,,814.71,814.71,0,0,0,0,0,0,0,0,SBL/ICI/Credit Adjustment/1365621972,TCC,DRC_20240402_83.CSV,0,,0,,,,,,U2,PAY,9041569394695109086,9370978750234009668,,93157597182123,ICI,ICI,bedc9f1e817651d2abf9efdd,,TCC,104,9975,IDIR
3647235452,0522887626,02-09-2024 00:00:00,Re-presentment Raise,GTI,UCO,0,02-09-2024 00:00:00,0:0:0,378056849070,159332,9033854480019,7853268300689,,596.83,596.83,0,0,0,0,0,0,0,0,GTI/UCO/Re-presentment Raise/0522887626,RET,DRC_20240402_83.CSV,0,,0,,,,,,U2,PAY,9092106547607675158,9385542828242743391,,93345521146736,UCO,UCO,8cb5972670cb7ed70e4ee1ee,,TCC,108,2778,IDIR
7024613110,7217905699,02-09-2024 00:00:00,RET,SBL,IIB,R9,02-09-2024 00:00:00,0:0:0,336266915867,159332,9287952882050,7136664408869,,430.62,430.62,0,0,0,0,0,0,0,0,SBL/IIB/RET/7217905699,TCC,DRC_20240402_83.CSV,0,,0,,,,,,U2,PAY,9002144886908625870,9361807617256113442,,93638166438307,IIB,IIB,1fdfcab4cea46adf2dcb38c2,,PBRB,108,4826,IDIR
1275309964,9015395974,02-09-2024 00:00:00,Fraud Chargeback Raise,SBL,GTI,RB,02-09-2024 00:00:00,0:0:0,387695228936,159332,9151919832791,7294847051837,,355.13,355.13,0,0,0,0,0,0,0,0,SBL/GTI/Fraud Chargeback Raise/9015395974,Credit Adjustment,DRC_20240402_83.CSV,0,,0,,,,,,U2,PAY,9009750676473174421,9399095658773622790,,93288776701347,GTI,GTI,7664eeecac05de6940e2fd19,,PR2C,U010,0853,IDIR
2564197058,9241362800,02-09-2024 00:00:00,Fraud Chargeback Representment,SBL,FIB,RB,02-09-2024 00:00:00,0:0:0,168082239789,159332,9596587575294,7693617264391,,686.86,686.86,0,0,0,0,0,0,0,0,SBL/FIB/Fraud Chargeback Representment/9241362800,DRC,DRC_20240402_83.CSV,0,,0,,,,,,U2,PAY,9084302541435569244,9341923685709391361,,93792265248554,FIB,FIB,f0ce971eee0c1deeeb1b893c,,PBRB,104,9954,IDIR
0983463197,0003728237,02-09-2024 00:00:00,Re-presentment Raise,ICI,IDC,R9,02-09-2024 00:00:00,0:0:0,876312216208,159332,9911260882404,7778011282112,,651.10,651.10,0,0,0,0,0,0,0,0,ICI/IDC/Re-presentment Raise/0003728237,UPI,DRC_20240402_83.CSV,0,,0,,,,,,U2,PAY,9067429359774973134,9371841863102076414,,93753368578153,IDC,IDC,ba41efa6eee31f295cbbcc40,,PBRB,109,2307,UMOB
2730712478,8497630290,02-09-2024 00:00:00,Online Refund,SBL,FBL,RB,02-09-2024 00:00:00,0:0:0,398013485717,159332,9543681293391,7906512568313,,784.08,784.08,0,0,0,0,0,0,0,0,SBL/FBL/Online Refund/8497630290,UPI,DRC_20240402_83.CSV,0,,0,,,,,,U2,PAY,9088201748429238754,9356258257057552738,,93252202421863,FBL,FBL,f9ecd1ab3fe3dab8fff5ed6c,,DRC,U008,5282,IDIR
5089556610,6438355634,02-09-2024 00:00:00,Chargeback Acceptance,SBL,ICI,0,02-09-2024 00:00:00,0:0:0,153981637614,159332,9624885807316,7170061703345,,289.16,289.16,0,0,0,0,0,0,0,0,SBL/ICI/Chargeback Acceptance/6438355634,UPI,DRC_20240402_83.CSV,0,,0,,,,,,U2,PAY,9087923895824943867,9316021936119084620,,93769978832152,ICI,ICI,d3a1bac2c9fac3eec62b7046,,RRC,U008,5262,IDIR
2083861950,6926381104,02-09-2024 00:00:00,Differed Chargeback Raise,SBL,KMB,0,02-09-2024 00:00:00,0:0:0,155548109535,159332,9124275571475,7869914452375,,380.15,380.15,0,0,0,0,0,0,0,0,SBL/KMB/Differed Chargeback Raise/6926381104,Credit Adjustment,DRC_20240402_83.CSV,0,,0,,,,,,U2,COLLECT,9009863193196240818,9372596343840567390,,93187647836430,KMB,KMB,23be0ea3aa6ada3b54ad7d1f,,TCC,104,5331,IDIR
5039096809,2659968732,02-09-2024 00:00:00,Wrong Credit Chargeback Raise,KMB,YBS,RR,02-09-2024 00:00:00,0:0:0,798922440840,159332,9212344180113,7773808320390,,21.51,21.51,0,0,0,0,0,0,0,0,KMB/YBS/Wrong Credit Chargeback Raise/2659968732,UPI,DRC_20240402_83.CSV,0,,0,,,,,,U2,PAY,9096415651367379147,9348176733720859926,,93032915101414,YBS,YBS,2c66dd39b2f7c17c3a2e5c69,,PBRB,U010,6023,IDIR
6447492513,3678862053,02-09-2024 00:00:00,Credit Adjustment,SBL,BDN,0,02-09-2024 00:00:00,0:0:0,662388766252,159332,9200913657360,7643446534793,,685.46,685.46,0,0,0,0,0,0,0,0,SBL/BDN/Credit Adjustment/3678862053,DRC,DRC_20240402_83.CSV,0,,0,,,,,,U2,PAY,9047669310989607374,9356095315438678677,,93384666700056,BDN,BDN,4b75c2ec3edda63f6bc2a030,,RRC,501,5401,UMOB
0149442423,5421455099,02-09-2024 00:00:00,TCC,SBL,IIB,RB,02-09-2024 00:00:00,0:0:0,018409972845,159332,9186234787736,7744769402546,,538.76,538.76,0,0,0,0,0,0,0,0,SBL/IIB/TCC/5421455099,UPI,DRC_20240402_83.CSV,0,,0,,,,,,U2,COLLECT,9008991265327392429,9365748983789525165,,93340852402242,IIB,IIB,e7b742d2ba5c9641e3aadaad,,RRC,501,3115,IDIR
8691026577,7021515076,02-09-2024 00:00:00,Chargeback Acceptance,SBL,KMB,RR,02-09-2024 00:00:00,0:0:0,970851067097,159332,9880540609149,7463383396490,,422.22,422.22,0,0,0,0,0,0,0,0,SBL/KMB/Chargeback Acceptance/7021515076,TCC,DRC_20240402_83.CSV,0,,0,,,,,,U2,PAY,9063175568627916354,9388505366807849925,,93711038282130,KMB,KMB,c4e7cfface95a5ab0eef8dd0,,RRC,103,1157,UMOB
6289056653,6419153164,02-09-2024 00:00:00,Fraud Chargeback Raise,SBL,BDN,R9,02-09-2024 00:00:00,0:0:0,597758743496,159332,9255892375226,7929738992036,,964.82,964.82,0,0,0,0,0,0,0,0,SBL/BDN/Fraud Chargeback Raise/6419153164,Credit Adjustment,DRC_20240402_83.CSV,0,,0,,,,,,U2,PAY,9013445271271986105,9308413383105196180,,93672390113704,BDN,BDN,cbf61ea5f8b043a133cb2b43,,PR2C,102,6220,UMOB
2105534435,3565199995,02-09-2024 00:00:00,RET,SBL,CBI,RR,02-09-2024 00:00:00,0:0:0,199627627641,159332,9939082618770,7069365167522,,550.27,550.27,0,0,0,0,0,0,0,0,SBL/CBI/RET/3565199995,UPI,DRC_20240402_83.CSV,0,,0,,,,,,U2,PAY,9077966416499428635,9353616062268331166,,93815238416582,CBI,CBI,effbef24ad5c0fdfaf4a3c96,,PR2C,103,8835,UMOB
6059192234,0140210612,02-09-2024 00:00:00,Wrong credit Representment,SBL,KMB,RB,02-09-2024 00:00:00,0:0:0,860276813246,159332,9355492225788,7712683190237,,317.43,317.43,0,0,0,0,0,0,0,0,SBL/KMB/Wrong credit Representment/0140210612,RET,DRC_20240402_83.CSV,0,,0,,,,,,U2,PAY,9015185157935539817,9301405203384436470,,93791882526758,KMB,KMB,869b92bfd563c950dbfdca9f,,PR2C,109,7588,IDIR
9505790859,9595991659,02-09-2024 00:00:00,Re-presentment Raise,IIB,IDB,R9,02-09-2024 00:00:00,0:0:0,066105013780,159332,9675620134993,7604851084062,,624.85,624.85,0,0,0,0,0,0,0,0,IIB/IDB/Re-presentment Raise/9595991659,RET,DRC_20240402_83.CSV,0,,0,,,,,,U2,COLLECT,9046009498422437431,9359967087902828531,,93260475506644,IDB,IDB,20fecf9c96cfdfbc34a07ddc,,RRC,U010,4633,IDIR
8364723254,7119691334,02-09-2024 00:00:00,Debit Reversal Confirmation,AXB,BOM,R9,02-09-2024 00:00:00,0:0:0,214249095279,159332,9464978282899,7769815956316,,295.21,295.21,0,0,0,0,0,0,0,0,AXB/BOM/Debit Reversal Confirmation/7119691334,UPI,DRC_20240402_83.CSV,0,,0,,,,,,U2,COLLECT,9065118409333176435,9309967605845302898,,93955919837942,BOM,BOM,afdb9ed5c51c5712fa280f33,,DRC,103,6234,IDIR
4480395247,7213024342,02-09-2024 00:00:00,Chargeback Acceptance,SBI,YJU,0,02-09-2024 00:00:00,0:0:0,392444013076,159332,9435217752434,7181461186077,,45.34,45.34,0,0,0,0,0,0,0,0,SBI/YJU/Chargeback Acceptance/7213024342,Credit Adjustment,DRC_20240402_83.CSV,0,,0,,,,,,U2,COLLECT,9011318311381618340,9309844085089458852,,93426169448345,YJU,YJU,5ba4de7b3804faccbce9f03c,,DRC,U008,5430,IDIR
1686178616,2524880553,02-09-2024 00:00:00,Complaint Raise,INB,CNB,RR,02-09-2024 00:00:00,0:0:0,886305004790,159332,9488253265691,7833418814600,,426.66,426.66,0,0,0,0,0,0,0,0,INB/CNB/Complaint Raise/2524880553,DRC,DRC_20240402_83.CSV,0,,0,,,,,,U2,PAY,9080588354177339486,9376960564179402229,,93260086000072,CNB,CNB,9dcfe7e0fcecd6eb74f36bec,,RRC,108,2470,IDIR
6246656689,4964203065,02-09-2024 00:00:00,Credit Adjustment,SBL,BDN,RR,02-09-2024 00:00:00,0:0:0,689522305680,159332,9248828393542,7946423356444,,178.16,178.16,0,0,0,0,0,0,0,0,SBL/BDN/Credit Adjustment/4964203065,TCC,DRC_20240402_83.CSV,0,,0,,,,,,U2,PAY,9003348296716856784,9346944133667681684,,93679719990497,BDN,BDN,ef5fd6b5f6d0cdc0ccebafe4,,PBRB,501,3995,UMOB
1578380417,2463689781,02-09-2024 00:00:00,Differed Re-presentment Raise,SBL,IDC,RB,02-09-2024 00:00:00,0:0:0,208547720610,159332,9743623861636,7989115924136,,666.14,666.14,0,0,0,0,0,0,0,0,SBL/IDC/Differed Re-presentment Raise/2463689781,RET,DRC_20240402_83.CSV,0,,0,,,,,,U2,COLLECT,9015699090690461946,9365959643882772214,,93613449813211,IDC,IDC,43709a1ed884366221d0dba5,,PR2C,U008,1195,UMOB
6229244182,8661218879,02-09-2024 00:00:00,Chargeback Raise,SBL,YOM,RB,02-09-2024 00:00:00,0:0:0,983621468856,159332,9551416756807,7115418445921,,417.59,417.59,0,0,0,0,0,0,0,0,SBL/YOM/Chargeback Raise/8661218879,TCC,DRC_20240402_83.CSV,0,,0,,,,,,U2,COLLECT,9006489044034011380,9324943222544876431,,93635223871618,YOM,YOM,d82107aa5dd55f09f455cc34,,RRC,501,7577,UMOB
6661361552,9368714245,02-09-2024 00:00:00,Response to Complaint,PNB,CNB,RR,02-09-2024 00:00:00,0:0:0,615317426187,159332,9173464672507,7760609413820,,950.58,950.58,0,0,0,0,0,0,0,0,PNB/CNB/Response to Complaint/9368714245,UPI,DRC_20240402_83.CSV,0,,0,,,,,,U2,COLLECT,9074044653129913002,9384392905123560120,,93476831930642,CNB,CNB,e9416a2e524fe0fe0d6bf1f7,,PR2C,U010,8275,UMOB
1066127615,5040136265,02-09-2024 00:00:00,Fraud Chargeback Representment,SBI,IDB,0,02-09-2024 00:00:00,0:0:0,529114463916,159332,9498040155758,7399987866146,,656.67,656.67,0,0,0,0,0,0,0,0,SBI/IDB/Fraud Chargeback Representment/5040136265,TCC,DRC_20240402_83.CSV,0,,0,,,,,,U2,COLLECT,9028093567787291091,9347053747019902085,,93148885754977,IDB,IDB,a8cc2cdb0db751b1e5bddabe,,PBRB,109,2059,UMOB
8276029882,8360762516,02-09-2024 00:00:00,TCC,SBL,YJU,RR,02-09-2024 00:00:00,0:0:0,602370554775,159332,9313434569903,7152316226438,,348.21,348.21,0,0,0,0,0,0,0,0,SBL/YJU/TCC/8360762516,DRC,DRC_20240402_83.CSV,0,,0,,,,,,U2,COLLECT,9077804628489494665,9368555002598179068,,93554273946338,YJU,YJU,f66aa948940cdfeabadfd576,,PR2C,104,3690,IDIR
6073865292,4049298741,02-09-2024 00:00:00,Wrong Credit Chargeback Acceptance,SBL,FIB,R9,02-09-2024 00:00:00,0:0:0,672282094706,159332,9544970366488,7208153057349,,626.74,626.74,0,0,0,0,0,0,0,0,SBL/FIB/Wrong Credit Chargeback Acceptance/4049298741,DRC,DRC_20240402_83.CSV,0,,0,,,,,,U2,PAY,9069371995860756962,9347295361005775089,,93336761681380,FIB,FIB,dfc7f9a0beab13aa6db2d0da,,RRC,U010,6128,UMOB
