Date of txn,Amount,Resp Code,Status,RRN,Ext id,Payee Vpa,Txn Note,Payer UPI ID,PayerName,Txn Id,MCC
2024-09-01 00:00:00,123.82,U31,SUCCESS,792523524473,d3a2b461-451a-4322-b234-21925bb10b3a,jiopay.wireless@timecosmos,payMerchant,Torey73@okicici,N,a557ea7aa2ab950f6ceefbad,4814
2024-09-01 00:00:00,961.15,U09,FAILURE,899005812311,a2ef1ba1-207f-40d7-8ad9-cbfbb599ea9a,tripay.expedition@timecosmos,Person,Crawford99@fkaxis,N,6bb2d81bef759e0cfaeed1c6,4722
2024-09-01 00:00:00,46.87,U09,FAILURE,984678192175,9b9e5d84-e0e1-4c75-a8ad-c71a4c4cd739,airpay.drone@timecosmos,PayMerchant,Jasen_Cremin5@paytm,N,faff2cb3be43b0dc5f95f70c,5816
2024-09-01 00:00:00,634.16,U67,FAILURE,347367984690,517916b6-bd13-413e-aea5-b4d4ed6bb836,tripay.globetrot@timecosmos,PayMerchant,Tia_Raynor@okicici,N,cf8a45eaafbd3fc255fbeef7,4722
2024-09-01 00:00:00,923.72,U30,DEEMED,289840492688,39775e18-ae12-44ac-892c-aa911e8b77cc,airpay.robot@timecosmos,payMerchant,Candice43@abfspay,N,c8865ac3cc9dda4dea1fc2cf,5816
2024-09-01 00:00:00,932.98,U09,SUCCESS,486302077698,8c01d74c-b228-439a-b6d1-d72d49f912a3,tripay.tour@timecosmos,PayMerchant,Jamison.Zemlak55@yesg,N,9ef6e8fbbbdf22ae7c61d90d,4722
2024-09-01 00:00:00,671.09,S96,FAILURE,903645638495,7477e66c-328a-4b75-9e34-495066d793e0,finopay.timecosmosrite@timecosmos,payMerchant,Laisha85@yesg,N,f5f54f210a9dadbe34e9bd04,5411
2024-09-01 00:00:00,550.72,S96,FAILURE,835805593241,17e099f3-f123-466f-b28a-75e90927e1ff,finopay.corner@timecosmos,payMerchant,Genesis.Nitzsche28@oksbi,N,27b6bed39c7b4795494ba683,5411
2024-09-01 00:00:00,455.03,N,FAILURE,556427365923,818df70a-cfd0-4a16-8edc-2428ddc41eb4,tripay.globetrot@timecosmos,payMerchant,Cade_Russel43@axl,N,6447b6efc112e2a929e4d3b3,4722
2024-09-01 00:00:00,60.65,U78,FAILURE,551284175962,3f0a0f38-8500-45ef-af9d-73f9719f8ba1,airpay.submarine@timecosmos,PayMerchant,Rosanna_OKeefe32@yapl,N,02ca2d6ffabe221cfc29a5f4,5816
2024-09-01 00:00:00,335.99,U30,FAILURE,466689325788,b175e9d5-cfc8-4754-aebc-c98111b17b3c,finopay.organic@timecosmos,Person,Mittie95@icici,N,f405fbda57fade470cb5a304,5411
2024-09-01 00:00:00,814.60,U67,FAILURE,745033382108,3b9d3130-6e4f-4668-8a20-c6700c72b1fa,finopay.bulkstore@timecosmos,payMerchant,Evie_Stamm65@paytm,N,2ec15fbddca9aeb2c300f8ae,5411
2024-09-01 00:00:00,659.56,U31,DEEMED,007678474717,0be97b55-0289-4681-9162-66bff0e92981,tripay.wander@timecosmos,Person,Kaia_Raynor20@okhdfcbank,N,fc9ecbb328ef3e97bf86c167,4722
2024-09-01 00:00:00,653.83,N,SUCCESS,908876778999,b95530ae-8d48-41da-8b36-c4fc717470e7,razorpay.pizza@timecosmos,payMerchant,Annetta3@idfcbank,N,a3b3aa650473d53eabf9e33f,5814
2024-09-01 00:00:00,654.55,U09,FAILURE,575615654590,6af5c806-c253-4878-82de-702ead7ae52e,razorpay.pasta@timecosmos,PayMerchant,Cullen_Haag@yesg,N,0866328404dbaa0b5a587f42,5814
2024-09-01 00:00:00,442.91,U09,SUCCESS,209048378999,b3e122fe-5b4b-4ce5-af9f-fdcede90da3e,jiopay.internet@timecosmos,payMerchant,Neil_Crooks43@timecosmos,N,f47bbd58abdac5da2e2eaedd,4814
2024-09-01 00:00:00,340.66,U31,SUCCESS,363405678034,ea6cc811-df7b-4d6f-8fe0-9b8eb803e329,tripay.vacation@timecosmos,Person,Abe_Mante0@okaxis,N,40afaf3bade3ef3c2c9fe0d8,4722
2024-09-01 00:00:00,79.40,U67,SUCCESS,944632812542,9c23fcf4-0b04-4d9e-99b3-3ee56b8dd2d8,tripay.escape@timecosmos,payMerchant,Torrey80@axisb,N,51a7e52936eac28c96cb158f,4722
2024-09-01 00:00:00,674.05,U78,SUCCESS,407469478492,6282c084-4fac-4f21-8fa7-cb123c4c7cb3,jiopay.internet@timecosmos,PayMerchant,Gregoria30@icici,N,b0b695f75cbd6a33eea55bc1,4814
2024-09-01 00:00:00,559.43,N,DEEMED,083731758301,46b0a163-8286-459d-b513-c9ca0380c025,finopay.town@timecosmos,Person,Zola_Rohan@fkaxis,N,8dffcfb17041e87e736eaf33,5411
2024-09-01 00:00:00,394.44,U78,SUCCESS,275707256096,21dd904f-3ae3-4bb7-95ee-ad74200b90fa,razorpay.tacos@timecosmos,PayMerchant,Jammie_Cummings-Kovacek92@abfspay,N,71d1fd7820b7e316b32e8b05,5814
2024-09-01 00:00:00,275.48,U67,DEEMED,438961163857,219e8df5-5415-4898-8cd5-16c5e5082bce,jiopay.fiber@timecosmos,PayMerchant,Mandy99@oksbi,N,5b4227d88cada7b4bba4e5d4,4814
2024-09-01 00:00:00,262.74,U30,SUCCESS,245619800935,b79aab7d-afe1-42f8-a628-a7c69da716bb,jiopay.broadband@timecosmos,Person,Zechariah_Stiedemann@okaxis,N,2779fbbeb0fe69a689cb67fc,4814
2024-09-01 00:00:00,41.02,U09,DEEMED,982750849148,6526a693-aeb0-4397-b624-10f78e0e2a41,airpay.bike@timecosmos,payMerchant,Hallie.Vandervort22@icici,N,1acd8ad59e60daefcbb971c0,5816
2024-09-01 00:00:00,150.75,S96,FAILURE,171200467723,6720c2d1-8151-4f65-b1c9-32a473192b37,jiopay.wireless@timecosmos,Person,Adelbert.Crona@paytm,N,62eb9be0c5c1ceea57fdf9ab,4814
2024-09-01 00:00:00,617.37,U09,DEEMED,502152658433,c86a1fa0-95eb-4e51-b829-31b3a59efb61,tripay.escape@timecosmos,payMerchant,Dejuan_Orn@oksbi,N,e802dd5ae4cafb375adeeccd,4722
2024-09-01 00:00:00,695.56,U78,SUCCESS,276146971679,9d99fef3-23c8-4c93-a5ac-08fcac953ef3,tripay.vacation@timecosmos,Person,Phoebe6@okhdfcbank,N,f6edda1938cb4eebd26d00a7,4722
2024-09-01 00:00:00,109.08,U31,FAILURE,061310560975,29b665d0-ca5b-4918-b88b-900db8ea4b10,finopay.town@timecosmos,Person,Pinkie.Feil@abfspay,N,894cb6afcfdf19d860b6d2c5,5411
2024-09-01 00:00:00,623.99,U78,SUCCESS,178834029139,cc3e276d-05d0-4826-8f3a-df1dbd575d98,razorpay.sushi@timecosmos,Person,Lizeth35@rapl,N,cd5fea73ffcbc98ca869bb7d,5814
2024-09-01 00:00:00,383.85,U78,FAILURE,669449699148,833988be-601f-4345-88dc-566e1307dc57,razorpay.pizza@timecosmos,payMerchant,Torey_Farrell5@yapl,N,ab3279b86b87abaca96cd11d,5814
2024-09-01 00:00:00,521.14,U30,FAILURE,850370318757,1f36fe23-673c-420a-8d5b-50b66f47b05e,jiopay.mobile@timecosmos,payMerchant,Ashlynn.DAmore@idfcbank,N,9bbb533ad69e08fb696a75ad,4814
2024-09-01 00:00:00,913.14,U09,DEEMED,897276291500,d96b3bc5-c2ab-4bdd-8e1c-f28517ecff66,airpay.helmet@timecosmos,PayMerchant,Karianne_Brown@icici,N,00ab58fcdf7d78a10d601c89,5816
2024-09-01 00:00:00,507.00,U30,FAILURE,523284104844,48628ede-4d19-498b-9b7d-9e9a4288c651,razorpay.vegetarian@timecosmos,Person,Uriel_Altenwerth-Herman@axisb,N,668dc5eeeea28eceb8872b0c,5814
2024-09-01 00:00:00,212.15,U30,SUCCESS,258287302431,29a1ea6a-26ca-47f5-81c5-9a979f3509be,tripay.wander@timecosmos,Person,Quincy27@abfspay,N,5bd29eb8f46eae9ad2d2fbcd,4722
2024-09-01 00:00:00,459.13,U09,SUCCESS,547133557850,0b8997bb-c3fe-47ef-a3c2-9e7e64386577,tripay.escape@timecosmos,payMerchant,Rhett_Stroman91@fkaxis,N,7ccba1f0e7a68ccafffde29b,4722
2024-09-01 00:00:00,616.06,U30,DEEMED,773869950325,58328e18-5448-4d4b-bded-71998c3f2fba,airpay.truck@timecosmos,payMerchant,Jeramie8@abfspay,N,3ab0cb316fedada9fa0f1d68,5816
2024-09-01 00:00:00,85.77,S96,FAILURE,228542875168,845ccc66-e3c3-4cdb-88d0-9f1132ddeb6a,razorpay.soup@timecosmos,payMerchant,Cristopher_Swift@okicici,N,14fca102a9506d9daf1ae60f,5814
2024-09-01 00:00:00,495.70,U67,SUCCESS,641468279519,0aa63f15-7cee-4829-891c-6052bff57128,finopay.marketplace@timecosmos,PayMerchant,Maximillian.Kreiger@paytm,N,d144d3df45358cbcfcefcb6e,5411
2024-09-01 00:00:00,196.86,U78,FAILURE,781867454373,d037b1e9-3a50-4379-9bce-3340ca204f07,razorpay.pasta@timecosmos,payMerchant,Deonte79@paytm,N,d69afb3ac21eeddbec05a27e,5814
2024-09-01 00:00:00,320.55,S96,DEEMED,798209314133,ffa7ad39-f708-42a4-97b9-72a0b196bf3f,jiopay.cable@timecosmos,Person,Coleman.Johns@yesg,N,aa47daceaaa9a57cfc7e4e0d,4814
2024-09-01 00:00:00,822.02,U67,DEEMED,021586458445,11c4c63d-d40d-4fb3-b87f-06c317e0b0cd,jiopay.satellite@timecosmos,Person,Catalina27@okaxis,N,80ccbea697c12d8b1703d0e4,4814
2024-09-01 00:00:00,785.22,U67,DEEMED,674941951342,7caf6f49-5d32-4b5e-b472-636b9cd066e2,razorpay.pasta@timecosmos,PayMerchant,Steve.Pollich10@icici,N,7ae2e7ea3d42091fa0b31bdf,5814
2024-09-01 00:00:00,593.20,U67,FAILURE,744283345466,a1009882-0bc5-4ecb-a4a1-7269eb3cad48,airpay.car@timecosmos,Person,Kattie_Corkery13@fkaxis,N,9540835c53e2d08c92f6c54b,5816
2024-09-01 00:00:00,365.86,U78,FAILURE,487955962917,7b06c8c5-ea76-403a-8f6c-f50478d15e54,finopay.bulkstore@timecosmos,Person,Hanna8@timecosmos,N,50b37eccad0eebf85b9bc87f,5411
2024-09-01 00:00:00,589.37,U67,SUCCESS,060428541884,6cbc799d-b7fe-47f2-8639-bd14a44df11f,tripay.destinations@timecosmos,PayMerchant,Donavon_Hilll53@fkaxis,N,db5f2f386dcd9f57f5dde8cc,4722
2024-09-01 00:00:00,112.51,U78,DEEMED,876405918402,75c7ed52-e259-4c31-8451-024076559d80,airpay.helmet@timecosmos,PayMerchant,Jacinthe66@paytm,N,92ded02bf5b744bedcbfebec,5816
2024-09-01 00:00:00,652.46,U31,SUCCESS,343311348528,ca3e08e5-b455-4752-b7ee-a02ed60539e3,finopay.timecosmosrite@timecosmos,payMerchant,Maynard_Conn-Waelchi@okhdfcbank,N,fdcecced7839c83e07fe82a6,5411
2024-09-01 00:00:00,768.47,U30,SUCCESS,501838100978,bebcf40e-f9e8-498b-abcb-66b1838d7f77,tripay.globetrot@timecosmos,payMerchant,Casey_Hills-Armstrong@rapl,N,ed666dcc1ec4335c5cea6eeb,4722
2024-09-01 00:00:00,330.69,U78,DEEMED,258699908172,b4095a4a-a074-42a4-bc06-f4f4bc6721ad,tripay.expedition@timecosmos,payMerchant,Vesta_Bayer44@okaxis,N,dac5167f25b3ac08dd04c98a,4722
2024-09-01 00:00:00,853.20,N,SUCCESS,786630155840,d26d791f-bcc8-4887-8407-709cbc4fc78d,razorpay.soup@timecosmos,Person,Itzel.Block36@oksbi,N,a081f70bab1d5ffb808fab2f,5814
2024-09-01 00:00:00,327.21,U67,DEEMED,100493428811,725f97c5-ce4c-4906-a88e-3c3b80da9076,razorpay.steak@timecosmos,Person,Kole10@okhdfcbank,N,59935a3f22d4c16aec90f72b,5814
2024-09-01 00:00:00,639.88,S96,FAILURE,172799265260,3d123f8c-b443-43cb-b10c-43d37cd95d04,tripay.adventure@timecosmos,PayMerchant,Chelsea.Parker@idfcbank,N,63de2acb840440da0ebf50ba,4722
2024-09-01 00:00:00,548.82,U09,SUCCESS,498113991782,c52d964f-8b44-4211-85e3-a1dedb2b6010,finopay.bulkstore@timecosmos,payMerchant,Darrin_Hayes@oksbi,N,bdcc70d5f68caceb2b4527ea,5411
2024-09-01 00:00:00,717.15,N,DEEMED,620323419601,c355c6d6-e568-4d5c-ad0f-2ee8ecf765ed,finopay.marketplace@timecosmos,PayMerchant,Anita79@fkaxis,N,da829115363a091dfbea9f6a,5411
2024-09-01 00:00:00,363.36,U31,SUCCESS,392352573995,b026aa45-c4c1-4908-b40e-18de7dc97943,razorpay.pizza@timecosmos,PayMerchant,Marques_Keeling11@axisb,N,48d2fefc79e5bdaccf9ef08e,5814
2024-09-01 00:00:00,734.04,S96,FAILURE,565771556296,d40eb0dd-3d75-44fc-8bb3-97a24c458281,tripay.escape@timecosmos,PayMerchant,Alexandrine_OReilly94@timecosmos,N,00ec9cf95f5b2eef89eb6ef2,4722
2024-09-01 00:00:00,244.57,U30,FAILURE,547250471621,9c21f33c-563f-4b6c-9612-a210a093fd4a,jiopay.internet@timecosmos,PayMerchant,Ole.Spinka25@yesg,N,06daffd0a8ec77a4c51f3bde,4814
2024-09-01 00:00:00,235.93,U30,SUCCESS,592106769728,bddf8e79-f542-40a4-ba9e-814742a333b0,jiopay.cable@timecosmos,payMerchant,Vito.Williamson40@idfcbank,N,eac2b1ddb3cecaeabf5f80f2,4814
2024-09-01 00:00:00,585.74,U67,SUCCESS,424233467723,6756ff46-d504-4dad-8e58-10ea7c95fe85,razorpay.burger@timecosmos,Person,Betty23@abfspay,N,1fa427dbdce9c71ccdb4419f,5814
2024-09-01 00:00:00,366.91,U67,FAILURE,539161297638,eb7e6a7a-3da2-4114-a9db-39a4d3c18b1b,jiopay.cable@timecosmos,Person,Sofia.Conroy@rapl,N,1670c48c72cebe9ee4eb99be,4814
2024-09-01 00:00:00,663.18,U67,SUCCESS,917742508303,fd7f2146-af14-4a06-91e4-da404caa9964,jiopay.fiber@timecosmos,Person,Whitney_Hahn@rapl,N,55c1c8d19e3046cec9923dbf,4814
2024-09-01 00:00:00,69.42,U78,FAILURE,053451451227,1db37acd-cdfd-44cf-9c86-64ac153426d1,finopay.freshmart@timecosmos,Person,Nathen.Gusikowski67@abfspay,N,b2b6a70e453d0ab99a2febae,5411
2024-09-01 00:00:00,218.05,U78,FAILURE,465436892174,f48b1cba-300e-407f-8a27-90180497e4dc,jiopay.mobile@timecosmos,PayMerchant,Roy65@abfspay,N,ef56b69ac6cd61f16b2dafe1,4814
2024-09-01 00:00:00,1.39,U67,SUCCESS,599138937105,98c8075f-bcd3-4c7a-891b-4f4797ab0518,finopay.dailygrocer@timecosmos,Person,Megane.Runolfsdottir@okhdfcbank,N,69da27bddaab4fb1d7378382,5411
2024-09-01 00:00:00,349.20,S96,FAILURE,977997814837,0c7212b9-be0a-4554-a842-252d613b889d,jiopay.wireless@timecosmos,payMerchant,Carol.Turner@axisb,N,dc16cdae610240c6e5ddfd3f,4814
2024-09-01 00:00:00,865.95,S96,DEEMED,604517830801,a21c8ab8-2bba-4993-88c5-28c0dbeab026,razorpay.pizza@timecosmos,payMerchant,Delpha61@paytm,N,4bcbf9d0b58dd16d2b7f77fe,5814
2024-09-01 00:00:00,238.48,S96,DEEMED,802572518860,a977b907-17b2-4576-9329-ef9251c2cd78,finopay.marketplace@timecosmos,Person,Shaniya88@apl,N,1c25faaf28a4d4dbc8bfdfca,5411
2024-09-01 00:00:00,318.94,U09,SUCCESS,000680736620,3b6e9709-cbde-4d11-b1dc-568685974d64,jiopay.satellite@timecosmos,payMerchant,Vella.Hettinger34@fkaxis,N,781abbbd186efe5f3a05e00e,4814
2024-09-01 00:00:00,211.81,U30,FAILURE,507401571757,26634a25-e017-4cdb-a457-c20fe5d59df5,tripay.destinations@timecosmos,payMerchant,Samir11@okicici,N,a7f9a85b225d6d9ab51f3c20,4722
2024-09-01 00:00:00,526.06,S96,SUCCESS,838625975553,10440560-0c09-42a9-80d4-c31c760ad190,tripay.globetrot@timecosmos,PayMerchant,Darwin.Langworth@okaxis,N,6c41fe5d7badd325eaa0db5e,4722
2024-09-01 00:00:00,665.94,N,FAILURE,138077949478,99219652-95c5-4fc0-bed6-2955c3033a2e,airpay.robot@timecosmos,PayMerchant,Eliane90@timecosmos,N,eb7ff9190fabdfe4fadd3b9a,5816
2024-09-01 00:00:00,275.64,U78,FAILURE,433346779323,b72f570f-7854-4643-97cf-25f515faf834,tripay.destinations@timecosmos,Person,Susanna15@rapl,N,7ea84ac506fb6546fcb50b46,4722
2024-09-01 00:00:00,10.00,U31,DEEMED,651186420054,bcb41f76-76f1-4d78-98e8-f0830149c19a,airpay.truck@timecosmos,payMerchant,Kailyn_Collier3@apl,N,7d3e6ee7d1bc7bcfa8c96ede,5816
2024-09-01 00:00:00,222.70,U31,SUCCESS,051220949114,68427d6e-1cbe-4883-b723-337f107054af,finopay.greenbasket@timecosmos,PayMerchant,Kayleigh_Stanton@yapl,N,decbc5cc622319bbcdf6d871,5411
2024-09-01 00:00:00,191.35,U09,SUCCESS,607955689629,79b6c02f-a94f-44b7-96a8-5082d32708fa,razorpay.vegetarian@timecosmos,Person,Elinor_Johns@okhdfcbank,N,7191e4cfd6438d9aefef7dac,5814
2024-09-01 00:00:00,767.13,U31,FAILURE,336741127986,a8f53794-8ece-42b0-a468-84328040a776,tripay.globetrot@timecosmos,payMerchant,Rosie_Heller@ybl,N,a4dca2b1f64aff64dbbbefd3,4722
2024-09-01 00:00:00,131.55,U78,FAILURE,762555623475,902c1548-221d-4934-822e-47331905f38c,finopay.foodland@timecosmos,PayMerchant,Alberta_Hagenes@apl,N,d4b43fd2c0372a6fe8baeffc,5411
2024-09-01 00:00:00,952.51,S96,SUCCESS,341202764602,52c74c31-8ce4-429c-bf8a-2730969b28ab,jiopay.cable@timecosmos,payMerchant,Ryleigh_Macejkovic20@okhdfcbank,N,23b8fece53f567cf79cfb088,4814
2024-09-01 00:00:00,484.40,U09,SUCCESS,926914370365,ee447635-4280-4142-aeff-7dc20fbd4ac3,airpay.robot@timecosmos,PayMerchant,Odessa.Kuhn23@axl,N,628dceca079addb7c1f48aae,5816
2024-09-01 00:00:00,234.79,N,SUCCESS,655235595274,71e325fb-e7cf-45de-95c9-f4ed2b88cf40,finopay.greenbasket@timecosmos,payMerchant,Noemie15@okicici,N,681db36d8af36d32de8eaa10,5411
2024-09-01 00:00:00,783.73,S96,SUCCESS,812171957177,eb20e42a-faeb-4ead-8229-de88ff9aebab,airpay.bike@timecosmos,PayMerchant,Nikolas_OKon13@abfspay,N,a6da333ad19dee90cc14e5f5,5816
2024-09-01 00:00:00,380.08,U78,FAILURE,605167879619,079b8b86-77ef-4148-85e0-6b52206ec78c,airpay.car@timecosmos,PayMerchant,Nicholaus.Olson24@fkaxis,N,b5239f299bacafdafe32edca,5816
2024-09-01 00:00:00,763.79,U09,FAILURE,628666400456,889692ba-8e3f-4261-9179-c2704ef255b1,razorpay.salad@timecosmos,Person,Adolfo.Dach54@okicici,N,a5efff7cbe1af17eeb5a4c9e,5814
2024-09-01 00:00:00,691.51,U09,SUCCESS,109688155849,d8f63549-0698-4d2a-a4b2-ab14d7edc882,jiopay.internet@timecosmos,payMerchant,Saul.Tillman@rapl,N,00411b3ed109fa9fea187e22,4814
2024-09-01 00:00:00,821.79,U78,FAILURE,619133876775,034b1fdc-f3ee-4aef-8530-acf125ce47cc,jiopay.fiber@timecosmos,payMerchant,Dock.Flatley@abfspay,N,2cac73d72cb61337fdf2c17a,4814
2024-09-01 00:00:00,361.90,N,DEEMED,067918761674,6b24b801-f639-4a92-b5f7-088ff479418a,finopay.freshmart@timecosmos,Person,Johnathan85@axisb,N,a9dede03ffccee1eec2fecee,5411
2024-09-01 00:00:00,536.08,S96,FAILURE,826466415123,5cb3a188-0fb8-490d-8cc9-c3e82956a984,airpay.truck@timecosmos,payMerchant,Maxine_OConner@paytm,N,2bfbc3d4d6cade5abaded1b3,5816
2024-09-01 00:00:00,600.64,S96,FAILURE,122196696310,1d2868fa-081c-4871-96de-22602d365aab,finopay.foodland@timecosmos,Person,Niko_Upton@axl,N,f5fc5ff7affe6449c9214479,5411
2024-09-01 00:00:00,439.63,U31,FAILURE,036762656718,0a1471cb-4afb-444e-bd51-7fb8c2359da7,razorpay.salad@timecosmos,payMerchant,Tyler55@abfspay,N,bfdfd863ddda25cadc46f36a,5814
2024-09-01 00:00:00,851.53,U09,FAILURE,689393162657,68ccc112-0ae2-4c54-8efd-4704b1ac9a26,finopay.greenbasket@timecosmos,PayMerchant,Ronny73@oksbi,N,097ccf98bd84b6b5f40ddaec,5411
2024-09-01 00:00:00,419.17,U78,SUCCESS,075517342725,2c927e32-9bb9-43d6-bb5e-1bfadd4a2a7c,airpay.robot@timecosmos,PayMerchant,Paige.Kub@okhdfcbank,N,b9b6e358f0d6bd6ba07ec057,5816
2024-09-01 00:00:00,853.49,U09,FAILURE,047214324513,e3b2e2b2-d1eb-48e9-b575-9b4aceee4dee,razorpay.vegetarian@timecosmos,payMerchant,Emely.Mohr@idfcbank,N,efeb27756bc23f313eabb7a5,5814
2024-09-01 00:00:00,970.74,U09,DEEMED,316784062805,c94fdd5f-7fb5-4528-8b1a-2141f883fd1a,finopay.town@timecosmos,PayMerchant,Jayce.Feeney51@oksbi,N,4e7eb7826c041c65e9e2f0fe,5411
2024-09-01 00:00:00,55.77,U30,FAILURE,506499015257,01a651de-84e9-4a97-bc8d-ec2c0dced8d0,airpay.airplane@timecosmos,Person,Logan83@apl,N,46cc356d00e68c4f7affb8ef,5816
2024-09-01 00:00:00,151.64,S96,FAILURE,569993181197,f4a7d624-5f9a-483f-a156-b95f1e5db363,tripay.vacation@timecosmos,Person,Bulah82@axisb,N,c28d13d61fafda74bcb68c8b,4722
2024-09-01 00:00:00,860.81,U30,FAILURE,980478868906,f5f05b67-56a9-4059-8a9d-893b94d69168,jiopay.wireless@timecosmos,PayMerchant,Zack.Marquardt@axl,N,84b23b4cbce7aa5ab9e021ad,4814
2024-09-01 00:00:00,139.16,S96,SUCCESS,137904676953,62f9aa69-91b2-48ea-96f0-735df815923e,tripay.destinations@timecosmos,PayMerchant,Alexanne.Schultz23@axl,N,ae153b8e7b145f648281bbb8,4722
2024-09-01 00:00:00,272.65,N,FAILURE,288953991661,e10317ea-5eca-4322-91c8-72ec432e0394,razorpay.burger@timecosmos,PayMerchant,Hailee83@axl,N,6008a3c06bf96c5cadbbd340,5814
2024-09-01 00:00:00,382.57,N,SUCCESS,027387888338,b4635c6d-1966-45da-ad6c-d4e144e715b1,finopay.freshmart@timecosmos,PayMerchant,Celia.Beier66@apl,N,e72a628fc6a8abeff6a288db,5411
2024-09-01 00:00:00,894.68,U30,SUCCESS,916151692624,1e428e28-e336-4b84-b422-64868e0ba092,razorpay.soup@timecosmos,PayMerchant,Richie_Erdman@icici,N,1cb0ededaae2afe6dc23ba19,5814
2024-09-01 00:00:00,894.06,N,SUCCESS,355486603103,6674f7e1-0031-46fa-bb56-1e0af7ced3b2,jiopay.cable@timecosmos,Person,Thurman.Hickle25@abfspay,N,c5b8e4f0df81d20c80e36fcc,4814
2024-09-01 00:00:00,435.45,U67,FAILURE,983021031623,f8b4622d-e733-479d-8696-aea642490962,airpay.boat@timecosmos,Person,Maida_Bartell@axisb,N,eca3a2f6fbc119b62c216cb3,5816
2024-09-01 00:00:00,147.48,U31,FAILURE,562953816601,31b41adb-5089-447c-80ca-6d63ee448ed5,finopay.marketplace@timecosmos,PayMerchant,Keaton15@yesg,N,7ba2d0fbe48cc7cfd9ee4bba,5411
2024-09-01 00:00:00,518.95,U31,SUCCESS,662253537543,dd64d88e-304f-40df-91e2-8f914bf62c01,jiopay.convergence@timecosmos,payMerchant,Vesta.Crona@okaxis,N,8d07b8b5cc2d7afbdfeeaef9,4814
2024-09-01 00:00:00,960.44,U78,DEEMED,707296202096,2cf74887-eb87-45d1-963d-363d49411660,jiopay.broadband@timecosmos,payMerchant,Helene.Labadie@ybl,N,6dce7dfda8b93970ca3eece5,4814
2024-09-01 00:00:00,637.63,S96,DEEMED,677278825284,fbec4c49-f1d7-4298-89dd-73a7c5a99c5f,razorpay.dessert@timecosmos,PayMerchant,Annette.Parker@apl,N,acefad4014a31e4f4debef0e,5814
2024-09-01 00:00:00,212.55,U31,FAILURE,125332002180,b7bda5da-7bac-43e8-95c8-315e62c681a2,jiopay.internet@timecosmos,PayMerchant,Fatima_Fisher53@apl,N,95b128cf0cc75bcbc19eb87d,4814
2024-09-01 00:00:00,704.20,U78,SUCCESS,842335985128,d39b0219-6644-4963-aa28-e64a6de1c040,jiopay.broadband@timecosmos,payMerchant,Nola.Nikolaus@rapl,N,8cfeba4fb0b2bfe0beffaa80,4814
2024-09-01 00:00:00,793.06,U09,SUCCESS,236537879010,d46e5c58-3c44-49be-b994-5fa45ff7a030,airpay.drone@timecosmos,PayMerchant,Hayley80@okaxis,N,1e3b8a22ca9ce1cf7fc5b80d,5816
2024-09-01 00:00:00,561.11,U67,FAILURE,964952684600,37e4577e-098c-4c3c-ba9a-d4fb824583af,finopay.bulkstore@timecosmos,payMerchant,Mortimer.Grant@yesg,N,c22f80f2fc22ffc916e3fc91,5411
2024-09-01 00:00:00,955.92,N,FAILURE,390405420255,e6434637-f5e8-4d70-ba60-fd40c018e90f,airpay.scooter@timecosmos,PayMerchant,Jennie5@axl,N,62b817a1eb92dc1dd442e413,5816
2024-09-01 00:00:00,71.58,U67,SUCCESS,158543574337,e3eb690c-9f7c-4e5a-bc76-8d188429d94c,finopay.greenbasket@timecosmos,PayMerchant,Heath_Bosco67@oksbi,N,ff7dc6777cebea0dc2f16abb,5411
2024-09-01 00:00:00,304.84,U30,SUCCESS,578064382382,c5d7f4d7-dbf3-4cf4-a22b-2ad9f6bec74b,razorpay.tacos@timecosmos,PayMerchant,Kaleb_Macejkovic@fkaxis,N,03bf2aa6a5eacbbd6d6c717e,5814
2024-09-01 00:00:00,317.23,U09,SUCCESS,243212302381,bee35191-3de3-434f-aec8-fcb9b8a09a52,razorpay.dessert@timecosmos,payMerchant,Ross.Leuschke-Goldner57@icici,N,efe0141dfcacea65c60f0d7c,5814
2024-09-01 00:00:00,601.43,U09,FAILURE,905540123046,52f0a0e0-654c-41ff-b6f9-ece32e60a031,finopay.town@timecosmos,PayMerchant,Christian71@icici,N,70b213812bb5bceac6911acb,5411
2024-09-01 00:00:00,526.00,U09,DEEMED,076908807713,bc483562-8ccb-4ffa-828a-26d1c27dcb28,tripay.tour@timecosmos,payMerchant,Bailey56@fkaxis,N,6ec8bdeda3b88af2ccbd04e4,4722
2024-09-01 00:00:00,480.62,U67,SUCCESS,161397806091,286da505-fd29-4643-9148-2caaa327b616,razorpay.burger@timecosmos,Person,Dayton.Koss@abfspay,N,7bae5d5b6f9aa7ad9a2fc42b,5814
2024-09-01 00:00:00,23.45,U78,FAILURE,030827025665,aa349440-86fe-4242-bda3-9ea60bd214e9,tripay.expedition@timecosmos,PayMerchant,Demarco.Harber24@ybl,N,f8efd325ff17b96fc583e17b,4722
2024-09-01 00:00:00,7.72,U30,SUCCESS,098108954520,9c129a98-43a9-459c-8f30-a0e7cce759dd,airpay.scooter@timecosmos,payMerchant,Chesley.Welch34@axl,N,77fa7b498e08bfa87ca69b0d,5816
2024-09-01 00:00:00,684.57,U09,SUCCESS,495683263827,b6d6e852-c168-4645-b9d2-f545b1866d6f,airpay.airplane@timecosmos,PayMerchant,Shad_Toy56@abfspay,N,53fc7ceae6881bbbf36cb01e,5816
2024-09-01 00:00:00,52.18,U30,SUCCESS,155260661509,11c72275-8d18-4ac0-ad6c-bcbddd71d367,finopay.foodland@timecosmos,PayMerchant,Everardo.Brakus84@axl,N,7ef5b03daf06cbec635aafef,5411
2024-09-01 00:00:00,830.05,U09,FAILURE,606827282957,1b8749f7-359f-4f88-bcef-2a127902f236,airpay.truck@timecosmos,payMerchant,Jevon42@oksbi,N,17c6c8fc6f932e3c33bffe36,5816
2024-09-01 00:00:00,244.06,U09,FAILURE,790372527121,97fe1871-da4b-47c9-b00a-48c2fb38d191,airpay.submarine@timecosmos,Person,Edmund.McDermott98@rapl,N,89ce9c450ab7cb7defcc0dcb,5816
2024-09-01 00:00:00,242.46,U67,FAILURE,756848143190,08428445-858a-463a-a950-720b03154583,airpay.submarine@timecosmos,PayMerchant,Kamren49@okicici,N,d779ea17e931627edca8a9ed,5816
2024-09-01 00:00:00,696.07,U09,SUCCESS,117009874143,6088524c-d534-4382-bf7f-1cdcad55c194,airpay.airplane@timecosmos,payMerchant,Bertram.Bauch90@fkaxis,N,8c7ab7a10e045ed449d21564,5816
2024-09-01 00:00:00,60.41,N,SUCCESS,572587203918,d5154236-5475-4bc8-b3e7-f01858d4a3e3,finopay.organic@timecosmos,PayMerchant,Filomena68@ybl,N,295ac6299711a341bfd95fe1,5411
2024-09-01 00:00:00,131.35,U78,SUCCESS,163226136839,78b5ea43-0b30-40ea-8034-53623b816420,finopay.freshmart@timecosmos,payMerchant,Margie_Howell@abfspay,N,73db4ef4c15cc82bccc4c123,5411
2024-09-01 00:00:00,612.48,S96,DEEMED,952044556214,0249d768-2703-40ed-b406-4a66ecb8493f,tripay.vacation@timecosmos,payMerchant,Maritza_Sauer@idfcbank,N,e6cbe4cebdd11cf891e51d41,4722
2024-09-01 00:00:00,812.35,S96,FAILURE,956300926302,b041d21a-6aae-4298-bfa7-e24c28f88c87,jiopay.data@timecosmos,payMerchant,Reta_Hudson55@idfcbank,N,ed103663d1ddecdcf1fe3c8a,4814
2024-09-01 00:00:00,112.92,U78,DEEMED,315400873074,d627739f-8eb3-4425-85ca-a5d427e72a23,razorpay.sushi@timecosmos,PayMerchant,Lew_Senger@yapl,N,ead7bf4bc7255d033847ddb6,5814
2024-09-01 00:00:00,984.51,U30,FAILURE,280859164140,8bfd9a7c-d7c4-41e4-8b7e-8566dcacdc09,tripay.tour@timecosmos,Person,Leon.Bashirian@okicici,N,bb1eb65ad39ce0a714a51adb,4722
2024-09-01 00:00:00,428.86,N,FAILURE,687269392684,237f45d7-5f0d-4bdb-b686-7a296a49bdf4,airpay.bike@timecosmos,PayMerchant,Eric_Baumbach76@rapl,N,42291a35ad5ecdecadfe7bfd,5816
2024-09-01 00:00:00,974.70,U78,DEEMED,870477173933,6cec34a8-8b9d-46fd-a98e-fa075c38ca90,airpay.helmet@timecosmos,Person,Alvina0@ybl,N,e2dec44b0b0cf6e3b6dc7ea3,5816
2024-09-01 00:00:00,716.67,S96,SUCCESS,562735012545,3d153637-0564-4d30-95b6-61d90f879d8a,razorpay.dessert@timecosmos,PayMerchant,Rhianna.Hane@abfspay,N,fba798aa3dec3e0d2905e3ee,5814
2024-09-01 00:00:00,497.72,U67,FAILURE,706338682248,b083610e-8895-49d4-b132-81f6590ba6f3,airpay.bike@timecosmos,payMerchant,Landen_Christiansen2@oksbi,N,743cbd8be6a7fc43161fef46,5816
2024-09-01 00:00:00,862.25,S96,FAILURE,919602763488,d3e4cdcb-9246-4465-b923-22b09c2a1c11,jiopay.cable@timecosmos,PayMerchant,Terrill_Sanford60@apl,N,afcced9c4a2ba8d1ca1ba4ee,4814
2024-09-01 00:00:00,658.99,U67,FAILURE,564286588497,4352baf8-bff4-4d9f-a413-370a36cdfcec,jiopay.mobile@timecosmos,PayMerchant,Fredrick_Borer@icici,N,90d6cfefff57e152e0deca45,4814
2024-09-01 00:00:00,349.39,U31,DEEMED,351218755832,41ba1c45-7a89-4335-b2bb-a63a6bbebee0,airpay.robot@timecosmos,PayMerchant,Eldridge_Conn@rapl,N,14b7d2a410dfbcdcabaafa7d,5816
2024-09-01 00:00:00,249.48,U31,FAILURE,790526344225,3bfa739c-26e4-497b-9681-18a0e6837b02,finopay.town@timecosmos,Person,Willy.Gottlieb78@okicici,N,1d3efc3b1747e738c658c3b6,5411
2024-09-01 00:00:00,725.31,N,SUCCESS,090708224310,3d5e92bf-6b0c-4255-904c-2a8fa6eebd11,jiopay.wireless@timecosmos,payMerchant,Duane_Marks@apl,N,aa7c7afccee0debbd469554a,4814
2024-09-01 00:00:00,144.92,U30,FAILURE,643673295538,fb8ddcfd-6de9-4df0-b1e0-c85f42b128d5,tripay.expedition@timecosmos,PayMerchant,Jedidiah75@okaxis,N,8e88abcdbbace41cfbfdf9cb,4722
2024-09-01 00:00:00,427.91,U09,FAILURE,028343627563,ee1e2bdc-5c9d-4de5-bef2-94e0607e7a02,finopay.organic@timecosmos,PayMerchant,Deven_Wisoky44@yesg,N,484b13c9bcf6c54aa1dbd3f6,5411
2024-09-01 00:00:00,664.35,U78,SUCCESS,048444008797,9f85431f-da10-41ef-9c20-0016e1712953,airpay.airplane@timecosmos,PayMerchant,Jewell.Raynor29@okaxis,N,cf8c449c82d6beceaf4ed040,5816
2024-09-01 00:00:00,183.18,N,FAILURE,946744436817,96271402-0397-4820-9b14-d8225c153153,razorpay.soup@timecosmos,payMerchant,Sydnie.Senger@oksbi,N,c7dddac6533c766cb0074928,5814
2024-09-01 00:00:00,698.38,U09,FAILURE,498102439610,a2df0dc1-eba8-47e2-b0c2-a212950ff208,tripay.adventure@timecosmos,Person,Amir.Strosin16@fkaxis,N,ebae0ba9905f46cbe7dbf5b0,4722
2024-09-01 00:00:00,952.67,U67,FAILURE,859665995715,7ce95b68-d822-4b6d-9a32-ec396b72d561,tripay.explore@timecosmos,payMerchant,Destinee.Wisoky88@okicici,N,bd80d00d842c96e12fb7b45d,4722
2024-09-01 00:00:00,81.22,U78,DEEMED,829742248508,7aa1cf0c-3192-4d93-95ee-95172973244f,razorpay.steak@timecosmos,payMerchant,Everardo_Pfannerstill@rapl,N,eba00b33e4da87585cc0cd62,5814
2024-09-01 00:00:00,859.18,N,FAILURE,354828307959,e48ba530-e756-4102-bc2e-8e626d18be11,tripay.getaway@timecosmos,payMerchant,Alice23@oksbi,N,1169edff2b8bdf0dcadffc55,4722
2024-09-01 00:00:00,515.47,S96,FAILURE,243262279970,e432e960-e4bc-4f31-bc25-6264085c4e98,tripay.globetrot@timecosmos,Person,Laverne71@fkaxis,N,0eee0ddae940d1e71d3a4c8e,4722
2024-09-01 00:00:00,202.44,U67,FAILURE,333036232043,5aa95a32-fbd9-478e-b105-418ed6c89889,finopay.marketplace@timecosmos,Person,Brad.Abbott7@okhdfcbank,N,cec275fde2bfedc7b97eed40,5411
2024-09-01 00:00:00,268.35,U67,FAILURE,995823425097,8f9581d3-8d6d-4a83-8b0e-ea5022720952,finopay.corner@timecosmos,Person,Bette.Wintheiser35@okaxis,N,7c52a1d9e7b55b6d329115ee,5411
2024-09-01 00:00:00,66.50,U31,FAILURE,910631766580,84bf972a-7e0d-4002-b2a1-b23843fd2b6b,razorpay.pizza@timecosmos,PayMerchant,Billie_Gutmann42@timecosmos,N,1bc98e99a328ecc735dcd84b,5814
2024-09-01 00:00:00,554.55,U09,SUCCESS,122620246487,db2da502-4b6d-4dac-964a-ad4327d0f51f,razorpay.pasta@timecosmos,payMerchant,Adelle29@rapl,N,acfb5efc09d1a60769ebe8fb,5814
2024-09-01 00:00:00,666.02,U31,FAILURE,291220823353,146fd0d1-3313-419d-8855-a03bf4843ea1,airpay.submarine@timecosmos,PayMerchant,Lonie.Kreiger16@rapl,N,cbe3be555a8fe47cfc19d8d7,5816
2024-09-01 00:00:00,968.69,S96,FAILURE,397882366808,9084b3c1-b6dc-4c08-bd8e-bccf218689e4,razorpay.vegetarian@timecosmos,Person,Brooklyn.Skiles57@idfcbank,N,91ad9ae3ab0386fce568b8ab,5814
2024-09-01 00:00:00,854.66,N,SUCCESS,997421141543,1974a7e8-c97d-4c55-b49a-f7858b5475f8,jiopay.mobile@timecosmos,PayMerchant,Dovie_Kuphal@okhdfcbank,N,fc4c0982559fdc348ac7fadd,4814
2024-09-01 00:00:00,377.21,U67,SUCCESS,069011640514,ab44428b-19ce-4188-bf04-e4e4ef50f4ce,tripay.vacation@timecosmos,PayMerchant,Jaclyn.Zboncak@paytm,N,fee25fdb4ee1c1d4bde0757c,4722
2024-09-01 00:00:00,383.14,S96,DEEMED,102209746647,afb6d93a-e556-4fc9-89d5-d35db8e85b01,finopay.dailygrocer@timecosmos,Person,Sidney.Stracke@paytm,N,e0cd1092dbd45b6e1fde641d,5411
2024-09-01 00:00:00,529.23,U30,SUCCESS,681484260721,275023f9-a84f-4b12-ab6f-6394c1de2b5b,tripay.adventure@timecosmos,payMerchant,Earnest.Kohler42@abfspay,N,f67aa4db66cd8424de012e03,4722
2024-09-01 00:00:00,986.35,U78,SUCCESS,121780990181,18e0a541-76c1-4923-a704-0fcad1f8ad9e,airpay.scooter@timecosmos,Person,Maeve.Purdy@rapl,N,ef46108dcf2dcdaf411ceeb4,5816
2024-09-01 00:00:00,114.50,U09,FAILURE,085304410746,4216f238-4ac5-401c-92f3-0ac32d7df4b9,airpay.scooter@timecosmos,payMerchant,Alyson39@okicici,N,f72fce06bc37c83726d0d9df,5816
2024-09-01 00:00:00,685.66,U31,SUCCESS,911112255728,6371ec36-375e-47d9-b7af-e7f1e987618f,tripay.wander@timecosmos,PayMerchant,Cathrine.Schimmel@okicici,N,9adabe558fb5e0d76c0eefe5,4722
2024-09-01 00:00:00,692.10,S96,DEEMED,687946874565,e204fe93-6217-4317-9bd4-290475843a3b,finopay.marketplace@timecosmos,PayMerchant,Cyril91@abfspay,N,dd7f69db8f0412b143498ce5,5411
2024-09-01 00:00:00,232.30,U31,SUCCESS,413205061805,93e4c87f-0f01-4365-9150-6a19e599abfb,jiopay.cable@timecosmos,Person,Marjorie_Yundt@timecosmos,N,c6ce1bbff5acef6adaa43e75,4814
2024-09-01 00:00:00,516.05,N,FAILURE,975657168174,d26a8952-2d33-46c6-ad1c-d4e990e26b08,airpay.robot@timecosmos,PayMerchant,Leonora91@axl,N,e52ce8a125b4fa432c7729fc,5816
2024-09-01 00:00:00,931.79,U78,FAILURE,323076633635,a7c2f8e5-7e70-4594-a757-b7bde723e813,finopay.greenbasket@timecosmos,PayMerchant,Lew_Nicolas@yapl,N,3e2b4e815a49c1ada43ac43c,5411
2024-09-01 00:00:00,583.46,U30,FAILURE,436035358204,0ce271ad-008c-48d9-9813-d256e46a049e,finopay.foodland@timecosmos,payMerchant,Travis_Rosenbaum21@idfcbank,N,dc47b1f48ba7ffeb43cae5eb,5411
2024-09-01 00:00:00,272.00,U67,SUCCESS,455843645207,9a34fcbc-f7d3-489e-944f-11bd75d2d68d,tripay.expedition@timecosmos,PayMerchant,Makenzie.Grady@fkaxis,N,3d13d23cd02d08aae8afad58,4722
2024-09-01 00:00:00,410.56,U09,FAILURE,400811699774,ef94619f-15e3-435c-95ec-32f239f4b47d,finopay.bulkstore@timecosmos,PayMerchant,Jimmie.Parker-Kilback@abfspay,N,facdfecdc051fe1a2fbe5ed6,5411
2024-09-01 00:00:00,265.48,U31,FAILURE,559750518089,a571e3cd-491a-40f0-a16a-9180971c9e11,airpay.bike@timecosmos,Person,Vernice_Marks@yesg,N,8f46f1fb8bef4dc71b2eb86e,5816
2024-09-01 00:00:00,542.26,U67,FAILURE,421141926829,89510b77-268c-4626-a16c-d3e0a373e795,airpay.car@timecosmos,PayMerchant,Concepcion.Herman@ybl,N,dfa5cce074ada37300d7fb09,5816
2024-09-01 00:00:00,884.09,U31,FAILURE,435539167469,4a46fbf8-4bca-46c2-928e-cadd7f01818c,finopay.greenbasket@timecosmos,PayMerchant,Hunter.Kuhlman37@yesg,N,1a7cfad2d9cb532d9e83b357,5411
2024-09-01 00:00:00,595.96,U67,FAILURE,956938708012,6dbc98fe-c4d8-4ffd-8a79-4d5ba662fa09,airpay.scooter@timecosmos,payMerchant,Delores40@abfspay,N,48ebbcac63bae56ce9f0740d,5816
2024-09-01 00:00:00,547.99,U30,SUCCESS,448492263906,7c127a98-e099-4b66-b995-d045aeb8a740,jiopay.convergence@timecosmos,payMerchant,Jaylin.Kerluke@paytm,N,1f68d3cdcf32b7ed4bfcc95a,4814
2024-09-01 00:00:00,669.27,N,SUCCESS,469971037407,2066bc92-0ca1-4a21-9bf4-111235fbb587,tripay.globetrot@timecosmos,payMerchant,Margaret53@oksbi,N,bc7d37a24f23a5ca7f9c517a,4722
2024-09-01 00:00:00,398.02,U31,DEEMED,117923289016,93a2af5f-afa7-4ee4-9190-17b4f763f7f5,finopay.timecosmosrite@timecosmos,Person,Joshua.OHara18@idfcbank,N,7c32dbcbb1643bfaecdb0d1e,5411
2024-09-01 00:00:00,686.54,U67,FAILURE,792192101399,3efb279b-0969-4b86-9240-6c3dc24f06cd,airpay.car@timecosmos,payMerchant,Marian_Ward52@yapl,N,89c6a1a908bafb6cdc53c8ea,5816
2024-09-01 00:00:00,537.18,U67,DEEMED,959287738311,f24a8dab-a1fb-4c71-8628-cc84ca4a861d,jiopay.internet@timecosmos,payMerchant,Owen4@yesg,N,92236cf9fefdd4dfa9cf91eb,4814
2024-09-01 00:00:00,740.07,S96,FAILURE,100850280270,cff5597d-b077-4290-9afe-11089338e5b4,jiopay.mobile@timecosmos,payMerchant,Cassie_Cole@fkaxis,N,a13fe1da9dc8b4cf40c1bf7e,4814
2024-09-01 00:00:00,187.08,U09,FAILURE,009245055750,617606e4-e397-4259-ba7a-880f6e8a4497,airpay.helmet@timecosmos,payMerchant,Valentine.Stehr49@abfspay,N,9b9b3fb0af8bf173ad5abdcc,5816
2024-09-01 00:00:00,633.87,S96,FAILURE,723276932897,d35d08a5-aa86-4815-b636-a4ba99ec25e0,airpay.submarine@timecosmos,Person,Lucinda.Reichel72@okhdfcbank,N,9e3989675447b3d6a0916bb7,5816
2024-09-01 00:00:00,492.31,U67,DEEMED,212699059362,ea36a069-9fcf-46a9-8bd1-6f4037a7ccc7,airpay.submarine@timecosmos,Person,Bessie.Daugherty@fkaxis,N,7d05cba2c2acdcefab1a466e,5816
2024-09-01 00:00:00,646.67,N,FAILURE,147449534720,0eb0850b-b7e8-4984-9094-c72ae87a0752,finopay.corner@timecosmos,PayMerchant,Dallin13@apl,N,7b713755a21ddebb8afb2fc6,5411
2024-09-01 00:00:00,536.95,U30,FAILURE,450568642528,28fde216-8842-408d-955b-5f4944ab0504,tripay.explore@timecosmos,payMerchant,Zelma.Armstrong@yesg,N,4016aefdf5e6c7cecaaefafc,4722
2024-09-01 00:00:00,991.16,U78,SUCCESS,684675651029,0fffe09b-b08a-45ac-b527-c43d1d958122,airpay.bike@timecosmos,PayMerchant,Gabriella.Champlin65@idfcbank,N,b925b0b9875d6eeba5ffc6e1,5816
2024-09-01 00:00:00,37.52,U67,SUCCESS,370246076561,6c72f152-ec93-4951-bc87-7a2d53e08fb7,airpay.helmet@timecosmos,PayMerchant,Rosemarie70@axl,N,efbca4b5dcb4df179bfc9ec7,5816
2024-09-01 00:00:00,516.08,N,FAILURE,151072912756,9f51cdc0-ab13-4232-865c-ba1185f6f873,tripay.tour@timecosmos,PayMerchant,Zakary.Schaden@idfcbank,N,f8626feb9ee22ef2833ab10b,4722
2024-09-01 00:00:00,343.91,S96,FAILURE,687724747112,8f8ded3d-ee02-47d3-8e48-f656040f1810,airpay.airplane@timecosmos,Person,Itzel.Morissette73@yesg,N,d7aa306ebbce50f7519e6502,5816
2024-09-01 00:00:00,555.91,U09,FAILURE,633870147031,57c5ca73-fa3e-41be-8721-9db1f6819c55,jiopay.data@timecosmos,payMerchant,Desmond.Gerhold44@okicici,N,6900cce9f00dba3d86d80eb4,4814
2024-09-01 00:00:00,840.59,U31,DEEMED,009628138479,289f8462-79f2-47f8-b58f-c85d30ccfbc9,jiopay.fiber@timecosmos,Person,Carole.Bartell28@timecosmos,N,90a7cfd2e1619bec400adad0,4814
2024-09-01 00:00:00,668.40,U31,SUCCESS,540014110434,e1fc756b-6aa6-4968-bc2a-2911c3106a3e,jiopay.wireless@timecosmos,payMerchant,Tony36@apl,N,f3fe24db563bd7eb2bfd2c65,4814
2024-09-01 00:00:00,864.71,U78,SUCCESS,955762990239,084efc20-64af-4544-ad85-01ef5147525e,tripay.vacation@timecosmos,payMerchant,Amelia40@okicici,N,b0bb8daec3bbac2d3d7fb2ca,4722
2024-09-01 00:00:00,742.65,U67,SUCCESS,423583481690,cd4868d6-ae63-4dd7-9ca7-42a97dc2d8a9,finopay.foodland@timecosmos,Person,Jonathon_Bechtelar88@yesg,N,2fdfe96b3ad8c80bef8c6b7e,5411
2024-09-01 00:00:00,924.72,N,DEEMED,527927177635,772a1947-a333-4fb8-b842-63050f15c77b,finopay.corner@timecosmos,PayMerchant,Una.Lindgren@okicici,N,fe5ecdcec2cdaadcc1ab17a2,5411
2024-09-01 00:00:00,39.67,U31,SUCCESS,427834927038,c3660578-ac8c-4817-a458-93f067d3cf92,airpay.boat@timecosmos,PayMerchant,Lura79@paytm,N,fedac6f7cd1f05d2b1edc1d1,5816
2024-09-01 00:00:00,148.71,U67,SUCCESS,339755184728,5b7aef2f-5da3-4a1e-81ff-e070ee838cd2,jiopay.satellite@timecosmos,payMerchant,Pete_Thiel27@idfcbank,N,c604d6be830cd665be73ddd6,4814
2024-09-01 00:00:00,82.70,U31,DEEMED,201173473064,20288cd3-079a-40b8-a2b1-06d4d3992533,finopay.foodland@timecosmos,payMerchant,Zelda26@fkaxis,N,9c90db3f2aa2a42d6a18e5f5,5411
2024-09-01 00:00:00,447.14,U30,FAILURE,888157464781,9c9042f0-852a-44d2-a5ec-faa332fc1e12,finopay.freshmart@timecosmos,PayMerchant,Kaitlin27@yesg,N,b0bdfc3d234ffcf9c7aa1eeb,5411
2024-09-01 00:00:00,844.50,S96,DEEMED,442839063958,5617ebcc-6ca0-4bbd-a674-37dd4870b340,jiopay.internet@timecosmos,payMerchant,Nels.Hagenes@timecosmos,N,dc193cce35ad3a9be2dd8769,4814
2024-09-01 00:00:00,584.36,S96,FAILURE,939325295445,63133588-b2cb-418a-8efe-bf19a989a138,finopay.dailygrocer@timecosmos,PayMerchant,Clinton_Haley18@okaxis,N,9aae8618b6327be0accccfbb,5411
2024-09-01 00:00:00,956.21,N,SUCCESS,677809982819,3b9ac371-df9b-4b02-b8f8-cc02418cf3de,airpay.airplane@timecosmos,PayMerchant,Bessie_Osinski66@ybl,N,db2af49f97c9a6c66a463c4e,5816
2024-09-01 00:00:00,742.96,S96,FAILURE,988897387658,f8417e0a-6bf9-48a9-9fc7-bb6d3497520e,finopay.greenbasket@timecosmos,Person,Kailey77@okhdfcbank,N,abfdc1dac107922dedf8287c,5411
2024-09-01 00:00:00,947.33,U78,FAILURE,512724731520,e16d2f1a-e538-4f60-a6a6-8df13fe0ef1f,razorpay.pizza@timecosmos,payMerchant,Isabella27@okaxis,N,8113f1a7c6dcff94660dc6ed,5814
2024-09-01 00:00:00,39.36,U78,SUCCESS,814898877513,c2b5e930-e961-4b40-8bbf-2b2726fc95ef,razorpay.burger@timecosmos,PayMerchant,Zechariah36@timecosmos,N,e9a3e1ff97c2fc7a519eeecd,5814
2024-09-01 00:00:00,758.65,U09,FAILURE,872457492490,b962c015-a07c-464d-8133-9616bdba8e8b,razorpay.pizza@timecosmos,Person,Winnifred41@icici,N,3fad4b60b930cb143656fc63,5814
2024-09-01 00:00:00,267.35,U78,FAILURE,329859789147,28831de5-b2b8-4059-9365-721ac7af4816,jiopay.voip@timecosmos,Person,Forrest.Frami@timecosmos,N,dfdbd2faff3c4d095f410a12,4814
2024-09-01 00:00:00,292.88,U67,SUCCESS,767603688416,ccf3760d-5bd0-4242-b168-dec8aaa391ac,tripay.wander@timecosmos,PayMerchant,Nellie.Kassulke@yapl,N,fca44c7acc1603c97edb5e3e,4722
2024-09-01 00:00:00,998.42,S96,SUCCESS,882486250377,df5f1b43-d7e9-431f-9573-86e483bb641e,tripay.adventure@timecosmos,payMerchant,Ulises_Stehr@abfspay,N,4eed3f3be8a6d02ee6295bcf,4722
2024-09-01 00:00:00,791.33,U30,FAILURE,530810495105,8980662b-5e79-4ac7-a2f8-6015113d5460,tripay.escape@timecosmos,PayMerchant,Milton_Bergstrom3@ybl,N,3073cd9a705775aa583b8124,4722
2024-09-01 00:00:00,718.24,U78,FAILURE,493599020526,0d8f4c15-796f-4202-b518-e8d2d6360ac7,razorpay.dessert@timecosmos,payMerchant,Heidi.Braun@axl,N,bdb24a4b4fa8afdf6cb1b2e2,5814
2024-09-01 00:00:00,657.53,U09,SUCCESS,293942228300,e0f15a12-565d-4dc8-a410-dcfd197b6890,razorpay.vegetarian@timecosmos,Person,Owen.Quitzon@icici,N,dde87cfecb3a8adbd4caf24b,5814
2024-09-01 00:00:00,282.49,N,FAILURE,604644331326,da9a6579-8675-4f36-8a93-42fc1ed2255c,razorpay.pasta@timecosmos,payMerchant,Brayan_McDermott@yapl,N,f687a7a38ce63ec655cc0b80,5814
2024-09-01 00:00:00,323.84,U67,SUCCESS,613573240192,6d6247d6-172e-471f-8c9c-0435ffacdb25,jiopay.broadband@timecosmos,payMerchant,Margot82@fkaxis,N,d81da0fb828daf9b679ac5aa,4814
2024-09-01 00:00:00,281.40,S96,SUCCESS,354306901360,15ff0d1c-922e-4985-b19a-3322225cc1f2,jiopay.mobile@timecosmos,PayMerchant,Tina.Jaskolski21@timecosmos,N,f6ac452d2d55a3fd8bcdc751,4814
2024-09-01 00:00:00,681.29,U67,SUCCESS,635126078346,007e29db-fc88-42de-9cd2-5416b12cb4f0,jiopay.cable@timecosmos,PayMerchant,Molly.Hauck9@okicici,N,2fde0dd4addc207732db794c,4814
2024-09-01 00:00:00,111.26,U31,SUCCESS,515824757283,bed3683c-f5f3-48a5-b30e-8cfa718c6aa9,airpay.boat@timecosmos,payMerchant,Columbus63@ybl,N,e26fe45f71493d2cb0ebae69,5816
2024-09-01 00:00:00,265.16,U78,FAILURE,079078650048,29d77a33-c36f-41a4-b8ef-cd49434a4ca1,razorpay.vegetarian@timecosmos,Person,Maxime.Pagac49@timecosmos,N,2cfc9f139bc3645599a0c2bc,5814
2024-09-01 00:00:00,255.11,S96,SUCCESS,932710513244,10150c73-6622-498c-b287-631c4f65f464,tripay.destinations@timecosmos,PayMerchant,Brady.Paucek@fkaxis,N,3eb62a78ffcc8443991ca604,4722
2024-09-01 00:00:00,14.18,S96,FAILURE,908639078861,e55b2b19-64dc-4297-927e-d66684420b3e,finopay.corner@timecosmos,payMerchant,Mazie78@paytm,N,e5f99dbe8fc61fd4b0b419dc,5411
2024-09-01 00:00:00,716.05,U09,SUCCESS,581008200918,0772da4a-d0e9-45ea-b464-e4c882ac01c3,tripay.escape@timecosmos,PayMerchant,Isom19@okicici,N,cd01d7fcecadcd6ca5f22c73,4722
2024-09-01 00:00:00,976.73,U67,DEEMED,620757713341,44511910-0a2f-450b-ab61-2adb16ffb967,tripay.escape@timecosmos,Person,Rowland_Johns33@oksbi,N,3b14944ed98eb79a4da97c63,4722
2024-09-01 00:00:00,659.99,N,SUCCESS,077217414312,fe6ee276-7769-48aa-9690-509b76b0de82,tripay.adventure@timecosmos,payMerchant,Kaleigh.Sipes@apl,N,584aa30d0ceca37ba3eab7ea,4722
2024-09-01 00:00:00,284.95,N,SUCCESS,793285892695,bc0611ff-5abc-4cdf-856f-17ea32f760fe,airpay.car@timecosmos,payMerchant,Ewald_Corkery25@icici,N,aa99126cddff7ada8a214a67,5816
2024-09-01 00:00:00,142.78,U09,FAILURE,050920190501,5fdc81dc-8f11-42ea-b2e7-01d979f0c190,finopay.bulkstore@timecosmos,Person,Delpha.Leuschke18@fkaxis,N,cb2fba1abcdc1cad36c3346b,5411
2024-09-01 00:00:00,137.56,U67,FAILURE,755841683743,e1cfb344-2c35-4950-a155-ee458fc0be3b,airpay.airplane@timecosmos,payMerchant,Kennedy_Cronin20@okicici,N,9f3b04b15ed0ccfd7e075e79,5816
2024-09-01 00:00:00,491.69,S96,DEEMED,075867636973,4030c583-4ece-4124-bc61-50f42aee1c1d,razorpay.vegetarian@timecosmos,Person,Destin69@ybl,N,f36c2c63746bc0ebfef50acc,5814
2024-09-01 00:00:00,272.78,U09,FAILURE,777059693767,9e14c7e8-3150-4019-8313-3a304ba7487d,finopay.corner@timecosmos,PayMerchant,Shawna54@abfspay,N,5b2f5cc72ed95cef06095cad,5411
2024-09-01 00:00:00,939.54,S96,SUCCESS,676224890945,6d06774e-f7d7-4009-93d3-acab6650cf38,tripay.getaway@timecosmos,payMerchant,Rosanna_Schoen7@paytm,N,16802ad44f092bbbaff5454b,4722
2024-09-01 00:00:00,256.84,U78,SUCCESS,602376507198,d82b7fb4-a317-4cdf-b2ca-f282c324d809,tripay.escape@timecosmos,PayMerchant,Sandy.Abernathy81@idfcbank,N,bcbd0cdacaeba9fd41c122bd,4722
2024-09-01 00:00:00,501.64,U30,FAILURE,462737564219,1607a0cb-c16f-4436-bf5f-0837a77dd034,airpay.bike@timecosmos,Person,Wyman34@apl,N,f2e2b86ccf8dbb4638f367d3,5816
2024-09-01 00:00:00,262.15,U67,FAILURE,719850972338,2b1f714e-7559-42f6-9352-2bc4cc324ec8,jiopay.voip@timecosmos,PayMerchant,Caleigh_Parisian@yesg,N,5a936bbaac7c86eb0ead3ce7,4814
2024-09-01 00:00:00,386.77,N,FAILURE,016298574264,89b98675-709f-436a-ab4a-837bd9bb98ef,finopay.foodland@timecosmos,payMerchant,Lauryn_Hammes50@yesg,N,cccfd4a16d5c6a4edb50c192,5411
2024-09-01 00:00:00,386.88,S96,DEEMED,293218986515,b0fbc963-4e64-4413-a5ac-3d322eb56956,tripay.destinations@timecosmos,Person,Dana43@abfspay,N,cdad1cc00effc934d79b1a9a,4722
2024-09-01 00:00:00,507.41,S96,FAILURE,700641344513,821c29de-b71e-466f-8cda-ef27c5aab3be,razorpay.dessert@timecosmos,payMerchant,Eleanore.Wolf79@okicici,N,0496edbe888aa30ddf778f2d,5814
2024-09-01 00:00:00,126.28,S96,SUCCESS,442436235713,5d04a2b8-8ca3-439d-a95f-1fc2d867e607,tripay.vacation@timecosmos,Person,Rowena61@abfspay,N,ba7c1a1c63fda0eff7ce9072,4722
2024-09-01 00:00:00,807.14,N,DEEMED,439985289853,a99fe179-5048-4082-b351-72e9a0eaa4e5,airpay.helmet@timecosmos,PayMerchant,Lindsay_Hickle40@yapl,N,afb0c80ee2d7f93d46a4e48d,5816
2024-09-01 00:00:00,931.27,U31,DEEMED,450408636327,bf7423db-7115-433b-80e6-af2173985545,tripay.getaway@timecosmos,payMerchant,Nannie69@apl,N,fe41ae65df3e0d890b1a7c55,4722
2024-09-01 00:00:00,528.22,U09,FAILURE,479811225043,05e288ab-ed49-467a-89da-350edd5ed22f,tripay.vacation@timecosmos,Person,Paxton_Marks39@icici,N,bc49deda5fb1b763baed56e5,4722
2024-09-01 00:00:00,979.55,N,FAILURE,999801124959,a4f4ac0c-adfb-4105-aa1c-ca7202d1cc4b,finopay.organic@timecosmos,payMerchant,Jermey.Rau@idfcbank,N,80e7455d1fecdd7b29fcd3db,5411
2024-09-01 00:00:00,700.35,N,FAILURE,650350018924,5c4adbc1-90d4-463f-8651-82dcfe0fc4f7,airpay.car@timecosmos,payMerchant,Donna56@okicici,N,ae10cb6cdce7fcdfbad6d2bd,5816
2024-09-01 00:00:00,76.87,U78,FAILURE,557148570159,c69ad7af-47a9-472a-be70-1596279a3c51,airpay.bike@timecosmos,Person,Johanna89@okhdfcbank,N,654e71e2ebcfc32dee41cdea,5816
2024-09-01 00:00:00,34.60,U09,DEEMED,735348944739,aefbae09-92b6-4ee7-a76a-3102c5c9e3a1,airpay.truck@timecosmos,Person,Larry.Walsh73@abfspay,N,869ac8ab1dc5b29adce55ee9,5816
2024-09-01 00:00:00,481.05,U67,SUCCESS,807392812522,8e37d585-ad83-45db-9454-c80503962e4d,razorpay.pizza@timecosmos,PayMerchant,Felipa.Robel12@oksbi,N,a12bdfeb559f9e0df9a28268,5814
2024-09-01 00:00:00,143.73,U30,FAILURE,133414906965,673f5d21-45fd-4b1c-a487-548d8794f14a,finopay.freshmart@timecosmos,payMerchant,Hertha.Schultz@paytm,N,a3099effa03cbfddd0b5da9d,5411
2024-09-01 00:00:00,713.35,S96,FAILURE,695258064195,db8c505d-d1a1-407a-9b41-63c2fc93bfbd,jiopay.mobile@timecosmos,PayMerchant,Clark_Cruickshank35@icici,N,49f61de1ec4aeb1a0b8dbb56,4814
2024-09-01 00:00:00,94.34,U78,DEEMED,068872644459,4412c717-e4da-4e11-84b8-893db640bb34,razorpay.dessert@timecosmos,PayMerchant,Audra.Hintz@okaxis,N,05fcfd5e2cfb5ccee9a0ea63,5814
2024-09-01 00:00:00,861.87,U09,FAILURE,313904578989,dfbac01a-84dc-4977-95d2-73d038e8977a,tripay.explore@timecosmos,PayMerchant,Sadye.Pagac@rapl,N,bf208ed8c767c024efb23eac,4722
2024-09-01 00:00:00,662.44,N,SUCCESS,489714570910,4512a4e8-4f6d-4d9b-b3d0-7ddecb509027,airpay.submarine@timecosmos,payMerchant,Brooke.Bechtelar65@okhdfcbank,N,54bfd7cf6e04ebfbe1f9faf5,5816
2024-09-01 00:00:00,633.14,U67,SUCCESS,661394321340,f0d62373-e868-423e-92b0-959d42fb112c,razorpay.salad@timecosmos,PayMerchant,Ferne16@rapl,N,acd8a0c2a902b5185f9aa11d,5814
2024-09-01 00:00:00,89.96,U09,DEEMED,923022998602,7e268376-5286-43ec-9c37-eefce324ed4b,jiopay.fiber@timecosmos,PayMerchant,Shaniya.Predovic@axl,N,560bae6c6fdf7ec530b7c57a,4814
2024-09-01 00:00:00,931.33,U09,SUCCESS,274370791911,a92fa609-c555-4240-ada2-9831ca92efea,finopay.organic@timecosmos,payMerchant,Karli_Howell45@okhdfcbank,N,6312f1d6bf3e83dbdafbf5d9,5411
2024-09-01 00:00:00,497.78,S96,DEEMED,809519244217,9791d952-2231-4f35-a19d-75f6a4956bad,airpay.scooter@timecosmos,payMerchant,Vernice32@oksbi,N,f1fa4cf56b5a5c568ed3cef0,5816
2024-09-01 00:00:00,365.16,N,DEEMED,176655481776,459b4428-7c1c-4f83-9a5a-ff576a730c8c,jiopay.internet@timecosmos,Person,Annamarie67@oksbi,N,e9eeb1fdffb30aa3ff2fc51b,4814
2024-09-01 00:00:00,608.25,U78,SUCCESS,438571090496,6cbd5471-668d-443c-8c1b-7e9a6216622b,jiopay.convergence@timecosmos,payMerchant,Sarah_Ziemann@yesg,N,cbebedf2ecdcccfadaf5836a,4814
2024-09-01 00:00:00,619.37,U30,FAILURE,030734016018,57dd8e41-7fb7-4004-a83d-863552c7166f,airpay.truck@timecosmos,Person,Daija.Feeney@yesg,N,57db60a81cbff4ac7ac43fff,5816
2024-09-01 00:00:00,277.46,U31,DEEMED,663087705221,7b2bd4d9-869e-4b98-9033-901387e3ff2d,finopay.organic@timecosmos,PayMerchant,Mckenna67@oksbi,N,8e8bcf3ff5cfe4caf7aaced3,5411
2024-09-01 00:00:00,887.62,N,FAILURE,465110796873,831b6882-4ee2-4821-9038-b5e4af2c6b66,razorpay.sushi@timecosmos,payMerchant,Marcos28@rapl,N,1037367949dc1da2ff7ce19d,5814
2024-09-01 00:00:00,631.00,U31,DEEMED,401916523497,67622ee8-2320-479b-b4b2-41437362c096,tripay.tour@timecosmos,PayMerchant,Ian_Murphy@icici,N,c66cb7860ebf6a8860cc7ce7,4722
2024-09-01 00:00:00,604.19,U30,SUCCESS,696396819204,3f7fd2d4-d23c-41fd-81d4-06cf51767289,tripay.expedition@timecosmos,payMerchant,Barton.Medhurst73@timecosmos,N,a0ac0bbb2ee9d0fd6ddbbdae,4722
2024-09-01 00:00:00,908.61,U78,SUCCESS,198074797493,cb906c68-f810-452f-b5c8-d134a985b4ff,tripay.escape@timecosmos,PayMerchant,Blair_Jacobi66@ybl,N,6e5ebbec5eb6a38ade2ec5cd,4722
2024-09-01 00:00:00,573.54,U78,FAILURE,297909428841,02ca3f3d-c806-4a62-aa4b-bdf709206e75,tripay.escape@timecosmos,PayMerchant,Araceli.Nicolas77@fkaxis,N,84ffef4b7fafae4b0a857b0d,4722
2024-09-01 00:00:00,824.36,N,FAILURE,266693356650,542a665e-2f84-4846-8abb-ddc50291403b,tripay.adventure@timecosmos,Person,Manley_Veum@apl,N,adc8ca48c6ea337cba7edfbe,4722
2024-09-01 00:00:00,93.38,U67,FAILURE,337457884495,78ea2b62-fcd0-439d-8573-3e3ebdca7f31,tripay.wander@timecosmos,Person,Nigel44@icici,N,fceeaf648760a9d86a04bac1,4722
2024-09-01 00:00:00,221.21,U67,FAILURE,597416716234,040f4bf7-2ec7-4fb8-8b4e-cfd23a503bf9,airpay.car@timecosmos,payMerchant,Reyes_Connelly90@rapl,N,c9da39a72ace0b0ed5f04d48,5816
2024-09-01 00:00:00,754.97,S96,FAILURE,813765872161,198afcc3-be87-48c5-9695-374bb1a68d2a,airpay.car@timecosmos,payMerchant,Lacey.Macejkovic@yapl,N,9f4ce06fcc0b593fa0fac4bd,5816
2024-09-01 00:00:00,922.71,U30,DEEMED,645842934947,df3a8d03-6aff-4f68-a24c-df290050c02e,airpay.submarine@timecosmos,Person,Haskell48@timecosmos,N,8ebeb7c8a18fa39cada43eee,5816
2024-09-01 00:00:00,827.98,U78,FAILURE,279450306881,cf378860-48dc-4b1f-88bd-91b6628b503d,tripay.destinations@timecosmos,payMerchant,Chloe_Romaguera@rapl,N,0be924fbb1ff21dc2bf208b7,4722
2024-09-01 00:00:00,635.55,N,DEEMED,982683814348,db410e2f-9d0e-40ec-81cd-fd2832562ad8,tripay.wander@timecosmos,PayMerchant,Stewart_Davis@paytm,N,214edb6f804fe36ae7ee625a,4722
2024-09-01 00:00:00,368.31,U67,FAILURE,554632105448,22231782-46b0-4145-8078-b3a64bc23e0e,jiopay.mobile@timecosmos,PayMerchant,Doris.Cormier39@okicici,N,61edcef438da958a4abaf59a,4814
2024-09-01 00:00:00,920.60,U31,FAILURE,344012801611,79c0065d-dba4-4827-9558-defa5cf9e62b,airpay.robot@timecosmos,Person,Chaz.Jenkins55@okaxis,N,cb91510dfceb5fccfac6cf6e,5816
2024-09-01 00:00:00,598.85,N,DEEMED,479635286006,96578be3-25e6-4b92-933c-2e3605929b56,tripay.tour@timecosmos,PayMerchant,Ubaldo.Streich@icici,N,aceaacf8fc7f1b68ff0b7351,4722
2024-09-01 00:00:00,291.94,U67,SUCCESS,287761422948,60b6df32-6581-4fe6-97db-c579b7fe3315,jiopay.broadband@timecosmos,PayMerchant,Lilla.Gerhold@axisb,N,d4da6c2bb0d11716fd7a7e4b,4814
2024-09-01 00:00:00,472.97,U30,FAILURE,649260980432,c1674a5f-acbb-40c6-9cee-099010485ee0,jiopay.cable@timecosmos,Person,Thea_Kozey@yesg,N,eaae8f67e6ff59e2318a21fe,4814
2024-09-01 00:00:00,67.94,U31,SUCCESS,428454510061,28e652bd-35d2-47de-9491-e86c46e4c4a5,finopay.organic@timecosmos,Person,Ansley_Pagac77@ybl,N,ebe79becc4169ae7a3ca2d3b,5411
2024-09-01 00:00:00,546.49,S96,FAILURE,543908113266,997b3971-e0c5-4007-b180-969f3a6a3110,jiopay.fiber@timecosmos,Person,Dallin60@timecosmos,N,ff3dfe8489c5dfaa4c3ea4b3,4814
2024-09-01 00:00:00,702.39,N,DEEMED,267826318632,e07e8736-4606-48a6-8d06-5395dedff2c2,finopay.timecosmosrite@timecosmos,PayMerchant,Kenyatta_Quigley@yapl,N,6aae93fcfb83b863ef9e7764,5411
2024-09-01 00:00:00,657.24,U09,FAILURE,705190005434,b2524cdd-db9a-433d-85a7-e674d999766e,finopay.town@timecosmos,PayMerchant,Dan91@okicici,N,e4ef9629e6902ff2bf5e8dea,5411
2024-09-01 00:00:00,52.06,U67,DEEMED,572518343994,d6dfa37c-7475-4254-915e-9c253033499b,razorpay.pasta@timecosmos,Person,Adan_Walsh14@ybl,N,bc1ca7da86a05a8b474d6fed,5814
2024-09-01 00:00:00,656.85,U31,SUCCESS,645259627062,0f7e49e6-0417-4c4e-babe-232d24963a0a,finopay.dailygrocer@timecosmos,Person,Gayle32@oksbi,N,fbd7d1bedad8c655ea6131ab,5411
2024-09-01 00:00:00,367.13,N,SUCCESS,023398996022,39852568-62aa-4ba4-b49c-397f01760732,jiopay.wireless@timecosmos,Person,Daisha_Crooks@icici,N,f7ca62beec86fbf2b754b1e0,4814
2024-09-01 00:00:00,623.48,U78,SUCCESS,729058612893,a03616a6-1e43-41b2-9944-d4d9c5783536,airpay.car@timecosmos,payMerchant,Johnpaul.Bauch56@paytm,N,4966faffeeeab34b9a30fade,5816
2024-09-01 00:00:00,765.99,U67,DEEMED,451519050082,3ff857ba-718f-498d-b87b-c0a9b7758611,jiopay.mobile@timecosmos,Person,Judy.Muller@axl,N,fead68e1bf44cdffa3be35ac,4814
2024-09-01 00:00:00,716.73,U67,DEEMED,083942237413,ababe4dd-6f63-4cfc-83d6-8b3f6b14b210,finopay.bulkstore@timecosmos,payMerchant,Emmalee_Hahn@ybl,N,c6bff2e161eafb8be68f6014,5411
2024-09-01 00:00:00,79.08,U31,SUCCESS,923024215694,af181e47-1bb3-4642-89e1-0b74cdc8c099,jiopay.internet@timecosmos,Person,Natasha.Monahan@rapl,N,af15a1a1f2924eb7a8ba2a21,4814
2024-09-01 00:00:00,980.83,U78,FAILURE,053964779953,d06f8b75-8170-4ccf-827e-423930d231de,airpay.scooter@timecosmos,Person,Sigurd_Wehner93@abfspay,N,4b296a6d2aa1bb3b3ae7cc72,5816
2024-09-01 00:00:00,216.64,U09,DEEMED,093703672038,d50d05c3-9c79-491c-b070-0fb16ddd59f2,finopay.marketplace@timecosmos,Person,Karen.Jacobson@icici,N,ec7053dcb0f52ac7b377b02f,5411
2024-09-01 00:00:00,248.16,U30,SUCCESS,781938451254,e8891d02-0a3f-4be0-93d8-983f0a2ff276,airpay.bike@timecosmos,Person,Edwina.Pollich11@yapl,N,4ef3b7ffede79db022b1199c,5816
2024-09-01 00:00:00,548.73,U09,SUCCESS,594066827750,d18303d7-4ddb-442c-8422-4951716dcd81,razorpay.sushi@timecosmos,Person,Daija3@rapl,N,fcbad17abfe3cf45d17b7bfa,5814
2024-09-01 00:00:00,87.66,U09,SUCCESS,145400137068,c74a8349-7add-4fc1-bef7-ef213bcf0aff,finopay.timecosmosrite@timecosmos,PayMerchant,Khalil62@ybl,N,6d0c11a7a77bf79e73ff1cfd,5411
2024-09-01 00:00:00,81.50,U30,SUCCESS,637052013963,00d0a6da-bf55-45e1-99f8-ef1b6f1ec89c,airpay.helmet@timecosmos,Person,Sam_Towne@icici,N,dc2de87f9ceaf9cdda18befe,5816
2024-09-01 00:00:00,431.68,U30,FAILURE,276850144463,05ab5d0e-15af-4947-aa2c-a9ff07e0e4c5,tripay.tour@timecosmos,PayMerchant,Emmet.Schumm71@paytm,N,f66fc0eebbf31e369deba80a,4722
2024-09-01 00:00:00,67.92,U09,SUCCESS,030483721025,4f47cffc-fc6d-45ad-9cc1-cd3a639864eb,finopay.dailygrocer@timecosmos,payMerchant,Sherman84@axisb,N,cda2a9eeee05f90b2a1ef77d,5411
2024-09-01 00:00:00,408.37,S96,SUCCESS,099234239323,8550e3b5-6fa4-4879-b1cf-bd0792957bb3,razorpay.dessert@timecosmos,PayMerchant,Brianne_Jast-Witting@axl,N,3cb5804efedabbfe17bfabcc,5814
2024-09-01 00:00:00,840.23,U30,SUCCESS,971585283051,65e8f331-c932-4679-b984-2a17d173c422,razorpay.pizza@timecosmos,Person,Neal_Littel75@yesg,N,aa05f09c837caf49aeabca7c,5814
2024-09-01 00:00:00,925.96,U09,FAILURE,990916974302,c08e621c-172d-471e-bc3d-1a84c1dba771,razorpay.sushi@timecosmos,PayMerchant,Mauricio_DAmore47@yesg,N,6bedf506ec3d7ac92a620c1c,5814
2024-09-01 00:00:00,559.89,N,SUCCESS,968447825439,fbb167ff-88f6-4ebb-8ffb-274374b14bd6,tripay.escape@timecosmos,Person,Bertrand.Schmidt@rapl,N,47df5d270aaddec57cb1bbdf,4722
2024-09-01 00:00:00,836.84,S96,FAILURE,080452437276,8401ab6c-12b4-4141-99d3-93c98e4bc987,tripay.tour@timecosmos,Person,Rosanna_Watsica@icici,N,c406aecaa42da846adae8afd,4722
2024-09-01 00:00:00,531.13,U30,SUCCESS,766149846053,480d89b1-fb36-4e2b-8436-2c8372c099ed,finopay.greenbasket@timecosmos,Person,Syble.Harris@okicici,N,5e7a1ad0f0a2bfcd0cb6af4e,5411
2024-09-01 00:00:00,230.43,U09,SUCCESS,211759980364,d0e3d3cf-9743-4913-b296-29c03d83bcbf,finopay.town@timecosmos,PayMerchant,Jacklyn.Hand@paytm,N,e16e4ecdccb2afcc3ef653a1,5411
2024-09-01 00:00:00,383.12,U78,FAILURE,887556999758,7bb2a35b-4d03-402b-82de-786621f29447,airpay.truck@timecosmos,PayMerchant,Madeline30@ybl,N,bec774ef77eafc7cb71c7ec7,5816
2024-09-01 00:00:00,810.79,U30,SUCCESS,309916174979,4af7b094-89ff-49db-ab36-dc67d9ced0a0,jiopay.data@timecosmos,Person,Brandy63@rapl,N,ec14fc64ecc938d52e18ffbc,4814
2024-09-01 00:00:00,540.54,U31,DEEMED,962732482839,8ac98306-2e9f-4dc8-9f75-96afd12ce5f1,finopay.foodland@timecosmos,payMerchant,Ebony_Barrows@yapl,N,39c0d3afc5e469ae93bbd1b5,5411
2024-09-01 00:00:00,694.28,S96,FAILURE,450669100849,2f580d00-8582-42af-a759-bcdb82a076e9,razorpay.soup@timecosmos,payMerchant,Colby75@ybl,N,c052a3449fe2cdff9ee3960c,5814
2024-09-01 00:00:00,661.59,U78,FAILURE,041546337365,9c60e108-b93b-4638-8b75-d995e6e9b20c,airpay.bike@timecosmos,PayMerchant,Carli49@axisb,N,2c1e9f7f27dc1d7b7fdedbc9,5816
2024-09-01 00:00:00,720.21,U78,SUCCESS,455419919913,a07467e2-8b48-475a-8c25-ed124503eb71,razorpay.pasta@timecosmos,PayMerchant,Kaycee.Mayert15@axl,N,c0992d8a9fa24bdaaf7b3a4a,5814
2024-09-01 00:00:00,619.86,U09,FAILURE,748000625011,87cb22a6-9c44-4364-a4c4-8a6d57e878c1,jiopay.broadband@timecosmos,PayMerchant,Christop17@axisb,N,1bba5dd01f4e03b0b1dbc3ae,4814
2024-09-01 00:00:00,216.57,S96,SUCCESS,138555930738,610054cc-9dfe-4959-93f0-9c3f7a2676ea,finopay.organic@timecosmos,PayMerchant,Kylie_Keeling2@rapl,N,411c5b23ea9bcc8c8fab8fcc,5411
2024-09-01 00:00:00,758.22,N,DEEMED,860532106022,a6015b10-c206-496d-a380-f04b0c4462ea,finopay.corner@timecosmos,Person,Rickie59@yapl,N,ecca9f65aadcc0bc03a5f9fc,5411
2024-09-01 00:00:00,873.94,U30,DEEMED,435571013253,adf2d2e6-6591-48fc-b1a7-4e0275ada4d1,finopay.town@timecosmos,PayMerchant,Melba_Koch@ybl,N,4f5f4cdad242c424d70dc0b3,5411
2024-09-01 00:00:00,579.45,U67,FAILURE,685354156652,dc1fbd8a-5b60-4390-9916-ab06b3482fac,jiopay.mobile@timecosmos,PayMerchant,Wilfred.Waters@fkaxis,N,8dfecf8babd2578cbee265fe,4814
2024-09-01 00:00:00,496.55,N,DEEMED,181763747450,01eb6cbf-24e1-42e6-a083-4e1ca3643fd1,razorpay.pizza@timecosmos,payMerchant,Jayden.Torp66@yesg,N,72c1ebb24efd3d9b1bbe39aa,5814
2024-09-01 00:00:00,94.66,U09,FAILURE,951955821059,569903c2-098f-4b84-bde6-04692982cddb,jiopay.mobile@timecosmos,Person,Richmond_Bradtke45@icici,N,fabdda5c89d58dcbf2aec817,4814
2024-09-01 00:00:00,417.97,U67,SUCCESS,307471115183,1d842833-5e44-42f3-ae97-843041169d14,razorpay.pizza@timecosmos,Person,Kailey.Gislason@idfcbank,N,3a4ca50d56fefcadbceca28c,5814
2024-09-01 00:00:00,927.18,U09,SUCCESS,318054709702,1a60ea34-7307-4b80-a637-bad1e6009568,tripay.vacation@timecosmos,payMerchant,Mylene.Schumm29@ybl,N,842fbcdd05705ccd6743b6ba,4722
2024-09-01 00:00:00,156.81,U67,FAILURE,301185604973,93d3e0f2-d48d-4388-89b6-c885e50867ce,tripay.getaway@timecosmos,PayMerchant,Adrian85@ybl,N,be30cb8aeeebbff7addd6edf,4722
2024-09-01 00:00:00,0.47,S96,DEEMED,744584372399,d6d10faf-1e20-4ad6-b751-2982bb1373fa,tripay.globetrot@timecosmos,PayMerchant,Rolando.Welch23@axisb,N,dcd3e142f85b8a28ca9eb153,4722
2024-09-01 00:00:00,393.96,S96,FAILURE,186677683699,d1bd0ea6-03fa-4a84-be7d-adaa43cb0f3d,razorpay.sushi@timecosmos,PayMerchant,Javonte69@timecosmos,N,95e9be1aaff0c6cdaaea57e4,5814
2024-09-01 00:00:00,668.40,U30,SUCCESS,595849971736,6532768b-0e8c-47df-8ddf-36177e97a312,tripay.globetrot@timecosmos,payMerchant,Lucas97@idfcbank,N,7a9f979eae51bb2eda2ddec0,4722
2024-09-01 00:00:00,404.50,U31,SUCCESS,169723552592,2750f186-e97e-47e8-96e7-c178ce2b2904,airpay.drone@timecosmos,Person,Karolann_Wilderman@idfcbank,N,cf08d5f8e509d6c79d326fd4,5816
2024-09-01 00:00:00,947.53,U31,FAILURE,452773975749,1f5ca11d-af6a-4135-80a3-557a6764dfd8,jiopay.wireless@timecosmos,Person,Neal_Williamson@ybl,N,bfc7c783cdcb6f5cf3bdc4f2,4814
2024-09-01 00:00:00,980.54,U31,SUCCESS,984775060881,45adc871-faea-4556-8a5f-5cf2fe9eac1b,airpay.submarine@timecosmos,payMerchant,Asha_Hansen@okicici,N,ce8caa0fbfcbaba9bc652c71,5816
2024-09-01 00:00:00,125.62,S96,SUCCESS,385343687896,83c57d3d-7ea5-4466-8807-74013b153762,airpay.truck@timecosmos,Person,Dannie_Huels12@fkaxis,N,f78a9cffd13ea0af72a9b26a,5816
2024-09-01 00:00:00,714.17,U30,SUCCESS,479342213075,37105383-0485-4c98-a1f4-e845ecd8cc06,airpay.robot@timecosmos,Person,Augusta4@ybl,N,e5e26e9b28e18ec29afef8f2,5816
2024-09-01 00:00:00,130.91,U67,SUCCESS,422157384473,af0739ee-2742-40a6-bd58-23dc9b6b22ef,razorpay.pizza@timecosmos,PayMerchant,Meagan_Auer73@rapl,N,a28c1f4a37eeee574c45df1d,5814
2024-09-01 00:00:00,840.98,U78,DEEMED,294824903677,a35e7a60-d43c-4dcd-95a5-03ec57d03abe,jiopay.cable@timecosmos,payMerchant,Bernice_Windler@icici,N,4f7cea91ae5d5de5bfdeafbd,4814
2024-09-01 00:00:00,532.17,U67,SUCCESS,236081274979,466947d7-5b3e-4ab6-b038-1ac1dd48581f,finopay.marketplace@timecosmos,PayMerchant,Genesis_Batz@abfspay,N,d6f0aafc0b9704beec6d5ee2,5411
2024-09-01 00:00:00,807.00,S96,SUCCESS,821572394158,9b040854-7b79-4153-936d-dad29340734e,jiopay.data@timecosmos,payMerchant,Marta_Lowe@abfspay,N,4febc64a78cfc2bbedc1d358,4814
2024-09-01 00:00:00,664.62,U30,DEEMED,258774370441,8e841e2a-e197-468d-b67c-286b5e069825,tripay.explore@timecosmos,payMerchant,Burdette.Dibbert10@rapl,N,6a1e40cf8fc37cc740ffd980,4722
2024-09-01 00:00:00,408.43,N,SUCCESS,438420370512,14b8ae79-ea2e-48a4-821b-356107a86c46,jiopay.broadband@timecosmos,PayMerchant,Boyd49@axisb,N,bca138afdcc9208d9bc2f9df,4814
2024-09-01 00:00:00,504.21,N,FAILURE,223131478456,e77d391e-8765-4253-8aea-eebedb822216,tripay.tour@timecosmos,Person,Terence_Frami50@rapl,N,ccfc4acefc07efdfa64d1579,4722
2024-09-01 00:00:00,103.27,U30,FAILURE,978706240396,b8fd7092-c993-4243-b3b9-165bb148b77b,airpay.submarine@timecosmos,Person,Demetris_Hane85@okicici,N,368afe58e8dda73ad63f2eb2,5816
2024-09-01 00:00:00,465.18,U31,FAILURE,502623846951,94ba02b9-ed81-4155-8595-5140e0fd632e,finopay.town@timecosmos,payMerchant,Augustus.Wilderman@abfspay,N,f874ccf6e0baf14e0ceb4f4f,5411
2024-09-01 00:00:00,446.13,U78,SUCCESS,882334917932,ade379ff-d4ff-45d4-9a1a-e06b0bf47508,finopay.foodland@timecosmos,PayMerchant,Xzavier.Altenwerth62@axl,N,39fcb51c8fb4e0506aa4da15,5411
2024-09-01 00:00:00,989.65,N,DEEMED,402994393075,d8f8cbcc-e86e-48ae-b60b-558f83da7c92,finopay.organic@timecosmos,Person,Herman_Hammes@timecosmos,N,286de7895aff9dda07dfee86,5411
2024-09-01 00:00:00,536.29,S96,DEEMED,315471585008,eaae2c12-fd9a-49da-b2c0-52ed70303abe,razorpay.steak@timecosmos,payMerchant,Elisabeth51@okicici,N,fb7fbacab8ef5c6fad46c1e7,5814
2024-09-01 00:00:00,300.28,N,DEEMED,880662632266,a6df3d20-285e-44ed-b822-31d13bc72220,finopay.foodland@timecosmos,Person,Cleora_Lind@oksbi,N,b45fc40baffebbe0da6fdfbc,5411
2024-09-01 00:00:00,757.62,S96,FAILURE,135100592251,67387ab8-d81a-49e6-b9c7-18d311ef15db,finopay.corner@timecosmos,Person,Mikayla36@oksbi,N,f2fccb1d4bebbc59c2ffa3a5,5411
2024-09-01 00:00:00,360.98,U78,FAILURE,151470040900,915f6f46-a3c6-4684-9dc3-60275045c41c,jiopay.internet@timecosmos,Person,Elnora_Rodriguez@apl,N,5a2636eb675ad4a6afa1c1a2,4814
2024-09-01 00:00:00,362.20,N,DEEMED,145674766239,82964c91-043f-4d18-99af-cabc6580380f,airpay.car@timecosmos,PayMerchant,Tessie.Hoeger90@axisb,N,acc1ffd7d5e1ffebcc7bfcea,5816
2024-09-01 00:00:00,389.85,U09,SUCCESS,869560306213,53f73f8c-1f91-45eb-a708-705934ded944,jiopay.data@timecosmos,payMerchant,Emmett24@abfspay,N,f2c1be555d5afde3dd33cdcb,4814
2024-09-01 00:00:00,684.88,U78,SUCCESS,420278082879,f517968f-913e-42f9-b18a-38d6f03f68fd,airpay.submarine@timecosmos,Person,Adela.Wolff@okhdfcbank,N,a09c41b4372ae9df7eef7c11,5816
2024-09-01 00:00:00,128.53,U78,FAILURE,241807607145,db433864-fbca-4e1f-8fc1-311ffd576e6b,airpay.truck@timecosmos,Person,Jessica_Mitchell46@yesg,N,b77e949dadb47b2f6b6eb631,5816
2024-09-01 00:00:00,702.34,U30,SUCCESS,828683877948,34f810a5-8eba-46b1-aca1-e55ec0c41f2f,finopay.corner@timecosmos,Person,Barrett.Zulauf@apl,N,42da5fa29b6dae7c3ed521eb,5411
2024-09-01 00:00:00,415.76,U78,FAILURE,508541842195,71258f26-f1fa-48ae-836d-3770d8eb3182,tripay.expedition@timecosmos,Person,Elliott_Ziemann47@yesg,N,08d54de5e142d9c0da9eb89d,4722
2024-09-01 00:00:00,304.11,N,FAILURE,316423581974,0f8b088d-8db4-421b-8d23-f435b8e9248e,jiopay.cable@timecosmos,Person,Nigel.McCullough@timecosmos,N,dca8a8bf391d450cac0a9cdd,4814
2024-09-01 00:00:00,290.91,U30,SUCCESS,288225269269,843b0b9d-5bfe-4d20-a732-c451c080d850,finopay.greenbasket@timecosmos,Person,Barney_Hilll81@abfspay,N,be98bd9dea3eab01f1d0dbbc,5411
2024-09-01 00:00:00,253.36,N,FAILURE,218861470953,23115a2b-5ddd-4f8c-81b9-202058c7fb32,razorpay.pasta@timecosmos,payMerchant,Barbara_Thiel90@oksbi,N,c255afd1ad8f687d421da3be,5814
2024-09-01 00:00:00,319.98,N,SUCCESS,279749114540,3d948428-44fe-4cac-868d-80136431dc69,razorpay.burger@timecosmos,payMerchant,Donavon_Fay75@ybl,N,1b2d8f5d6fbf2e1278cf8af5,5814
2024-09-01 00:00:00,832.49,U09,FAILURE,845553315756,cb871ce5-1c74-40bb-8f93-8f851f61d555,airpay.scooter@timecosmos,payMerchant,King.Wuckert@icici,N,e6bb9bbedb45e2c2151edee8,5816
2024-09-01 00:00:00,963.41,U31,FAILURE,824905882330,21a0bf4b-66ec-49e4-a747-ba9a239464e4,finopay.greenbasket@timecosmos,Person,Ebba_Franey@axl,N,7ec0f4c64b94ebe53447d48b,5411
2024-09-01 00:00:00,335.03,U09,FAILURE,573058964164,35c885fb-9222-4b8b-bfe9-fe6abd93ad12,finopay.corner@timecosmos,payMerchant,Octavia.Kessler56@ybl,N,443ca6e6547dbe5acddc23d4,5411
2024-09-01 00:00:00,736.49,U30,DEEMED,630123716662,4833b9d9-8cf2-4dce-9550-1799bfd61dba,tripay.tour@timecosmos,payMerchant,Lily.Hyatt67@fkaxis,N,a6ac4fc3b42c2cefaefce1ab,4722
2024-09-01 00:00:00,550.99,U30,FAILURE,813303845810,82ef0b1d-54ba-4525-ac58-efd771b76e9c,airpay.drone@timecosmos,Person,Ezekiel.Langosh34@yesg,N,4ab8faaa75bacabda0de96cc,5816
2024-09-01 00:00:00,113.10,U78,DEEMED,547304668706,46613df7-d648-43ed-bfbd-6c2915e3e934,jiopay.voip@timecosmos,PayMerchant,Alexis.Friesen10@fkaxis,N,01bfcf50a3ff82bde0d9a74a,4814
2024-09-01 00:00:00,118.58,U30,FAILURE,158605185244,6150a548-02ad-4f71-bed8-8c5cbc631898,airpay.scooter@timecosmos,Person,Abel56@abfspay,N,5cffccb68ffdb03f3eb7b6ff,5816
2024-09-01 00:00:00,348.52,U30,FAILURE,791241815415,70980a2e-a9c9-4430-993b-125468f7c692,finopay.foodland@timecosmos,PayMerchant,Dena.Schulist@timecosmos,N,73b93238eea24c0e74b21098,5411
2024-09-01 00:00:00,307.54,N,SUCCESS,669781751792,dd133914-419e-47e2-8ea7-04ed3fe85588,tripay.globetrot@timecosmos,Person,Eldora.Gleason@oksbi,N,d53edab0becebfcd6ce66eba,4722
2024-09-01 00:00:00,65.89,U09,FAILURE,514244365857,dc16efdb-e2e0-4c08-9777-e7253c9f94da,airpay.airplane@timecosmos,payMerchant,Laurianne54@rapl,N,63b70ae13eacb5a58546b222,5816
2024-09-01 00:00:00,956.21,U67,SUCCESS,923375382618,11e223d8-4d89-4485-b895-d5c4e538dc98,jiopay.voip@timecosmos,payMerchant,Ruby.Effertz@okicici,N,6c7e2caeafcfde84e0ad43b3,4814
2024-09-01 00:00:00,667.39,U30,FAILURE,503471417559,2d460e48-f596-41aa-b702-54cd90d5a033,airpay.bike@timecosmos,PayMerchant,Eli.Dooley@icici,N,bbd06dbc3a4cd8f17fa5eaaa,5816
2024-09-01 00:00:00,43.76,U78,SUCCESS,631104080530,eda61e12-df48-41c3-9b12-565ff7e54e09,finopay.corner@timecosmos,payMerchant,Gregory20@okhdfcbank,N,0cdc8d2701e5c4f9bd7d3b0b,5411
2024-09-01 00:00:00,114.78,U09,SUCCESS,502936091356,5a8a2456-b092-4294-b510-db8a29ca1479,razorpay.dessert@timecosmos,payMerchant,Tess.Sanford@apl,N,2a4474d913d2bff31b911de0,5814
2024-09-01 00:00:00,189.11,S96,FAILURE,387519077851,23b4c5a8-35af-49a1-9dd2-eedf4addebab,razorpay.salad@timecosmos,PayMerchant,Rubye_Hoppe58@okaxis,N,f35e9039be2d4db81ccf0d6c,5814
2024-09-01 00:00:00,835.25,U31,DEEMED,326926659339,66995b31-5d3b-4778-bfb1-d1c8294b4753,jiopay.mobile@timecosmos,PayMerchant,Melany.Mayert99@apl,N,3c5eb4cbbe139b5dcc2deeef,4814
2024-09-01 00:00:00,405.29,N,SUCCESS,626556567023,b9d73757-9bfa-4cf5-9237-5e9dd7931bca,jiopay.data@timecosmos,PayMerchant,Emie_Hegmann@apl,N,cdf18cdcded4a1b8cf601e4c,4814
2024-09-01 00:00:00,826.24,U78,FAILURE,456306665790,cc8ad559-b6be-454e-99f4-82be1dd34ab1,jiopay.fiber@timecosmos,PayMerchant,Mandy_Rau23@abfspay,N,ca21eb046ece1fc9626fdee5,4814
2024-09-01 00:00:00,940.75,U67,DEEMED,241582733887,035100db-b1cd-41e5-ab8b-71c490d81f83,tripay.getaway@timecosmos,Person,Celia84@abfspay,N,a3f2054fe029c0acdbeba65e,4722
2024-09-01 00:00:00,204.52,U09,FAILURE,681405629604,66f85def-3ada-4318-8501-50a052e1f173,finopay.organic@timecosmos,Person,Austin.Buckridge-Kuphal@axl,N,cddb3d0af8c3adec98758538,5411
2024-09-01 00:00:00,113.80,S96,SUCCESS,709334572124,f99eb307-83f3-416f-b8da-2d406439f214,tripay.destinations@timecosmos,Person,Toby_Oberbrunner@okaxis,N,4c6cb0ec5fd81ee91f4fce2a,4722
2024-09-01 00:00:00,187.35,N,SUCCESS,349625264505,5af30463-3408-41fe-bf0d-6695a16f2f23,jiopay.data@timecosmos,payMerchant,Billie.Runolfsson76@okicici,N,efdbe5b81a45ea051ebc83a8,4814
2024-09-01 00:00:00,442.84,N,DEEMED,830990011595,f9116312-f003-4934-9434-56271cfb3438,airpay.airplane@timecosmos,Person,Kaci70@okhdfcbank,N,992bb5ece86aef9cb5b2b3ae,5816
2024-09-01 00:00:00,721.59,U30,SUCCESS,147434629653,f1ece725-4443-4bf7-bca9-c6a7ec3f60de,finopay.town@timecosmos,PayMerchant,Antonio.Brekke@axisb,N,fd12e46ac0d1c6b4a38ecce5,5411
2024-09-01 00:00:00,19.17,U30,FAILURE,942300563154,2c98b58f-8c90-4694-9efd-184fef7df456,razorpay.pasta@timecosmos,payMerchant,Jasmin30@idfcbank,N,170d0caf31af4df8879fc0ab,5814
2024-09-01 00:00:00,235.54,U31,FAILURE,558363515560,acd8723c-7ac2-4a2e-a829-dbaccb0081b9,jiopay.convergence@timecosmos,Person,Jeremy.Fritsch@timecosmos,N,1d551b2253e26529af481cee,4814
2024-09-01 00:00:00,759.00,U30,DEEMED,191823379774,2746f4de-4ec4-4a3c-b131-7ed46fc44100,tripay.getaway@timecosmos,PayMerchant,Edwina_Kuvalis70@axl,N,8f6c9db6d582dc5ce3b8ae2c,4722
2024-09-01 00:00:00,352.36,U09,SUCCESS,471203157864,0ff35aa7-6e26-4c0e-9a2c-b8c3323d50ff,tripay.globetrot@timecosmos,Person,Lizeth.Sauer7@abfspay,N,dba36442dec0acebb9cf69fc,4722
2024-09-01 00:00:00,641.96,U30,DEEMED,058737114164,1015d190-1b8e-4bfe-81a3-32c17f35da9e,finopay.foodland@timecosmos,Person,Alene.Weber@axisb,N,faed625a777efe1bbbcebd4b,5411
2024-09-01 00:00:00,64.38,N,FAILURE,281698953684,f54db6a3-81e6-40ca-8fa5-b64bf7faa634,jiopay.broadband@timecosmos,PayMerchant,Deon_Padberg@apl,N,01dadfc8a0e91ed8cfa9aa10,4814
2024-09-01 00:00:00,759.88,U31,DEEMED,267016440542,1ee62e73-0321-421b-bede-a733bbeece59,razorpay.steak@timecosmos,Person,Cleta35@okicici,N,7b9a4ead9fbacaaf2eecebb4,5814
2024-09-01 00:00:00,626.97,U78,SUCCESS,143184401828,0c7dd0c9-d38c-4fea-af25-c2fb0551bde3,razorpay.vegetarian@timecosmos,Person,Maxine_Reichert78@apl,N,eded4a4cbd45ce2bcdbd0ad5,5814
2024-09-01 00:00:00,321.13,S96,FAILURE,619208078872,503b6f9f-90b4-43a0-8a48-19a52d1c3d54,airpay.drone@timecosmos,payMerchant,Bonnie.Jast-Larson@ybl,N,19faedfba5cf3ccd56e0c407,5816
2024-09-01 00:00:00,497.43,U78,FAILURE,575298872359,69a9fd94-bf4e-470b-93b3-90c190b153cb,airpay.boat@timecosmos,PayMerchant,Margarita_Pollich79@apl,N,57d13270df65aa2bd2fda48d,5816
2024-09-01 00:00:00,581.95,U67,FAILURE,487709325168,b38eefe9-d788-49b0-abef-cbbc292c60da,finopay.greenbasket@timecosmos,Person,Cory_Fay98@okhdfcbank,N,1cbec6a182d44fd94b843bfc,5411
2024-09-01 00:00:00,475.50,N,DEEMED,910964350375,81ff8ad5-89e7-49a4-adab-f1da4407f43b,jiopay.cable@timecosmos,Person,Arthur86@timecosmos,N,7abaf32c00396cc447ff13eb,4814
2024-09-01 00:00:00,899.40,U30,FAILURE,623638474228,0a62d18e-4f66-40b0-8281-227936519ca4,razorpay.pasta@timecosmos,PayMerchant,Edgardo45@oksbi,N,0be7bcfb08f2cbeec9634dcc,5814
2024-09-01 00:00:00,776.68,U78,FAILURE,419891597647,bfe70c4f-f8bd-4103-93eb-eec2899d62c8,razorpay.dessert@timecosmos,Person,Augustus37@apl,N,dfa1075e57cd01b2995bcfbc,5814
2024-09-01 00:00:00,637.11,U30,DEEMED,705973299064,b76057fa-ac0a-4a17-bb2a-c88bba84f873,jiopay.data@timecosmos,payMerchant,Chaim.OHara@abfspay,N,b61e0ff5093bd7f0bab7c90a,4814
2024-09-01 00:00:00,263.36,U30,DEEMED,665685590892,25e48898-003b-4465-adb1-24317d9cdc2e,finopay.dailygrocer@timecosmos,PayMerchant,Robb_Sanford@okaxis,N,929f2bef8eb49ac95d003dee,5411
2024-09-01 00:00:00,877.14,N,SUCCESS,789580298919,4a9ddc71-259d-4cc8-a0d6-94f3219c9e6c,razorpay.salad@timecosmos,payMerchant,Alia_Ratke93@rapl,N,8723cad108ccce9a4efe5c36,5814
2024-09-01 00:00:00,15.41,U09,SUCCESS,280715634800,1524a4aa-583a-4ba2-b349-69cf5a9a43c5,jiopay.internet@timecosmos,payMerchant,Florencio_Towne28@yesg,N,907fcd8c1e08abcfffb8b969,4814
2024-09-01 00:00:00,331.48,U78,SUCCESS,980563532825,52e2b232-123f-4a5c-87fc-ec38a68adb21,jiopay.broadband@timecosmos,PayMerchant,Willa75@yapl,N,ecc5ff0c0f8f49cfa57f33de,4814
2024-09-01 00:00:00,784.31,U31,FAILURE,558682085887,3b63ace8-fbf9-4ebd-aca6-ddb3a20538b2,jiopay.voip@timecosmos,payMerchant,Gerson.Hauck97@paytm,N,3d1cc1adecf3a3ad0f433def,4814
2024-09-01 00:00:00,290.45,U31,FAILURE,569388381248,d89c3dee-ace3-4061-ac35-0464811c6583,razorpay.sushi@timecosmos,PayMerchant,Candido.Bergstrom24@paytm,N,ad8d89c5d3bf1c5bd6ef00a3,5814
2024-09-01 00:00:00,675.53,U31,SUCCESS,104633039298,cb58ef9f-952e-4c48-954c-107744b14349,tripay.expedition@timecosmos,Person,Ottis1@okhdfcbank,N,dbcffcd0bd28d29e8cad2885,4722
2024-09-01 00:00:00,459.55,S96,FAILURE,603860618977,c69ee096-2212-4ada-9cd2-11de7b8b7ce5,tripay.destinations@timecosmos,PayMerchant,Antoinette.Bode26@okaxis,N,22aee091a05c89d2fda6056a,4722
2024-09-01 00:00:00,855.92,U30,FAILURE,752336524806,7b149cad-111f-4c7e-9a29-b389a0a6c28d,jiopay.broadband@timecosmos,PayMerchant,Mossie_Kozey@okhdfcbank,N,6a4aee1ff6cfcbf5b66ddde3,4814
2024-09-01 00:00:00,797.57,U78,DEEMED,469778193743,6f7d3783-bb9a-4d00-a44d-95b2a1c271ec,finopay.dailygrocer@timecosmos,Person,Harrison.Kiehn@idfcbank,N,453d290dbd9e8d6a2ba87b7f,5411
2024-09-01 00:00:00,11.41,U09,SUCCESS,721458534844,887ebe76-beee-47d1-86e3-6a4b23f2361e,razorpay.burger@timecosmos,PayMerchant,Bianka.Runolfsson65@abfspay,N,bbb921a8445339efa6d770af,5814
2024-09-01 00:00:00,826.64,U78,FAILURE,542154479749,1a16c945-3c10-4742-9ebc-f256acd4351a,airpay.boat@timecosmos,PayMerchant,Ramona_Ritchie@yapl,N,4014b3afcf7dc2fdcdfbfa1f,5816
2024-09-01 00:00:00,978.02,U30,FAILURE,367852263976,65343ee0-76ce-4731-adaf-12db03b94de8,razorpay.dessert@timecosmos,payMerchant,Kailyn.Spinka@idfcbank,N,65d5fad04311ccedb3bdbee0,5814
2024-09-01 00:00:00,64.96,U67,DEEMED,425867869144,a0075a1d-5de1-4367-97b7-6699fe6a6e92,tripay.wander@timecosmos,Person,Rashawn.Hagenes48@oksbi,N,ba08af687b9b40ca7090733d,4722
2024-09-01 00:00:00,4.95,U78,DEEMED,632347209276,ab03c73b-4193-4f74-9456-879eb225e666,airpay.drone@timecosmos,PayMerchant,Candace_Adams8@timecosmos,N,a6db3b7f44a9c8cc53fc95b6,5816
2024-09-01 00:00:00,761.63,U09,FAILURE,200208807395,e9923819-2b0d-49d3-b135-b1a17f2e6850,airpay.bike@timecosmos,PayMerchant,Christa.Beahan@timecosmos,N,50f55d5cd448bef48cc9be5c,5816
2024-09-01 00:00:00,954.12,U09,FAILURE,066378510139,698ede16-cc5f-45b0-ad3a-af0051d11b03,tripay.tour@timecosmos,Person,Darrel.Franecki80@timecosmos,N,3bb7cc9b2b9a1ddedc94ce73,4722
2024-09-01 00:00:00,769.73,S96,SUCCESS,647155922806,ecb2e11c-70e1-4302-9e60-804693377f8a,jiopay.satellite@timecosmos,Person,Cordie.Rosenbaum@apl,N,fcb42f7dcf2394e3b1c16f28,4814
2024-09-01 00:00:00,64.74,U31,SUCCESS,304843091045,598f288f-3823-4ea2-ac04-ba388f84df7f,airpay.truck@timecosmos,Person,Alejandrin.OKeefe-Ward52@yesg,N,bd0f3afe63e0a11abbbfced0,5816
2024-09-01 00:00:00,472.56,U78,DEEMED,635225328748,6766c5ea-9951-43d2-b3c0-d4f02dc48382,airpay.submarine@timecosmos,payMerchant,Shannon0@idfcbank,N,c1bce2d8e9dd3b643fe11033,5816
2024-09-01 00:00:00,327.40,U09,SUCCESS,632701731773,b2c72adf-073b-4089-8a72-17ce027e25d4,razorpay.salad@timecosmos,PayMerchant,Nicklaus54@abfspay,N,21441f4e6e6cae585cc4aa56,5814
2024-09-01 00:00:00,880.94,U67,SUCCESS,439423872675,891bc2fb-e8b9-4071-982b-3584389c5019,finopay.town@timecosmos,payMerchant,Ella88@okicici,N,3b57cfd6f9fe5d8caf5b1040,5411
2024-09-01 00:00:00,1.31,N,SUCCESS,119950115529,52ba7c0b-62e3-4b4a-9c2a-65bc480041be,finopay.foodland@timecosmos,Person,Rhiannon.Carroll@fkaxis,N,1afe2c7efd3fea9ec5e492da,5411
2024-09-01 00:00:00,853.01,U09,FAILURE,682028353204,ae38c5aa-ad48-4ec4-9ae5-ccf69d6a682a,razorpay.steak@timecosmos,payMerchant,Alvena43@abfspay,N,46b0dad01d03accce6d9c2e9,5814
2024-09-01 00:00:00,870.32,S96,SUCCESS,958231654430,4e21fafa-38b2-42d8-a1a2-000938204092,airpay.drone@timecosmos,PayMerchant,Marisol3@yesg,N,66ddbc3f8255e706da90afcf,5816
2024-09-01 00:00:00,178.80,N,SUCCESS,157105407703,8853e9d8-33f7-4387-af3c-ed69aecf6a7c,jiopay.satellite@timecosmos,Person,Kenyatta.Pouros@ybl,N,dace8c5eadf7fb0cc7a61a46,4814
2024-09-01 00:00:00,432.35,U67,FAILURE,021727254758,ad4eaf2e-9e87-4a05-90db-525ff6614b40,razorpay.tacos@timecosmos,PayMerchant,Bethel79@rapl,N,bd2d9f304bf7f4301b41bdcd,5814
2024-09-01 00:00:00,40.28,U78,FAILURE,021693110321,e5fcee2e-b498-4d75-bd2a-6048e13439f0,finopay.marketplace@timecosmos,Person,Bernadette52@timecosmos,N,2d929f71a9281a44e7cffa84,5411
2024-09-01 00:00:00,150.12,S96,FAILURE,850313243328,f2f1abc6-4520-45e2-b5b2-5bfc06cc73ae,finopay.dailygrocer@timecosmos,payMerchant,Dale57@yapl,N,cd2fb47cbe72dfd75c70070c,5411
2024-09-01 00:00:00,0.72,U78,DEEMED,158235945602,8ad24e22-1f26-4375-a18b-b5e4413c949a,airpay.drone@timecosmos,PayMerchant,Forest_Herzog24@apl,N,ac2f3d5a982ccc3e9dbaade2,5816
2024-09-01 00:00:00,562.39,U67,SUCCESS,435277824181,9e1bd958-5fd2-4c1e-90fb-8c15f70148ef,razorpay.dessert@timecosmos,payMerchant,Jacky_Steuber42@paytm,N,ebabe074e7848ecfadb79d4c,5814
2024-09-01 00:00:00,4.37,U31,SUCCESS,040976930873,6d0a7735-0b42-4eb3-830e-a7cfe977d87a,jiopay.satellite@timecosmos,PayMerchant,Tristian_Quitzon@ybl,N,ffd37eafce231e3ed620dbcb,4814
2024-09-01 00:00:00,822.26,N,SUCCESS,408920102191,85e56b3a-928d-4c2e-9067-974e9f9c65e1,tripay.escape@timecosmos,PayMerchant,Jaime.Ortiz@apl,N,bbfed01fe03cbfff39afd0ca,4722
2024-09-01 00:00:00,311.44,S96,FAILURE,526944833252,bf3c572f-7184-47a1-8a23-542d5802e084,jiopay.voip@timecosmos,PayMerchant,Zoie.Greenholt46@axl,N,fcbc8582fffcee35b0e18216,4814
2024-09-01 00:00:00,527.66,U78,FAILURE,257000560932,cf62bc6b-0d04-4feb-984c-e2918860b015,razorpay.steak@timecosmos,Person,Norma.Mertz@oksbi,N,413ba4dae28a6d595cc36f5a,5814
2024-09-01 00:00:00,723.92,U78,FAILURE,391692921922,dbc19a36-ba2e-4818-9216-1ef91c97ce12,jiopay.fiber@timecosmos,payMerchant,Zack.Hermiston-Bogisich51@abfspay,N,6908c87b8a50a860fa5f05fe,4814
2024-09-01 00:00:00,955.73,U30,FAILURE,746181667931,0acf2ffd-d6e8-4105-907e-b8cd399858b2,finopay.town@timecosmos,Person,Angelina_Reynolds74@abfspay,N,131ebce5f744eabd9ae1ceb1,5411
2024-09-01 00:00:00,588.59,U31,FAILURE,043330306259,3133a7fc-68e3-4d7c-86f5-66abd654ef9b,jiopay.satellite@timecosmos,PayMerchant,Jonathan41@yesg,N,ebe047dfb0e7547a0ced7c2d,4814
2024-09-01 00:00:00,335.97,U78,DEEMED,034872960292,d1025ab4-dfbb-446a-b898-2b39c6a9bf9d,tripay.adventure@timecosmos,Person,Callie98@idfcbank,N,f631d0a525a66941c47e3eea,4722
2024-09-01 00:00:00,257.70,U67,DEEMED,667471270670,1df9c754-1723-49d5-8c52-6e0f9b6b9184,jiopay.data@timecosmos,Person,Piper_Ebert55@axisb,N,1a8f58acae963c734e3ba6dc,4814
2024-09-01 00:00:00,921.62,U31,FAILURE,431251589925,313a9683-b0ae-4b06-bd5e-2e05e161172b,tripay.vacation@timecosmos,PayMerchant,Walker.Schmitt@yesg,N,cee4ca2abcf1bd24f2ad2acb,4722
2024-09-01 00:00:00,545.49,U67,FAILURE,811362173055,e77b2703-8c55-468b-b7ef-6710cd1e4a19,airpay.scooter@timecosmos,payMerchant,Cyrus60@okicici,N,ee9d7c6a2b379f4964d11e8f,5816
2024-09-01 00:00:00,661.80,U09,FAILURE,556098616500,1b185f69-2ea0-46a8-a371-404e0e06786d,airpay.drone@timecosmos,payMerchant,Shaylee.Reynolds67@timecosmos,N,1af8becc502b0cbbcfcaa8be,5816
2024-09-01 00:00:00,441.55,N,FAILURE,321775851253,bc4413d4-5813-4b76-814b-7ffbd92835ae,finopay.freshmart@timecosmos,payMerchant,Annabelle10@axisb,N,cacefdad9b53066cfadea2e1,5411
2024-09-01 00:00:00,296.41,N,FAILURE,107898400628,1791e9c0-6d20-4b5a-8a3f-2aea06a86732,razorpay.burger@timecosmos,Person,Clair69@yapl,N,5e0576da5f7dda565ff4b8af,5814
2024-09-01 00:00:00,787.60,U31,DEEMED,834395085061,a2ed922f-bd0b-458e-908e-179fe7bdf647,razorpay.tacos@timecosmos,payMerchant,Aniyah.Anderson64@abfspay,N,7ec7c26341e9c5c84f7164de,5814
2024-09-01 00:00:00,828.73,U31,FAILURE,730476270863,e707de6a-af36-40ea-abe2-adf15445a948,razorpay.dessert@timecosmos,Person,Fredrick51@okicici,N,eaeeebf1a808a35a1c4c3e14,5814
2024-09-01 00:00:00,405.49,U78,SUCCESS,778451673505,7cb00412-4470-4ca0-8492-3dba59e3860f,finopay.organic@timecosmos,payMerchant,Bella35@fkaxis,N,d3a04c86d7b6b7811db539a5,5411
2024-09-01 00:00:00,765.24,U30,FAILURE,384790556260,bb0af9b2-febc-44dc-84ca-65e9c3db8057,airpay.car@timecosmos,payMerchant,Marion.Prosacco8@axl,N,d6b2ab91e96aadd3bbfb90ae,5816
2024-09-01 00:00:00,884.70,U67,DEEMED,882386619304,3c6f3873-fd9b-4cf3-99f0-8fe1ac92c7a1,finopay.corner@timecosmos,PayMerchant,Jazmin15@okhdfcbank,N,eaaa4f749e6dcafaebaabb00,5411
2024-09-01 00:00:00,16.41,U67,DEEMED,807297360884,279e4df9-0231-466a-b6bf-84de40d61701,jiopay.mobile@timecosmos,payMerchant,Easton.Powlowski18@fkaxis,N,beffac8b021be8cedeac4def,4814
2024-09-01 00:00:00,485.45,U78,FAILURE,420359409316,b4d5b8db-5cce-4406-87e9-5720dea0115d,razorpay.pizza@timecosmos,payMerchant,Angela45@fkaxis,N,66c22f47b5f9dbea0f24e2dd,5814
2024-09-01 00:00:00,108.49,U30,SUCCESS,052671611203,71c0f476-a61a-414d-ae92-9999500f36e1,razorpay.steak@timecosmos,Person,Charity70@paytm,N,ff61c4a2753ad70e42cb9b2f,5814
2024-09-01 00:00:00,536.09,U78,FAILURE,312488031877,8a46ad05-8d51-42f2-be0f-71722a5c80f2,airpay.bike@timecosmos,payMerchant,Kaley.Mitchell18@axl,N,8234db79cccab9ab9a7d56ad,5816
2024-09-01 00:00:00,127.03,U67,SUCCESS,746341469714,ac69a916-a641-46e7-ab7c-51e9f56eb4e3,airpay.airplane@timecosmos,payMerchant,Casey_Hackett@timecosmos,N,ce5de6308a62474d1af8d3ae,5816
2024-09-01 00:00:00,258.74,U78,SUCCESS,218429956989,3d618401-42ec-43da-b4aa-cfc91644093d,tripay.tour@timecosmos,PayMerchant,Horacio.Muller@paytm,N,dd3bfaef3c5dc7a9c5baefce,4722
2024-09-01 00:00:00,526.03,U31,SUCCESS,045159651481,565648e9-7125-497b-9926-5ec3f019a105,finopay.greenbasket@timecosmos,PayMerchant,Garret40@icici,N,c408fd1fc848c1fbc49dd8b8,5411
2024-09-01 00:00:00,501.18,N,DEEMED,951890547104,4f719520-4bf5-48ad-9212-2c4870141a48,jiopay.fiber@timecosmos,Person,Dianna22@oksbi,N,658e0e204e1e66ee4ff3ff8a,4814
2024-09-01 00:00:00,736.75,S96,SUCCESS,225542797050,10d110a7-1d73-4542-a643-3dd6cadd98dc,jiopay.internet@timecosmos,Person,Edyth_Lind@icici,N,7811fb7debf1ffba809ce3e3,4814
2024-09-01 00:00:00,50.37,U30,SUCCESS,693941474541,a14ece2f-fc40-47a2-9067-37cd96f36767,finopay.dailygrocer@timecosmos,Person,Gretchen_Cole98@timecosmos,N,abffd8fef0e71b165a305abb,5411
2024-09-01 00:00:00,392.60,U67,FAILURE,909730619855,5a0cfe37-df1e-402a-a757-835f133c09aa,jiopay.data@timecosmos,Person,Alexzander38@timecosmos,N,db6ad9ff4ab7ec8241d90153,4814
2024-09-01 00:00:00,249.00,U31,FAILURE,557690275579,5ccb262f-4b4b-4079-8162-2f4fc892b953,airpay.truck@timecosmos,payMerchant,Zelma.Quitzon38@okhdfcbank,N,23d27801ecadfa2dabdbab41,5816
2024-09-01 00:00:00,132.04,U31,SUCCESS,753791472316,56047873-eae0-45f6-99a3-504ac9678df4,finopay.organic@timecosmos,Person,Luciano_Kiehn29@fkaxis,N,cb77e0e8a006c8e835ebb3d6,5411
2024-09-01 00:00:00,129.52,N,SUCCESS,889307873003,6bf7ae90-de75-4501-bba0-e68cdc98e10b,razorpay.steak@timecosmos,payMerchant,Kailey_Hamill49@oksbi,N,2ebc2e093c1e7b6d20edb58a,5814
2024-09-01 00:00:00,729.42,S96,SUCCESS,326460087469,5e597b45-4813-4707-a6da-8c854c5f5c7f,airpay.drone@timecosmos,PayMerchant,Wilmer66@abfspay,N,248deabec568ee6f7f24ae95,5816
2024-09-01 00:00:00,2.69,U09,DEEMED,657551328458,2f119b0e-b20a-4142-8395-1493ea645623,airpay.bike@timecosmos,payMerchant,Marlen_Skiles66@idfcbank,N,fbb4b5dec77e6aedfc4b2e33,5816
2024-09-01 00:00:00,164.13,U09,SUCCESS,492594061614,08e37b85-31eb-4389-bf88-a9dae85e3057,finopay.organic@timecosmos,PayMerchant,Asia93@paytm,N,3af6a54dfbf40ca799ccdd5f,5411
2024-09-01 00:00:00,245.15,U78,DEEMED,450356946726,2827f1d4-7773-4d8a-b21c-dbfe6c617ae4,tripay.globetrot@timecosmos,PayMerchant,Ariane.Halvorson-Hessel54@axisb,N,69eb1cca11c73da1cca05fba,4722
2024-09-01 00:00:00,550.03,S96,SUCCESS,471529959914,b9b87fe1-f644-4804-9e8d-97c05f1c9e2d,jiopay.data@timecosmos,Person,Clyde40@yapl,N,c71eaffae6a8adfeb2dd0483,4814
2024-09-01 00:00:00,981.42,U78,SUCCESS,352133436663,1ebba828-1d49-4fd7-8363-84a313af5753,jiopay.internet@timecosmos,PayMerchant,Lela_Jaskolski@icici,N,fa76f5abefdc9a2eaa0cbfe2,4814
2024-09-01 00:00:00,733.64,U30,SUCCESS,798501384005,4ba9412f-34b2-4a2d-987b-fc7e473872d3,tripay.destinations@timecosmos,payMerchant,Abel64@abfspay,N,4dca1ae01f0f99cbdffb014b,4722
2024-09-01 00:00:00,721.93,S96,DEEMED,449149746275,dd5185de-1864-4ec3-8aab-cf011af9d4b7,tripay.explore@timecosmos,Person,Christine_Dach28@okaxis,N,bad1bbfcac07eee52dd0364c,4722
2024-09-01 00:00:00,752.58,S96,DEEMED,422473169425,66cd0123-ca03-4031-ba75-2579849e5eb8,airpay.helmet@timecosmos,payMerchant,Gage.Kassulke51@oksbi,N,d84cefddf5befdfb83d6c732,5816
2024-09-01 00:00:00,334.93,N,FAILURE,392134306265,7d3b0c1b-f7cc-4055-8f44-c2dc742484f6,finopay.timecosmosrite@timecosmos,PayMerchant,Mabel85@paytm,N,6c3f691a9a1bc7fececcdae6,5411
2024-09-01 00:00:00,528.27,N,FAILURE,594580428550,702a404c-c411-4482-8c73-073198711b64,razorpay.sushi@timecosmos,PayMerchant,Furman_Mraz@timecosmos,N,02d45ef4ffc9ca8f7d9acd7e,5814
2024-09-01 00:00:00,469.23,U30,SUCCESS,990499910384,c0006b79-8e5a-443e-877b-477102656ad2,jiopay.voip@timecosmos,Person,Susie_Emmerich3@fkaxis,N,b42c9553102b5e6e4b15db24,4814
2024-09-01 00:00:00,842.77,U09,SUCCESS,762393919609,6efbfce2-68f3-49db-b073-f35e1c734d0b,razorpay.vegetarian@timecosmos,payMerchant,Jodie_Dibbert@icici,N,bcaff3c7afea7b3ab2faac39,5814
2024-09-01 00:00:00,395.90,U78,FAILURE,196631550041,bdb0224b-162e-4e19-a37e-294a34f521b3,airpay.truck@timecosmos,Person,Nayeli30@ybl,N,af285806e1f525ff6c13aa94,5816
2024-09-01 00:00:00,981.74,U30,DEEMED,538504084210,e271b01a-192b-4ffa-b942-f68d63d0ae84,finopay.bulkstore@timecosmos,PayMerchant,Sigrid.Hermiston@rapl,N,c72f5109aa5ac6effb3b33e1,5411
2024-09-01 00:00:00,341.06,S96,FAILURE,969831129301,d00d3caa-3f69-44a6-9190-7f7abce2463c,airpay.helmet@timecosmos,PayMerchant,Graciela2@oksbi,N,a3ddbf5b4e80ae7dadbccbc1,5816
2024-09-01 00:00:00,945.93,U09,SUCCESS,016703605807,9f0bec25-c998-4550-b961-223aeda2c441,tripay.explore@timecosmos,PayMerchant,Dereck12@ybl,N,b2faa67bcbccc2cea6ab9c8e,4722
2024-09-01 00:00:00,462.41,U67,SUCCESS,643457965501,85a6628f-97df-4003-888e-607c40a1ecf2,airpay.submarine@timecosmos,Person,Idell.Fisher@yesg,N,dffbe320b11cbc7a1de471ae,5816
2024-09-01 00:00:00,619.95,U30,SUCCESS,978590577543,a02cb1a1-f3e8-4a8c-933c-565685bb8001,finopay.timecosmosrite@timecosmos,payMerchant,Meggie68@okaxis,N,bd64052706c8b4ef7b4f44cf,5411
2024-09-01 00:00:00,401.73,U78,SUCCESS,643321197398,d5df5c0b-70b1-4eba-93f1-24a49d4eac15,finopay.freshmart@timecosmos,PayMerchant,Stephania55@rapl,N,f5a8bf3bcdbecbfaeafa126f,5411
2024-09-01 00:00:00,211.27,U09,SUCCESS,718092809862,dd9b3428-6d50-430b-9b72-66efbdc1d1c2,tripay.globetrot@timecosmos,payMerchant,Roslyn_Boyle@axl,N,cfddd58491f9ceb63d9a0960,4722
2024-09-01 00:00:00,211.51,U31,SUCCESS,509826566799,24dfa1e9-60cd-41fd-8ac1-81be8b2c4451,finopay.foodland@timecosmos,Person,Eula.MacGyver@okhdfcbank,N,1955542b25bffefc2f88aa28,5411
2024-09-01 00:00:00,55.31,U78,SUCCESS,931997910690,dc3678c4-753a-4f43-8caa-25972e2328ad,jiopay.convergence@timecosmos,payMerchant,Nelda_Metz11@axl,N,cee0cf3dc5def4c403844c89,4814
2024-09-01 00:00:00,952.60,N,SUCCESS,604610041465,d6d0b87c-52a9-4f7c-bcfc-118d98d88fa2,finopay.bulkstore@timecosmos,Person,Tommie_Walter13@okaxis,N,1ce3dd8f9ed2b9c1f4d3eaf1,5411
2024-09-01 00:00:00,953.72,U31,FAILURE,926332374820,c99b4a61-3813-449b-8f61-f8b13aac2ef2,razorpay.soup@timecosmos,Person,Ryley49@axisb,N,dafad6b00edf48f4bfdc3b8c,5814
2024-09-01 00:00:00,9.62,U30,DEEMED,831380319904,a64be0fa-25da-47f5-a2dc-45d9b17d1383,razorpay.tacos@timecosmos,PayMerchant,Pascale98@fkaxis,N,e2f03fdc9c35a7783fce22bf,5814
2024-09-01 00:00:00,818.58,U78,SUCCESS,672069698626,886d67d1-8e94-4863-9d82-02ade8992b43,jiopay.internet@timecosmos,PayMerchant,Moriah_Herzog@axisb,N,461d7a56cfab6348ae642f5a,4814
2024-09-01 00:00:00,30.35,U30,SUCCESS,944374522856,8669f7c2-c258-4750-a87f-44860b662708,jiopay.satellite@timecosmos,PayMerchant,Kirsten.Ferry17@axl,N,1ae9c6c3b044e4eead9ff1eb,4814
2024-09-01 00:00:00,996.91,U30,SUCCESS,206263026899,d8b96c28-a3cd-4b9a-bad8-6ac6236dac47,razorpay.salad@timecosmos,Person,Roderick26@yesg,N,2fcc93beccfac2e3d76ddebb,5814
2024-09-01 00:00:00,400.73,U31,FAILURE,962845214844,d4325248-29e3-4405-95c8-84ad2bf48f6a,razorpay.vegetarian@timecosmos,payMerchant,Kamron_Hackett6@axisb,N,b85d1f0bf606a7abb2cec80e,5814
2024-09-01 00:00:00,446.33,U31,SUCCESS,816479119569,31c94efb-7805-499a-8c9e-f3f506f7b0ea,finopay.foodland@timecosmos,Person,Benedict78@idfcbank,N,3acc710d785ff0364c2edbf2,5411
2024-09-01 00:00:00,128.13,U09,SUCCESS,371749100293,5662c3da-a191-4fd7-a2a4-3ce4b3b9115a,finopay.bulkstore@timecosmos,PayMerchant,Jan84@okicici,N,e5aedd4faaebca69acad5347,5411
2024-09-01 00:00:00,366.68,U78,SUCCESS,001005937205,26265a0c-6041-4cda-ad78-7cbb3ee87743,jiopay.voip@timecosmos,payMerchant,Tatum38@okicici,N,1add129cdcedf3baaffaeb0c,4814
2024-09-01 00:00:00,306.14,U31,DEEMED,158499811658,27bdb031-db85-4bc2-bbc0-844959b1fa2b,tripay.getaway@timecosmos,Person,Brandyn1@ybl,N,17aaedba484c2c41813f5187,4722
2024-09-01 00:00:00,859.61,U78,SUCCESS,811205129850,33352868-0a83-4f85-9168-471b9ae0b1ca,finopay.bulkstore@timecosmos,PayMerchant,Saul26@yesg,N,11bca08f9dab8fcade81fadc,5411
2024-09-01 00:00:00,862.40,U31,SUCCESS,904533229209,012e2d31-cc2d-45f7-b34a-02a1a7451834,airpay.car@timecosmos,Person,Matilde.Beer@paytm,N,becbbdbffb361f297debbbce,5816
2024-09-01 00:00:00,577.73,N,SUCCESS,423907605572,0266c06d-4b06-4f71-8f8b-612ce667f874,razorpay.soup@timecosmos,PayMerchant,Laurel.Donnelly@ybl,N,1edc1ddc40aabdff2ed7b25b,5814
2024-09-01 00:00:00,55.10,U09,DEEMED,322630716492,4ba35b01-0f43-4113-b00c-841c0605dfca,tripay.vacation@timecosmos,payMerchant,Mikel48@yapl,N,af3a292cef0e9f5fb4aaccee,4722
2024-09-01 00:00:00,599.80,U30,FAILURE,406011206163,a96aa9de-b41b-4862-8807-d50a375db17c,razorpay.vegetarian@timecosmos,payMerchant,Jayme49@apl,N,eedd7dec40eaee6e7acccfd1,5814
2024-09-01 00:00:00,408.97,U30,FAILURE,222781666888,9a99ab94-8d0b-4858-9027-f5e455b3a141,jiopay.internet@timecosmos,payMerchant,Raoul_Trantow@idfcbank,N,cce0103b75642d18a2d2aa69,4814
2024-09-01 00:00:00,537.63,U67,FAILURE,558461203627,59fc9a8a-87ab-42f5-9814-d6e234a79924,airpay.drone@timecosmos,payMerchant,Annette_Schiller49@timecosmos,N,2df41baff04509afaeecaedf,5816
2024-09-01 00:00:00,181.03,U67,FAILURE,893312166480,a1e30978-5322-4c77-8585-f4238a56d6b3,finopay.organic@timecosmos,payMerchant,Amara86@abfspay,N,d34e99864da2ab9bedbee2b8,5411
2024-09-01 00:00:00,665.25,U30,DEEMED,299405156522,828f9724-ad6f-47d6-9f18-75e99a6cb4aa,jiopay.cable@timecosmos,payMerchant,Tavares_Kub43@paytm,N,bbffeb037d0ed3c5b8acde7d,4814
2024-09-01 00:00:00,726.57,U30,FAILURE,284730077840,96f10ca8-4d89-49fd-9f2b-501cfb7d1d80,airpay.helmet@timecosmos,PayMerchant,Dave_Ziemann-Wilderman@icici,N,efafe9f18f1ee075ce8fdef0,5816
2024-09-01 00:00:00,738.08,U78,FAILURE,081430460662,195f4ad1-7f69-4aef-8003-e3cd5ba25cf1,airpay.airplane@timecosmos,Person,Devan_Witting@timecosmos,N,99e3a4ac75df39ef628d3aea,5816
2024-09-01 00:00:00,88.90,S96,FAILURE,890690134986,828e9113-f86d-4728-a742-b5da987d4340,finopay.organic@timecosmos,PayMerchant,Pearline90@rapl,N,dfcc96eeeeb9f03bf6efabbc,5411
2024-09-01 00:00:00,913.59,S96,FAILURE,010591246577,80566c98-98e8-44a2-acf0-4ffe2e443f8b,tripay.tour@timecosmos,payMerchant,Braeden66@okicici,N,8acb57a53d5c8c8bfc8cefb2,4722
2024-09-01 00:00:00,421.26,U09,FAILURE,457289794647,3a4d39b3-9410-4a1b-969e-eab8e8e47122,jiopay.data@timecosmos,payMerchant,Unique58@abfspay,N,9c0553752db11632be56f7fb,4814
2024-09-01 00:00:00,150.50,U09,SUCCESS,481925670842,9989adf9-f553-43c7-a12f-8b97e87a5fe9,finopay.freshmart@timecosmos,payMerchant,Kaelyn73@yapl,N,ea2280d130a57f31eded6ee6,5411
2024-09-01 00:00:00,545.23,U09,FAILURE,173908762408,65b48eed-672b-4b3c-8d3c-585d73494c0e,airpay.airplane@timecosmos,payMerchant,Tanner48@axl,N,24082cfd9e07ef2c6ac5a5cd,5816
2024-09-01 00:00:00,162.01,U78,SUCCESS,328329495749,deac4920-4bb9-4a2b-9e2a-a910e6f1f070,jiopay.data@timecosmos,payMerchant,Tania.Murazik@fkaxis,N,dfabf7fb1ada77fd2be1258d,4814
2024-09-01 00:00:00,355.29,U31,DEEMED,023000825302,6f8d3732-c6f2-48c8-9f37-c751145374b5,jiopay.satellite@timecosmos,Person,Ola.Ledner@timecosmos,N,1a86b10defc5825e0abcb6e5,4814
2024-09-01 00:00:00,588.61,U09,FAILURE,118609849441,69b18bb0-1f3e-4c7b-99bf-4255c035ebaf,jiopay.satellite@timecosmos,payMerchant,Braulio_Labadie30@oksbi,N,e6b33b0ed4b7c30b851c08ac,4814
2024-09-01 00:00:00,518.39,S96,SUCCESS,052580340242,72bcd50c-8801-4341-b713-b7a4dbfc8fb1,jiopay.voip@timecosmos,Person,Gayle73@apl,N,1ba3eccc3ac0c96ae9bcad0f,4814
2024-09-01 00:00:00,658.59,S96,FAILURE,254036795671,b249b7ad-39d4-469b-bbc9-b2bdc131ec37,tripay.escape@timecosmos,payMerchant,Brielle84@idfcbank,N,ff3f0bd8356f257df0fa0270,4722
2024-09-01 00:00:00,926.63,U67,SUCCESS,851922112059,e836a1d3-3bd3-4dc6-82cd-86159d9337a8,razorpay.pizza@timecosmos,PayMerchant,Elwyn36@rapl,N,d4beb82fdfcfeaada76a7cbf,5814
2024-09-01 00:00:00,505.63,U09,FAILURE,663855280854,d104a89a-fb9e-44bd-ad4e-a333237bebfb,airpay.car@timecosmos,Person,Maureen45@fkaxis,N,e7c05a79c5b58e1bdabd0b62,5816
2024-09-01 00:00:00,146.37,U78,SUCCESS,380339084914,5ad90a80-6b50-431b-b9b6-e69e4d28af3c,tripay.globetrot@timecosmos,payMerchant,Albina.Sanford@ybl,N,cb152d304af4e49daed4dc90,4722
2024-09-01 00:00:00,80.53,U09,SUCCESS,617043523950,d8a7528f-6a54-4ba4-91df-628011ea8eff,jiopay.data@timecosmos,Person,Thora.Kutch@idfcbank,N,ae9b8ff74e8abf6efa2ee451,4814
2024-09-01 00:00:00,383.10,S96,FAILURE,212230354162,480a3b70-2ccf-4c0f-95d8-a1d68d09fb9b,razorpay.burger@timecosmos,PayMerchant,Theresa_Heaney-Bosco@axisb,N,d4bec623b0aecfcfdc41ec0f,5814
2024-09-01 00:00:00,699.72,U09,FAILURE,544679853740,9e3fed68-34e2-4bb5-bfa7-4fa775dbb661,tripay.wander@timecosmos,Person,Eddie.Considine74@timecosmos,N,ebac6d6a5d0a5c5383e12c99,4722
2024-09-01 00:00:00,101.42,U31,DEEMED,786762454862,75ba116a-c569-413e-be38-f73d91a64410,tripay.getaway@timecosmos,payMerchant,Sasha_Schmitt3@timecosmos,N,91f40ccbb2fbb1fc93df57de,4722
2024-09-01 00:00:00,374.52,U09,FAILURE,284241879721,c49e66bc-5fc6-47f7-a4fb-041d135267f1,airpay.bike@timecosmos,Person,Maegan9@axisb,N,128b7fbc029a49dce99c2f26,5816
2024-09-01 00:00:00,920.76,U67,SUCCESS,384310678758,6840a712-725e-4a4d-ae07-6e017213236f,tripay.explore@timecosmos,PayMerchant,Elton_Tremblay@oksbi,N,62ce6faecc0c460bc93bdaba,4722
2024-09-01 00:00:00,943.62,U31,SUCCESS,348382336359,5ce8554f-a816-4579-80de-2b441098d197,finopay.foodland@timecosmos,PayMerchant,Shane.Cronin84@yapl,N,bc3fddbab880aaffeda95feb,5411
2024-09-01 00:00:00,345.00,U78,FAILURE,796414146781,8b08872e-93a4-41e9-8eee-33c0be0ee9b1,airpay.submarine@timecosmos,PayMerchant,Francisco.Mills18@timecosmos,N,9b3161d05caa79c1ad883c5b,5816
2024-09-01 00:00:00,28.96,U78,SUCCESS,266373114074,8ea5dbbc-e836-4dc2-b386-21a6c5c8aff5,airpay.drone@timecosmos,PayMerchant,Name74@yesg,N,dbaa5b3da3f7d610492fbf00,5816
2024-09-01 00:00:00,368.08,U31,DEEMED,662012666546,5a2b6449-62da-4ad5-8fdf-9b990f25d791,jiopay.wireless@timecosmos,payMerchant,Damon_Waelchi87@rapl,N,a5fcf1ebf07b4ee8b25274a4,4814
2024-09-01 00:00:00,242.60,U67,FAILURE,903131470238,b4895edd-6842-4d94-bcaa-e4c7f67bd2db,airpay.airplane@timecosmos,PayMerchant,Brenna.Lesch-Waters@fkaxis,N,e1ac0ee6867dd1c2f86f04fb,5816
2024-09-01 00:00:00,557.26,U78,DEEMED,841904699264,446aa1e2-4c97-45b7-a1f2-59e3efb0a968,finopay.bulkstore@timecosmos,Person,Mya99@ybl,N,fa41dbeea2eb6d2d3aaaddcb,5411
2024-09-01 00:00:00,147.91,U67,FAILURE,792508601075,dbef03b4-218d-4669-b64d-db543985e8fe,finopay.town@timecosmos,Person,Gillian15@abfspay,N,2dd2af1fdd41dded143f0572,5411
2024-09-01 00:00:00,655.17,U78,DEEMED,818078656896,14a15dbb-2a40-43e0-b4c7-55d21a84b186,airpay.truck@timecosmos,payMerchant,Joey17@oksbi,N,bac56f4dfe9af885dd4f83ef,5816
2024-09-01 00:00:00,885.94,U31,FAILURE,472379152641,20a71ed0-d86c-44cf-b00a-5e5f47d3ebd7,airpay.submarine@timecosmos,Person,Tyrel38@okicici,N,5dacfeee5c4fedd2cd1bc0da,5816
2024-09-01 00:00:00,761.58,U67,FAILURE,557812179469,0d5bb6eb-a097-4b34-a5ac-7e596d05d641,razorpay.sushi@timecosmos,payMerchant,Fidel_Schmidt@abfspay,N,b2dacfbaff0d9a26caadbfae,5814
2024-09-01 00:00:00,92.98,N,SUCCESS,575604369864,5b04daa3-5caf-4771-9c6a-fa241aa6fbb6,airpay.drone@timecosmos,PayMerchant,Everardo_Olson@timecosmos,N,efe9b1a9a44ba00efca5962a,5816
2024-09-01 00:00:00,407.15,U67,DEEMED,752300444051,92a5c433-2f55-4ad8-afe4-4453bd9c5e3c,airpay.car@timecosmos,Person,Noe_Homenick9@okicici,N,c2fcbfff20257bfedfaca59d,5816
2024-09-01 00:00:00,336.05,U09,DEEMED,830834938513,ba8d248c-8ff4-4d51-a075-1b17308f9862,airpay.submarine@timecosmos,PayMerchant,Queen99@oksbi,N,3c330371ed6cefe442e11763,5816
2024-09-01 00:00:00,512.18,U30,SUCCESS,950864685210,466a9f5e-53aa-4281-9fac-88e91a6f00f5,finopay.marketplace@timecosmos,Person,Andreanne90@rapl,N,fbbbea33a64d2f0f9faf1187,5411
2024-09-01 00:00:00,336.24,U31,DEEMED,819706855955,5693c589-a31d-415b-bdf4-675c7a1162c7,airpay.drone@timecosmos,payMerchant,Jeanette.Breitenberg78@apl,N,d6d1bfd5ecec3aab71bb23f8,5816
2024-09-01 00:00:00,285.97,U30,SUCCESS,544317056935,4a9dee39-405c-4a78-8476-de02ffb2e664,jiopay.fiber@timecosmos,payMerchant,Ole88@ybl,N,cf4aea87e855af987a0f2ddb,4814
2024-09-01 00:00:00,771.59,S96,SUCCESS,073856501234,d5bb7972-e66f-4f36-bb45-d031b2fc6dcd,airpay.truck@timecosmos,Person,Elvis96@okicici,N,b9e95faf61acb3fca91be85b,5816
2024-09-01 00:00:00,488.06,U67,FAILURE,216415268181,b58e5401-d405-43a5-9ff8-426731423da4,airpay.bike@timecosmos,payMerchant,Reyna_Blick@paytm,N,f67ead8b553e4fd0d58ffcd5,5816
2024-09-01 00:00:00,455.41,N,DEEMED,387496796550,3ad7da75-3ce1-4f48-ac3b-83b1f2d94a9a,tripay.escape@timecosmos,PayMerchant,Rocky49@idfcbank,N,ddd1c882d8d6e60d31ff63cb,4722
2024-09-01 00:00:00,624.51,N,SUCCESS,186103818121,475e3aa0-4684-4ef0-bba7-548749afdd70,tripay.tour@timecosmos,PayMerchant,Art.Boehm@okhdfcbank,N,b5bbb7b7bff52edbd6ae63cb,4722
2024-09-01 00:00:00,140.66,U31,SUCCESS,640966327966,6242122d-2025-4797-bf51-afa7d4511986,tripay.vacation@timecosmos,Person,Maggie76@axl,N,42b6f722e3d0d5a09accc92c,4722
2024-09-01 00:00:00,562.47,U78,SUCCESS,511420393506,7e177f77-5f3e-4203-8a09-7c61dec8ef63,tripay.expedition@timecosmos,PayMerchant,Ambrose91@timecosmos,N,f08bdff4dcd8f41c42efb5dc,4722
2024-09-01 00:00:00,405.96,N,FAILURE,253993713718,6a912a3b-c227-4be6-97e8-de3a932708ee,finopay.timecosmosrite@timecosmos,payMerchant,Raoul.Waelchi@ybl,N,616a29efaf4acabfef04af2d,5411
2024-09-01 00:00:00,633.65,N,FAILURE,539717097427,a00428f4-0d0e-459c-8649-39ff7b28186a,tripay.wander@timecosmos,PayMerchant,Geovanny_Hansen28@yesg,N,b9dfb23acefd83a2990d3c00,4722
2024-09-01 00:00:00,11.73,N,FAILURE,842406336990,0df9e8cc-f554-4d9a-9c27-2e3a026b8a6e,finopay.bulkstore@timecosmos,PayMerchant,Conrad.Smith@ybl,N,f6dbbdcd2576bbfa6eab79f5,5411
2024-09-01 00:00:00,763.35,U09,SUCCESS,386535141653,fe1faa3c-46f3-420e-9b0b-392252599b62,jiopay.convergence@timecosmos,Person,Kamille_Hamill20@abfspay,N,ad8d314effa7cdcead7ffb0f,4814
2024-09-01 00:00:00,752.72,S96,SUCCESS,543135903079,5ba43c6b-3fc6-4715-977a-58097269bfaf,finopay.foodland@timecosmos,payMerchant,Travon59@paytm,N,ee3d716faebb44329dceff6a,5411
2024-09-01 00:00:00,38.48,U31,SUCCESS,419867723957,7bd7140e-11d1-4499-b704-99eb9bd11ad2,tripay.vacation@timecosmos,PayMerchant,Kiera.Nikolaus18@rapl,N,ce5b5627214c9bc765c1eb47,4722
2024-09-01 00:00:00,614.64,U31,DEEMED,028613497196,f7d124b7-550b-4ebd-94b4-641fea69563a,jiopay.satellite@timecosmos,PayMerchant,Tyler_Smitham@abfspay,N,e8be03d1a0985a7b5c8780d2,4814
2024-09-01 00:00:00,343.76,S96,SUCCESS,173460770005,ebfcc72a-2bb7-42ea-9dca-c8e34283378f,razorpay.sushi@timecosmos,payMerchant,Braeden_Thiel@abfspay,N,aa2dabf3e2df46091d4b2744,5814
2024-09-01 00:00:00,850.47,N,SUCCESS,671963337980,c9b1174b-8dbf-4d16-b40e-ef6024ea28c7,finopay.bulkstore@timecosmos,payMerchant,Lazaro98@oksbi,N,ebf34b61c3ecb4d30fdc1ac8,5411
2024-09-01 00:00:00,987.80,U67,FAILURE,949463912435,04d2e63b-af82-49fc-a488-be1b23dcbd0e,finopay.organic@timecosmos,Person,Anissa60@ybl,N,6d92c8f4f4fe7a23c69e5a4c,5411
2024-09-01 00:00:00,952.83,S96,SUCCESS,007696049039,c97668c1-db49-430c-9457-b93c84541c30,razorpay.vegetarian@timecosmos,payMerchant,Oleta12@okhdfcbank,N,d64d6e8eacea14caf92a1ee7,5814
2024-09-01 00:00:00,537.55,U31,FAILURE,765757354552,01a46e95-b37e-4e1e-aaff-bfe44fa8ecfd,razorpay.dessert@timecosmos,Person,Kacie.Buckridge@timecosmos,N,34030cc34cfde9ec83daad85,5814
2024-09-01 00:00:00,137.43,U67,FAILURE,854978157643,703b4752-0408-406b-9b27-d677f0103e45,finopay.corner@timecosmos,Person,Gwendolyn.Lind@icici,N,dfcbb7a6f58abd3dc3c6add2,5411
2024-09-01 00:00:00,203.47,U67,SUCCESS,573141409222,e77911ef-c6fe-4e91-81fb-08dc29b62127,jiopay.wireless@timecosmos,Person,Mossie70@paytm,N,80adadd6b3ef2cc1a8cd8d97,4814
2024-09-01 00:00:00,940.91,U31,FAILURE,548433701969,3b6ac621-a91d-4bab-992b-ec772c9acf53,finopay.organic@timecosmos,payMerchant,Adaline_Von97@rapl,N,9d2b6c78f1fb3cacde5dd32e,5411
2024-09-01 00:00:00,324.38,U78,SUCCESS,126663393944,e1d1641a-cbf7-4f7f-88ad-e27831cab874,tripay.destinations@timecosmos,PayMerchant,Flo_Mosciski-Gibson@rapl,N,e4fe8fbf2a6eec78dd77a20a,4722
2024-09-01 00:00:00,835.82,U09,SUCCESS,406611671445,319df887-beaa-4da6-a080-c225a412788a,finopay.foodland@timecosmos,payMerchant,Augustus.Vandervort71@abfspay,N,6aec2fa8213cca20cbb731ff,5411
2024-09-01 00:00:00,776.56,U09,FAILURE,349331362204,2bc05cd0-cecf-4794-bfe2-679ef0f6efe5,airpay.helmet@timecosmos,payMerchant,Brenda52@oksbi,N,c32da4cb0fd351822bbfa6e3,5816
2024-09-01 00:00:00,726.08,U09,DEEMED,020838567202,e1c524f4-4ac4-4730-9cec-bf904c5c3641,finopay.greenbasket@timecosmos,Person,Natalie.Bechtelar@oksbi,N,1fb4a6fecb6af9cdefa1de5a,5411
2024-09-01 00:00:00,560.89,U09,SUCCESS,242621232241,a7594208-fe20-4b5f-bf70-33c5f0736af1,airpay.scooter@timecosmos,payMerchant,Barney53@okicici,N,43cada34ecfa3c3c737ea343,5816
2024-09-01 00:00:00,702.25,U78,DEEMED,033073904866,0219fa3e-cb3e-4e60-8cc1-da2842518664,tripay.vacation@timecosmos,PayMerchant,Brigitte_Cormier69@icici,N,c4fea2a4a8ae8ee84ac2aadd,4722
2024-09-01 00:00:00,109.38,S96,SUCCESS,158847261242,f3b900f0-2ef5-4716-9949-99800286b86a,jiopay.mobile@timecosmos,PayMerchant,Daphney.Pouros@okaxis,N,afdcbf0f057deddd0714f8fe,4814
2024-09-01 00:00:00,781.16,N,SUCCESS,217203749409,26cf8dd6-1fca-49c2-88df-4d393b61d042,finopay.dailygrocer@timecosmos,payMerchant,Kaden.Aufderhar97@axisb,N,aff7899cec87844f7d05fd9d,5411
2024-09-01 00:00:00,518.07,U31,FAILURE,771176814777,2766c41a-010f-44cc-bc8a-e8091c0cee45,razorpay.tacos@timecosmos,payMerchant,Aiden_Gleason@yesg,N,0625e4eff9eff47a1fc80cf7,5814
2024-09-01 00:00:00,670.70,N,DEEMED,272941981131,1a15167e-620f-46a7-b40d-00f0e8ed81c1,razorpay.sushi@timecosmos,Person,Vernon4@abfspay,N,2b9dd6bfb674e93f4ef4c6bb,5814
2024-09-01 00:00:00,179.28,S96,FAILURE,764969816161,0f89a8a8-232b-4c44-a931-5714eb64f7ab,airpay.drone@timecosmos,PayMerchant,Daija26@yapl,N,24a1d8cb758223c0ced6cc7d,5816
2024-09-01 00:00:00,768.05,U09,DEEMED,754876321279,5198e2cd-d574-4af7-b7c3-cf363441a047,airpay.truck@timecosmos,payMerchant,Rupert_Crooks69@icici,N,f5ea91a9edbaecab1bec24cb,5816
2024-09-01 00:00:00,967.04,U67,FAILURE,813518123145,0a27e8b0-320c-41a1-95d8-185df1b4425a,razorpay.pasta@timecosmos,PayMerchant,Cierra_Jaskolski@yapl,N,d6de40606cddff205a7cbd4b,5814
2024-09-01 00:00:00,89.69,U31,FAILURE,591389786243,7f245565-2c90-42dd-a4f3-3ff01f779bb8,razorpay.salad@timecosmos,Person,Brendon_Parisian21@okicici,N,743cda0aedc54764a0a3fbfa,5814
2024-09-01 00:00:00,847.61,N,FAILURE,711792497358,cbd36a0c-f6c2-460c-ad2e-24b7df0b8f8c,tripay.getaway@timecosmos,payMerchant,Lionel.Green96@okaxis,N,7af61f0669cb80f248ef1fbe,4722
2024-09-01 00:00:00,280.37,N,DEEMED,845218583482,f560fd58-eba3-4dc6-8e50-08ca49c83c25,finopay.greenbasket@timecosmos,PayMerchant,Hosea.Padberg90@paytm,N,ddee8a331d523c30ccc1ed3a,5411
2024-09-01 00:00:00,450.87,U78,SUCCESS,637307138597,8c07bc80-13a8-45af-8cd5-d422cc1228a2,razorpay.vegetarian@timecosmos,payMerchant,Randi_Bailey@ybl,N,f79aa4847e28fb460a94c63c,5814
2024-09-01 00:00:00,602.67,U30,FAILURE,704122443228,2ee84230-190a-48bc-97c5-61648a4e7292,tripay.destinations@timecosmos,PayMerchant,Pink_Ankunding@apl,N,9b6094cd0d9cb5aff42edc45,4722
2024-09-01 00:00:00,17.26,S96,FAILURE,749930974560,1eb946c8-9ea7-4525-97a5-8f919b648574,tripay.expedition@timecosmos,Person,Andres_Goldner15@axisb,N,049039a6fa3d4ea4fb215eab,4722
2024-09-01 00:00:00,869.33,U78,SUCCESS,749175380147,1bb6e73b-796a-4d38-b307-f2178697832e,razorpay.pasta@timecosmos,payMerchant,Westley_McClure@yesg,N,b6c773b6fa9e018dd3caf503,5814
2024-09-01 00:00:00,983.49,S96,FAILURE,509429671553,d3fafcf3-a99a-417d-a0b5-7cdbfa121a69,tripay.getaway@timecosmos,PayMerchant,Alessandro_Miller@idfcbank,N,b2700beff1b489f48f0f4c61,4722
2024-09-01 00:00:00,644.01,S96,SUCCESS,239434454521,991a1022-d29a-41e4-b292-1da9fc112fb8,finopay.town@timecosmos,PayMerchant,Lottie.Friesen@yapl,N,d3da0c2d17decba9bdd45afd,5411
2024-09-01 00:00:00,449.64,U09,FAILURE,979369893731,333e26aa-f3af-42fc-9386-b527d8538d21,razorpay.pasta@timecosmos,PayMerchant,Deja_Wolf33@apl,N,ef6cefedde56a00588b5c015,5814
2024-09-01 00:00:00,428.08,U67,FAILURE,053672866590,6b0db89d-6f19-4df5-8ca2-f0e15a28ed9e,jiopay.broadband@timecosmos,Person,Monserrat_Greenfelder94@okhdfcbank,N,6dd8ccf4aa73c2bbdcc2c1a1,4814
2024-09-01 00:00:00,334.50,U09,SUCCESS,763775941868,ef1273ed-75bd-43c5-8959-081c71ae454f,jiopay.cable@timecosmos,Person,Telly49@icici,N,34dacba4e4b3ec7aaf33ad6a,4814
2024-09-01 00:00:00,328.52,S96,FAILURE,767316777485,74448c8e-e493-4364-a316-c009d35a6e1c,airpay.drone@timecosmos,PayMerchant,Bridget.Schuster56@idfcbank,N,8bfeb7ab0ffccfbf4aeee54f,5816
2024-09-01 00:00:00,599.05,S96,DEEMED,769171236648,15a12b9b-dcc6-4961-8b14-bdf58077a9b3,razorpay.steak@timecosmos,PayMerchant,Donnell_Champlin41@abfspay,N,bb9299b10f5fcee4a9fdeeba,5814
2024-09-01 00:00:00,880.91,U78,FAILURE,740035582037,608dfbc4-d9b7-4e9d-a5e0-867da04c865a,razorpay.salad@timecosmos,Person,Gabrielle.Rice24@idfcbank,N,5cd6803f7b2cbd7f15a0c21f,5814
2024-09-01 00:00:00,823.50,U09,FAILURE,437515224918,f48e4198-5bf8-4b85-aff0-fe196218c7fa,tripay.vacation@timecosmos,Person,Mireya.Considine26@fkaxis,N,fc5aaaeeead55d522eb4cfa5,4722
2024-09-01 00:00:00,487.07,U30,SUCCESS,211799994598,1e1a8cac-7449-4afe-87c9-be613bb98817,razorpay.sushi@timecosmos,Person,Jacey.Smith@okhdfcbank,N,6ed8b8a9decc4daed6d1fb2c,5814
2024-09-01 00:00:00,81.68,U78,FAILURE,877179624531,d1a325bd-c55a-40ab-a836-07ce09f31917,finopay.bulkstore@timecosmos,payMerchant,Tomas.Sanford12@icici,N,02765a0f3fb27c8dafa1c77f,5411
2024-09-01 00:00:00,658.88,N,FAILURE,663121793190,518f21da-57c1-4f94-b16e-751942a0f769,razorpay.burger@timecosmos,Person,Lucy_Goldner6@icici,N,43e5a1737d8f2e06befe0077,5814
2024-09-01 00:00:00,149.57,U31,FAILURE,822046050547,845fa4d2-9d53-4dd4-8e7c-31172c4f8312,airpay.car@timecosmos,payMerchant,Ellen_Borer@yapl,N,eddddf381cb9c34bfd9b59ac,5816
2024-09-01 00:00:00,69.87,U31,DEEMED,634413769133,a20bed6c-bf80-4431-9f37-90b1e72b06ce,airpay.airplane@timecosmos,Person,Jarred.Littel90@yesg,N,65f4982aca05347a3862d502,5816
2024-09-01 00:00:00,429.69,N,SUCCESS,839244537652,0c759da7-a61f-4188-9ae0-96fa326bc3ae,airpay.airplane@timecosmos,Person,Alexandrea_Glover@yapl,N,a7e979ad6b6b2fbfacbd0fe6,5816
2024-09-01 00:00:00,920.77,U31,SUCCESS,530331281069,cf526586-4b06-420f-ad3d-27e15e2fcdcc,jiopay.wireless@timecosmos,PayMerchant,Jaron_Schumm32@idfcbank,N,b40dcc63bd8d9b93fa3bb20e,4814
2024-09-01 00:00:00,18.70,U67,SUCCESS,374275113587,8f89315a-3344-4d2b-bfc3-eb1a639c4af2,finopay.greenbasket@timecosmos,Person,Trevion_Effertz22@okhdfcbank,N,c5581efb2e1bb17a62d4b3cd,5411
2024-09-01 00:00:00,570.24,U09,DEEMED,414950515563,4442d14e-c5b3-4487-b4da-f951ec660190,tripay.getaway@timecosmos,Person,Mervin.Reynolds@paytm,N,12cd9ecdf3a8ac6dd62f719b,4722
2024-09-01 00:00:00,401.35,N,FAILURE,929514495930,9d113629-6060-4fca-be0b-34001fb1e3f7,airpay.truck@timecosmos,payMerchant,Jamil42@yapl,N,e429babfa473bb538b70a4db,5816
2024-09-01 00:00:00,939.22,U67,SUCCESS,962549000616,1aac094d-e973-4105-a46b-77b9362e3682,razorpay.steak@timecosmos,payMerchant,Alexie.Greenfelder@axl,N,9a4faf89be1c9e74906a66cc,5814
2024-09-01 00:00:00,385.23,N,SUCCESS,970313253074,3e3ceacd-e6d5-458e-8524-0cbdfaddf0a4,finopay.greenbasket@timecosmos,payMerchant,Hattie_Torphy26@abfspay,N,c653fb389b951cdda5d2bfbd,5411
2024-09-01 00:00:00,826.48,U30,SUCCESS,342056364109,636e7b93-88fd-4006-a5c6-d54406d73720,finopay.greenbasket@timecosmos,PayMerchant,Bertrand7@rapl,N,5bba534cc9db4b2c8b83c8ca,5411
2024-09-01 00:00:00,616.00,U31,SUCCESS,864722762532,8d818e94-20dc-40a4-ad6d-899074ba7e2d,razorpay.pizza@timecosmos,PayMerchant,Glennie57@fkaxis,N,248d809dea642893ac56a85a,5814
2024-09-01 00:00:00,766.18,S96,DEEMED,578050631968,1f4841a3-9d37-435d-8f51-551fb412ab3a,jiopay.satellite@timecosmos,Person,Geraldine_OKon79@axl,N,2cf1cbe4c4ecce93bd6ee0ac,4814
2024-09-01 00:00:00,925.50,S96,SUCCESS,062584957485,b45c648a-9ed6-4454-88d0-ac31ebe67df3,jiopay.satellite@timecosmos,PayMerchant,Jazmyne55@oksbi,N,dee83db444ccd5ce0b52de88,4814
2024-09-01 00:00:00,905.65,U31,SUCCESS,999277447745,865b62d5-41f8-4358-8f90-20d344c46fa1,finopay.freshmart@timecosmos,Person,Marlon_Carroll@yesg,N,23bef4ed0eaca2ca18545909,5411
2024-09-01 00:00:00,281.69,U09,FAILURE,819632368735,36cc586f-8ef0-441f-871d-223978af83b0,finopay.marketplace@timecosmos,payMerchant,Eda55@ybl,N,cd4be396db45c31a1a113dc3,5411
2024-09-01 00:00:00,964.25,U09,SUCCESS,394245750381,005e9feb-ab5a-4016-9450-24a78fc2d203,razorpay.dessert@timecosmos,PayMerchant,Kayden81@yapl,N,52df05d103197fb67c792be7,5814
2024-09-01 00:00:00,767.56,U78,SUCCESS,183264206526,8510c29f-049a-4b3c-892c-8e8a1b2bf304,razorpay.tacos@timecosmos,payMerchant,Juliana.Mayert74@apl,N,dea9bff9a4a8bcabeb60a5f9,5814
2024-09-01 00:00:00,515.52,U30,FAILURE,534361059467,2d5a497b-64d8-4521-a6f0-5ef8a2d61a8a,tripay.getaway@timecosmos,payMerchant,Alia.Hartmann@abfspay,N,afa1b8c01dbb413c77a532bb,4722
2024-09-01 00:00:00,536.72,U31,SUCCESS,189544984444,dae95576-eb61-430b-a563-8db20ed7153f,airpay.helmet@timecosmos,PayMerchant,Autumn93@okaxis,N,987ae41cabc615319e3e5fea,5816
2024-09-01 00:00:00,419.60,S96,FAILURE,630562553947,370631fa-2f39-4a27-a843-3dea60afdc6d,tripay.destinations@timecosmos,Person,Carlie26@icici,N,fb02c9e2cdb1b4dacfdda31e,4722
2024-09-01 00:00:00,333.31,N,SUCCESS,556909476087,c7dc6c7b-c27d-439f-bc55-978d9898d90e,razorpay.pasta@timecosmos,payMerchant,Hank.Hayes30@abfspay,N,e1afd011bbcceeef5791cb5d,5814
2024-09-01 00:00:00,766.80,S96,FAILURE,577211316335,d77dfa6f-5db9-46fa-ada1-958d069a299f,razorpay.sushi@timecosmos,Person,Raphaelle_Boyer63@paytm,N,f408b72e710ad94a1f9fdafa,5814
2024-09-01 00:00:00,453.60,U31,FAILURE,536129780478,d8b0cfce-cd3a-4518-828b-cea1127b009a,finopay.timecosmosrite@timecosmos,payMerchant,Paris_Dietrich43@paytm,N,8eb5ffcf550ef1dd5bf4ce8d,5411
2024-09-01 00:00:00,863.95,U67,FAILURE,654899907119,2e174409-3f4f-4931-8ba9-33869ced2cf1,razorpay.burger@timecosmos,payMerchant,Yasmine1@okicici,N,c00d805b33ccfd41e10c5a37,5814
2024-09-01 00:00:00,584.56,U67,FAILURE,925237577088,5b303316-1196-4ec3-8a07-8dd79774bb15,airpay.car@timecosmos,Person,Maye.Romaguera62@yesg,N,7755effd1af01d93c7bcecaa,5816
2024-09-01 00:00:00,67.73,U67,FAILURE,264670345974,d5c8b833-3296-45ac-a412-867ec024da40,jiopay.voip@timecosmos,Person,Mercedes.Ledner@paytm,N,b3db8ebc4c4d11f2bc91b78e,4814
2024-09-01 00:00:00,296.02,U30,FAILURE,006097163915,bf4d4cf8-e0ed-493a-b267-f4ed3adc9708,tripay.getaway@timecosmos,Person,Libby.Wiza@axisb,N,2d6acecfacb9de1de3ebf3fd,4722
2024-09-01 00:00:00,677.70,N,FAILURE,752160635109,0aab2809-2418-415e-8dc5-cd05c7485b5b,jiopay.internet@timecosmos,Person,Amaya_Tromp68@abfspay,N,accf8722cdff5e427d4092f3,4814
2024-09-01 00:00:00,322.39,U30,SUCCESS,820247399159,9c35c8ef-cf93-4c11-bd2b-5d846c795506,finopay.freshmart@timecosmos,PayMerchant,Rosalyn6@rapl,N,ad0a257ef2a6e4357da2dd9c,5411
2024-09-01 00:00:00,523.41,N,FAILURE,284443140706,8e8839e5-7f97-4ef8-85ae-805b066729b8,razorpay.pizza@timecosmos,PayMerchant,Austen.Wisoky@paytm,N,fbe45bf505669c82ce6df49d,5814
2024-09-01 00:00:00,378.11,U67,SUCCESS,198684467233,dc49f140-dc23-451a-bb7f-f4ccefbc8b9a,airpay.truck@timecosmos,Person,Duane_Luettgen63@icici,N,0f3b8fab21eee2d8cbcb8f04,5816
2024-09-01 00:00:00,186.91,N,FAILURE,347093358823,1ed0d042-7423-42c9-8c46-610d4e5399f0,airpay.helmet@timecosmos,PayMerchant,Heloise_Wuckert23@axisb,N,ecfcdbc8af7a6abfacc4862b,5816
2024-09-01 00:00:00,967.21,U30,FAILURE,127687170972,10d7ecdc-c714-49cf-8de7-202ece7115d6,airpay.truck@timecosmos,PayMerchant,Natalia_Ortiz33@okicici,N,aa9695d80fbc161212e86f90,5816
2024-09-01 00:00:00,164.81,U09,DEEMED,826651337959,8f6a5f93-dce2-451e-9a9b-b9268b7ae412,razorpay.vegetarian@timecosmos,payMerchant,Betsy80@rapl,N,da4fe7646daa10eb95cb3dca,5814
2024-09-01 00:00:00,585.98,U30,DEEMED,479047379162,526e1926-fa4f-4f63-b0ed-d8f50cce9149,jiopay.satellite@timecosmos,Person,Nova_Langosh-Huel@icici,N,cba6c6c8ba4bfdafdc09ba71,4814
2024-09-01 00:00:00,62.44,S96,FAILURE,287092725135,28f5c2d8-369d-449e-b6f8-b53744e56231,jiopay.fiber@timecosmos,PayMerchant,Floy49@apl,N,c6f1406bab61fce3e3d1fd9b,4814
2024-09-01 00:00:00,177.18,N,SUCCESS,569386918942,389b3005-1140-4f38-aacc-a6afccd98b85,finopay.corner@timecosmos,payMerchant,Kara_Kshlerin@okaxis,N,b54e0fbfcef2d54c9bd21aeb,5411
2024-09-01 00:00:00,95.43,U67,SUCCESS,731897546604,4f3eb220-1453-4dd7-85aa-43352c6dd72d,jiopay.fiber@timecosmos,Person,Paolo86@yesg,N,a15c3aaf83afcbcc14829f1d,4814
2024-09-01 00:00:00,793.81,U78,FAILURE,528197483996,892c2b9b-c4e5-42d8-9abc-d300fef59ba1,finopay.foodland@timecosmos,PayMerchant,Isabel_Blick96@okaxis,N,c16802673dfdf99423370549,5411
2024-09-01 00:00:00,745.90,U67,DEEMED,518560355665,7692319b-0f10-4f03-852b-8f02855f8cf2,airpay.helmet@timecosmos,PayMerchant,Anibal55@yapl,N,a20210de6f580f73af330be4,5816
2024-09-01 00:00:00,740.99,U09,SUCCESS,363498050044,6c2afd9d-2f27-4922-9876-43c25a3661c6,jiopay.wireless@timecosmos,Person,Trystan_Klocko@timecosmos,N,c47ce719e72a1fec12309efe,4814
2024-09-01 00:00:00,836.47,U78,SUCCESS,865510125839,410cc65c-ba67-4b18-89db-524569d70a0b,finopay.timecosmosrite@timecosmos,payMerchant,Amelia_Bednar36@timecosmos,N,ffc42cace418d0b4b3dce3e5,5411
2024-09-01 00:00:00,139.59,U30,FAILURE,300050963570,a1136273-75e0-4c7f-9d47-830f3efba275,tripay.expedition@timecosmos,PayMerchant,Frederic.Schneider71@axl,N,58b3ae05f68acd207fde4a2d,4722
2024-09-01 00:00:00,692.69,U09,FAILURE,770364827804,e3a57058-b900-44e8-a803-35d61e0c10f2,razorpay.pizza@timecosmos,PayMerchant,Joe.Dibbert92@apl,N,d6c51ecfab991cf6605ee2e6,5814
2024-09-01 00:00:00,244.52,U67,FAILURE,308261089866,e59fbbd5-0c43-4fed-8b55-8e3679164d0a,razorpay.dessert@timecosmos,Person,Remington_Reichert54@okicici,N,61a38c51bad3cadcb0b5f6ad,5814
2024-09-01 00:00:00,542.49,S96,DEEMED,979952106087,e5f24208-4a24-4095-9fbc-330254500c5e,tripay.escape@timecosmos,payMerchant,Una_Johns@okhdfcbank,N,a5ebd5e0b4efab5b0baf1e4c,4722
2024-09-01 00:00:00,821.57,S96,SUCCESS,849438287571,db1a8101-6028-4319-aad6-3c69a1b9a903,finopay.dailygrocer@timecosmos,payMerchant,Liam.Shields46@timecosmos,N,bda4ec6cda7b3430fff80dca,5411
2024-09-01 00:00:00,161.70,U78,FAILURE,358143120798,d8fde7ad-a887-489f-a25e-49511314d825,jiopay.voip@timecosmos,payMerchant,Lincoln_Purdy56@ybl,N,310c3fac5cad71bafa5eec1d,4814
2024-09-01 00:00:00,717.90,U09,FAILURE,947348536148,fd714b02-9e10-4040-9c96-75acedcd3e7d,finopay.dailygrocer@timecosmos,payMerchant,Henry47@axl,N,83afbc2f5388ed489ea6d30f,5411
2024-09-01 00:00:00,580.32,N,SUCCESS,340672980771,cf5d0c17-7afe-4aee-9f56-c7fbea9dec04,jiopay.wireless@timecosmos,Person,Cordie28@rapl,N,dd3e0fea8eae003bebab8ffc,4814
2024-09-01 00:00:00,185.65,U31,SUCCESS,463616342643,1c47f8c5-e7d6-4b75-95d4-57064c80fa2f,tripay.destinations@timecosmos,payMerchant,Elisa.Dach94@paytm,N,74470d0226c6bb386ea1377c,4722
2024-09-01 00:00:00,83.26,N,SUCCESS,274707037336,ace1c67c-c965-4f7c-be86-0bfc8ff66d62,razorpay.tacos@timecosmos,Person,Marquise.Romaguera21@paytm,N,e16d1b7d7039355f2aa97273,5814
2024-09-01 00:00:00,903.19,U30,FAILURE,668938207848,d6978413-7359-4bfc-8a76-68fc0490208f,jiopay.wireless@timecosmos,PayMerchant,Melba55@abfspay,N,adfae4461aef1fee5e966ecd,4814
2024-09-01 00:00:00,956.58,U31,SUCCESS,216008204344,cca7b905-b37c-4dd9-8aa4-4f8247c0a3ce,razorpay.pizza@timecosmos,PayMerchant,Geovany_Brown39@yesg,N,9c9ec612a82e4ffbb27e056c,5814
2024-09-01 00:00:00,649.71,S96,DEEMED,537130413105,72148df0-a0ab-49e2-b747-32d005abb712,tripay.tour@timecosmos,PayMerchant,Pierce5@fkaxis,N,a127ba04ef3ffaacbd4a4acd,4722
2024-09-01 00:00:00,424.38,U31,DEEMED,759421778320,20517b55-c07e-4879-98ed-28d8add3785e,airpay.helmet@timecosmos,Person,Noemi.Weber-Swaniawski33@okaxis,N,5f9efce1a9601bbae5bdf4ab,5816
2024-09-01 00:00:00,88.36,N,FAILURE,978889312319,01a42416-6aac-435c-b53a-36ff6a4e9438,finopay.freshmart@timecosmos,payMerchant,Furman74@yesg,N,eaedc7c6cfd2cb93d4bb0cb9,5411
2024-09-01 00:00:00,669.26,U78,FAILURE,730443454465,84c13ebb-f83a-4b7d-8de1-79674776911a,razorpay.dessert@timecosmos,PayMerchant,Cordie78@paytm,N,93285adfb2b0ea77eba15e85,5814
2024-09-01 00:00:00,20.47,U67,FAILURE,019592241375,9a86f190-f100-4f2a-9bab-155adfe194d6,finopay.marketplace@timecosmos,PayMerchant,Cale.Runte40@okhdfcbank,N,bdcedcc5c2edd1c5d7272465,5411
2024-09-01 00:00:00,709.50,U67,SUCCESS,813217162779,39347e14-90db-4775-a528-b09e41f7f37d,airpay.airplane@timecosmos,payMerchant,Taurean.Langworth@apl,N,a93d76cdd52a16c8ad6afeaa,5816
2024-09-01 00:00:00,806.13,U30,FAILURE,634026264301,3bd50a57-bd4c-49c3-b755-5cdf1312cfcc,jiopay.convergence@timecosmos,payMerchant,Carol.Moen@apl,N,ba1a2bccfb96c7b60acb3b8c,4814
2024-09-01 00:00:00,678.56,U67,SUCCESS,017934075540,fac39e84-2a0d-45c3-8d23-e859e46f914b,airpay.robot@timecosmos,PayMerchant,Levi44@rapl,N,04ebfdd5b29efda2fd137fdd,5816
2024-09-01 00:00:00,574.75,U30,FAILURE,762625010899,e5b867fd-4692-44a9-8074-6cd151f113cd,airpay.boat@timecosmos,payMerchant,Leann.Gislason@timecosmos,N,c62edffca15dccabf1a61ff7,5816
2024-09-01 00:00:00,61.47,U67,FAILURE,536879337398,b5fa01b2-44dc-4fb5-b91a-2fa801fcd39a,finopay.dailygrocer@timecosmos,payMerchant,Bertrand.Daniel91@fkaxis,N,fcb7037dac4991a965f4cc1a,5411
2024-09-01 00:00:00,504.32,U31,DEEMED,518277462694,cf16154d-5442-4c6f-ae1a-a323187720f0,jiopay.wireless@timecosmos,payMerchant,Ana85@oksbi,N,53215de5ca70fe4cdcf9a296,4814
2024-09-01 00:00:00,274.39,U78,SUCCESS,977524943868,51d30144-4544-4ff9-a69c-291f5acf3709,airpay.bike@timecosmos,Person,Davon84@oksbi,N,9659b65ffe47f9ab5ebb3d98,5816
2024-09-01 00:00:00,12.41,U78,DEEMED,437120174098,a5ef6eb9-1ec8-484d-98de-6e005b38b902,finopay.foodland@timecosmos,payMerchant,Kiana.Oberbrunner66@paytm,N,9f659d78ce90c85bceebdf4a,5411
2024-09-01 00:00:00,713.16,U67,SUCCESS,341091701099,65a97d7a-6399-46e8-b6c9-53f71ee93b46,jiopay.mobile@timecosmos,Person,Josefa.Greenfelder23@apl,N,ad097e5cd7b55efc2fccc8e0,4814
2024-09-01 00:00:00,977.49,N,FAILURE,363991583445,993075a3-4e11-43d3-9b22-0ea28c3d7144,finopay.marketplace@timecosmos,payMerchant,Wyatt.Daugherty@rapl,N,73cd29be7e002aaa9691f06e,5411
2024-09-01 00:00:00,612.98,U67,SUCCESS,756827416162,76673dea-d204-4fe6-bcd6-ca35609b8b01,jiopay.voip@timecosmos,PayMerchant,Jaquelin_Leffler57@apl,N,bfe92ed1b185fa38fb390eba,4814
2024-09-01 00:00:00,448.18,U78,DEEMED,367229792714,db82825c-ebc8-4b35-a39f-578d5cdc506e,jiopay.internet@timecosmos,PayMerchant,Emerald35@okicici,N,e8e9bd3c1aea1f76b2bf80fd,4814
2024-09-01 00:00:00,899.77,U78,DEEMED,071618157060,50d49f2b-45ac-4fd5-a72f-5028164e71ea,jiopay.wireless@timecosmos,PayMerchant,Grayson93@ybl,N,6b6e2543ecb6a4b82daaa966,4814
2024-09-01 00:00:00,814.43,U09,FAILURE,419067937722,406f9b4c-b968-4227-8331-7246f19c4f90,tripay.vacation@timecosmos,payMerchant,Robbie.Fritsch@okhdfcbank,N,31ccddef0e8de4dde5e7fdb6,4722
2024-09-01 00:00:00,434.84,U30,FAILURE,658137397567,b6db0821-3695-4024-96d4-fe3abfbb11c2,jiopay.broadband@timecosmos,payMerchant,Royce56@idfcbank,N,c7ba92ea25354b3eec34d578,4814
2024-09-01 00:00:00,546.92,U67,FAILURE,415085517173,9f83facb-6db3-4275-aa86-3352010d0fd4,razorpay.pizza@timecosmos,payMerchant,Jaylen_Kuvalis@okaxis,N,86d5ddbd91e74ed1ffeeb478,5814
2024-09-01 00:00:00,693.31,S96,FAILURE,127829965002,b6c52c13-93e5-46e7-8f7c-d5218134d2e6,tripay.destinations@timecosmos,Person,Mauricio.Rippin51@apl,N,4b3f2bb8822f8d8b6da2eacf,4722
2024-09-01 00:00:00,410.08,N,FAILURE,265961064784,1a6f962d-c655-4166-9568-95d8b21282e3,airpay.airplane@timecosmos,Person,Abagail_Ferry-Walsh32@okicici,N,af080fb1afebf2400af112af,5816
2024-09-01 00:00:00,685.81,S96,SUCCESS,393175200876,574e3f65-0246-4daf-a46f-146fd5aaab5d,finopay.organic@timecosmos,PayMerchant,Vilma68@fkaxis,N,af74f8e898ea6703daa35aad,5411
2024-09-01 00:00:00,635.99,S96,FAILURE,914557419711,68945e40-7042-4470-848d-76cf1ccd4ba2,finopay.town@timecosmos,payMerchant,Marcelina29@timecosmos,N,b998ea0efd9fa3f2eb2b12a8,5411
2024-09-01 00:00:00,426.67,U30,DEEMED,192791641344,b2c8a630-bf86-4c3b-934c-fb210088f2e6,jiopay.fiber@timecosmos,PayMerchant,Amya11@idfcbank,N,0cffba4d30dda64f930dbd63,4814
2024-09-01 00:00:00,248.47,S96,DEEMED,507610050260,0e388149-522f-41f3-afc8-6604699821a1,razorpay.tacos@timecosmos,payMerchant,Camden.Funk@okaxis,N,aa7f12c0a08e87a2eff5c013,5814
2024-09-01 00:00:00,937.09,U67,SUCCESS,737613868886,01154b2a-725f-47a4-b9f9-aa8481026760,airpay.airplane@timecosmos,PayMerchant,Enos.Quitzon@abfspay,N,b4dcca2cad6c304be6fcdbb1,5816
2024-09-01 00:00:00,216.22,S96,FAILURE,499664985489,acd5cebc-d7e3-4c03-a7b0-f5153806b969,jiopay.data@timecosmos,payMerchant,Oral23@yapl,N,0576a561ec73bbd0c95cb0ae,4814
2024-09-01 00:00:00,394.24,U30,FAILURE,035451156488,4f693806-6a49-466f-bd6c-0cc5b8a41ba2,airpay.airplane@timecosmos,Person,Haskell83@abfspay,N,e394fdbf9c49e37c285f5fbd,5816
2024-09-01 00:00:00,335.64,N,SUCCESS,372072823884,2980caa8-d6db-4b8a-8d74-d063479d283a,finopay.corner@timecosmos,PayMerchant,Sim_Kessler37@okicici,N,e9159ee0ed370bed60ddefc4,5411
2024-09-01 00:00:00,888.21,S96,FAILURE,576744340630,33ef955d-04cd-4a6c-b42d-831a928b9285,airpay.scooter@timecosmos,Person,Esperanza_Padberg@axisb,N,6f1e4eeed87b1f3aba13e9e0,5816
2024-09-01 00:00:00,478.13,U78,SUCCESS,316157019985,9eba9676-9c9d-44aa-a4f2-101ff4b1477e,airpay.drone@timecosmos,Person,Rogers_Emard@axl,N,e6fbbffc63a3711d5b8528ed,5816
2024-09-01 00:00:00,866.04,U78,FAILURE,968360533518,0bb95c8f-008e-47ff-81ef-7a46bf39a362,tripay.escape@timecosmos,payMerchant,Cierra.Roob-Torp@axisb,N,b2e2c0524fc393a3ae171bc7,4722
2024-09-01 00:00:00,297.42,U31,SUCCESS,970733900922,f0b57b5e-090f-41c0-a54a-2e063930a2e9,tripay.destinations@timecosmos,Person,Estefania_Bednar68@axl,N,023f1cee10e878ceb1f8bdf4,4722
2024-09-01 00:00:00,774.26,N,DEEMED,853117859643,2e4a2ac5-dbfa-45bc-b84e-cc32a386ca34,airpay.submarine@timecosmos,Person,Shad22@abfspay,N,fba993b1faaf334cca442fae,5816
2024-09-01 00:00:00,699.88,U09,DEEMED,108697497616,b297a0cc-c16b-4bf6-b1d9-267c19e13df0,tripay.expedition@timecosmos,Person,Janick.Dibbert@abfspay,N,9c86daa8d27ad78e646e406d,4722
2024-09-01 00:00:00,94.76,U67,SUCCESS,312894432166,cbfc8a48-bfc5-4744-94e4-36f5e5a8d480,finopay.foodland@timecosmos,Person,Cornelius.Greenfelder89@yesg,N,add72a31dfde63ccedd89e9d,5411
2024-09-01 00:00:00,898.71,N,FAILURE,783516694359,1ac0a167-cf72-459a-a16f-d8c1cdd08823,tripay.adventure@timecosmos,PayMerchant,Sofia_Huel@idfcbank,N,d91948b1d4927fe4b5f40bb0,4722
2024-09-01 00:00:00,162.90,U78,DEEMED,614647576743,8799c470-4949-4c01-9e04-9de3a5c0fa3b,jiopay.broadband@timecosmos,Person,Sabryna.Gutkowski57@yapl,N,750656331dbe38c7aca9646b,4814
2024-09-01 00:00:00,787.94,S96,SUCCESS,087936950362,cc44e5fe-db5a-4655-90f7-b79946aed5be,razorpay.sushi@timecosmos,Person,Lonie87@axisb,N,a3f56dda1fbff8d3edd52e3d,5814
2024-09-01 00:00:00,192.39,U30,SUCCESS,892956105510,74ba2bf9-bc27-4069-8d98-837a039a41c8,finopay.town@timecosmos,payMerchant,Titus_Fay@timecosmos,N,a97f1f20a61c92315aa8f67c,5411
2024-09-01 00:00:00,517.07,U09,FAILURE,568983398811,cc3b592a-57d1-4eb6-93c8-7bb735d1ba48,tripay.destinations@timecosmos,PayMerchant,Athena.Lockman70@abfspay,N,ebeace1ebb63012f3d6611dd,4722
2024-09-01 00:00:00,587.22,U31,FAILURE,146653384917,40481dd6-98b8-41d8-a7cc-3d6c648e9b7d,finopay.town@timecosmos,Person,Rylee_Jerde75@abfspay,N,df51d9d7b851a60f6cda63af,5411
2024-09-01 00:00:00,996.18,U31,DEEMED,096285964266,3338715b-bce1-45c7-a0f0-490dcc19079e,tripay.getaway@timecosmos,PayMerchant,Emmett98@fkaxis,N,7c9487b4a362c6f3cde0840b,4722
2024-09-01 00:00:00,821.82,N,DEEMED,539558627286,6d94a803-3771-48bc-bc4a-2896d76b91b1,airpay.submarine@timecosmos,Person,Trace.Rosenbaum@paytm,N,45f430eeebdbda0a4fadd8ee,5816
2024-09-01 00:00:00,75.80,U78,DEEMED,764269404710,1daf798b-3a7a-4872-b4b8-3c54706d4ee1,tripay.wander@timecosmos,Person,Johnson.Abbott@axl,N,fb7ad2adfdaba52cdd4b2f7c,4722
2024-09-01 00:00:00,634.65,U67,FAILURE,150342437374,b42cc7b8-59e5-49be-9ff6-e20afa948b54,finopay.marketplace@timecosmos,PayMerchant,Scot.Huel8@apl,N,fdb35d7c3947d65a02669ac9,5411
2024-09-01 00:00:00,114.45,U30,SUCCESS,018767053950,938295dc-3c74-4c8f-ab32-a573011dba80,airpay.robot@timecosmos,PayMerchant,Lonny.Frami@ybl,N,2b6c76a80d882cd7bafcdd64,5816
2024-09-01 00:00:00,847.33,U30,DEEMED,377383906601,efe064cc-3cca-499d-bf75-cd1c9f6a48fe,finopay.freshmart@timecosmos,PayMerchant,Taryn16@okicici,N,8eecdafc57b3c62d4d290b81,5411
2024-09-01 00:00:00,343.87,S96,SUCCESS,723165371645,a9ea194d-aad3-42c0-9837-b450a2c8d606,jiopay.wireless@timecosmos,payMerchant,Nolan.Mertz@abfspay,N,36d4324e9ad4a03fb67c1efb,4814
2024-09-01 00:00:00,369.65,U67,SUCCESS,814906747139,7113ef80-0c30-4cc9-9383-6292145f44f7,airpay.drone@timecosmos,PayMerchant,Ludie76@abfspay,N,06feb5f3b53a7dac469a1f8d,5816
2024-09-01 00:00:00,142.07,S96,SUCCESS,141993204270,b5d46fe8-9d5f-4a65-91a4-c8e76f7e39d2,airpay.drone@timecosmos,Person,Tia96@fkaxis,N,ee5ebd8f06b11db2ec9c8f4c,5816
2024-09-01 00:00:00,429.85,U09,FAILURE,183972612797,ed943290-f2ba-4564-9641-8abb9a702168,tripay.escape@timecosmos,payMerchant,Kayley.Kassulke@icici,N,59edb545d9261dafb0d0496e,4722
2024-09-01 00:00:00,196.02,N,DEEMED,021443956173,c6816d22-6711-4763-a1b3-6192cfe7dfcc,tripay.globetrot@timecosmos,payMerchant,Saige_Ebert70@axl,N,c68faa5001cfe09d24e767b8,4722
2024-09-01 00:00:00,300.30,U30,DEEMED,950744160640,4c2421c5-811b-4744-ad66-efd60b722cd0,airpay.submarine@timecosmos,PayMerchant,Lacy_Stokes21@okaxis,N,2bbbf416aecfbb4e20de4c5f,5816
2024-09-01 00:00:00,802.09,U31,SUCCESS,066660010348,1d1b16af-fe2f-4a76-88e3-f90116ea27cb,finopay.organic@timecosmos,Person,Aliza.Cassin@axl,N,9de1f077cf1b0faa213ebf07,5411
2024-09-01 00:00:00,138.49,N,SUCCESS,486715497848,ab2466a2-0639-4972-851d-796f2ed365d7,airpay.bike@timecosmos,payMerchant,Gayle_Sawayn17@oksbi,N,b2ba43ddbf3185baddadb094,5816
2024-09-01 00:00:00,348.32,N,FAILURE,931237958896,fce802e0-361d-4353-a5b9-e31b4a0bb1a9,razorpay.burger@timecosmos,payMerchant,Adolphus.Jacobs@apl,N,8ee3bbcfecccefb63cb73888,5814
2024-09-01 00:00:00,487.57,U09,SUCCESS,580453829533,3fd85e09-5200-472c-a706-cd97fd95c298,razorpay.vegetarian@timecosmos,PayMerchant,Felipa.Abbott@timecosmos,N,dfa5a3ad48fafe6ef1dcfaa8,5814
2024-09-01 00:00:00,503.29,N,DEEMED,397590048435,77419e7b-ff11-424f-bc51-38a04057acd6,finopay.dailygrocer@timecosmos,PayMerchant,Ines61@axisb,N,c207e525cc75e0d4ce07969c,5411
2024-09-01 00:00:00,992.93,U09,DEEMED,701299004200,91d1a8ed-74f5-4906-a7e6-aa57527666f4,finopay.bulkstore@timecosmos,Person,Caleb_Wolf@okicici,N,dd465ecbb4fe11e94aafd9ec,5411
2024-09-01 00:00:00,597.71,N,FAILURE,778951114521,c6e8668a-ae25-45bf-8f22-54c6a80e42da,jiopay.fiber@timecosmos,PayMerchant,Alta.Collins85@rapl,N,a006553bb6800dccafd39013,4814
2024-09-01 00:00:00,299.16,U09,SUCCESS,342260198916,fb4758ca-2ec7-4722-a590-b23b36864090,tripay.tour@timecosmos,PayMerchant,Khalil81@abfspay,N,deccdf7fc5066c9fd321abc6,4722
2024-09-01 00:00:00,196.66,U31,SUCCESS,500171673647,bbed8e00-a8ec-4d36-b258-a89a6e0807f4,airpay.bike@timecosmos,Person,Jaylen_Ernser98@yapl,N,4b5bfa5a0e61cfa9b8da7ad2,5816
2024-09-01 00:00:00,409.82,S96,SUCCESS,599954846992,0c5179c8-7472-42f2-8648-9ae4a5a94d24,jiopay.satellite@timecosmos,payMerchant,Jeremy81@axl,N,45bbddcf54b95ffdb731cf4b,4814
2024-09-01 00:00:00,54.24,U67,FAILURE,488233601421,e397e317-933d-4544-9d95-14d40df3d964,jiopay.internet@timecosmos,PayMerchant,Sabrina17@paytm,N,af9a5b1c18083870ecba8710,4814
2024-09-01 00:00:00,111.60,S96,DEEMED,297549986298,b03ea37a-d2b5-479f-b2ef-6913bcfbe1b4,tripay.adventure@timecosmos,Person,Marielle_Smith60@apl,N,64e0ab05e6cd3e4fdba16490,4722
2024-09-01 00:00:00,428.31,U09,FAILURE,419448093842,3652bae1-e29b-4237-b01d-48e69c239d89,tripay.wander@timecosmos,Person,Eva30@axl,N,0afb26eabd7e86badbdc01a2,4722
2024-09-01 00:00:00,206.86,U31,FAILURE,553175651832,8c57499f-627d-4339-af6e-42dc3f7dbb0b,finopay.dailygrocer@timecosmos,PayMerchant,Betty.Crona@axisb,N,45aecec70f7e3bc7ddad0b11,5411
2024-09-01 00:00:00,435.70,S96,FAILURE,586597316866,f0daf72d-742f-458f-8a55-0903188d00e6,tripay.destinations@timecosmos,payMerchant,Oceane.Heidenreich31@axisb,N,fa8fc062ba9ea5bc636bdc6c,4722
2024-09-01 00:00:00,14.23,U09,SUCCESS,290832520600,eedb7d52-dee9-4c73-ae78-9a8a77550ddc,razorpay.sushi@timecosmos,PayMerchant,Celestino3@okicici,N,a8b585eaeb96beeb2410ee6e,5814
2024-09-01 00:00:00,892.55,U09,FAILURE,228831356953,25de5da6-81d9-4d23-8745-b6837f1fff2a,jiopay.wireless@timecosmos,Person,Joshua86@ybl,N,0a12f6db32fedbc8ccb6a2e9,4814
2024-09-01 00:00:00,504.81,N,SUCCESS,528096842814,553f5787-aecd-43c5-ab96-e18e35f5f4c7,finopay.timecosmosrite@timecosmos,payMerchant,Zackary83@apl,N,29eedc1bdd7ef922ce1f2c8c,5411
2024-09-01 00:00:00,40.15,U30,FAILURE,905494157026,3643834b-9913-4d2e-9c5c-3401c5fa1955,finopay.corner@timecosmos,PayMerchant,Annetta_Boyle97@timecosmos,N,4fe087636eba1b4f2b2dff0a,5411
2024-09-01 00:00:00,536.49,S96,SUCCESS,531079884724,6b118d56-d61d-4233-90d9-7d9f3b24f0d8,razorpay.pizza@timecosmos,PayMerchant,Nathen_Boehm56@axisb,N,d3dad933b4bccc5dc8965def,5814
2024-09-01 00:00:00,392.06,N,FAILURE,311149507802,93907291-dacd-4d52-a495-dac2995a6635,razorpay.burger@timecosmos,payMerchant,Sigurd22@fkaxis,N,eb97ebc73c7ca0fcbccaf2d7,5814
2024-09-01 00:00:00,124.93,U31,DEEMED,058161540425,ebba816c-5748-4345-8335-4a20a1a5badf,finopay.marketplace@timecosmos,payMerchant,Lura58@rapl,N,ae89aab751914e25aa3a9bc3,5411
2024-09-01 00:00:00,128.86,S96,FAILURE,986532549700,f6b56241-c897-402a-bfb1-1caed0cf1e63,tripay.getaway@timecosmos,payMerchant,Edyth.Stiedemann96@okaxis,N,deb6ee55ecd3b7c8b058bc8a,4722
2024-09-01 00:00:00,914.29,U09,FAILURE,186013096605,5659cc86-25e9-412d-b5d6-c2fdaf49cc18,jiopay.broadband@timecosmos,Person,Chelsey.Dibbert@okhdfcbank,N,a58bbeebceedf4db7fcdca2e,4814
2024-09-01 00:00:00,168.78,U31,FAILURE,138071553699,7fc70904-adf5-4410-b9ba-61622a044244,finopay.timecosmosrite@timecosmos,payMerchant,Gerardo54@fkaxis,N,2ee26fca84bd7eb4fc8810bc,5411
2024-09-01 00:00:00,912.26,U78,FAILURE,152684343009,0bd62a5e-5e32-4146-98f5-2322aea75f60,airpay.boat@timecosmos,Person,Marilie_Sawayn@rapl,N,da1d7f6c1747f055cfbb2e7b,5816
2024-09-01 00:00:00,908.14,U30,DEEMED,497230114957,f8bb353f-ba44-4cba-838f-c5bc3dc0c13e,tripay.tour@timecosmos,PayMerchant,Avery.Strosin@abfspay,N,a8cdab2b9bb674b9baef3b55,4722
2024-09-01 00:00:00,299.87,U78,FAILURE,738159569888,66bde334-6b5d-4b8b-aaa9-0206752d5ede,tripay.globetrot@timecosmos,payMerchant,Herta40@fkaxis,N,e9f4efbb5b8a33b00facdb1c,4722
2024-09-01 00:00:00,5.46,U78,FAILURE,101204884579,79fa9394-df10-4aa8-a28d-6994375c2fc0,tripay.adventure@timecosmos,payMerchant,Janis_Howell-Kerluke@rapl,N,e1f448d5f8af0e708c4eaf15,4722
2024-09-01 00:00:00,726.49,U78,FAILURE,757593831329,2636f272-3314-4b80-88ad-edca3c0a1438,jiopay.convergence@timecosmos,payMerchant,Tito70@idfcbank,N,ebc3b06f3d7f54d4accbd3b7,4814
2024-09-01 00:00:00,11.67,U67,SUCCESS,458276777749,32a11b06-f339-4db6-ab82-29c2e00ad908,finopay.dailygrocer@timecosmos,Person,Keven.Pagac@idfcbank,N,eaf995b3dda856a88bfa0532,5411
2024-09-01 00:00:00,936.89,U31,FAILURE,257207409517,b563113d-87fb-4686-9e80-3d9a33e6af67,jiopay.data@timecosmos,PayMerchant,Kaycee42@axl,N,f43a1bdb7d5ef4daf8aab11e,4814
2024-09-01 00:00:00,968.62,U78,SUCCESS,199182343182,825aa597-999b-4820-88d3-1b812d5748bf,finopay.greenbasket@timecosmos,Person,Bianka.Predovic21@yapl,N,ac8dfec681994aced61caa43,5411
2024-09-01 00:00:00,469.77,U31,SUCCESS,381267501790,bd2d04cd-8bbf-4faa-bad8-7fe01a9566ad,tripay.explore@timecosmos,PayMerchant,Aric25@axisb,N,006c21d21ad02fb05e22b736,4722
2024-09-01 00:00:00,781.54,S96,SUCCESS,276072203841,ea5db86d-82ab-467d-a8de-e6d2156f1874,tripay.globetrot@timecosmos,PayMerchant,Aisha_Jones@paytm,N,24afaaa64408bbedc2377a9e,4722
2024-09-01 00:00:00,415.40,U09,FAILURE,295112027460,75a72f37-fe04-4ea4-92e0-df72f1af5099,finopay.freshmart@timecosmos,Person,Montana.Trantow23@yapl,N,bdcf928de7e53e1da0f9bdeb,5411
2024-09-01 00:00:00,876.68,U31,FAILURE,009910394702,ccbc7a27-ac94-4b28-a44b-8e2c85b0be38,tripay.vacation@timecosmos,PayMerchant,Carolyn.Heathcote@rapl,N,e2fdf219d10c5ebce1cc37bf,4722
2024-09-01 00:00:00,637.86,S96,DEEMED,928563484650,c2bea7bd-7a4f-4d62-8507-90488c4c7177,airpay.bike@timecosmos,PayMerchant,Marcelle.Kuhic47@paytm,N,c44a3eeba5f9a29c7f7dcfeb,5816
2024-09-01 00:00:00,440.28,U30,DEEMED,638052177237,d61fcdd0-4db6-41e2-97e8-73f2947db544,tripay.escape@timecosmos,PayMerchant,Celestino.Gutmann97@apl,N,2df9f6a0beabbdce621146c7,4722
2024-09-01 00:00:00,763.34,N,FAILURE,728934984569,4dffc6a7-fdc4-4768-8493-06b32aa4fbf7,airpay.robot@timecosmos,PayMerchant,Ezra50@icici,N,fd4ab2149d4e709d6ea5acd7,5816
2024-09-01 00:00:00,820.17,S96,SUCCESS,995074524595,dd75c88f-29f6-4912-ae19-857140de5fc2,finopay.organic@timecosmos,Person,Winifred.Hackett52@okaxis,N,5275fdd807fdbb49fe680afd,5411
2024-09-01 00:00:00,532.45,U09,FAILURE,274926589645,b264d011-b16e-4e6a-95cd-d8ab9d64a7f3,airpay.helmet@timecosmos,PayMerchant,Gayle20@fkaxis,N,ae4c02b540b0c0a5dec48d81,5816
2024-09-01 00:00:00,507.07,U78,FAILURE,958009381136,e621ffcf-3438-41ed-be47-e44808725546,airpay.robot@timecosmos,payMerchant,Robin8@apl,N,38ff5e94b80dcebebcc69068,5816
2024-09-01 00:00:00,370.29,U09,FAILURE,026012860225,6de53c28-722c-4209-8347-b71ab55a0a8e,airpay.robot@timecosmos,payMerchant,Arvel76@fkaxis,N,7a13cdaa3acc9ec1cc9ad3ed,5816
2024-09-01 00:00:00,659.46,U09,SUCCESS,808609041744,6bbf543b-e155-4282-8220-6f93337590e6,jiopay.broadband@timecosmos,payMerchant,Donavon_Mitchell6@yapl,N,415a104d44c2ff4ec333f3ec,4814
2024-09-01 00:00:00,76.58,N,SUCCESS,904237020141,89b1d970-55b7-4b53-a18f-426d45e72d98,airpay.airplane@timecosmos,Person,Lynn9@okicici,N,baadd554cde3d03b5afbdbe4,5816
2024-09-01 00:00:00,654.30,U78,SUCCESS,220266550815,b1371bc6-1794-439c-ac49-1eee58b90453,airpay.drone@timecosmos,PayMerchant,Jarod_McDermott@okhdfcbank,N,6f8afae1cdcafc0d12ed862b,5816
2024-09-01 00:00:00,604.82,U67,FAILURE,412631721173,662e00d1-d0b9-483f-bd46-a5cd49a3bdd8,airpay.submarine@timecosmos,PayMerchant,Spencer91@rapl,N,faeafbb6feab789cbd4c55af,5816
2024-09-01 00:00:00,4.76,U67,SUCCESS,552348038499,99d89bb8-e7b4-44b0-9553-2873ae71f84c,razorpay.pizza@timecosmos,payMerchant,Sam89@yapl,N,7a3e8e9f9c8314dbfbd6d76b,5814
2024-09-01 00:00:00,303.33,U67,DEEMED,975193708297,07385e8d-40a3-4992-ae3c-224dac255d6b,tripay.tour@timecosmos,PayMerchant,Albin_Altenwerth13@axl,N,efc2fca8dd59dc2b2c32e8ee,4722
2024-09-01 00:00:00,160.68,U30,FAILURE,399726038837,ccb9627f-3761-4842-a19b-e15a77f70fc8,finopay.greenbasket@timecosmos,Person,Reed_Littel@abfspay,N,c7702dc8d6bd730a84e66d6a,5411
2024-09-01 00:00:00,21.12,U78,DEEMED,944895713018,ab675075-f86d-4aa7-bbb8-31e26c2bed9e,tripay.tour@timecosmos,Person,Elinor13@abfspay,N,be59a9d3ea51aace7ccffd64,4722
2024-09-01 00:00:00,870.79,U78,FAILURE,144898258251,6c456293-1e68-46d9-86af-f870a99c936c,finopay.foodland@timecosmos,Person,Misty.Langosh56@axisb,N,faa9be49fd3a9d28b20568dc,5411
2024-09-01 00:00:00,558.24,U31,FAILURE,663647767159,ae030fa1-0a1c-4e15-aae7-d284b9047e16,razorpay.sushi@timecosmos,Person,Anita_Daugherty49@apl,N,2077f0b7beeab310dd93f38d,5814
2024-09-01 00:00:00,331.32,S96,FAILURE,339828066521,1e57a044-fdc3-4bf9-bbbe-f8be38e83f60,finopay.greenbasket@timecosmos,Person,Osbaldo39@okaxis,N,a3a2caf5cee418f36207affa,5411
2024-09-01 00:00:00,846.82,U78,DEEMED,172830582562,d877bc1d-9bfa-456a-98df-cd1086817d9a,finopay.town@timecosmos,PayMerchant,Justice86@oksbi,N,1eb1d6e06ad4dcff1b5eadc9,5411
2024-09-01 00:00:00,260.21,U09,FAILURE,036109653548,e5c72a3d-0158-419a-b7ac-652d936961ff,tripay.escape@timecosmos,PayMerchant,Jannie_Lowe60@okhdfcbank,N,0434f20aaf08858f2f8cf61d,4722
2024-09-01 00:00:00,219.87,N,DEEMED,910846823034,89c80e2c-a2ff-4fec-80ff-07b7fc769465,razorpay.tacos@timecosmos,payMerchant,Madisen27@axl,N,f9b20c7debaf4afa768bd79d,5814
2024-09-01 00:00:00,849.74,U78,DEEMED,083224192290,cf4343c2-5de8-4d75-8dcb-fd903e062d55,razorpay.pasta@timecosmos,Person,Karli14@idfcbank,N,1b4fd434efcb0cdfb9c106b5,5814
2024-09-01 00:00:00,934.03,U09,SUCCESS,199625139426,b16ae2f4-f681-47a9-a82f-147c5048c61e,razorpay.sushi@timecosmos,PayMerchant,Bert60@yapl,N,ab4666b57affb86385ec34f0,5814
2024-09-01 00:00:00,364.57,U78,SUCCESS,212716024277,c7b9bb99-a68b-4e3e-8172-4805c4f89b90,razorpay.vegetarian@timecosmos,Person,Titus_Schuppe-Waelchi85@yesg,N,a6bceba5af46a5fabdee7b3f,5814
2024-09-01 00:00:00,946.83,U09,SUCCESS,765846614711,bd66e5b2-bb48-4e6b-96ed-e3784877c5ab,jiopay.satellite@timecosmos,Person,Franco94@yapl,N,d5ef7fb3344caa116ccc5a02,4814
2024-09-01 00:00:00,72.34,S96,FAILURE,943349925334,eea7879e-0822-4731-8916-a170f7a90b32,airpay.bike@timecosmos,payMerchant,Kimberly_Terry-Frami@oksbi,N,a4fb5b85e9d0a2e94c0f4fd9,5816
2024-09-01 00:00:00,152.55,N,SUCCESS,724834009673,4a939d4a-9fa1-4fc9-869e-9905bfcfe715,tripay.tour@timecosmos,Person,Damaris.Erdman18@fkaxis,N,61217119efe99dacb1f2eeb6,4722
2024-09-01 00:00:00,666.28,U09,FAILURE,594451847175,705f9c58-f4d3-465d-aa36-116ba3d949c9,airpay.boat@timecosmos,PayMerchant,Daniela_Ziemann30@rapl,N,cedcc2f1bcec22aa3a25e6d4,5816
2024-09-01 00:00:00,457.30,S96,SUCCESS,523852333231,61e33882-df63-4a5f-869e-33a50aa14d15,airpay.helmet@timecosmos,PayMerchant,Manuel.OReilly37@apl,N,5c47abe974aed0f49f044d4b,5816
2024-09-01 00:00:00,455.58,N,FAILURE,419148855911,8d881337-0f55-4c76-84e6-df7b60dd1123,tripay.escape@timecosmos,payMerchant,Mckenzie.Fritsch1@icici,N,a5aef8c3cdbc3f688ecee0eb,4722
2024-09-01 00:00:00,331.49,U31,DEEMED,301464912085,f459a60a-5fd5-42bf-a95c-eee107b759c8,jiopay.data@timecosmos,PayMerchant,Baylee_Kutch67@icici,N,ad0e3a0d88be668e66bdda15,4814
2024-09-01 00:00:00,360.72,N,SUCCESS,992254791837,8846b665-9e81-4927-94f0-424bf6e91c00,razorpay.tacos@timecosmos,PayMerchant,Deonte28@okicici,N,6d2a77df1db9fabe82ccac6b,5814
2024-09-01 00:00:00,281.36,U67,DEEMED,369729658422,58d49dd5-15e3-425a-b915-1125e4695666,jiopay.satellite@timecosmos,payMerchant,Shanelle_Schmitt53@yesg,N,adc042e9bf75bbebb077d65c,4814
2024-09-01 00:00:00,940.55,U09,DEEMED,511825963791,159b203d-0b79-4e65-8f5c-89dbb2d6e57d,tripay.wander@timecosmos,Person,Margarette26@abfspay,N,a85af7a4b7b2bcc1a4ee0e9d,4722
2024-09-01 00:00:00,249.84,N,SUCCESS,333558489239,b16d352c-f3f6-4af8-8aad-7db1b97249ba,finopay.town@timecosmos,payMerchant,Albin33@fkaxis,N,2b5eb0ac21034b1edcfd4e1e,5411
2024-09-01 00:00:00,321.62,U78,FAILURE,852276790554,d68aea6e-2351-4587-91df-08f7cd298430,razorpay.dessert@timecosmos,Person,Lourdes.Krajcik34@okicici,N,2e67fd7afcb2540c7ce3c6d2,5814
2024-09-01 00:00:00,828.52,U09,FAILURE,420960925257,c1655c10-c3f0-408d-bb44-d3670b0d5991,razorpay.pasta@timecosmos,Person,Stacey_Parisian25@axisb,N,6cd250efb003de7f2ce0e4b6,5814
2024-09-01 00:00:00,738.01,U67,FAILURE,009391636817,4279b4ad-32e4-4d99-bea7-bcf4f3a8aead,finopay.freshmart@timecosmos,payMerchant,Isobel83@axl,N,ea44e2ced10db9dde543420e,5411
2024-09-01 00:00:00,521.08,U09,SUCCESS,717949953708,6388927c-3285-46b9-b786-b9b2271f3491,razorpay.pizza@timecosmos,PayMerchant,Maegan62@axl,N,4ebbf0fff02df3b33d1f4efc,5814
2024-09-01 00:00:00,270.90,U67,DEEMED,964476841919,bc9fde6b-8cf2-4b3c-b1de-4ba79c1d602d,finopay.marketplace@timecosmos,Person,Barney_Bradtke26@okaxis,N,f88c55b7d7b5db887aaeadfb,5411
2024-09-01 00:00:00,930.18,U09,SUCCESS,521391448265,c311905f-b64a-4442-a9d8-40733d58c283,airpay.airplane@timecosmos,payMerchant,Ena71@rapl,N,5f29ad6d9a2fde3bed490afb,5816
2024-09-01 00:00:00,157.50,U09,FAILURE,598229213909,c978cb8a-ff17-438c-a618-9417d077383b,razorpay.tacos@timecosmos,payMerchant,Albin33@okaxis,N,befcac6a0949ddb344f6ba85,5814
2024-09-01 00:00:00,385.73,S96,SUCCESS,847638512386,9442ab26-0180-4850-91f9-353ac4002e3b,tripay.explore@timecosmos,Person,Laura.Larkin@oksbi,N,a6afaf4bece1dcffbbd9eac8,4722
2024-09-01 00:00:00,484.54,U78,SUCCESS,996961997514,17dabe51-8094-4fbf-96c4-4705cf0f08b0,tripay.vacation@timecosmos,Person,Trenton11@timecosmos,N,e3cbdce844b3eacb210f1acd,4722
2024-09-01 00:00:00,822.80,U78,SUCCESS,250750487872,43ed9429-1883-4d66-b4d2-1990becadca5,tripay.getaway@timecosmos,payMerchant,Nayeli85@ybl,N,2bef53fd82610babdd3f062c,4722
2024-09-01 00:00:00,639.86,U31,DEEMED,534378283396,1a2e3e80-4dd3-481b-b805-99619a992cdc,tripay.destinations@timecosmos,PayMerchant,Maxine.Legros72@okhdfcbank,N,eeb37acab0bb445e9f89b028,4722
2024-09-01 00:00:00,746.63,U31,DEEMED,670616020690,7199234d-072c-4e73-b8d4-49b986a91f3a,tripay.expedition@timecosmos,PayMerchant,Sierra.OConnell@fkaxis,N,bacd7866b4fcf27fab50f83c,4722
2024-09-01 00:00:00,379.24,U09,DEEMED,116471233321,5306111c-a243-44c5-b522-0d902dc563ac,airpay.truck@timecosmos,PayMerchant,Lina_Schinner-Stoltenberg92@yapl,N,da8ccbde741c36aee7f4cc99,5816
2024-09-01 00:00:00,733.84,U31,SUCCESS,557699673772,745a2d11-5bf9-4d85-a8e6-3586f06ff59d,airpay.submarine@timecosmos,Person,Noemie61@yesg,N,efc55271ddeea8d2803bc9c4,5816
2024-09-01 00:00:00,580.60,U78,DEEMED,105831953816,fb60b8f1-c4d1-48f2-8897-4d62d5d9674a,airpay.helmet@timecosmos,PayMerchant,Jefferey62@ybl,N,f304dba1bcea22de7e65d018,5816
2024-09-01 00:00:00,844.13,U67,SUCCESS,201021766537,d182335f-cec4-4d12-8123-63c52f6ab159,finopay.marketplace@timecosmos,payMerchant,Ulices33@icici,N,749acaeed12e463cc8caae01,5411
2024-09-01 00:00:00,806.80,U67,DEEMED,846234408127,7a881e09-8c82-4517-9c22-d8630bd13f49,airpay.drone@timecosmos,PayMerchant,Edmond.Schmidt42@oksbi,N,096caaffc63f184a8e87d4cc,5816
2024-09-01 00:00:00,349.87,U67,SUCCESS,939906548686,4b0cba08-7594-4081-973f-7748010fd193,finopay.foodland@timecosmos,PayMerchant,Elsie.Muller@yapl,N,ffbcb2fb2fa72c8c745ae90b,5411
2024-09-01 00:00:00,45.66,U67,FAILURE,684235174975,8666defb-2c68-4cd9-aa79-ab10bfd3098c,razorpay.pizza@timecosmos,PayMerchant,Florencio.Ferry90@okicici,N,cd0366bce437bf47d5c41af7,5814
2024-09-01 00:00:00,695.59,S96,DEEMED,797041882836,1d0c0c75-103d-45f0-9cc0-ba24a8d00da3,airpay.robot@timecosmos,PayMerchant,Talon1@fkaxis,N,b017c7acb8f081bcc6e6f2ca,5816
2024-09-01 00:00:00,318.16,U09,SUCCESS,307300668048,c9f21386-0224-4fc8-abe6-c3cb9d6bc6db,tripay.expedition@timecosmos,Person,Jacinto14@okhdfcbank,N,fed0b5c0a9cebcecd17baca2,4722
2024-09-01 00:00:00,322.47,U09,FAILURE,939897559141,5f9a14bb-c955-4515-84f2-35258aad56d4,jiopay.convergence@timecosmos,PayMerchant,Aubree.Deckow@timecosmos,N,b255a9c5c00e8de990e2a4eb,4814
2024-09-01 00:00:00,213.82,U30,SUCCESS,682022226445,9bb68baa-1407-4fab-b0b0-ae62f3628b14,tripay.wander@timecosmos,payMerchant,Bennett.Crona21@apl,N,424ccc3b5ca486fe7bd1c398,4722
2024-09-01 00:00:00,8.49,N,SUCCESS,282791182718,b23210b9-ec16-4b94-8043-4e7fac7dde0e,razorpay.pizza@timecosmos,payMerchant,Arnold72@timecosmos,N,ac62ecf7ccc3108fabf5dd43,5814
2024-09-01 00:00:00,342.32,U31,DEEMED,800300264952,e03583c4-0404-4b6b-a3c4-e65c7278564a,tripay.wander@timecosmos,PayMerchant,Alexander84@paytm,N,1190d9f2ffc54d6f56ec5939,4722
2024-09-01 00:00:00,841.87,S96,FAILURE,364673398784,6f8c5478-4297-4c8a-8fbf-b645f4eb9ab3,razorpay.soup@timecosmos,payMerchant,Judd63@yapl,N,aac0ce08d77e133d81fc3d0d,5814
2024-09-01 00:00:00,661.27,U67,SUCCESS,380620917786,1e7c40e1-e458-4757-85e4-dcc5f62728f4,tripay.destinations@timecosmos,PayMerchant,Cleta.Gislason0@fkaxis,N,2fce35abcedcc45df3bc4fe6,4722
2024-09-01 00:00:00,834.44,N,DEEMED,079369101417,bfd4ca95-7dd6-40e6-b804-f3e17638d82d,finopay.greenbasket@timecosmos,PayMerchant,Michale.Sauer@fkaxis,N,ca9d4e0d937e9e8a3abf6f18,5411
2024-09-01 00:00:00,946.39,N,FAILURE,068341552584,e6e72e7a-8156-4d35-baf5-b92d6d713cee,tripay.wander@timecosmos,PayMerchant,Zelda_Wolf19@yapl,N,983ae09bdc9f905911e1c5d9,4722
2024-09-01 00:00:00,290.46,S96,FAILURE,181644528253,42f1a9ae-2954-480d-824f-2de3f605fc1e,finopay.timecosmosrite@timecosmos,PayMerchant,Allan_Cole38@axl,N,8a7ead37cdf5d5c6aefab56d,5411
2024-09-01 00:00:00,700.58,U67,DEEMED,485006442855,570b0f19-5e26-4d55-9981-27447af3d624,finopay.greenbasket@timecosmos,payMerchant,Keshaun_Lowe@abfspay,N,1ffc79ebbd265b4b30dfec03,5411
2024-09-01 00:00:00,975.98,U67,FAILURE,638347390101,77bb67e7-91cf-403b-b571-334e1dcc1fe4,jiopay.wireless@timecosmos,PayMerchant,Filomena.Maggio22@ybl,N,7f44695180d9ccac4eddde30,4814
2024-09-01 00:00:00,27.18,S96,FAILURE,723233018661,5b4b1ece-d916-48fa-be38-304dfebb5221,airpay.helmet@timecosmos,Person,Arden73@yapl,N,6bbd932bc049b30f8b678e89,5816
2024-09-01 00:00:00,541.23,U31,DEEMED,920481800740,083bb2c0-bb89-4871-aa72-e15d53cfab96,airpay.scooter@timecosmos,payMerchant,Kaelyn82@timecosmos,N,9b30b9eeaa4edfffe1a849e6,5816
2024-09-01 00:00:00,443.51,N,SUCCESS,465695316441,af235c11-822c-4166-a36e-d8a9327f3489,airpay.truck@timecosmos,payMerchant,Zita_Larson@rapl,N,bebffbd04bcfdd745037e601,5816
2024-09-01 00:00:00,611.11,U67,FAILURE,159053910586,53308b71-9006-4bdc-ab36-8d10eff94b11,razorpay.pasta@timecosmos,Person,Dangelo_Senger@abfspay,N,be4b05cedeb3b66ef637fbaa,5814
2024-09-01 00:00:00,306.93,U31,SUCCESS,496216926619,34762a50-d2ea-4728-b2a8-b6b55251ec44,razorpay.dessert@timecosmos,payMerchant,Marlen_Steuber59@axl,N,08e6b67cc7de0f3f324f6856,5814
2024-09-01 00:00:00,957.52,U78,DEEMED,156745633399,19ede49d-0987-4024-a682-86d3338c9bfb,tripay.getaway@timecosmos,PayMerchant,Delmer_Hoeger19@okaxis,N,b5a22bc219f1666cbe9f5196,4722
2024-09-01 00:00:00,360.67,S96,FAILURE,458558328902,0048ad62-aed1-4a53-9d70-e1528128987b,finopay.corner@timecosmos,Person,Henriette.Gulgowski12@abfspay,N,c10fdd4d86a2c6789d0d7de9,5411
2024-09-01 00:00:00,218.27,U30,FAILURE,613314063628,87808135-1f70-4550-9bb7-516c989694f6,airpay.helmet@timecosmos,PayMerchant,Sharon.Kovacek96@okicici,N,1d57c0a2e905ffd1aebde511,5816
2024-09-01 00:00:00,666.78,U78,DEEMED,934413366407,e2ee24d7-e38b-4f4a-b241-1ab01750e7e1,airpay.drone@timecosmos,payMerchant,Leonard7@axl,N,d4390c881aeabdf9e38ef58e,5816
2024-09-01 00:00:00,297.48,U31,DEEMED,840717013927,600a38e0-0baa-4b20-91d0-287a067f372b,tripay.expedition@timecosmos,Person,Tara89@okhdfcbank,N,dbd4413e27bcab3bee4f17ab,4722
2024-09-01 00:00:00,353.08,U30,DEEMED,092238028099,6ac03dd0-8ff0-4e0a-b252-809ab0a39769,tripay.wander@timecosmos,payMerchant,Kenya.Swift61@idfcbank,N,abcef0fe5fb15eb1c3ae4471,4722
2024-09-01 00:00:00,614.90,S96,FAILURE,666507158339,fa924637-ec16-4f82-9ff1-3ca67cd5ad03,airpay.airplane@timecosmos,PayMerchant,Maritza_Ullrich71@axl,N,87af47d897a0a8104f8affdc,5816
2024-09-01 00:00:00,768.04,U67,DEEMED,668386477624,fae04fde-3e17-4988-8c1a-0d7ce9e60058,airpay.truck@timecosmos,PayMerchant,Mariane70@icici,N,8bf0aecadbf98a3be6bd2e26,5816
2024-09-01 00:00:00,400.70,U78,FAILURE,787376871901,d56e2ad9-6514-4235-afaf-1bb7c237af7f,razorpay.burger@timecosmos,payMerchant,Ciara_Dare@okicici,N,a65cede7ab6e170e5f55ad0b,5814
2024-09-01 00:00:00,180.66,U09,SUCCESS,239412490626,d11f1277-246c-4a9b-8e58-1a6003c09fcb,airpay.submarine@timecosmos,Person,Devante_Brekke@abfspay,N,54f7bb2dbf23a796fa8075ad,5816
2024-09-01 00:00:00,582.89,S96,FAILURE,154722773481,b14a9739-a6a0-4683-b503-16a3a016e177,airpay.bike@timecosmos,payMerchant,Turner_Volkman10@abfspay,N,3eaddbc80da53b9b3aacdbc0,5816
2024-09-01 00:00:00,424.36,U30,DEEMED,072300006144,ddd769cc-cf69-49fd-9ef5-944cdea8ea3d,finopay.timecosmosrite@timecosmos,payMerchant,Dagmar_Beatty@paytm,N,5d755baed228c8c135bcdaa5,5411
2024-09-01 00:00:00,979.79,S96,SUCCESS,880231935385,3c828ecc-dac8-4abc-952a-ca8d9c1dc864,razorpay.burger@timecosmos,PayMerchant,Mossie_Hudson@icici,N,2cd2023c1beabe8ae0d867fd,5814
2024-09-01 00:00:00,83.22,S96,FAILURE,580178657729,b2c3b3ba-4b9c-45e6-9c69-69b1d8b76bf3,tripay.escape@timecosmos,payMerchant,Eulalia46@rapl,N,ee09eea85dd090960a98ace0,4722
2024-09-01 00:00:00,35.95,U67,SUCCESS,729316640890,4a575250-29c4-4178-8af3-643be8a607a4,tripay.adventure@timecosmos,payMerchant,Lenny_Barrows71@yapl,N,b9db0e194a2d3a0d460cff9d,4722
2024-09-01 00:00:00,706.26,U78,DEEMED,595058091810,217343fe-a504-49c5-b753-5eeeef57d5cc,airpay.car@timecosmos,PayMerchant,Geo80@ybl,N,def82a6a3a0e6cf6918b53e1,5816
2024-09-01 00:00:00,318.79,U67,FAILURE,528607636992,93ea7c2d-db62-4fb2-aab2-3f591783121b,jiopay.fiber@timecosmos,Person,Jean_Kuhic@timecosmos,N,524ac7dd82c15e5d8914d2b6,4814
2024-09-01 00:00:00,633.11,S96,DEEMED,380711868168,3fbf8ab7-51c9-4232-83ef-bc5fbae5fa62,jiopay.cable@timecosmos,Person,Yasmeen.Pacocha24@icici,N,1ee79d0e7e9bfaa7a4adda02,4814
2024-09-01 00:00:00,197.16,S96,DEEMED,554603661955,510ad238-17ce-43f6-b96a-6fbca315a094,razorpay.pizza@timecosmos,Person,Jana_Block@ybl,N,c75ac23f864e622bb11faeab,5814
2024-09-01 00:00:00,661.93,U67,SUCCESS,922093615500,57566af8-9bb7-4227-bc0c-4d9e69a3f957,tripay.destinations@timecosmos,PayMerchant,Madonna55@icici,N,1fe5e293cf8ac7afd1dfebce,4722
2024-09-01 00:00:00,436.96,U78,SUCCESS,371537925738,c0d36212-af21-40b2-87d5-cfb346d6fc6d,razorpay.steak@timecosmos,PayMerchant,Chaim1@ybl,N,880b488a1c5ecc325d4a488e,5814
2024-09-01 00:00:00,795.81,N,SUCCESS,105220011676,7e0023e3-5186-4da4-8e83-4ea5558070f6,razorpay.burger@timecosmos,PayMerchant,Danial_Daugherty@okhdfcbank,N,c5facaee4ea6dbf5e97de03a,5814
2024-09-01 00:00:00,819.36,U31,SUCCESS,857800967152,24b9374a-38f9-47f0-8400-93a00fe73e51,airpay.boat@timecosmos,PayMerchant,Roel_Macejkovic@paytm,N,5b1aed0fb52badeecce1e17c,5816
2024-09-01 00:00:00,245.32,U30,DEEMED,586296618069,e072c3d2-9266-4634-9ca8-874d2b429d9a,airpay.airplane@timecosmos,PayMerchant,Gino.Stark@idfcbank,N,eaf0cf68ffa1e0eab07deb09,5816
2024-09-01 00:00:00,425.05,S96,DEEMED,564686497863,9a67b022-189e-4b5d-a531-d04b998865f8,airpay.submarine@timecosmos,payMerchant,Travon_Mosciski25@abfspay,N,efa4b5df18d1a103ce90b3ea,5816
2024-09-01 00:00:00,62.55,U78,SUCCESS,498289478559,df8435ac-0bf1-429b-bbf2-b3ea1b9df662,airpay.scooter@timecosmos,PayMerchant,Dax3@okaxis,N,91c8ad5c7aeb5cabed2490dd,5816
2024-09-01 00:00:00,432.28,U78,FAILURE,146382337316,d333e517-5e61-464f-b519-e17b9834dfa7,finopay.dailygrocer@timecosmos,PayMerchant,Noelia_Nitzsche33@yapl,N,e6984cbf1c7ba1acaa193a5a,5411
2024-09-01 00:00:00,246.92,U67,FAILURE,640105166077,ae27229e-d5a4-4bc5-a40b-d8a470484545,tripay.getaway@timecosmos,payMerchant,Lottie.Steuber@axl,N,6d777e85b847a1ebc6ee8cbb,4722
2024-09-01 00:00:00,67.42,U09,SUCCESS,995777259169,86f6e1b4-b0fd-462b-b805-cbe70596c64d,airpay.truck@timecosmos,payMerchant,Estelle_Orn84@yapl,N,f208c05eb9eae64f43fdfada,5816
2024-09-01 00:00:00,43.83,U78,FAILURE,740827636444,c4a1236d-45c8-4983-a48f-d2d3ba630a00,razorpay.salad@timecosmos,PayMerchant,Anika2@idfcbank,N,ff97afdf5a56aab65acbfe9f,5814
2024-09-01 00:00:00,681.37,U30,SUCCESS,532916334967,767b9a82-ce3b-4be5-b69c-c584aa6f1d3b,razorpay.sushi@timecosmos,Person,Itzel21@apl,N,11f0af993dc787ca5b9d762b,5814
2024-09-01 00:00:00,442.46,S96,FAILURE,471672040815,f3ccc875-85c9-4631-9d1b-2fce1eb95532,airpay.airplane@timecosmos,PayMerchant,Jedidiah25@paytm,N,9e3ef57edfe0141af438db4c,5816
2024-09-01 00:00:00,397.73,U30,FAILURE,486996816722,1ae8329c-947a-4c95-bb67-174a4fdbb3cd,finopay.town@timecosmos,PayMerchant,Tyson_Kirlin@icici,N,bff9cff0c66bbb808a469e82,5411
2024-09-01 00:00:00,810.37,U67,SUCCESS,655197844212,4a14d4c0-5c42-4062-9e12-8ee825dc108c,tripay.escape@timecosmos,Person,Marietta_Funk@rapl,N,2e54c04f93dfaaedd0d70dee,4722
2024-09-01 00:00:00,824.28,U30,SUCCESS,154888002660,046bfeca-3e28-4f35-b04d-82101ef095f7,jiopay.fiber@timecosmos,Person,Nathaniel.Schmidt6@yapl,N,d8a1e426f387b8aeec36e8e5,4814
2024-09-01 00:00:00,880.14,U30,DEEMED,552490194072,71312c90-1858-4f30-8d32-92564f8f41a5,razorpay.vegetarian@timecosmos,payMerchant,Garnett92@rapl,N,d420f2f317401a054048091a,5814
2024-09-01 00:00:00,390.54,U30,DEEMED,871756755395,f10e3604-5c7a-48b8-a434-51119e01ba17,airpay.truck@timecosmos,payMerchant,Meredith_Schmeler@oksbi,N,b9dae6ecb4fcc7bd1fa7c1ef,5816
2024-09-01 00:00:00,858.20,U67,FAILURE,987877506311,2b0d7c42-a44f-4f0c-87e7-9f7ee9da4a1c,jiopay.convergence@timecosmos,PayMerchant,Joana_Mertz@oksbi,N,addcfb0aeb5cedbe1ed39c0f,4814
2024-09-01 00:00:00,465.05,U67,SUCCESS,716998503481,b3c70650-1448-4806-9488-4c173e208b60,finopay.organic@timecosmos,Person,Florence91@yesg,N,a298b2abea04fafdae9940cf,5411
2024-09-01 00:00:00,108.58,U31,FAILURE,598401134877,0701abf1-4f0f-4c94-bad0-5a28579b0361,tripay.expedition@timecosmos,PayMerchant,Gwen_Conn@rapl,N,bdcdcee9ffd1b5faaec52b4e,4722
2024-09-01 00:00:00,426.95,U67,SUCCESS,859014995378,16223032-1dff-48af-877c-1d0b6f1c6042,airpay.submarine@timecosmos,PayMerchant,Manuela14@okhdfcbank,N,55a6382c7eb26cedcd6eae5b,5816
2024-09-01 00:00:00,734.58,U78,SUCCESS,344341133774,38538fe1-cf37-4158-a87f-59e56115fb11,jiopay.mobile@timecosmos,PayMerchant,Diana.Harris-Morissette@fkaxis,N,2bfb258dacb603becc452e40,4814
2024-09-01 00:00:00,532.04,U09,FAILURE,541215205677,093ef0d8-d8f1-44d3-9079-749285e8e55d,razorpay.salad@timecosmos,PayMerchant,Cade15@okicici,N,9dbdafec9445fb8df392a6ac,5814
2024-09-01 00:00:00,114.77,U30,FAILURE,497011844096,25269f41-6939-41f8-b771-e32621d632a8,airpay.drone@timecosmos,PayMerchant,Joannie92@fkaxis,N,4b1bc7c4fc0eadbfd84a02da,5816
2024-09-01 00:00:00,906.07,U31,SUCCESS,339183349256,3a074443-82c0-4300-8b34-c871b6385686,tripay.getaway@timecosmos,payMerchant,Nathanial10@abfspay,N,f9865fdf5657b40bcfd8fef2,4722
2024-09-01 00:00:00,359.55,S96,DEEMED,243054341950,837fe742-e1b2-4980-b8dc-806289ca8060,jiopay.satellite@timecosmos,payMerchant,Estel_Steuber@ybl,N,fda80d043ce8fd2864dccd00,4814
2024-09-01 00:00:00,887.46,U67,DEEMED,960386506781,6b1da488-8482-451e-acf3-6a29ec47cce2,tripay.tour@timecosmos,payMerchant,Tyler_Runte75@okaxis,N,f27ddae1498fa27daddd747c,4722
2024-09-01 00:00:00,875.27,U31,DEEMED,841066575846,ea0f5eea-9843-4927-99d1-c09a55e6c4d1,razorpay.vegetarian@timecosmos,Person,Elna_Collier6@abfspay,N,5c4bef07d94e5cffb9bde25c,5814
2024-09-01 00:00:00,357.92,U30,FAILURE,214183605827,4726492b-fcca-4e37-b697-f5ab51f18de4,tripay.destinations@timecosmos,PayMerchant,Chelsea20@okicici,N,cce4ccbee7bafe6281b2a6da,4722
2024-09-01 00:00:00,509.43,U09,FAILURE,987719298756,a5b43adb-2dde-4445-a8e9-ccf13033a568,jiopay.mobile@timecosmos,payMerchant,Braeden33@idfcbank,N,1ee1a13dd29fdce6cf62aeec,4814
2024-09-01 00:00:00,479.25,U09,DEEMED,503023711290,023528da-722f-4d3f-9b46-c12e12d8d134,jiopay.cable@timecosmos,Person,Raul.Casper91@timecosmos,N,f0b3a6bf9a8ae2559bd1934d,4814
2024-09-01 00:00:00,592.60,U31,DEEMED,437104522281,ddc3f04e-5bb9-458e-85fa-8a8f1bb67bb1,airpay.drone@timecosmos,payMerchant,Ottilie.Windler31@yesg,N,ad433ddfd331bbc2d0cacf08,5816
2024-09-01 00:00:00,834.58,U30,SUCCESS,773585618244,37c6e5a4-03ad-4f0f-a46a-11abf408864e,finopay.freshmart@timecosmos,Person,Asha_Rice@okicici,N,31f1c7f147f0814db3b7a03c,5411
2024-09-01 00:00:00,647.23,U30,FAILURE,919952261614,34290093-662f-46bd-8e26-adc69a7f8307,razorpay.pizza@timecosmos,payMerchant,Maud.Mills@axisb,N,926941bdfdbf1cbc09d6cdac,5814
2024-09-01 00:00:00,1.66,S96,FAILURE,777812472012,9b000a10-4dd2-4c6b-be3c-19b7d71c2b30,razorpay.steak@timecosmos,payMerchant,Micaela43@apl,N,51cecd1b5cefa6707afc9c52,5814
2024-09-01 00:00:00,208.25,U67,FAILURE,120604870924,9fbde69e-638b-405d-9b95-d2f9629da635,finopay.dailygrocer@timecosmos,payMerchant,Erin.Feeney35@okaxis,N,bf2fb06191d26c1831f01fe2,5411
2024-09-01 00:00:00,200.74,U31,DEEMED,964503458621,fabcc38c-7c61-48c7-a1e9-8e34a2da4675,finopay.dailygrocer@timecosmos,Person,Seth.Weimann14@okhdfcbank,N,fa689aba1f8ac8a7fbc73177,5411
2024-09-01 00:00:00,537.94,S96,DEEMED,927626603223,0cba5695-ecce-495d-8e91-75cb52faeaba,jiopay.satellite@timecosmos,payMerchant,Isidro.Gottlieb67@icici,N,aefa04cfef49491dbac5b11e,4814
2024-09-01 00:00:00,678.64,S96,DEEMED,408935529760,13798656-7dff-47ca-8ea5-111a919954e1,finopay.marketplace@timecosmos,Person,Bessie.Hegmann42@fkaxis,N,0ddb1eca33a00f9bdecdbfbf,5411
2024-09-01 00:00:00,553.71,U78,DEEMED,705485276786,83135366-46fa-40fd-99e6-94a087036483,razorpay.dessert@timecosmos,Person,Chris.Abbott64@axisb,N,3ecbff31c8bd2e14f8df1d2e,5814
2024-09-01 00:00:00,131.21,U67,SUCCESS,534870702510,360e839a-1771-43b9-b210-96521e519b0a,tripay.wander@timecosmos,Person,Lilian.Armstrong28@yesg,N,31d3ed2b58f05af2e75aeb8c,4722
2024-09-01 00:00:00,965.01,N,FAILURE,278517608277,a5bb11fb-23ad-4ad4-8c6f-55abbee8d1d8,tripay.tour@timecosmos,Person,Donnell97@paytm,N,1c94d5a38f5f0eb44b49ab54,4722
2024-09-01 00:00:00,74.85,S96,FAILURE,935626501084,f00282ff-edba-40c8-9732-304031294020,finopay.corner@timecosmos,PayMerchant,Leonard.Berge8@rapl,N,fb5ba475a0ece3f4de05ead2,5411
2024-09-01 00:00:00,184.77,U31,DEEMED,804305929761,4cc1ebc5-78d2-4002-b153-1be7d684dbad,jiopay.convergence@timecosmos,PayMerchant,Lola_Goyette54@fkaxis,N,10cf0dba545c935dafef06aa,4814
2024-09-01 00:00:00,802.70,U09,DEEMED,181415562503,0f812492-72c0-460c-b473-5e7c2c047b55,tripay.adventure@timecosmos,Person,Timothy95@rapl,N,21c9aabdc2d6cbebe12a6d7f,4722
2024-09-01 00:00:00,545.09,S96,SUCCESS,082746482485,15afd55e-e117-4f61-8013-71dc5fc0f7a9,razorpay.tacos@timecosmos,payMerchant,Arielle_Langosh@idfcbank,N,2e6495aed07a0ef6b59efb47,5814
2024-09-01 00:00:00,770.44,U67,DEEMED,036667323023,8f722a71-b3bb-4da1-82ca-f05c290dd508,tripay.adventure@timecosmos,PayMerchant,Fleta16@yapl,N,83e9f70ab27ca1ffed10fd11,4722
2024-09-01 00:00:00,185.43,N,DEEMED,069953618857,f85adbd9-41eb-4216-887c-586863d81612,tripay.wander@timecosmos,payMerchant,Glenda26@yesg,N,b077c16e96fe6a4d08d589f8,4722
2024-09-01 00:00:00,416.48,U78,SUCCESS,942355866122,43aabeba-c8ca-426c-9959-93164545d6b3,jiopay.cable@timecosmos,payMerchant,Jaiden44@rapl,N,f4bed2eccc95406841f1eaba,4814
2024-09-01 00:00:00,600.91,U09,FAILURE,921105211106,3451473a-3994-46f4-8235-ec39ef487b7d,jiopay.wireless@timecosmos,PayMerchant,Rashad.Romaguera@rapl,N,d8068019afeed4fc6eda150d,4814
2024-09-01 00:00:00,660.94,U31,DEEMED,441998593579,1897d890-0949-4b6d-8f03-d5ab978e9cd2,razorpay.vegetarian@timecosmos,payMerchant,Carmen.Casper@ybl,N,4acdb6bc1e3ae80195aedfcd,5814
2024-09-01 00:00:00,947.00,U30,SUCCESS,994425534226,509cc824-0397-4f54-811b-9710c378f038,jiopay.voip@timecosmos,PayMerchant,Jeanie.OKeefe25@icici,N,af4c45f5e47cac0ca8de7aea,4814
2024-09-01 00:00:00,980.59,U78,FAILURE,681920491271,8edc5316-3b41-400d-987e-5c69bd53f003,jiopay.cable@timecosmos,Person,Brittany1@yapl,N,faaebbcabd2dd13d0fa2c8e2,4814
2024-09-01 00:00:00,144.06,S96,SUCCESS,765206920452,35865af1-7584-4bd0-928d-b9504833e35a,finopay.marketplace@timecosmos,PayMerchant,Orval92@timecosmos,N,cc8188d68165d5f20deed153,5411
2024-09-01 00:00:00,338.65,N,FAILURE,374089084221,7d360bc5-bda1-415d-9843-82b971aae934,finopay.town@timecosmos,payMerchant,Jeff_Little37@ybl,N,ddd41ce68aed2ebda8034def,5411
2024-09-01 00:00:00,310.64,U09,FAILURE,806216180718,39236961-784e-4144-b41c-55ba7d1bd488,razorpay.dessert@timecosmos,Person,Chase.Heidenreich54@timecosmos,N,da10b12fb2bae536e25adda6,5814
2024-09-01 00:00:00,391.11,U31,SUCCESS,637744937869,c319d7b0-5616-4958-afa2-34623f5f0ff4,finopay.dailygrocer@timecosmos,PayMerchant,Erik.Fadel92@fkaxis,N,3d57f8b038118ecba97cac7e,5411
2024-09-01 00:00:00,155.86,N,FAILURE,324216979544,57d59da3-9343-433e-ae03-0e4a0f6cc626,finopay.freshmart@timecosmos,Person,Doris19@paytm,N,4df26ceb4628337e68cc4dcd,5411
2024-09-01 00:00:00,241.88,U30,SUCCESS,015908387270,c96495c2-f57e-4ab4-9096-e61d62eebc25,razorpay.salad@timecosmos,Person,Catherine67@axisb,N,144ebae1c827aa13003aaa1a,5814
2024-09-01 00:00:00,74.93,U31,DEEMED,289191862827,6aa92252-90b2-44fb-9b8f-301bc5c62565,jiopay.convergence@timecosmos,Person,Maxine_Lesch78@abfspay,N,5ba9931453db67ad83c32e74,4814
2024-09-01 00:00:00,229.84,U09,SUCCESS,246596878204,8a1806a5-fe09-4300-813e-7f101ecacf49,tripay.globetrot@timecosmos,PayMerchant,Natasha_Hickle@axl,N,17f76fd0b09ab8e3dcc23ede,4722
2024-09-01 00:00:00,761.30,U31,DEEMED,089299901225,2be20230-f544-4173-be5b-2de9d7f8ffb9,razorpay.pizza@timecosmos,Person,Houston_Turner0@rapl,N,644746c16cb5f9e6997fa623,5814
2024-09-01 00:00:00,187.13,S96,FAILURE,563218366251,8befa6dd-fd59-4796-9b07-e2a4eb913107,jiopay.cable@timecosmos,payMerchant,Tevin_Lang@ybl,N,b535c1ad69d7c4fc31d0b71d,4814
2024-09-01 00:00:00,277.65,N,DEEMED,939156233066,2af33279-7d31-4f47-91d5-9d9b504d1acb,razorpay.steak@timecosmos,Person,Leanna29@timecosmos,N,28d0f86a58df1a6653e4daba,5814
2024-09-01 00:00:00,435.91,U78,SUCCESS,998339659226,b3647cd1-78dd-44e0-a1a7-c607c8f9129e,tripay.explore@timecosmos,Person,Ephraim99@okicici,N,4a6863eca17ecebe1cfaaf4f,4722
2024-09-01 00:00:00,484.40,N,SUCCESS,699190933901,fe1988a7-9878-4f68-a028-a9e06fdf5dc9,finopay.freshmart@timecosmos,PayMerchant,Palma.Crona86@okhdfcbank,N,8d22adc8bcfc4e26e350f6bd,5411
2024-09-01 00:00:00,358.56,U09,FAILURE,160496472838,1f8b57d4-58fe-4ba7-90d7-ea9a16f59684,jiopay.mobile@timecosmos,Person,Elinore29@oksbi,N,6bfc1fa9df19177abd2c2efd,4814
2024-09-01 00:00:00,192.64,U09,FAILURE,940186823911,8b688403-6252-4c65-8ca0-4973e58a8e29,tripay.explore@timecosmos,Person,Christelle33@abfspay,N,88fdc5f9f3bcc876a6a4832f,4722
2024-09-01 00:00:00,179.85,U67,SUCCESS,291807937282,b9477b48-5104-4509-bbcf-9cd269eac47d,tripay.getaway@timecosmos,PayMerchant,Merle.Gusikowski42@okhdfcbank,N,abd4c0d5c307cd0b2334aa4a,4722
2024-09-01 00:00:00,847.20,U31,FAILURE,396856993023,5ab217d9-fbcd-44d0-b217-1c1f5b0272b2,airpay.airplane@timecosmos,payMerchant,Rosemarie44@abfspay,N,2a81d634f27b855f9e8a5bf2,5816
2024-09-01 00:00:00,628.15,U09,FAILURE,180085265915,95f386f9-5877-4e97-b599-993e3e6a0124,finopay.organic@timecosmos,Person,Gillian_Littel84@ybl,N,7ce8f4b47ed8c2ac93f94af9,5411
2024-09-01 00:00:00,711.46,S96,DEEMED,553468826829,a64a86b2-5554-4f78-ab08-6fca92ea8d28,tripay.explore@timecosmos,PayMerchant,Kaylah.Huel@fkaxis,N,151d6edc0e78bdef3f1e7d4a,4722
2024-09-01 00:00:00,858.82,U09,SUCCESS,145230161946,59ebb96a-e6e7-423e-a4e2-da8f81280239,tripay.tour@timecosmos,Person,Chris.McClure0@apl,N,fd3fa5fabd9ccf7deae62d7f,4722
2024-09-01 00:00:00,305.46,U78,DEEMED,806972043810,63c490fa-b70a-4481-8e57-024a46ccfeed,finopay.town@timecosmos,Person,Genevieve6@abfspay,N,0c5a9131cebceccc4a9fc1be,5411
2024-09-01 00:00:00,81.14,U67,SUCCESS,556998937994,b464480f-02d8-44a1-b8de-6a52098324b4,finopay.marketplace@timecosmos,Person,Katrina34@yesg,N,f402011daafc4040fba97413,5411
2024-09-01 00:00:00,314.25,N,SUCCESS,060538755011,b8e9929d-8f34-489d-9dc5-3a6afc207700,tripay.destinations@timecosmos,Person,Rahsaan.Casper53@icici,N,0a70aab5eabd44be637f9953,4722
2024-09-01 00:00:00,72.73,U09,DEEMED,572744965462,599b7496-aaed-4bf3-8b71-569a5ef1659b,jiopay.broadband@timecosmos,PayMerchant,Eloise.Lueilwitz73@paytm,N,1b58f669c3db3cfd2cae4bfc,4814
2024-09-01 00:00:00,630.69,U78,FAILURE,415283644846,8872167d-d002-4593-b261-8432ae39e84b,finopay.marketplace@timecosmos,Person,Timothy.Strosin68@axisb,N,1b484dbcd595aa76fe24a7e4,5411
2024-09-01 00:00:00,996.71,U78,SUCCESS,236218266332,3a5d0ec9-d99a-46af-b37f-2d268a9d8281,jiopay.satellite@timecosmos,payMerchant,Jose_Pouros@okaxis,N,2a9564c3bbedd0bae94a1fdb,4814
2024-09-01 00:00:00,424.46,S96,SUCCESS,366105967371,ffa7e21f-b373-4277-ab7e-12bb8d6ed547,tripay.globetrot@timecosmos,Person,Robyn.Rippin-Roob@ybl,N,384cb1f4f03d9c1de6feadbe,4722
2024-09-01 00:00:00,14.46,S96,FAILURE,737412298505,edf39a82-e69d-46a5-b491-f17ceaf96108,jiopay.convergence@timecosmos,Person,Layla7@yapl,N,bab5f50ad7726daf3deef1c3,4814
2024-09-01 00:00:00,85.67,U78,FAILURE,540892743594,6b0c6435-440c-4e55-be4d-fd2e400f930e,jiopay.satellite@timecosmos,Person,Norene.Nitzsche@yapl,N,869143541ac1ada48e17cd91,4814
2024-09-01 00:00:00,895.32,U78,DEEMED,029932940347,15b1ec24-25be-4875-af15-d2fb83ed78b2,razorpay.pasta@timecosmos,Person,Eliseo93@okhdfcbank,N,7bc0a0ea77ef90dfee8cbb63,5814
2024-09-01 00:00:00,492.09,U09,FAILURE,330861746378,cc465933-043f-4c6e-af31-a0f598b86182,razorpay.dessert@timecosmos,Person,Maybelle9@okaxis,N,8bc925d2fd812bc7b054636c,5814
2024-09-01 00:00:00,524.83,S96,SUCCESS,064527079409,3c676d06-4813-4053-9b37-1965006d89b2,finopay.dailygrocer@timecosmos,payMerchant,Jacynthe.Will@yapl,N,ce90d8aad432750c1aac4b2a,5411
2024-09-01 00:00:00,967.07,U30,FAILURE,907202240231,db4f844f-f4bf-4f33-8114-b5451c15a3bf,razorpay.tacos@timecosmos,Person,Maurine36@okhdfcbank,N,0bdc6bdee7eb7a991fecdcbd,5814
2024-09-01 00:00:00,569.28,U30,FAILURE,499837571458,fa4961c7-00f9-46e1-9374-44cb26fc6807,tripay.adventure@timecosmos,payMerchant,Cristopher_Schuppe98@timecosmos,N,33679eae6c464ecb6ec1a8be,4722
2024-09-01 00:00:00,534.69,U09,FAILURE,148225391766,40c15f84-9f5c-45d9-b79c-0396fad00b12,jiopay.cable@timecosmos,Person,Amiya97@paytm,N,98b4664adc33c9cf496bc481,4814
2024-09-01 00:00:00,605.20,U67,DEEMED,116445912754,a1ca3915-5cfb-49ff-b94e-00b76b4fb369,tripay.expedition@timecosmos,payMerchant,Freida.Thompson50@axisb,N,1a84ab5e22eec3ff23a32bb7,4722
2024-09-01 00:00:00,175.24,U09,SUCCESS,964751669728,7e899690-2361-4ba9-9fa3-ba0d3da2276f,razorpay.vegetarian@timecosmos,PayMerchant,Gaston.Harvey@rapl,N,2bef12dca56dba0d442d3ed8,5814
2024-09-01 00:00:00,976.94,S96,FAILURE,351608544612,fa6118ad-c847-47a3-af36-45239bc43491,tripay.explore@timecosmos,Person,Ahmad33@paytm,N,365b5f0fb1c015a749025f5c,4722
2024-09-01 00:00:00,872.60,U09,DEEMED,741873689720,27f43c9f-f841-461b-bdd1-22fe3b6dd1b2,finopay.town@timecosmos,payMerchant,Afton49@idfcbank,N,2cac41af321527da55ddb725,5411
2024-09-01 00:00:00,829.13,U30,SUCCESS,967154406671,3b174f3c-90e0-4b5d-8f73-f5627517d6b0,razorpay.soup@timecosmos,payMerchant,Wendell15@axl,N,6da476b4682cee1eb799ba15,5814
2024-09-01 00:00:00,600.05,U09,SUCCESS,630150455411,6209fa0c-5a0f-4d44-a114-75298d0371f5,jiopay.internet@timecosmos,Person,Caesar.Feest@axl,N,2fa2c30b6e5b0fb13e921109,4814
2024-09-01 00:00:00,384.73,U78,FAILURE,488240998074,05aca3d2-5fbe-49f2-9f6e-80866685588b,tripay.expedition@timecosmos,PayMerchant,Johnson.Greenholt@oksbi,N,0cc3265ec2d9a68b821c05cc,4722
2024-09-01 00:00:00,853.25,U78,SUCCESS,225344380052,36654d65-3946-4ff4-aadc-55f7d188ba6e,jiopay.broadband@timecosmos,payMerchant,Jasmin_Volkman@oksbi,N,95aaee66876dbc8c3bcadbea,4814
2024-09-01 00:00:00,847.07,U78,SUCCESS,867773422583,9cc06dc0-1eb2-4174-87fb-2f78a67d320d,airpay.helmet@timecosmos,Person,Jaron_Muller@axisb,N,e4d89cf65f5ace14b281c56d,5816
2024-09-01 00:00:00,588.59,N,DEEMED,342898948170,2dbff711-709c-41a5-a895-e6f428629e13,finopay.town@timecosmos,PayMerchant,Hardy.Collins@axl,N,de67cc02b912acecceece34e,5411
2024-09-01 00:00:00,534.64,U67,FAILURE,304390858882,14daec68-1b18-4409-b961-a85747af3f39,jiopay.broadband@timecosmos,Person,Kara.Batz@yesg,N,d5d11bfe018a35513cbd2a04,4814
2024-09-01 00:00:00,869.29,S96,SUCCESS,455893831536,a9bf1211-f98e-43c4-acfd-413388549679,razorpay.tacos@timecosmos,Person,Trenton38@axisb,N,bbeeb7aebf141b1eea9c3fd7,5814
2024-09-01 00:00:00,69.87,U78,FAILURE,545604943959,57b8678a-643b-4d7f-a4a0-c58e3f7c2154,tripay.explore@timecosmos,PayMerchant,Jaquelin_Reilly@fkaxis,N,34ef87a2f8e1a6afe8dc3c4c,4722
2024-09-01 00:00:00,658.79,U78,FAILURE,464919302360,b2ea85e9-cb32-4efb-a08b-663db6d5b06a,jiopay.wireless@timecosmos,Person,Suzanne_Goldner@paytm,N,c8bba652337fd5f2d7db71a3,4814
2024-09-01 00:00:00,315.66,U67,DEEMED,659948477149,6d274a33-0574-4067-97dd-7b43af69fadf,tripay.getaway@timecosmos,Person,Raphaelle_Stracke20@ybl,N,fcbc8bef2fbacbbbc8b7c9da,4722
2024-09-01 00:00:00,618.20,U30,FAILURE,068308938316,435b578f-2439-4daa-a2a6-03dfabb1fdca,finopay.corner@timecosmos,Person,Margot_Denesik98@okaxis,N,4ddceeede8b8adccd4887ec3,5411
2024-09-01 00:00:00,32.81,N,SUCCESS,497539591216,67575051-04a2-4442-b8ce-be2e42843380,razorpay.pizza@timecosmos,Person,Royce.Russel18@apl,N,80eb64fce09deccbbdbeb3e2,5814
2024-09-01 00:00:00,642.06,S96,SUCCESS,339974268650,c1f52ad9-66f7-425e-915f-a68d79b4d6a0,tripay.vacation@timecosmos,Person,Columbus.Treutel@abfspay,N,89b0a91b0a77c71eb57e2275,4722
2024-09-01 00:00:00,297.15,N,DEEMED,828659952962,123132a7-8a2b-4621-8932-045496625b8e,razorpay.burger@timecosmos,Person,Willie49@ybl,N,4ac09e39edb864e3cedfb5be,5814
2024-09-01 00:00:00,354.99,U67,FAILURE,582070467159,3b703546-ddbd-4caf-afd4-6f1360a38708,razorpay.steak@timecosmos,PayMerchant,Everette.Flatley77@okicici,N,1ab5570fe3bea8f408ec9561,5814
2024-09-01 00:00:00,371.64,U78,SUCCESS,065722889427,13744915-fbad-490b-a688-18b23d413034,airpay.boat@timecosmos,payMerchant,Felicity.Kuphal59@abfspay,N,c3ac5b757ac4acaef4b9e2b0,5816
2024-09-01 00:00:00,962.81,U09,SUCCESS,016096857063,e57911af-20a4-4ae5-9dc6-3dc052818c44,tripay.destinations@timecosmos,payMerchant,Vidal_Dicki@axl,N,abf80f7d6ed935f9cefda7e1,4722
2024-09-01 00:00:00,182.80,U78,SUCCESS,484556195645,d8dec2c3-4b9b-40b8-8cd1-9932d0113983,jiopay.internet@timecosmos,payMerchant,Ryleigh81@abfspay,N,1a4ea61f9a02c74bbdfcb498,4814
2024-09-01 00:00:00,481.49,S96,FAILURE,458442156027,5279a93d-0ee0-41f9-8f1e-81a08e16e37d,airpay.helmet@timecosmos,Person,Kaya_Medhurst@fkaxis,N,e43fcdecdd39cb5ae6a90dc7,5816
2024-09-01 00:00:00,528.65,N,DEEMED,393393933350,35cb8078-0836-4a3c-9e64-d9e10aa36b2b,jiopay.voip@timecosmos,Person,Violette.Wolff@abfspay,N,2becc62d1b60f6a692371422,4814
2024-09-01 00:00:00,606.35,U09,DEEMED,498022236443,27d5db3f-f2c1-4e4b-8ade-e83b26b22d07,finopay.timecosmosrite@timecosmos,Person,Meredith82@axl,N,f8abad8b45dfa3eb0d0e127e,5411
2024-09-01 00:00:00,602.28,U30,SUCCESS,556498306955,8f71f8d2-8d4c-4851-884c-1c7e3b0d8806,airpay.car@timecosmos,Person,Alford.Stehr@ybl,N,bdc3eed3fe4ced70d8cd76b8,5816
2024-09-01 00:00:00,356.84,U67,SUCCESS,980538454066,38b715c3-9d8b-4bba-b568-5cbc64ae2139,razorpay.sushi@timecosmos,PayMerchant,Darron_Shields@abfspay,N,aef253dd4cf9e0cbb449a1aa,5814
2024-09-01 00:00:00,857.01,U78,FAILURE,897514583132,a3374c1d-9e54-498d-a907-493f0144fe64,finopay.dailygrocer@timecosmos,payMerchant,Georgiana_Romaguera95@abfspay,N,0a58224ae3cc2fbc50b43fbe,5411
2024-09-01 00:00:00,566.55,S96,FAILURE,700749831944,573f0574-a08a-4dd1-ba37-7265e0654d19,airpay.helmet@timecosmos,PayMerchant,Vesta_Osinski@abfspay,N,7c44aa5deadfb5d7ff4000b3,5816
2024-09-01 00:00:00,693.41,S96,SUCCESS,006414658311,2063f65a-6e7e-4da0-aad4-9aff6f0ba7ba,finopay.marketplace@timecosmos,PayMerchant,Lucio_Hermiston67@apl,N,6cc342efaa0d77adc8bc07ee,5411
2024-09-01 00:00:00,969.48,U09,DEEMED,354031605259,e031a5d7-5721-4dac-a8e8-c3f9e5968ede,finopay.greenbasket@timecosmos,Person,Hailie.Becker@yesg,N,9e600cf5ea0e714ae31b6807,5411
2024-09-01 00:00:00,183.08,U30,SUCCESS,887289723422,03268cd9-b534-4b52-af73-11e59ea4ea3b,tripay.escape@timecosmos,payMerchant,Prudence.Kunde32@rapl,N,d6bffaf2dc93bd189aa38c5c,4722
2024-09-01 00:00:00,302.91,U67,FAILURE,986885192134,d4a9bcd6-ae9c-48f0-820c-85581ebf6f0d,airpay.drone@timecosmos,PayMerchant,Ally_Ankunding@yesg,N,e22ee1bed66aebb36c55d2ab,5816
2024-09-01 00:00:00,292.05,S96,SUCCESS,911376442056,9bf2549f-e17d-42fa-84bc-d129794285c9,tripay.getaway@timecosmos,PayMerchant,Deshawn.Grady45@paytm,N,45eced82abbf18aa481dc3ed,4722
2024-09-01 00:00:00,944.30,S96,DEEMED,775234756127,2c6cf592-e18c-4e19-b76d-d8aced1fb8b0,finopay.bulkstore@timecosmos,PayMerchant,Cheyanne.Frami@timecosmos,N,de237b0c1d5e97e8d7b8460d,5411
2024-09-01 00:00:00,439.83,S96,FAILURE,787799301046,4cd7a00a-0f94-4b09-88f5-1d94570dc3cd,razorpay.pizza@timecosmos,payMerchant,Chesley41@icici,N,8bbb7f77aa9cc4622e7fc81b,5814
2024-09-01 00:00:00,671.05,S96,FAILURE,952795322097,8a751f6c-8997-45c0-9cc0-3a2fe2910f91,jiopay.wireless@timecosmos,PayMerchant,Lexie68@axisb,N,4ff4fcfa664cad85d9584be9,4814
2024-09-01 00:00:00,756.21,N,FAILURE,682184752910,f2c5adc7-682f-46ed-99ff-ee1722682b11,jiopay.cable@timecosmos,PayMerchant,Enola_Heathcote@rapl,N,704942aaacca12f0f1bcedaf,4814
2024-09-01 00:00:00,821.82,N,SUCCESS,149592440599,d864d56c-8868-4c3b-99aa-64d2d1a48b23,tripay.tour@timecosmos,Person,Ruth3@abfspay,N,19de5f4f0db084c07eda6cff,4722
2024-09-01 00:00:00,529.15,U31,SUCCESS,411759817734,b7cb8b35-889e-4e5f-ae97-d4998a870951,tripay.adventure@timecosmos,Person,Brandon.Leuschke@okaxis,N,ebfbdbf0bde7a4f97aaf909e,4722
2024-09-01 00:00:00,181.88,U31,FAILURE,600717564324,68bd717b-914c-4cd3-9b04-023a080d7abb,finopay.organic@timecosmos,payMerchant,Dalton_Haag2@fkaxis,N,0e1aa9c5eadf0ad8f3aecc12,5411
2024-09-01 00:00:00,735.43,N,FAILURE,172085996187,0fb627e2-e42e-47d6-86ee-4fa8c2c8cffe,finopay.organic@timecosmos,PayMerchant,Santa12@yapl,N,1c0bf486f48f0fcfe93eeafd,5411
2024-09-01 00:00:00,501.79,U09,FAILURE,471319494978,3b969dae-ca62-47bc-b22f-5b57da49d70a,airpay.truck@timecosmos,Person,Ubaldo.Barrows@okhdfcbank,N,eda1fa442bbd9a2c2f68d6ab,5816
2024-09-01 00:00:00,713.26,U78,FAILURE,651237497079,6b51c816-de93-4044-8e50-ced323cce845,jiopay.fiber@timecosmos,payMerchant,Bobby8@axisb,N,584c6dbaf7c8a7e1af0dac15,4814
2024-09-01 00:00:00,326.40,U31,SUCCESS,096442013949,128fc6de-d0a0-418f-a7d7-039750de4f19,razorpay.burger@timecosmos,payMerchant,Agustina54@timecosmos,N,462b07d7de21b09e0ff998b8,5814
2024-09-01 00:00:00,854.44,U31,SUCCESS,370771857576,95e6a2d6-65fd-487f-8ace-2b9785b28079,airpay.airplane@timecosmos,Person,Willy_Kilback14@rapl,N,a8abef6a74cf9ac1eeddbdbe,5816
2024-09-01 00:00:00,296.56,U78,DEEMED,072835265383,700509a2-3f85-466e-b361-ae778f08e593,tripay.tour@timecosmos,PayMerchant,Emerson.Schmeler@fkaxis,N,8f40e9df8ea2cfdfc1fdeda1,4722
2024-09-01 00:00:00,947.52,U09,FAILURE,187003313119,9fa40a40-5b89-464c-a387-044545665111,finopay.freshmart@timecosmos,payMerchant,Lia.Doyle@yapl,N,ccd8bb4b50fb40be4ab371bd,5411
2024-09-01 00:00:00,564.93,N,FAILURE,987654005213,de4b46c2-f435-475b-aebf-befe4a7320ef,jiopay.cable@timecosmos,PayMerchant,Gretchen_Marquardt@apl,N,6ae3509cc99b7753f0b12e52,4814
2024-09-01 00:00:00,858.98,U31,SUCCESS,080809396034,36384437-de3e-451b-9eca-c1be547b979d,razorpay.steak@timecosmos,Person,Casey_Stoltenberg88@icici,N,1badbbfffbe95df90eaa61f5,5814
2024-09-01 00:00:00,17.34,U78,SUCCESS,663597446913,31f62e21-f687-4a08-965e-2fa4e24eda00,jiopay.internet@timecosmos,payMerchant,Mathias_Rath@axl,N,8afdddba3f1fb761d30b5bca,4814
2024-09-01 00:00:00,653.97,S96,FAILURE,270731235866,467e7fa9-f976-4ff8-bb65-7f097737090c,finopay.organic@timecosmos,payMerchant,Joannie99@timecosmos,N,baf034119cf59ef55362cdde,5411
2024-09-01 00:00:00,231.89,U31,SUCCESS,803276623167,77f09b4b-49be-4971-aa71-f3c5a69b8608,tripay.expedition@timecosmos,PayMerchant,Sandy.Watsica@rapl,N,c997a1b782dceaafb5caba92,4722
2024-09-01 00:00:00,252.05,N,SUCCESS,683154128765,1ec974fe-606b-4b35-8057-5f05490a9c64,airpay.submarine@timecosmos,PayMerchant,Zander21@ybl,N,928da2f1dd194aaf8a8add7d,5816
2024-09-01 00:00:00,49.23,U31,FAILURE,220891044866,d50759a3-e98e-4e39-88c6-d39f775aa820,jiopay.cable@timecosmos,PayMerchant,Adolfo_Volkman-Mosciski@rapl,N,4c1b55fdc28c5eaee62d3a6c,4814
2024-09-01 00:00:00,164.97,S96,SUCCESS,379017622182,e36c924e-ac8c-4dc7-b519-926539cc6d4b,airpay.airplane@timecosmos,Person,Kyleigh_Botsford@rapl,N,ce3a8d39e3ba6fb4abd5ec93,5816
2024-09-01 00:00:00,568.95,U67,DEEMED,686352037525,cbdf91a6-863a-4936-929a-3ae7515052e9,jiopay.convergence@timecosmos,payMerchant,Bradford_Crist@timecosmos,N,dcc7807957cfb1b1d6cea1e7,4814
2024-09-01 00:00:00,756.19,U30,FAILURE,795762765232,0f31de1d-79c2-48cd-9153-76cdd12dbf05,jiopay.wireless@timecosmos,payMerchant,Brenna77@icici,N,94216a9c4cf1171443d17e5e,4814
2024-09-01 00:00:00,351.12,U30,FAILURE,646353435328,e2bcd9d0-aacd-4c8e-ab84-73b9ba89bca8,finopay.corner@timecosmos,Person,Jaylen18@okicici,N,6c182cedacdbaefda8f00b4e,5411
2024-09-01 00:00:00,724.63,U67,SUCCESS,631859468981,e874908e-9585-40de-bfae-07efbe89040e,jiopay.satellite@timecosmos,Person,Alysha48@oksbi,N,e5fab79e5838fdae4fd2a2b4,4814
2024-09-01 00:00:00,682.75,U31,FAILURE,833592438217,590dbf42-6879-4649-be33-a139cd82affb,tripay.expedition@timecosmos,PayMerchant,Mike38@axisb,N,851cabc00fd19eafae56aecb,4722
2024-09-01 00:00:00,167.18,U31,FAILURE,604019196410,818ef74a-242d-4d6b-b13f-8b23410e5470,jiopay.convergence@timecosmos,payMerchant,Braeden78@okaxis,N,5ce074ee64e1f3a9dac8d5fd,4814
2024-09-01 00:00:00,683.55,U09,SUCCESS,077992249529,a92c0e06-16d4-4116-8087-55805d1d7685,razorpay.sushi@timecosmos,PayMerchant,Jackson.Conroy82@ybl,N,beedad4fdcce97cadb6bde60,5814
2024-09-01 00:00:00,672.70,U09,FAILURE,563939915018,7846abbb-c416-475f-a01d-4ef278a2a60c,airpay.car@timecosmos,PayMerchant,Waino_Crona51@axisb,N,caabcabdd32ce90e6906bf9d,5816
2024-09-01 00:00:00,519.96,U67,SUCCESS,230579088387,154940c6-03d9-40ab-8679-b8e0bcdc9f36,jiopay.cable@timecosmos,payMerchant,Consuelo.Conroy36@yapl,N,dad19ec7f8ddb3affb4ead0b,4814
2024-09-01 00:00:00,77.91,U78,FAILURE,761722219620,a32f8ef9-abc2-4425-a097-4ab04acd5a90,jiopay.broadband@timecosmos,Person,Theresa24@okicici,N,2ae39c3ac3bb2f5f6f70ee6d,4814
2024-09-01 00:00:00,247.65,U09,FAILURE,500321871612,670578d9-5c34-4145-ad69-47d829ffcca3,airpay.submarine@timecosmos,Person,Travis_Oberbrunner15@okhdfcbank,N,d562aa2e592e9cac836edbbf,5816
2024-09-01 00:00:00,167.18,U09,FAILURE,709503122564,cd589c23-a80e-46e6-9d98-e192892772f9,jiopay.broadband@timecosmos,Person,Francis64@ybl,N,facdf53afdcb3a0cac90e5e5,4814
2024-09-01 00:00:00,221.31,U31,FAILURE,774000996457,6b8f4fe3-5b29-4a0b-a2b6-f98886cf8d41,jiopay.cable@timecosmos,PayMerchant,Effie.Heidenreich@okaxis,N,3bafffba50a6ad4cfa5bbcf1,4814
2024-09-01 00:00:00,626.97,U67,FAILURE,868595139820,0756b9fc-ce90-43e5-83a4-0dcc836b6281,finopay.greenbasket@timecosmos,Person,Brown_Lesch@abfspay,N,efeb2ad80504ae5388141d50,5411
2024-09-01 00:00:00,237.03,U31,FAILURE,158945692595,071c3dd0-8f20-44cc-8318-e314606fcdb0,tripay.adventure@timecosmos,PayMerchant,Aubrey_Willms@axl,N,6a66c1aa665e54ef564dff7d,4722
2024-09-01 00:00:00,710.59,U67,FAILURE,919461594820,a2271326-35e7-47fc-b272-8f65e504ea18,finopay.bulkstore@timecosmos,payMerchant,Lilian39@abfspay,N,39dcbdeafa023d862fc89c2e,5411
2024-09-01 00:00:00,982.63,U30,FAILURE,105957257783,f4b95dc6-66af-4644-8148-6cfa951561a7,finopay.foodland@timecosmos,PayMerchant,Ayla66@timecosmos,N,ff95bfcda06a022e69b1a25c,5411
2024-09-01 00:00:00,611.53,N,FAILURE,181311413773,bf0de017-ddd3-4822-a40c-75a7083d04da,tripay.vacation@timecosmos,Person,Arden.Lakin27@idfcbank,N,1e9e1a9caaf4fe2a3330b86a,4722
2024-09-01 00:00:00,367.70,N,FAILURE,166146439323,529f087c-54b9-4848-9306-26560eec3e08,airpay.drone@timecosmos,Person,Gardner7@paytm,N,57e7fb8abcd5d2b20dbf7ebe,5816
2024-09-01 00:00:00,249.22,N,SUCCESS,714821512100,7be85a26-0369-4e58-b97e-dadd8796bae3,airpay.scooter@timecosmos,PayMerchant,Khalid_Stracke@fkaxis,N,b2690f7419c7dfca79c7418f,5816
2024-09-01 00:00:00,305.32,S96,FAILURE,057080200469,099be2b4-4292-4856-baec-c218485b46ec,razorpay.burger@timecosmos,Person,Kaylie.Spencer96@yapl,N,70adadebceedfea1df1b6baa,5814
2024-09-01 00:00:00,141.72,U09,FAILURE,511409297742,ca5cd25e-17c5-4d5f-8aa2-775722efbc7d,airpay.submarine@timecosmos,payMerchant,Destiny_Parisian40@axl,N,81f1ceb5a7ce6379f1d626ae,5816
2024-09-01 00:00:00,770.77,U31,DEEMED,232759861996,61d53e4b-2b30-4fb6-a924-dd89c7fc6a18,jiopay.satellite@timecosmos,payMerchant,Lucio_Kuvalis@ybl,N,4acafdce8fc2b9922f61a2ac,4814
2024-09-01 00:00:00,617.33,U31,FAILURE,460714514626,2f6d7d23-7325-4b21-af08-5c83da4a19ff,razorpay.steak@timecosmos,Person,Kenyon.Sauer@abfspay,N,32f8b4522e2629acecdbbf7d,5814
2024-09-01 00:00:00,356.88,U31,FAILURE,001370880903,78a02976-6a09-4bcf-b883-4fb90af19818,finopay.bulkstore@timecosmos,PayMerchant,Princess_Hoppe@idfcbank,N,4abed5e0a43a9af6dc17adf2,5411
2024-09-01 00:00:00,443.58,U09,DEEMED,685435443414,14feb668-6b64-4610-88ab-27813356cca2,airpay.submarine@timecosmos,PayMerchant,Jalyn.Stiedemann@yapl,N,7cfce00ccb05dc8821aba73e,5816
2024-09-01 00:00:00,408.20,U31,FAILURE,486111916712,47210195-11b4-4a69-a03c-738638ac89d0,jiopay.convergence@timecosmos,PayMerchant,Jailyn_Rowe@paytm,N,d59e6dac0ce1bf3ce13f4350,4814
2024-09-01 00:00:00,101.95,U31,SUCCESS,320594834396,155a11d5-93b4-4d05-861a-9bf20a4e8a53,razorpay.salad@timecosmos,PayMerchant,Laron.Hagenes22@okaxis,N,e17deb3f9bc3aea6cdb6e10c,5814
2024-09-01 00:00:00,699.35,N,FAILURE,322552650318,a6c24933-de57-4e89-8c58-3e668dcb8063,tripay.wander@timecosmos,PayMerchant,Margie.Osinski6@yesg,N,3c3d6663ea1c9a0f0bcbd780,4722
2024-09-01 00:00:00,7.72,N,DEEMED,646577447047,bb821418-68c1-4e73-97d9-9401a79cf6b0,finopay.corner@timecosmos,Person,Jada30@okicici,N,45e9fc98cd8ab91dadb4a4cd,5411
2024-09-01 00:00:00,97.27,N,SUCCESS,628898691786,bb657ea3-e2fd-4408-b382-d480e27589b5,razorpay.dessert@timecosmos,PayMerchant,Ethel_Kihn65@okaxis,N,eeaccab296d3d7adc7e3efd0,5814
2024-09-01 00:00:00,350.57,S96,SUCCESS,423080578052,46f2c0a5-b8c1-483a-8ad5-28bd7226b019,airpay.helmet@timecosmos,Person,Jany.Murazik85@abfspay,N,444dce29c5bbe5d8effad276,5816
