A,DATE,AMOUNT,B,C,D,E,F,G,RRN,H,TXNID
S75960940,02-09-2024 00:00:00,310.21,02-09-2024 00:00:00,,2001,2650,20012207843065,27111001182650,041226460756,02-09-2024 00:00:00,a15ba49582c894c8bbcfd82d
S75960940,02-09-2024 00:00:00,94.09,02-09-2024 00:00:00,,2001,2650,20012207843065,27111001182650,187818994411,02-09-2024 00:00:00,04aba9ce3e6c55f6cc22bea8
S75960940,02-09-2024 00:00:00,159.57,02-09-2024 00:00:00,,2001,2650,20012207843065,27111001182650,948770405848,02-09-2024 00:00:00,ca477a6c905309b15abb859d
S75960940,02-09-2024 00:00:00,269.33,02-09-2024 00:00:00,,2001,2650,20012207843065,27111001182650,137363691506,02-09-2024 00:00:00,df7edccd3ee15edeeb4f0e11
S75960940,02-09-2024 00:00:00,607.36,02-09-2024 00:00:00,,2001,2650,20012207843065,27111001182650,857608065860,02-09-2024 00:00:00,063fbfee58ccc16e228a0eaa
S75960940,02-09-2024 00:00:00,988.58,02-09-2024 00:00:00,,2001,2650,20012207843065,27111001182650,220984935834,02-09-2024 00:00:00,7dcc41d36ce6eaf44b2adb80
S75960940,02-09-2024 00:00:00,921.24,02-09-2024 00:00:00,,2001,2650,20012207843065,27111001182650,788900528291,02-09-2024 00:00:00,582adf13c31df3dbf0aa8f9e
S75960940,02-09-2024 00:00:00,49.31,02-09-2024 00:00:00,,2001,2650,20012207843065,27111001182650,093703421661,02-09-2024 00:00:00,80bdf64f7e5fa47ecad7be6f
S75960940,02-09-2024 00:00:00,349.15,02-09-2024 00:00:00,,2001,2650,20012207843065,27111001182650,919063119674,02-09-2024 00:00:00,75bcf9bee116da8ec38d260f
S75960940,02-09-2024 00:00:00,522.45,02-09-2024 00:00:00,,2001,2650,20012207843065,27111001182650,710432425694,02-09-2024 00:00:00,bae75e37dff4488dfeaa56c5
S75960940,02-09-2024 00:00:00,458.39,02-09-2024 00:00:00,,2001,2650,20012207843065,27111001182650,831453067078,02-09-2024 00:00:00,4fd7891db3819f2eb9719dee
S75960940,02-09-2024 00:00:00,708.30,02-09-2024 00:00:00,,2001,2650,20012207843065,27111001182650,416416816363,02-09-2024 00:00:00,ffbaf28e47eb42babbe38b32
S75960940,02-09-2024 00:00:00,40.74,02-09-2024 00:00:00,,2001,2650,20012207843065,27111001182650,776386218726,02-09-2024 00:00:00,346c1ad8c9ff8cccdbfc5ffb
S75960940,02-09-2024 00:00:00,529.79,02-09-2024 00:00:00,,2001,2650,20012207843065,27111001182650,219264170532,02-09-2024 00:00:00,90e2b96efcfed873c52b0b59
S75960940,02-09-2024 00:00:00,664.37,02-09-2024 00:00:00,,2001,2650,20012207843065,27111001182650,446617151698,02-09-2024 00:00:00,bb7d56a0e6e52ec439fc1be5
S75960940,02-09-2024 00:00:00,795.08,02-09-2024 00:00:00,,2001,2650,20012207843065,27111001182650,339699120107,02-09-2024 00:00:00,8ebb4cfcd827cedabdc46fd5
S75960940,02-09-2024 00:00:00,228.71,02-09-2024 00:00:00,,2001,2650,20012207843065,27111001182650,767784471287,02-09-2024 00:00:00,a80e480de106b3ba7fb5bfa8
S75960940,02-09-2024 00:00:00,21.23,02-09-2024 00:00:00,,2001,2650,20012207843065,27111001182650,059785156317,02-09-2024 00:00:00,eb66e949bed6071f226ea4c2
S75960940,02-09-2024 00:00:00,402.85,02-09-2024 00:00:00,,2001,2650,20012207843065,27111001182650,210090154332,02-09-2024 00:00:00,e63b36f91d012f7fafa013fb
S75960940,02-09-2024 00:00:00,424.63,02-09-2024 00:00:00,,2001,2650,20012207843065,27111001182650,538106702765,02-09-2024 00:00:00,cf80f6b21cca29fabfccafcd
S75960940,02-09-2024 00:00:00,149.04,02-09-2024 00:00:00,,2001,2650,20012207843065,27111001182650,377250438569,02-09-2024 00:00:00,e7c24d7feb6c22eeff8b2ef6
S75960940,02-09-2024 00:00:00,114.11,02-09-2024 00:00:00,,2001,2650,20012207843065,27111001182650,073312947472,02-09-2024 00:00:00,469c2b16acaacd70fcd8d0ac
S75960940,02-09-2024 00:00:00,425.58,02-09-2024 00:00:00,,2001,2650,20012207843065,27111001182650,673831531580,02-09-2024 00:00:00,bce51c9a37d495dae2410048
S75960940,02-09-2024 00:00:00,881.82,02-09-2024 00:00:00,,2001,2650,20012207843065,27111001182650,652209540340,02-09-2024 00:00:00,3069fde058dc2aa1b2cffb73
S75960940,02-09-2024 00:00:00,133.80,02-09-2024 00:00:00,,2001,2650,20012207843065,27111001182650,466301856962,02-09-2024 00:00:00,1ac625da3bb2786d7c608f7c
S75960940,02-09-2024 00:00:00,347.47,02-09-2024 00:00:00,,2001,2650,20012207843065,27111001182650,642354786198,02-09-2024 00:00:00,3c81c5e6433fe9d2fc4d258f
S75960940,02-09-2024 00:00:00,213.07,02-09-2024 00:00:00,,2001,2650,20012207843065,27111001182650,793302261025,02-09-2024 00:00:00,7b7bf97458baee5bdbefc27c
S75960940,02-09-2024 00:00:00,242.27,02-09-2024 00:00:00,,2001,2650,20012207843065,27111001182650,164226391785,02-09-2024 00:00:00,3ecc25cbc6d36affe7ec10ba
S75960940,02-09-2024 00:00:00,426.02,02-09-2024 00:00:00,,2001,2650,20012207843065,27111001182650,644533572566,02-09-2024 00:00:00,4ad3d3fac1d4c64933c63687
S75960940,02-09-2024 00:00:00,605.24,02-09-2024 00:00:00,,2001,2650,20012207843065,27111001182650,759410363742,02-09-2024 00:00:00,306399d870e9f63e4fa99ff0
S75960940,02-09-2024 00:00:00,75.27,02-09-2024 00:00:00,,2001,2650,20012207843065,27111001182650,960836298218,02-09-2024 00:00:00,e2306ed18c9476bcffed0783
S75960940,02-09-2024 00:00:00,600.45,02-09-2024 00:00:00,,2001,2650,20012207843065,27111001182650,276446346122,02-09-2024 00:00:00,9af14fd18cf089e1fd9fedba
S75960940,02-09-2024 00:00:00,604.93,02-09-2024 00:00:00,,2001,2650,20012207843065,27111001182650,549694086166,02-09-2024 00:00:00,b54fbb0ddcee561b1bc7b406
S75960940,02-09-2024 00:00:00,233.04,02-09-2024 00:00:00,,2001,2650,20012207843065,27111001182650,857992447346,02-09-2024 00:00:00,fcacfd66724c2271cb3c49b9
S75960940,02-09-2024 00:00:00,121.43,02-09-2024 00:00:00,,2001,2650,20012207843065,27111001182650,140671151119,02-09-2024 00:00:00,94db6dc98eddf4cdef6de0c6
S75960940,02-09-2024 00:00:00,447.05,02-09-2024 00:00:00,,2001,2650,20012207843065,27111001182650,812722637753,02-09-2024 00:00:00,ca6ce3ff19dc31d2da3b7a4e
S75960940,02-09-2024 00:00:00,718.67,02-09-2024 00:00:00,,2001,2650,20012207843065,27111001182650,586734368193,02-09-2024 00:00:00,2fc330c6f36afcc7baee5ed6
S75960940,02-09-2024 00:00:00,883.92,02-09-2024 00:00:00,,2001,2650,20012207843065,27111001182650,793277978730,02-09-2024 00:00:00,168b99c53f83bdb252ca5acd
S75960940,02-09-2024 00:00:00,470.64,02-09-2024 00:00:00,,2001,2650,20012207843065,27111001182650,903315536639,02-09-2024 00:00:00,7fc2aca776ffe7dda8171bcb
S75960940,02-09-2024 00:00:00,512.30,02-09-2024 00:00:00,,2001,2650,20012207843065,27111001182650,507881946419,02-09-2024 00:00:00,60d6e2d48accec3da3d30cfa
S75960940,02-09-2024 00:00:00,136.04,02-09-2024 00:00:00,,2001,2650,20012207843065,27111001182650,550845335618,02-09-2024 00:00:00,b02726db7b0e4a4014fd1fd1
S75960940,02-09-2024 00:00:00,697.38,02-09-2024 00:00:00,,2001,2650,20012207843065,27111001182650,783660955796,02-09-2024 00:00:00,e81e01c5b0f9616a89cc1f2d
S75960940,02-09-2024 00:00:00,915.04,02-09-2024 00:00:00,,2001,2650,20012207843065,27111001182650,702658927412,02-09-2024 00:00:00,e299f8dca1afbb868ce5d4eb
S75960940,02-09-2024 00:00:00,371.43,02-09-2024 00:00:00,,2001,2650,20012207843065,27111001182650,521072426268,02-09-2024 00:00:00,ceed25bd6faaa57fc0e0bee8
S75960940,02-09-2024 00:00:00,130.78,02-09-2024 00:00:00,,2001,2650,20012207843065,27111001182650,222978731702,02-09-2024 00:00:00,3aa4dddedef5f0ce2f744696
S75960940,02-09-2024 00:00:00,520.54,02-09-2024 00:00:00,,2001,2650,20012207843065,27111001182650,821680177185,02-09-2024 00:00:00,bcd82f56c8871dd94f638874
S75960940,02-09-2024 00:00:00,872.32,02-09-2024 00:00:00,,2001,2650,20012207843065,27111001182650,893331314010,02-09-2024 00:00:00,6ff5ce1a45c28cd789ba597d
S75960940,02-09-2024 00:00:00,127.83,02-09-2024 00:00:00,,2001,2650,20012207843065,27111001182650,773078868662,02-09-2024 00:00:00,ebf29cf9f37802cbdb21fcc4
S75960940,02-09-2024 00:00:00,933.69,02-09-2024 00:00:00,,2001,2650,20012207843065,27111001182650,212078739798,02-09-2024 00:00:00,bd3ce81be28fc91a4b3fbedd
S75960940,02-09-2024 00:00:00,545.04,02-09-2024 00:00:00,,2001,2650,20012207843065,27111001182650,654666550980,02-09-2024 00:00:00,8dbbfb5ddea2a7a638ca5ccc
S75960940,02-09-2024 00:00:00,743.45,02-09-2024 00:00:00,,2001,2650,20012207843065,27111001182650,863804615989,02-09-2024 00:00:00,8ac4cf525469c292f0def43c
S75960940,02-09-2024 00:00:00,429.32,02-09-2024 00:00:00,,2001,2650,20012207843065,27111001182650,505883929791,02-09-2024 00:00:00,dd2b520b3074a7dfa1d01b9f
S75960940,02-09-2024 00:00:00,604.45,02-09-2024 00:00:00,,2001,2650,20012207843065,27111001182650,366171022008,02-09-2024 00:00:00,82dfffe1bfd90f618cbac539
S75960940,02-09-2024 00:00:00,384.11,02-09-2024 00:00:00,,2001,2650,20012207843065,27111001182650,349561206568,02-09-2024 00:00:00,59fdbffc2aee6fa93d7edde7
S75960940,02-09-2024 00:00:00,558.41,02-09-2024 00:00:00,,2001,2650,20012207843065,27111001182650,378034343446,02-09-2024 00:00:00,0ff03911ccbea497f70d5ad9
S75960940,02-09-2024 00:00:00,542.63,02-09-2024 00:00:00,,2001,2650,20012207843065,27111001182650,171536478232,02-09-2024 00:00:00,d800e7a03bd3a7cacffc1fec
S75960940,02-09-2024 00:00:00,824.17,02-09-2024 00:00:00,,2001,2650,20012207843065,27111001182650,309534274840,02-09-2024 00:00:00,b63faaf28b7aa0a330eb938f
S75960940,02-09-2024 00:00:00,352.55,02-09-2024 00:00:00,,2001,2650,20012207843065,27111001182650,800869200214,02-09-2024 00:00:00,c21fedccba618daafd2d1fd9
S75960940,02-09-2024 00:00:00,127.28,02-09-2024 00:00:00,,2001,2650,20012207843065,27111001182650,811068558353,02-09-2024 00:00:00,2f9b3b1121d5f94fc5e06edb
S75960940,02-09-2024 00:00:00,830.59,02-09-2024 00:00:00,,2001,2650,20012207843065,27111001182650,019645349259,02-09-2024 00:00:00,be4fa8a0f2db49ca74cc416d
S75960940,02-09-2024 00:00:00,655.65,02-09-2024 00:00:00,,2001,2650,20012207843065,27111001182650,904624396316,02-09-2024 00:00:00,5b09fcf2bdafeaaca1bd47dd
S75960940,02-09-2024 00:00:00,80.44,02-09-2024 00:00:00,,2001,2650,20012207843065,27111001182650,855814538694,02-09-2024 00:00:00,df3a91fb10b7f5af65de1f84
S75960940,02-09-2024 00:00:00,295.94,02-09-2024 00:00:00,,2001,2650,20012207843065,27111001182650,959761772665,02-09-2024 00:00:00,9cef4caae8e976cfedebe107
S75960940,02-09-2024 00:00:00,748.20,02-09-2024 00:00:00,,2001,2650,20012207843065,27111001182650,627655226589,02-09-2024 00:00:00,fb3f8bf9c69b60befdeafe52
S75960940,02-09-2024 00:00:00,459.56,02-09-2024 00:00:00,,2001,2650,20012207843065,27111001182650,867289514475,02-09-2024 00:00:00,dc7a78a0baee51a0f90f45ae
S75960940,02-09-2024 00:00:00,302.36,02-09-2024 00:00:00,,2001,2650,20012207843065,27111001182650,386171279812,02-09-2024 00:00:00,7bdb52c7c8eb6bb76d972c76
S75960940,02-09-2024 00:00:00,603.41,02-09-2024 00:00:00,,2001,2650,20012207843065,27111001182650,271007595245,02-09-2024 00:00:00,a8e1eac4ddb5cbd8b519bbaa
S75960940,02-09-2024 00:00:00,924.89,02-09-2024 00:00:00,,2001,2650,20012207843065,27111001182650,508692441319,02-09-2024 00:00:00,e745fe7ecffaaf636cac8fff
S75960940,02-09-2024 00:00:00,435.97,02-09-2024 00:00:00,,2001,2650,20012207843065,27111001182650,394669050336,02-09-2024 00:00:00,16dfc8fc2b5bef6ccbcf7a35
S75960940,02-09-2024 00:00:00,963.39,02-09-2024 00:00:00,,2001,2650,20012207843065,27111001182650,522387761429,02-09-2024 00:00:00,abbcdf8cb268ca3b5aa645ff
S75960940,02-09-2024 00:00:00,849.63,02-09-2024 00:00:00,,2001,2650,20012207843065,27111001182650,784637454265,02-09-2024 00:00:00,2c0fc6b5af5b3e1cb8beac4c
S75960940,02-09-2024 00:00:00,331.40,02-09-2024 00:00:00,,2001,2650,20012207843065,27111001182650,307689939481,02-09-2024 00:00:00,9ffbfa98a3b1937383defaf0
S75960940,02-09-2024 00:00:00,971.29,02-09-2024 00:00:00,,2001,2650,20012207843065,27111001182650,616792050923,02-09-2024 00:00:00,e8fdef96548b80fd39e26d0f
S75960940,02-09-2024 00:00:00,264.07,02-09-2024 00:00:00,,2001,2650,20012207843065,27111001182650,365851298795,02-09-2024 00:00:00,2fcaa3b168bc6ae1ccbd3ec9
S75960940,02-09-2024 00:00:00,461.82,02-09-2024 00:00:00,,2001,2650,20012207843065,27111001182650,001761375200,02-09-2024 00:00:00,7debef0ea3bead9f80f9c5e7
S75960940,02-09-2024 00:00:00,809.08,02-09-2024 00:00:00,,2001,2650,20012207843065,27111001182650,214056278103,02-09-2024 00:00:00,bef0d0b3fd86fef7aeec8bba
S75960940,02-09-2024 00:00:00,88.62,02-09-2024 00:00:00,,2001,2650,20012207843065,27111001182650,438497098254,02-09-2024 00:00:00,46caf7eae5159dfec78a8d98
S75960940,02-09-2024 00:00:00,238.83,02-09-2024 00:00:00,,2001,2650,20012207843065,27111001182650,934387107371,02-09-2024 00:00:00,0ee66fadb3883cbcab2d1f11
S75960940,02-09-2024 00:00:00,303.04,02-09-2024 00:00:00,,2001,2650,20012207843065,27111001182650,734590819179,02-09-2024 00:00:00,ead21db2bc6b22bc4f4bb8d1
S75960940,02-09-2024 00:00:00,879.13,02-09-2024 00:00:00,,2001,2650,20012207843065,27111001182650,219629974390,02-09-2024 00:00:00,d26afb0c2787b4ff5098da99
S75960940,02-09-2024 00:00:00,51.84,02-09-2024 00:00:00,,2001,2650,20012207843065,27111001182650,938048877157,02-09-2024 00:00:00,de9ceee3f2f6ceaae4a159e3
S75960940,02-09-2024 00:00:00,743.25,02-09-2024 00:00:00,,2001,2650,20012207843065,27111001182650,603892137588,02-09-2024 00:00:00,e39cae4736ab29641f3abd2c
S75960940,02-09-2024 00:00:00,308.08,02-09-2024 00:00:00,,2001,2650,20012207843065,27111001182650,043752724904,02-09-2024 00:00:00,dcea1d6f67dc682bcebe79c1
S75960940,02-09-2024 00:00:00,120.23,02-09-2024 00:00:00,,2001,2650,20012207843065,27111001182650,374943391032,02-09-2024 00:00:00,c85fd0e67bf2bd63ca72a4d6
S75960940,02-09-2024 00:00:00,864.56,02-09-2024 00:00:00,,2001,2650,20012207843065,27111001182650,587890275555,02-09-2024 00:00:00,7df49a8699ca60efe277a4e4
S75960940,02-09-2024 00:00:00,472.68,02-09-2024 00:00:00,,2001,2650,20012207843065,27111001182650,955477984451,02-09-2024 00:00:00,8bff1c5c4d00fa0f698bbb87
S75960940,02-09-2024 00:00:00,441.28,02-09-2024 00:00:00,,2001,2650,20012207843065,27111001182650,941492572229,02-09-2024 00:00:00,c131ffba3b13b3b49aceaee6
S75960940,02-09-2024 00:00:00,709.40,02-09-2024 00:00:00,,2001,2650,20012207843065,27111001182650,830985257732,02-09-2024 00:00:00,fe230a543ef9db35ff21abd6
S75960940,02-09-2024 00:00:00,67.86,02-09-2024 00:00:00,,2001,2650,20012207843065,27111001182650,951877344234,02-09-2024 00:00:00,c6f6edcda0182f6d176ec9cf
S75960940,02-09-2024 00:00:00,586.32,02-09-2024 00:00:00,,2001,2650,20012207843065,27111001182650,534431022986,02-09-2024 00:00:00,06fba5b3baba1bfcccbbb2c8
S75960940,02-09-2024 00:00:00,917.12,02-09-2024 00:00:00,,2001,2650,20012207843065,27111001182650,415146594429,02-09-2024 00:00:00,adeccc573b5a3f8debcf04cd
S75960940,02-09-2024 00:00:00,948.10,02-09-2024 00:00:00,,2001,2650,20012207843065,27111001182650,331069646096,02-09-2024 00:00:00,5e8acbdd36117fee5ffaebc2
S75960940,02-09-2024 00:00:00,987.76,02-09-2024 00:00:00,,2001,2650,20012207843065,27111001182650,372133505856,02-09-2024 00:00:00,af43102eebcadfe7f693c7fe
S75960940,02-09-2024 00:00:00,917.00,02-09-2024 00:00:00,,2001,2650,20012207843065,27111001182650,141344274117,02-09-2024 00:00:00,8c948e6051aff7dd0d883ef4
S75960940,02-09-2024 00:00:00,292.97,02-09-2024 00:00:00,,2001,2650,20012207843065,27111001182650,281385630162,02-09-2024 00:00:00,d1ce6e2b6e2f10fcd8d61a61
S75960940,02-09-2024 00:00:00,640.95,02-09-2024 00:00:00,,2001,2650,20012207843065,27111001182650,308692062336,02-09-2024 00:00:00,ccf26984be8d6e3523dd0ceb
S75960940,02-09-2024 00:00:00,800.07,02-09-2024 00:00:00,,2001,2650,20012207843065,27111001182650,459561418011,02-09-2024 00:00:00,fb95eaf2c9df514bb9ecc9fa
S75960940,02-09-2024 00:00:00,806.32,02-09-2024 00:00:00,,2001,2650,20012207843065,27111001182650,538385371643,02-09-2024 00:00:00,48afde6afaecb81ada9e5eed
S75960940,02-09-2024 00:00:00,606.33,02-09-2024 00:00:00,,2001,2650,20012207843065,27111001182650,537285291474,02-09-2024 00:00:00,bdaaebba75e6d3b371df2239
S75960940,02-09-2024 00:00:00,295.78,02-09-2024 00:00:00,,2001,2650,20012207843065,27111001182650,696178984416,02-09-2024 00:00:00,ebd5a53d51c96ba07bed65da
S75960940,02-09-2024 00:00:00,665.09,02-09-2024 00:00:00,,2001,2650,20012207843065,27111001182650,566013136823,02-09-2024 00:00:00,5d371396d668249368ffdde4
S75960940,02-09-2024 00:00:00,960.07,02-09-2024 00:00:00,,2001,2650,20012207843065,27111001182650,443810806084,02-09-2024 00:00:00,ce8a8ced7c422f72908b4ee3
S75960940,02-09-2024 00:00:00,828.58,02-09-2024 00:00:00,,2001,2650,20012207843065,27111001182650,470528610281,02-09-2024 00:00:00,0a17cdcca13f7a0e6b978859
S75960940,02-09-2024 00:00:00,683.39,02-09-2024 00:00:00,,2001,2650,20012207843065,27111001182650,999362611057,02-09-2024 00:00:00,291abf9df1087a30efa0ec75
S75960940,02-09-2024 00:00:00,363.62,02-09-2024 00:00:00,,2001,2650,20012207843065,27111001182650,428119475551,02-09-2024 00:00:00,f2f17aceaa6ad5eb4eed023a
S75960940,02-09-2024 00:00:00,411.03,02-09-2024 00:00:00,,2001,2650,20012207843065,27111001182650,198759947520,02-09-2024 00:00:00,a63ccfcea28eea2c2817bf27
S75960940,02-09-2024 00:00:00,7.09,02-09-2024 00:00:00,,2001,2650,20012207843065,27111001182650,434068385281,02-09-2024 00:00:00,237eadfdab4cccbbfa3c7fc3
S75960940,02-09-2024 00:00:00,667.46,02-09-2024 00:00:00,,2001,2650,20012207843065,27111001182650,142685342164,02-09-2024 00:00:00,fdbca696b59bc7cad9e0e9ce
S75960940,02-09-2024 00:00:00,948.38,02-09-2024 00:00:00,,2001,2650,20012207843065,27111001182650,467398725462,02-09-2024 00:00:00,48ad366fee48cfcdeed298a9
S75960940,02-09-2024 00:00:00,215.71,02-09-2024 00:00:00,,2001,2650,20012207843065,27111001182650,415017669226,02-09-2024 00:00:00,39aee9d1bb07cf8146a0dc8d
S75960940,02-09-2024 00:00:00,101.69,02-09-2024 00:00:00,,2001,2650,20012207843065,27111001182650,975560078909,02-09-2024 00:00:00,ca61635fecf3bfe49c66c4b0
S75960940,02-09-2024 00:00:00,992.74,02-09-2024 00:00:00,,2001,2650,20012207843065,27111001182650,548486398044,02-09-2024 00:00:00,c876dccaca50faafa34e5f7a
S75960940,02-09-2024 00:00:00,653.50,02-09-2024 00:00:00,,2001,2650,20012207843065,27111001182650,597248353783,02-09-2024 00:00:00,50e9dfdb1b738e02f93f13b8
S75960940,02-09-2024 00:00:00,687.34,02-09-2024 00:00:00,,2001,2650,20012207843065,27111001182650,935961623598,02-09-2024 00:00:00,eaae2a46558b2e3d4afd3bcf
S75960940,02-09-2024 00:00:00,829.13,02-09-2024 00:00:00,,2001,2650,20012207843065,27111001182650,602556184518,02-09-2024 00:00:00,e3f4a51fcb901fbad35f3a6d
S75960940,02-09-2024 00:00:00,979.48,02-09-2024 00:00:00,,2001,2650,20012207843065,27111001182650,166432663731,02-09-2024 00:00:00,11f3c74951b28eeaafc9d0e0
S75960940,02-09-2024 00:00:00,713.82,02-09-2024 00:00:00,,2001,2650,20012207843065,27111001182650,727136182376,02-09-2024 00:00:00,f0ece05ddefb0de02a6aacbb
S75960940,02-09-2024 00:00:00,733.94,02-09-2024 00:00:00,,2001,2650,20012207843065,27111001182650,842535626697,02-09-2024 00:00:00,2ca4d4baefd1acddb2fd2fe9
S75960940,02-09-2024 00:00:00,119.25,02-09-2024 00:00:00,,2001,2650,20012207843065,27111001182650,470580610194,02-09-2024 00:00:00,828db9d583586b18f8ed67cc
S75960940,02-09-2024 00:00:00,865.64,02-09-2024 00:00:00,,2001,2650,20012207843065,27111001182650,947168390174,02-09-2024 00:00:00,c4ddbdf3cecd8d7ede9a78da
S75960940,02-09-2024 00:00:00,237.91,02-09-2024 00:00:00,,2001,2650,20012207843065,27111001182650,506738639149,02-09-2024 00:00:00,207e04d5e776b06c8dbbbc1d
S75960940,02-09-2024 00:00:00,391.17,02-09-2024 00:00:00,,2001,2650,20012207843065,27111001182650,174262141858,02-09-2024 00:00:00,a3ac5f47babb981cdced84b4
S75960940,02-09-2024 00:00:00,189.39,02-09-2024 00:00:00,,2001,2650,20012207843065,27111001182650,001401398494,02-09-2024 00:00:00,daf2ea7c11aacaa4951daae1
S75960940,02-09-2024 00:00:00,395.50,02-09-2024 00:00:00,,2001,2650,20012207843065,27111001182650,982654046238,02-09-2024 00:00:00,44caa37f351075b80fbcb8cc
S75960940,02-09-2024 00:00:00,96.13,02-09-2024 00:00:00,,2001,2650,20012207843065,27111001182650,468621674907,02-09-2024 00:00:00,fdbb599bfa3b2bf80c30fe76
S75960940,02-09-2024 00:00:00,463.38,02-09-2024 00:00:00,,2001,2650,20012207843065,27111001182650,142004193134,02-09-2024 00:00:00,7a8aa67cf5b4124f8ff2fefd
S75960940,02-09-2024 00:00:00,522.42,02-09-2024 00:00:00,,2001,2650,20012207843065,27111001182650,567059563219,02-09-2024 00:00:00,cd418d4cc1cffacfbdeafbee
S75960940,02-09-2024 00:00:00,92.78,02-09-2024 00:00:00,,2001,2650,20012207843065,27111001182650,443355064097,02-09-2024 00:00:00,f96b80efcfe7ec28bddbedb8
S75960940,02-09-2024 00:00:00,630.55,02-09-2024 00:00:00,,2001,2650,20012207843065,27111001182650,672900804552,02-09-2024 00:00:00,23dcd3dae0bfa8cd46eaf08a
S75960940,02-09-2024 00:00:00,688.10,02-09-2024 00:00:00,,2001,2650,20012207843065,27111001182650,799132002585,02-09-2024 00:00:00,8bd1e57fe92fafc7c0b639f7
S75960940,02-09-2024 00:00:00,13.56,02-09-2024 00:00:00,,2001,2650,20012207843065,27111001182650,250030582242,02-09-2024 00:00:00,eb51fbbf7d05fb1bc318ba2e
S75960940,02-09-2024 00:00:00,744.46,02-09-2024 00:00:00,,2001,2650,20012207843065,27111001182650,389549404298,02-09-2024 00:00:00,d701acb01b9e7a7904e74030
S75960940,02-09-2024 00:00:00,793.45,02-09-2024 00:00:00,,2001,2650,20012207843065,27111001182650,751372844400,02-09-2024 00:00:00,d5c16cbc3b0ec5fbaa17eee4
S75960940,02-09-2024 00:00:00,700.28,02-09-2024 00:00:00,,2001,2650,20012207843065,27111001182650,468348833240,02-09-2024 00:00:00,fabeadfce7efbaff78263b54
S75960940,02-09-2024 00:00:00,154.65,02-09-2024 00:00:00,,2001,2650,20012207843065,27111001182650,297845772723,02-09-2024 00:00:00,efbdb9fb4ade729affcfa0c0
S75960940,02-09-2024 00:00:00,498.31,02-09-2024 00:00:00,,2001,2650,20012207843065,27111001182650,246515621532,02-09-2024 00:00:00,fae63026adac3ad63507e047
S75960940,02-09-2024 00:00:00,746.86,02-09-2024 00:00:00,,2001,2650,20012207843065,27111001182650,942931055453,02-09-2024 00:00:00,3c7dee813cf9dabbfa00cc57
S75960940,02-09-2024 00:00:00,970.04,02-09-2024 00:00:00,,2001,2650,20012207843065,27111001182650,828835890660,02-09-2024 00:00:00,25da9ce2d6dbec098ff00a00
S75960940,02-09-2024 00:00:00,940.06,02-09-2024 00:00:00,,2001,2650,20012207843065,27111001182650,785111845871,02-09-2024 00:00:00,2ffaed4bc219e5f3e6ddc5cf
S75960940,02-09-2024 00:00:00,878.97,02-09-2024 00:00:00,,2001,2650,20012207843065,27111001182650,544082572906,02-09-2024 00:00:00,793b92fcbeef8f8ecaace3cb
S75960940,02-09-2024 00:00:00,842.50,02-09-2024 00:00:00,,2001,2650,20012207843065,27111001182650,072733653962,02-09-2024 00:00:00,cefb820e09dc64e04cfb6e43
S75960940,02-09-2024 00:00:00,102.84,02-09-2024 00:00:00,,2001,2650,20012207843065,27111001182650,344551507383,02-09-2024 00:00:00,c77dc88bce2641b85dfef965
S75960940,02-09-2024 00:00:00,503.11,02-09-2024 00:00:00,,2001,2650,20012207843065,27111001182650,803592253137,02-09-2024 00:00:00,a9fe0165ababeeae82b5bc6e
S75960940,02-09-2024 00:00:00,839.38,02-09-2024 00:00:00,,2001,2650,20012207843065,27111001182650,720599272360,02-09-2024 00:00:00,bcb5fffcde5f0242ddee1bf5
S75960940,02-09-2024 00:00:00,937.37,02-09-2024 00:00:00,,2001,2650,20012207843065,27111001182650,491281710045,02-09-2024 00:00:00,9fd679c2ffff06c1fae32ccf
S75960940,02-09-2024 00:00:00,777.07,02-09-2024 00:00:00,,2001,2650,20012207843065,27111001182650,313542856675,02-09-2024 00:00:00,936aad4cad7df0cfd8decbb4
S75960940,02-09-2024 00:00:00,227.54,02-09-2024 00:00:00,,2001,2650,20012207843065,27111001182650,906845867924,02-09-2024 00:00:00,13eff7d5b23f1eed6ed49dce
S75960940,02-09-2024 00:00:00,788.84,02-09-2024 00:00:00,,2001,2650,20012207843065,27111001182650,439940259241,02-09-2024 00:00:00,eefbe07c983ddee240d3b3fa
S75960940,02-09-2024 00:00:00,156.48,02-09-2024 00:00:00,,2001,2650,20012207843065,27111001182650,844041567536,02-09-2024 00:00:00,06db4dd32abea3158dc9a98c
S75960940,02-09-2024 00:00:00,554.41,02-09-2024 00:00:00,,2001,2650,20012207843065,27111001182650,544251273708,02-09-2024 00:00:00,a0ece18dbcfecc3c9c4feaaf
S75960940,02-09-2024 00:00:00,715.92,02-09-2024 00:00:00,,2001,2650,20012207843065,27111001182650,173962985013,02-09-2024 00:00:00,d718abaceadbf0c4e365fda4
S75960940,02-09-2024 00:00:00,60.05,02-09-2024 00:00:00,,2001,2650,20012207843065,27111001182650,108830988041,02-09-2024 00:00:00,0ffa77c58144dbc8ce3ccd5c
S75960940,02-09-2024 00:00:00,164.61,02-09-2024 00:00:00,,2001,2650,20012207843065,27111001182650,376400695680,02-09-2024 00:00:00,ef9bbb8a757bd1e9cec5fbdf
S75960940,02-09-2024 00:00:00,934.26,02-09-2024 00:00:00,,2001,2650,20012207843065,27111001182650,438593712217,02-09-2024 00:00:00,8026d90cd810fccb85c13dd8
S75960940,02-09-2024 00:00:00,505.21,02-09-2024 00:00:00,,2001,2650,20012207843065,27111001182650,019914934642,02-09-2024 00:00:00,d921da13faae2dccc1ca1c3a
S75960940,02-09-2024 00:00:00,173.30,02-09-2024 00:00:00,,2001,2650,20012207843065,27111001182650,858866478688,02-09-2024 00:00:00,19484b798db408ac5b571404
S75960940,02-09-2024 00:00:00,776.33,02-09-2024 00:00:00,,2001,2650,20012207843065,27111001182650,010147890131,02-09-2024 00:00:00,d2faa861f314f98f43cd1357
S75960940,02-09-2024 00:00:00,196.26,02-09-2024 00:00:00,,2001,2650,20012207843065,27111001182650,946022445133,02-09-2024 00:00:00,7fe1b0fabd0fcc9dd007ea0a
S75960940,02-09-2024 00:00:00,873.44,02-09-2024 00:00:00,,2001,2650,20012207843065,27111001182650,488151301166,02-09-2024 00:00:00,d3e81ea223718eddd9b0e8fc
S75960940,02-09-2024 00:00:00,246.82,02-09-2024 00:00:00,,2001,2650,20012207843065,27111001182650,001747327913,02-09-2024 00:00:00,7bee697faab99a83c8fa6d4c
S75960940,02-09-2024 00:00:00,984.80,02-09-2024 00:00:00,,2001,2650,20012207843065,27111001182650,788565043127,02-09-2024 00:00:00,caf3f1965ace3fa893a495cc
S75960940,02-09-2024 00:00:00,857.61,02-09-2024 00:00:00,,2001,2650,20012207843065,27111001182650,506867232513,02-09-2024 00:00:00,fe37a84c03c336e49511e2d7
S75960940,02-09-2024 00:00:00,125.94,02-09-2024 00:00:00,,2001,2650,20012207843065,27111001182650,374597848564,02-09-2024 00:00:00,4cd74b00e5327d24edfa7173
S75960940,02-09-2024 00:00:00,498.26,02-09-2024 00:00:00,,2001,2650,20012207843065,27111001182650,376372168844,02-09-2024 00:00:00,48a9fa8e5df97756bd5d4fcf
S75960940,02-09-2024 00:00:00,757.56,02-09-2024 00:00:00,,2001,2650,20012207843065,27111001182650,597917831175,02-09-2024 00:00:00,34cc99c6cab6efa9c0f6b4bc
S75960940,02-09-2024 00:00:00,933.10,02-09-2024 00:00:00,,2001,2650,20012207843065,27111001182650,084968189904,02-09-2024 00:00:00,3aeefd0ef79ab8cfc0f127d3
S75960940,02-09-2024 00:00:00,263.26,02-09-2024 00:00:00,,2001,2650,20012207843065,27111001182650,547516945890,02-09-2024 00:00:00,c729fdf294a418e1183fce2e
S75960940,02-09-2024 00:00:00,298.15,02-09-2024 00:00:00,,2001,2650,20012207843065,27111001182650,260782657623,02-09-2024 00:00:00,b65e3fcaf3fdc077cb3922cf
S75960940,02-09-2024 00:00:00,63.16,02-09-2024 00:00:00,,2001,2650,20012207843065,27111001182650,170509049853,02-09-2024 00:00:00,f8057f3b41c659f0c44de35d
S75960940,02-09-2024 00:00:00,304.04,02-09-2024 00:00:00,,2001,2650,20012207843065,27111001182650,110535846540,02-09-2024 00:00:00,586d558acf8bb0e8851b1bc0
S75960940,02-09-2024 00:00:00,975.30,02-09-2024 00:00:00,,2001,2650,20012207843065,27111001182650,541040365862,02-09-2024 00:00:00,a38cdcffaec60e5e7088c8e5
S75960940,02-09-2024 00:00:00,883.79,02-09-2024 00:00:00,,2001,2650,20012207843065,27111001182650,340156280931,02-09-2024 00:00:00,8c5e7d1adcccac1b11cdca5d
S75960940,02-09-2024 00:00:00,274.87,02-09-2024 00:00:00,,2001,2650,20012207843065,27111001182650,163777944019,02-09-2024 00:00:00,c3ea876a5cfdeeff0eccddff
S75960940,02-09-2024 00:00:00,53.95,02-09-2024 00:00:00,,2001,2650,20012207843065,27111001182650,678820342619,02-09-2024 00:00:00,d0b2bc10d2a8aad4ada098c6
S75960940,02-09-2024 00:00:00,435.58,02-09-2024 00:00:00,,2001,2650,20012207843065,27111001182650,985766527109,02-09-2024 00:00:00,2eebefbd0d66e7a6bfd41a3c
S75960940,02-09-2024 00:00:00,135.36,02-09-2024 00:00:00,,2001,2650,20012207843065,27111001182650,239051889685,02-09-2024 00:00:00,92e93689efe8b8daeb9acfab
S75960940,02-09-2024 00:00:00,810.02,02-09-2024 00:00:00,,2001,2650,20012207843065,27111001182650,697891643209,02-09-2024 00:00:00,a49b57dd2bd2c4f56cafbe49
S75960940,02-09-2024 00:00:00,906.98,02-09-2024 00:00:00,,2001,2650,20012207843065,27111001182650,474675589996,02-09-2024 00:00:00,34e99ecdfed5fabfdb794cba
S75960940,02-09-2024 00:00:00,371.52,02-09-2024 00:00:00,,2001,2650,20012207843065,27111001182650,493719749062,02-09-2024 00:00:00,0ff1c2e73930decdb5c5a45e
S75960940,02-09-2024 00:00:00,327.54,02-09-2024 00:00:00,,2001,2650,20012207843065,27111001182650,579172856291,02-09-2024 00:00:00,0ba0ee6bb8fc1bc11c4dcdb3
S75960940,02-09-2024 00:00:00,375.75,02-09-2024 00:00:00,,2001,2650,20012207843065,27111001182650,996205959978,02-09-2024 00:00:00,77d7065df2a69e2f964c4cf9
S75960940,02-09-2024 00:00:00,921.09,02-09-2024 00:00:00,,2001,2650,20012207843065,27111001182650,842794365894,02-09-2024 00:00:00,5bccc889931b312411f0dfad
S75960940,02-09-2024 00:00:00,319.67,02-09-2024 00:00:00,,2001,2650,20012207843065,27111001182650,958016222021,02-09-2024 00:00:00,fb2be419f0ba30aec66a08ca
S75960940,02-09-2024 00:00:00,717.30,02-09-2024 00:00:00,,2001,2650,20012207843065,27111001182650,624539168474,02-09-2024 00:00:00,da8bc8ede6dce69db4d3ce9d
S75960940,02-09-2024 00:00:00,496.61,02-09-2024 00:00:00,,2001,2650,20012207843065,27111001182650,653740297525,02-09-2024 00:00:00,12ff9bbca0b2faa91139e1b6
S75960940,02-09-2024 00:00:00,923.17,02-09-2024 00:00:00,,2001,2650,20012207843065,27111001182650,722433796472,02-09-2024 00:00:00,5baccd487dd47b5d909f9616
S75960940,02-09-2024 00:00:00,171.32,02-09-2024 00:00:00,,2001,2650,20012207843065,27111001182650,797884157169,02-09-2024 00:00:00,48afa3723b6ee4c1722cfdc1
S75960940,02-09-2024 00:00:00,714.56,02-09-2024 00:00:00,,2001,2650,20012207843065,27111001182650,454827318885,02-09-2024 00:00:00,db2bfd77aebca5bd48eaaf25
S75960940,02-09-2024 00:00:00,683.26,02-09-2024 00:00:00,,2001,2650,20012207843065,27111001182650,280901663881,02-09-2024 00:00:00,ef9e2febd8314dcad55a414b
S75960940,02-09-2024 00:00:00,222.70,02-09-2024 00:00:00,,2001,2650,20012207843065,27111001182650,376119498993,02-09-2024 00:00:00,8238cecf7062eaaeea6fbe6f
S75960940,02-09-2024 00:00:00,268.40,02-09-2024 00:00:00,,2001,2650,20012207843065,27111001182650,378554155384,02-09-2024 00:00:00,81fbd0b8c5a3cac3b8ecc95c
S75960940,02-09-2024 00:00:00,265.56,02-09-2024 00:00:00,,2001,2650,20012207843065,27111001182650,618373062153,02-09-2024 00:00:00,ff23cea29e11ebb0fe2a66a4
S75960940,02-09-2024 00:00:00,225.78,02-09-2024 00:00:00,,2001,2650,20012207843065,27111001182650,542140707221,02-09-2024 00:00:00,20b42bef8a3bc1db1ce4ede3
S75960940,02-09-2024 00:00:00,760.54,02-09-2024 00:00:00,,2001,2650,20012207843065,27111001182650,210410264037,02-09-2024 00:00:00,97642d3e0e8c3aaa45ac756d
S75960940,02-09-2024 00:00:00,725.97,02-09-2024 00:00:00,,2001,2650,20012207843065,27111001182650,326331471585,02-09-2024 00:00:00,67eb94e3f5adbcabdaef557d
S75960940,02-09-2024 00:00:00,994.51,02-09-2024 00:00:00,,2001,2650,20012207843065,27111001182650,871439277279,02-09-2024 00:00:00,5ab7ee26891b583a2f4b3b27
S75960940,02-09-2024 00:00:00,394.41,02-09-2024 00:00:00,,2001,2650,20012207843065,27111001182650,292240485293,02-09-2024 00:00:00,17e911f4dbabdaf07f3b9b7b
S75960940,02-09-2024 00:00:00,966.24,02-09-2024 00:00:00,,2001,2650,20012207843065,27111001182650,493073206344,02-09-2024 00:00:00,707e8cd9e12cea2bf0f4ce6b
S75960940,02-09-2024 00:00:00,545.20,02-09-2024 00:00:00,,2001,2650,20012207843065,27111001182650,620352723063,02-09-2024 00:00:00,89c393ffeca7bb56c72be71a
S75960940,02-09-2024 00:00:00,28.46,02-09-2024 00:00:00,,2001,2650,20012207843065,27111001182650,430961537300,02-09-2024 00:00:00,83c1a9aa614f0bcbba7ec5be
S75960940,02-09-2024 00:00:00,723.65,02-09-2024 00:00:00,,2001,2650,20012207843065,27111001182650,503298004895,02-09-2024 00:00:00,16ec8c3a54d5a78acf6f9d9d
S75960940,02-09-2024 00:00:00,308.97,02-09-2024 00:00:00,,2001,2650,20012207843065,27111001182650,585701367257,02-09-2024 00:00:00,e84cf2e1f7bcb75298cd3d83
S75960940,02-09-2024 00:00:00,369.86,02-09-2024 00:00:00,,2001,2650,20012207843065,27111001182650,433616060312,02-09-2024 00:00:00,c6a9eee829eea2ce8cf16233
S75960940,02-09-2024 00:00:00,273.79,02-09-2024 00:00:00,,2001,2650,20012207843065,27111001182650,631579859876,02-09-2024 00:00:00,4abed3b42dd9acbbfadd74ad
S75960940,02-09-2024 00:00:00,163.20,02-09-2024 00:00:00,,2001,2650,20012207843065,27111001182650,628059506913,02-09-2024 00:00:00,cd902ef79118162f83e5e60b
S75960940,02-09-2024 00:00:00,817.08,02-09-2024 00:00:00,,2001,2650,20012207843065,27111001182650,236264437607,02-09-2024 00:00:00,0bf27efeabed9f01684280bf
S75960940,02-09-2024 00:00:00,906.92,02-09-2024 00:00:00,,2001,2650,20012207843065,27111001182650,648645321513,02-09-2024 00:00:00,c4ca8ce0bff66a8ece23fcf7
S75960940,02-09-2024 00:00:00,665.46,02-09-2024 00:00:00,,2001,2650,20012207843065,27111001182650,114467796137,02-09-2024 00:00:00,c72df8d0a0fef3fdd0737d25
S75960940,02-09-2024 00:00:00,495.16,02-09-2024 00:00:00,,2001,2650,20012207843065,27111001182650,184283900567,02-09-2024 00:00:00,aabea2e97fc6efad5acd93b4
S75960940,02-09-2024 00:00:00,810.47,02-09-2024 00:00:00,,2001,2650,20012207843065,27111001182650,062426937326,02-09-2024 00:00:00,ef7b9cd41884fcb5db479eef
S75960940,02-09-2024 00:00:00,41.61,02-09-2024 00:00:00,,2001,2650,20012207843065,27111001182650,025211949301,02-09-2024 00:00:00,ae7c97dd5d6aaa92dc6cdf54
S75960940,02-09-2024 00:00:00,873.98,02-09-2024 00:00:00,,2001,2650,20012207843065,27111001182650,464239837595,02-09-2024 00:00:00,4d560ddf23ff392ca2eeaaab
S75960940,02-09-2024 00:00:00,200.55,02-09-2024 00:00:00,,2001,2650,20012207843065,27111001182650,478519404094,02-09-2024 00:00:00,dfbcfde5f8f15a53fd4f9d5f
S75960940,02-09-2024 00:00:00,397.06,02-09-2024 00:00:00,,2001,2650,20012207843065,27111001182650,448931105154,02-09-2024 00:00:00,42b21f1acfaeb363dfb9db7a
S75960940,02-09-2024 00:00:00,950.49,02-09-2024 00:00:00,,2001,2650,20012207843065,27111001182650,541918221541,02-09-2024 00:00:00,fda7cfb48179fd0a5bb05a02
S75960940,02-09-2024 00:00:00,671.25,02-09-2024 00:00:00,,2001,2650,20012207843065,27111001182650,295267535596,02-09-2024 00:00:00,bfffedd8e38da80b0a9dc863
S75960940,02-09-2024 00:00:00,303.02,02-09-2024 00:00:00,,2001,2650,20012207843065,27111001182650,035480476454,02-09-2024 00:00:00,bf2debbbedfae58792bb589c
S75960940,02-09-2024 00:00:00,872.10,02-09-2024 00:00:00,,2001,2650,20012207843065,27111001182650,522233774604,02-09-2024 00:00:00,5ace43dd5d1c6293e1ed3fe8
S75960940,02-09-2024 00:00:00,35.64,02-09-2024 00:00:00,,2001,2650,20012207843065,27111001182650,794602216781,02-09-2024 00:00:00,4aaaf040d9c8a8c3a183f0a5
S75960940,02-09-2024 00:00:00,591.39,02-09-2024 00:00:00,,2001,2650,20012207843065,27111001182650,261199555931,02-09-2024 00:00:00,cfe0fb9f4c31a7add32d27ad
S75960940,02-09-2024 00:00:00,472.14,02-09-2024 00:00:00,,2001,2650,20012207843065,27111001182650,606596543855,02-09-2024 00:00:00,e2bae7d1ade6a844d6e0fd78
S75960940,02-09-2024 00:00:00,139.82,02-09-2024 00:00:00,,2001,2650,20012207843065,27111001182650,111916563694,02-09-2024 00:00:00,a4cde24fb7e5eecf1a7fc2b8
S75960940,02-09-2024 00:00:00,652.89,02-09-2024 00:00:00,,2001,2650,20012207843065,27111001182650,770651371645,02-09-2024 00:00:00,cb747d3925bc5afcbced920e
S75960940,02-09-2024 00:00:00,455.11,02-09-2024 00:00:00,,2001,2650,20012207843065,27111001182650,424052114344,02-09-2024 00:00:00,05aae3a2bffb4ae960b5f194
S75960940,02-09-2024 00:00:00,670.26,02-09-2024 00:00:00,,2001,2650,20012207843065,27111001182650,209059979687,02-09-2024 00:00:00,472fd68f4de9db6dfd6ad649
S75960940,02-09-2024 00:00:00,112.24,02-09-2024 00:00:00,,2001,2650,20012207843065,27111001182650,457679647971,02-09-2024 00:00:00,6fbd8de24aea1acace8e8cae
S75960940,02-09-2024 00:00:00,843.01,02-09-2024 00:00:00,,2001,2650,20012207843065,27111001182650,085499370107,02-09-2024 00:00:00,7f83903dfff4dcde3de637ce
S75960940,02-09-2024 00:00:00,21.77,02-09-2024 00:00:00,,2001,2650,20012207843065,27111001182650,511596368910,02-09-2024 00:00:00,b7df3df795fd2e0e6bddeded
S75960940,02-09-2024 00:00:00,848.22,02-09-2024 00:00:00,,2001,2650,20012207843065,27111001182650,214724251398,02-09-2024 00:00:00,1a4debcdfa1baf7fa74a1448
S75960940,02-09-2024 00:00:00,75.76,02-09-2024 00:00:00,,2001,2650,20012207843065,27111001182650,558226238937,02-09-2024 00:00:00,3e8ffa96f7d9a7d3e3fd6acd
S75960940,02-09-2024 00:00:00,176.29,02-09-2024 00:00:00,,2001,2650,20012207843065,27111001182650,522953995932,02-09-2024 00:00:00,e01bfff3fbddfcd6dac7dd28
S75960940,02-09-2024 00:00:00,659.87,02-09-2024 00:00:00,,2001,2650,20012207843065,27111001182650,603409305771,02-09-2024 00:00:00,b09e75dc08ffb8fde712b5ee
S75960940,02-09-2024 00:00:00,60.55,02-09-2024 00:00:00,,2001,2650,20012207843065,27111001182650,377225857045,02-09-2024 00:00:00,437c36c02bd2efcae6a24d4a
S75960940,02-09-2024 00:00:00,614.64,02-09-2024 00:00:00,,2001,2650,20012207843065,27111001182650,295830010610,02-09-2024 00:00:00,cdc8ceb61039782b6b3da9f5
S75960940,02-09-2024 00:00:00,255.93,02-09-2024 00:00:00,,2001,2650,20012207843065,27111001182650,902546639435,02-09-2024 00:00:00,30de7b9831b833ebd52dfe14
S75960940,02-09-2024 00:00:00,124.62,02-09-2024 00:00:00,,2001,2650,20012207843065,27111001182650,376873137595,02-09-2024 00:00:00,ee36c51e844b583c07e5da9f
S75960940,02-09-2024 00:00:00,257.87,02-09-2024 00:00:00,,2001,2650,20012207843065,27111001182650,684962338146,02-09-2024 00:00:00,1f28fe5a6f4bd7a65abf4cc2
S75960940,02-09-2024 00:00:00,520.98,02-09-2024 00:00:00,,2001,2650,20012207843065,27111001182650,214836155896,02-09-2024 00:00:00,ceff9447ca375cde3eebddeb
S75960940,02-09-2024 00:00:00,201.53,02-09-2024 00:00:00,,2001,2650,20012207843065,27111001182650,039511214509,02-09-2024 00:00:00,2b5519bc9953525fbec76eaa
S75960940,02-09-2024 00:00:00,265.74,02-09-2024 00:00:00,,2001,2650,20012207843065,27111001182650,664941623794,02-09-2024 00:00:00,122ac09c3d19fd761f7c770f
S75960940,02-09-2024 00:00:00,907.33,02-09-2024 00:00:00,,2001,2650,20012207843065,27111001182650,643864188401,02-09-2024 00:00:00,2ed80ada0430cefa2fb84ae0
S75960940,02-09-2024 00:00:00,175.65,02-09-2024 00:00:00,,2001,2650,20012207843065,27111001182650,371040232713,02-09-2024 00:00:00,eb9b5aabf3f8c86c811f7a65
S75960940,02-09-2024 00:00:00,600.41,02-09-2024 00:00:00,,2001,2650,20012207843065,27111001182650,936555891899,02-09-2024 00:00:00,ccc4c1298aadee266f5cf5fd
S75960940,02-09-2024 00:00:00,676.01,02-09-2024 00:00:00,,2001,2650,20012207843065,27111001182650,650377237678,02-09-2024 00:00:00,b82121130b36157ad39bddcf
S75960940,02-09-2024 00:00:00,335.46,02-09-2024 00:00:00,,2001,2650,20012207843065,27111001182650,942581532060,02-09-2024 00:00:00,ad1c42ea4e2ff3dd4f03ed37
S75960940,02-09-2024 00:00:00,530.67,02-09-2024 00:00:00,,2001,2650,20012207843065,27111001182650,536055959209,02-09-2024 00:00:00,8b287d7f6d9af9ef4f1d50ec
S75960940,02-09-2024 00:00:00,381.57,02-09-2024 00:00:00,,2001,2650,20012207843065,27111001182650,696482101847,02-09-2024 00:00:00,c5ba5ecda63bba3446eff319
S75960940,02-09-2024 00:00:00,794.35,02-09-2024 00:00:00,,2001,2650,20012207843065,27111001182650,916400572801,02-09-2024 00:00:00,cf456357e46b1fe2917d8b84
S75960940,02-09-2024 00:00:00,9.80,02-09-2024 00:00:00,,2001,2650,20012207843065,27111001182650,003051014914,02-09-2024 00:00:00,eea07345c1becaf0c6018cac
S75960940,02-09-2024 00:00:00,506.72,02-09-2024 00:00:00,,2001,2650,20012207843065,27111001182650,549989171740,02-09-2024 00:00:00,8ef7f6746166fbe02a38b5cf
S75960940,02-09-2024 00:00:00,14.60,02-09-2024 00:00:00,,2001,2650,20012207843065,27111001182650,907222425813,02-09-2024 00:00:00,d7ef216bfcf1b2b9be794b0e
S75960940,02-09-2024 00:00:00,446.76,02-09-2024 00:00:00,,2001,2650,20012207843065,27111001182650,022993352018,02-09-2024 00:00:00,cddcb7ea0030eee1e9edd31e
S75960940,02-09-2024 00:00:00,228.18,02-09-2024 00:00:00,,2001,2650,20012207843065,27111001182650,865746225442,02-09-2024 00:00:00,87efedfaaf17dbad19320ee2
S75960940,02-09-2024 00:00:00,647.00,02-09-2024 00:00:00,,2001,2650,20012207843065,27111001182650,854303773754,02-09-2024 00:00:00,f27f8c9bcb5b7ceafeac2fa1
S75960940,02-09-2024 00:00:00,700.37,02-09-2024 00:00:00,,2001,2650,20012207843065,27111001182650,885685269159,02-09-2024 00:00:00,c6868508cab071c4f140fdb8
S75960940,02-09-2024 00:00:00,283.71,02-09-2024 00:00:00,,2001,2650,20012207843065,27111001182650,988617027912,02-09-2024 00:00:00,e4b3622719ce9e8b830e9741
S75960940,02-09-2024 00:00:00,887.13,02-09-2024 00:00:00,,2001,2650,20012207843065,27111001182650,967923620868,02-09-2024 00:00:00,232081aaf9927c4c7d634bee
S75960940,02-09-2024 00:00:00,681.64,02-09-2024 00:00:00,,2001,2650,20012207843065,27111001182650,247823507711,02-09-2024 00:00:00,5b13bff5b60580fa0bcbc4eb
S75960940,02-09-2024 00:00:00,450.85,02-09-2024 00:00:00,,2001,2650,20012207843065,27111001182650,265109461578,02-09-2024 00:00:00,cd33b20baf0a7c13015fd439
S75960940,02-09-2024 00:00:00,818.81,02-09-2024 00:00:00,,2001,2650,20012207843065,27111001182650,380859894764,02-09-2024 00:00:00,e3d6a2bfbad8ccd897dd67cd
S75960940,02-09-2024 00:00:00,198.74,02-09-2024 00:00:00,,2001,2650,20012207843065,27111001182650,121765874135,02-09-2024 00:00:00,5dcd6bd3a90b93ecb51b3eb2
S75960940,02-09-2024 00:00:00,753.53,02-09-2024 00:00:00,,2001,2650,20012207843065,27111001182650,199924084852,02-09-2024 00:00:00,3f60ccec08fffd223d5e8ff7
S75960940,02-09-2024 00:00:00,482.41,02-09-2024 00:00:00,,2001,2650,20012207843065,27111001182650,684292760537,02-09-2024 00:00:00,acdf3d5b7a867c62f5ab3f05
S75960940,02-09-2024 00:00:00,207.41,02-09-2024 00:00:00,,2001,2650,20012207843065,27111001182650,534611296736,02-09-2024 00:00:00,9f225a678a296d0eeda14ea8
S75960940,02-09-2024 00:00:00,589.51,02-09-2024 00:00:00,,2001,2650,20012207843065,27111001182650,109010904826,02-09-2024 00:00:00,ee53cc316e3c2d1f9dfedd73
S75960940,02-09-2024 00:00:00,231.91,02-09-2024 00:00:00,,2001,2650,20012207843065,27111001182650,054945329129,02-09-2024 00:00:00,ecb9576b3ffa8cd12ee7cdb9
S75960940,02-09-2024 00:00:00,323.92,02-09-2024 00:00:00,,2001,2650,20012207843065,27111001182650,866076633127,02-09-2024 00:00:00,5eb7c77a7420f1b70aafcf78
S75960940,02-09-2024 00:00:00,958.18,02-09-2024 00:00:00,,2001,2650,20012207843065,27111001182650,075751612948,02-09-2024 00:00:00,e8cbbd3cea72d4acfcb13dab
S75960940,02-09-2024 00:00:00,812.10,02-09-2024 00:00:00,,2001,2650,20012207843065,27111001182650,329139517578,02-09-2024 00:00:00,fdb99cc34fd4880efc8cda8f
S75960940,02-09-2024 00:00:00,79.77,02-09-2024 00:00:00,,2001,2650,20012207843065,27111001182650,545747139106,02-09-2024 00:00:00,44fb021f8d5a8a1f79ffeadc
S75960940,02-09-2024 00:00:00,698.22,02-09-2024 00:00:00,,2001,2650,20012207843065,27111001182650,871101109256,02-09-2024 00:00:00,d2e8ac6da390913dda3d6fea
S75960940,02-09-2024 00:00:00,159.76,02-09-2024 00:00:00,,2001,2650,20012207843065,27111001182650,821664191848,02-09-2024 00:00:00,aae2894be7edab6aa1f4b06b
S75960940,02-09-2024 00:00:00,876.61,02-09-2024 00:00:00,,2001,2650,20012207843065,27111001182650,775639554412,02-09-2024 00:00:00,7fb7e4cf5a4fdb6bee3d6906
S75960940,02-09-2024 00:00:00,628.05,02-09-2024 00:00:00,,2001,2650,20012207843065,27111001182650,984998801365,02-09-2024 00:00:00,6802d9ec98d3af6a0e1e3ac8
S75960940,02-09-2024 00:00:00,99.40,02-09-2024 00:00:00,,2001,2650,20012207843065,27111001182650,703880920706,02-09-2024 00:00:00,64341c560d0ecb5343ccece6
S75960940,02-09-2024 00:00:00,689.70,02-09-2024 00:00:00,,2001,2650,20012207843065,27111001182650,542788060926,02-09-2024 00:00:00,6bbc9ae2c9ccfc5ed80cf932
S75960940,02-09-2024 00:00:00,661.55,02-09-2024 00:00:00,,2001,2650,20012207843065,27111001182650,568316737993,02-09-2024 00:00:00,e28d1bb11671225efefe0ad0
S75960940,02-09-2024 00:00:00,248.91,02-09-2024 00:00:00,,2001,2650,20012207843065,27111001182650,140121236422,02-09-2024 00:00:00,7ca473c3f4a060eadf031b1b
S75960940,02-09-2024 00:00:00,751.81,02-09-2024 00:00:00,,2001,2650,20012207843065,27111001182650,094415714641,02-09-2024 00:00:00,b96d7536d7686eb9b6ddea03
S75960940,02-09-2024 00:00:00,840.68,02-09-2024 00:00:00,,2001,2650,20012207843065,27111001182650,600388199173,02-09-2024 00:00:00,e484e498ca2fade365deea46
S75960940,02-09-2024 00:00:00,792.10,02-09-2024 00:00:00,,2001,2650,20012207843065,27111001182650,817828969753,02-09-2024 00:00:00,a20f2a9d5e181ca0d9af9e0d
S75960940,02-09-2024 00:00:00,456.44,02-09-2024 00:00:00,,2001,2650,20012207843065,27111001182650,215812281842,02-09-2024 00:00:00,82d9c01bf6814a35e3b8290b
S75960940,02-09-2024 00:00:00,145.88,02-09-2024 00:00:00,,2001,2650,20012207843065,27111001182650,892283096334,02-09-2024 00:00:00,cd4c142f55a8cf2a8db8cf5c
S75960940,02-09-2024 00:00:00,447.32,02-09-2024 00:00:00,,2001,2650,20012207843065,27111001182650,401638699521,02-09-2024 00:00:00,eaccc2eaf0eafde299f36d70
S75960940,02-09-2024 00:00:00,949.03,02-09-2024 00:00:00,,2001,2650,20012207843065,27111001182650,309541530405,02-09-2024 00:00:00,f9d7fed93489a8ee258e89aa
S75960940,02-09-2024 00:00:00,402.13,02-09-2024 00:00:00,,2001,2650,20012207843065,27111001182650,112546820114,02-09-2024 00:00:00,a121893fc226f6fdf655b40c
S75960940,02-09-2024 00:00:00,959.42,02-09-2024 00:00:00,,2001,2650,20012207843065,27111001182650,758840788039,02-09-2024 00:00:00,852ad56204de7e2f5eed8671
S75960940,02-09-2024 00:00:00,695.60,02-09-2024 00:00:00,,2001,2650,20012207843065,27111001182650,807786655159,02-09-2024 00:00:00,aeb3b7e71c17fa3d59fbedeb
S75960940,02-09-2024 00:00:00,515.36,02-09-2024 00:00:00,,2001,2650,20012207843065,27111001182650,390986813975,02-09-2024 00:00:00,0e9e6451b59af35bb5d7aedc
S75960940,02-09-2024 00:00:00,962.66,02-09-2024 00:00:00,,2001,2650,20012207843065,27111001182650,075950959241,02-09-2024 00:00:00,e7e0643703d6cc38fb49cb7d
S75960940,02-09-2024 00:00:00,337.21,02-09-2024 00:00:00,,2001,2650,20012207843065,27111001182650,367989362248,02-09-2024 00:00:00,a1d3e9bbbfe15ce59ebbabd1
S75960940,02-09-2024 00:00:00,112.92,02-09-2024 00:00:00,,2001,2650,20012207843065,27111001182650,243784589505,02-09-2024 00:00:00,5d8207b94e9ce252be263fae
S75960940,02-09-2024 00:00:00,231.68,02-09-2024 00:00:00,,2001,2650,20012207843065,27111001182650,224737433843,02-09-2024 00:00:00,f2ad9cdba4aa6eb9bed36fef
S75960940,02-09-2024 00:00:00,419.23,02-09-2024 00:00:00,,2001,2650,20012207843065,27111001182650,327699411651,02-09-2024 00:00:00,4aade04ae524abd6707c8ccf
S75960940,02-09-2024 00:00:00,463.92,02-09-2024 00:00:00,,2001,2650,20012207843065,27111001182650,035409679657,02-09-2024 00:00:00,ccd2df0a9d72f46aac71cfe4
S75960940,02-09-2024 00:00:00,661.26,02-09-2024 00:00:00,,2001,2650,20012207843065,27111001182650,426211971028,02-09-2024 00:00:00,6eab0fc47eaaa9b9caf7e3bd
S75960940,02-09-2024 00:00:00,347.32,02-09-2024 00:00:00,,2001,2650,20012207843065,27111001182650,090346731543,02-09-2024 00:00:00,6be61baecf4e85a266cf8c7d
S75960940,02-09-2024 00:00:00,108.08,02-09-2024 00:00:00,,2001,2650,20012207843065,27111001182650,014506505784,02-09-2024 00:00:00,f53d0fc661fec3af905679c0
S75960940,02-09-2024 00:00:00,799.56,02-09-2024 00:00:00,,2001,2650,20012207843065,27111001182650,432379808523,02-09-2024 00:00:00,6aacd5daaaed0ce21fb4ecc4
S75960940,02-09-2024 00:00:00,509.40,02-09-2024 00:00:00,,2001,2650,20012207843065,27111001182650,249626915270,02-09-2024 00:00:00,8aa39db67f6791c0ff8e487b
S75960940,02-09-2024 00:00:00,970.45,02-09-2024 00:00:00,,2001,2650,20012207843065,27111001182650,088582109891,02-09-2024 00:00:00,e769ce30f326dce946daccab
S75960940,02-09-2024 00:00:00,726.49,02-09-2024 00:00:00,,2001,2650,20012207843065,27111001182650,130915323982,02-09-2024 00:00:00,5bfb368b1adb4efcecbfcc8e
S75960940,02-09-2024 00:00:00,572.10,02-09-2024 00:00:00,,2001,2650,20012207843065,27111001182650,678806718822,02-09-2024 00:00:00,503dadec3f54acaa21a93500
S75960940,02-09-2024 00:00:00,42.02,02-09-2024 00:00:00,,2001,2650,20012207843065,27111001182650,716957196977,02-09-2024 00:00:00,ccd07e95fa448a9a00bd4766
S75960940,02-09-2024 00:00:00,4.01,02-09-2024 00:00:00,,2001,2650,20012207843065,27111001182650,142446814268,02-09-2024 00:00:00,c4deb22a7accbf0e7f9f6eed
S75960940,02-09-2024 00:00:00,963.73,02-09-2024 00:00:00,,2001,2650,20012207843065,27111001182650,611173902252,02-09-2024 00:00:00,a4ad14f72fdde6bd908d1517
S75960940,02-09-2024 00:00:00,285.34,02-09-2024 00:00:00,,2001,2650,20012207843065,27111001182650,180366800964,02-09-2024 00:00:00,0ecbe986abe94ad1a1a11df8
S75960940,02-09-2024 00:00:00,933.90,02-09-2024 00:00:00,,2001,2650,20012207843065,27111001182650,199771854210,02-09-2024 00:00:00,ecb1137687883fd7282ef8c7
S75960940,02-09-2024 00:00:00,693.11,02-09-2024 00:00:00,,2001,2650,20012207843065,27111001182650,237972737858,02-09-2024 00:00:00,60b5bf61eda8be5dca2fb675
S75960940,02-09-2024 00:00:00,636.96,02-09-2024 00:00:00,,2001,2650,20012207843065,27111001182650,015464633329,02-09-2024 00:00:00,c9e7aee4b7b8ecca5b3ccab9
S75960940,02-09-2024 00:00:00,869.15,02-09-2024 00:00:00,,2001,2650,20012207843065,27111001182650,607709235055,02-09-2024 00:00:00,b9fd53f2a3dffbc761becf70
S75960940,02-09-2024 00:00:00,522.63,02-09-2024 00:00:00,,2001,2650,20012207843065,27111001182650,142084225699,02-09-2024 00:00:00,0a1d1f6fac7654ff84fd4da8
S75960940,02-09-2024 00:00:00,251.43,02-09-2024 00:00:00,,2001,2650,20012207843065,27111001182650,416138208515,02-09-2024 00:00:00,da486304da04cee42d6e4f7f
S75960940,02-09-2024 00:00:00,192.83,02-09-2024 00:00:00,,2001,2650,20012207843065,27111001182650,137577308633,02-09-2024 00:00:00,8fcfe8cfa8cbec39e9e9dad5
S75960940,02-09-2024 00:00:00,607.64,02-09-2024 00:00:00,,2001,2650,20012207843065,27111001182650,404293739453,02-09-2024 00:00:00,9ca67e3d88131e1b28a7195e
S75960940,02-09-2024 00:00:00,160.32,02-09-2024 00:00:00,,2001,2650,20012207843065,27111001182650,617954045348,02-09-2024 00:00:00,e2db7b4996bbf88b86bb2bb0
S75960940,02-09-2024 00:00:00,190.57,02-09-2024 00:00:00,,2001,2650,20012207843065,27111001182650,641263153294,02-09-2024 00:00:00,a2abe35573d0c6fcaa48dd3e
S75960940,02-09-2024 00:00:00,457.04,02-09-2024 00:00:00,,2001,2650,20012207843065,27111001182650,326688222626,02-09-2024 00:00:00,efdb91de450b6fc4d5a1ca7c
S75960940,02-09-2024 00:00:00,282.64,02-09-2024 00:00:00,,2001,2650,20012207843065,27111001182650,086346447633,02-09-2024 00:00:00,d50e845ccd35bf5d5b4b2211
S75960940,02-09-2024 00:00:00,609.49,02-09-2024 00:00:00,,2001,2650,20012207843065,27111001182650,357405190223,02-09-2024 00:00:00,1b6da9d9ed1b67bd7d2d29bd
S75960940,02-09-2024 00:00:00,464.23,02-09-2024 00:00:00,,2001,2650,20012207843065,27111001182650,109438573882,02-09-2024 00:00:00,bed016cf3dd93cf0a1cacb9a
S75960940,02-09-2024 00:00:00,776.80,02-09-2024 00:00:00,,2001,2650,20012207843065,27111001182650,754321552654,02-09-2024 00:00:00,dabc70a532830aaac99a7bbd
S75960940,02-09-2024 00:00:00,773.84,02-09-2024 00:00:00,,2001,2650,20012207843065,27111001182650,284401477825,02-09-2024 00:00:00,e75c20f288ace0e020dfdd7e
S75960940,02-09-2024 00:00:00,849.16,02-09-2024 00:00:00,,2001,2650,20012207843065,27111001182650,874341887985,02-09-2024 00:00:00,d2b8cc26739ead3d6fd5c27c
S75960940,02-09-2024 00:00:00,612.96,02-09-2024 00:00:00,,2001,2650,20012207843065,27111001182650,954057127909,02-09-2024 00:00:00,4eeb3c1d5efc79cccaf887c6
S75960940,02-09-2024 00:00:00,690.90,02-09-2024 00:00:00,,2001,2650,20012207843065,27111001182650,630577748308,02-09-2024 00:00:00,acef6a26a3edefd4dab9ed93
S75960940,02-09-2024 00:00:00,197.63,02-09-2024 00:00:00,,2001,2650,20012207843065,27111001182650,003623128579,02-09-2024 00:00:00,5ba7efaf23b2acde2748a5a8
S75960940,02-09-2024 00:00:00,924.81,02-09-2024 00:00:00,,2001,2650,20012207843065,27111001182650,759142716623,02-09-2024 00:00:00,a08e22e996bf8cd2ada5e8fc
S75960940,02-09-2024 00:00:00,223.66,02-09-2024 00:00:00,,2001,2650,20012207843065,27111001182650,586990009484,02-09-2024 00:00:00,d5e00cf4820fdb92b46d03ee
S75960940,02-09-2024 00:00:00,962.37,02-09-2024 00:00:00,,2001,2650,20012207843065,27111001182650,478186496125,02-09-2024 00:00:00,56390667d43ae28e31dda1bc
S75960940,02-09-2024 00:00:00,304.52,02-09-2024 00:00:00,,2001,2650,20012207843065,27111001182650,191828144746,02-09-2024 00:00:00,6aba0a9401f65acea04ef278
S75960940,02-09-2024 00:00:00,771.07,02-09-2024 00:00:00,,2001,2650,20012207843065,27111001182650,678395585109,02-09-2024 00:00:00,df5f5cbc0e6bfd9467dba375
S75960940,02-09-2024 00:00:00,613.48,02-09-2024 00:00:00,,2001,2650,20012207843065,27111001182650,233576584491,02-09-2024 00:00:00,eb348f4fdf77400c198546bd
S75960940,02-09-2024 00:00:00,283.11,02-09-2024 00:00:00,,2001,2650,20012207843065,27111001182650,194085687427,02-09-2024 00:00:00,6bb1d7d8dc858e1ce0500dec
S75960940,02-09-2024 00:00:00,65.34,02-09-2024 00:00:00,,2001,2650,20012207843065,27111001182650,533926364308,02-09-2024 00:00:00,63c802e2c5fae2eebcb6d0f4
S75960940,02-09-2024 00:00:00,656.15,02-09-2024 00:00:00,,2001,2650,20012207843065,27111001182650,298705250809,02-09-2024 00:00:00,feff1cae22febf38ad2f7b77
S75960940,02-09-2024 00:00:00,775.38,02-09-2024 00:00:00,,2001,2650,20012207843065,27111001182650,280082026634,02-09-2024 00:00:00,3cd2d62bd6a41adcadd2ab50
S75960940,02-09-2024 00:00:00,65.31,02-09-2024 00:00:00,,2001,2650,20012207843065,27111001182650,098051748806,02-09-2024 00:00:00,bcb7bd15e89f3dacde473eae
S75960940,02-09-2024 00:00:00,899.19,02-09-2024 00:00:00,,2001,2650,20012207843065,27111001182650,832461453791,02-09-2024 00:00:00,db01f20acfac55d7a208b0e4
S75960940,02-09-2024 00:00:00,55.40,02-09-2024 00:00:00,,2001,2650,20012207843065,27111001182650,913940034202,02-09-2024 00:00:00,9eacfbae41bcd1c6ac7ecd1b
S75960940,02-09-2024 00:00:00,912.21,02-09-2024 00:00:00,,2001,2650,20012207843065,27111001182650,240152218034,02-09-2024 00:00:00,11aafe0dcefa77baf0c84517
S75960940,02-09-2024 00:00:00,915.29,02-09-2024 00:00:00,,2001,2650,20012207843065,27111001182650,811051370336,02-09-2024 00:00:00,3fca36b6fadb2dffdefe7bf6
S75960940,02-09-2024 00:00:00,713.82,02-09-2024 00:00:00,,2001,2650,20012207843065,27111001182650,305315510201,02-09-2024 00:00:00,55cfbb9dccaeea1d5cb2dd20
S75960940,02-09-2024 00:00:00,49.50,02-09-2024 00:00:00,,2001,2650,20012207843065,27111001182650,410039748063,02-09-2024 00:00:00,5db4fb4eecde9ca5dcafd294
S75960940,02-09-2024 00:00:00,161.44,02-09-2024 00:00:00,,2001,2650,20012207843065,27111001182650,448278054227,02-09-2024 00:00:00,acc285abd20ea4e9d919cd1a
S75960940,02-09-2024 00:00:00,49.33,02-09-2024 00:00:00,,2001,2650,20012207843065,27111001182650,270809369916,02-09-2024 00:00:00,cdf86b2ed05b33b386d75e60
S75960940,02-09-2024 00:00:00,50.51,02-09-2024 00:00:00,,2001,2650,20012207843065,27111001182650,450772788707,02-09-2024 00:00:00,9ca6ccca6ac6d8800c11aab4
S75960940,02-09-2024 00:00:00,21.52,02-09-2024 00:00:00,,2001,2650,20012207843065,27111001182650,047350867995,02-09-2024 00:00:00,fba502ed8cc73a34c83aeff4
S75960940,02-09-2024 00:00:00,142.20,02-09-2024 00:00:00,,2001,2650,20012207843065,27111001182650,914742893103,02-09-2024 00:00:00,99a1adea8aab0fbeedaa987e
S75960940,02-09-2024 00:00:00,690.76,02-09-2024 00:00:00,,2001,2650,20012207843065,27111001182650,915194160264,02-09-2024 00:00:00,fe6910eae93d9ba1f2b0adbe
S75960940,02-09-2024 00:00:00,620.61,02-09-2024 00:00:00,,2001,2650,20012207843065,27111001182650,510437550231,02-09-2024 00:00:00,09bb3dd0bbad58a0b8f72bee
S75960940,02-09-2024 00:00:00,491.43,02-09-2024 00:00:00,,2001,2650,20012207843065,27111001182650,358572240786,02-09-2024 00:00:00,1f58d5acdadcc1185a824bac
S75960940,02-09-2024 00:00:00,357.86,02-09-2024 00:00:00,,2001,2650,20012207843065,27111001182650,164574123132,02-09-2024 00:00:00,df5af3f2f8adbea6f55dceeb
S75960940,02-09-2024 00:00:00,887.70,02-09-2024 00:00:00,,2001,2650,20012207843065,27111001182650,037531107789,02-09-2024 00:00:00,96bdedb890e5c7ff62b5beeb
S75960940,02-09-2024 00:00:00,41.64,02-09-2024 00:00:00,,2001,2650,20012207843065,27111001182650,455808244699,02-09-2024 00:00:00,c2cd4c4836e9ada6946ad32b
S75960940,02-09-2024 00:00:00,246.91,02-09-2024 00:00:00,,2001,2650,20012207843065,27111001182650,230475596341,02-09-2024 00:00:00,acf455bab7d3c3e1e5bdbcdd
S75960940,02-09-2024 00:00:00,404.33,02-09-2024 00:00:00,,2001,2650,20012207843065,27111001182650,775566636321,02-09-2024 00:00:00,fe7b6bac09e1d5b2e9c0eecf
S75960940,02-09-2024 00:00:00,440.95,02-09-2024 00:00:00,,2001,2650,20012207843065,27111001182650,216769216737,02-09-2024 00:00:00,ec21deaf84e7da68c4fcabe1
S75960940,02-09-2024 00:00:00,986.41,02-09-2024 00:00:00,,2001,2650,20012207843065,27111001182650,761699535000,02-09-2024 00:00:00,534d93e9baefcc2fba101a3b
S75960940,02-09-2024 00:00:00,399.29,02-09-2024 00:00:00,,2001,2650,20012207843065,27111001182650,480662169191,02-09-2024 00:00:00,e2db759a7f4f5f7f2fecd809
S75960940,02-09-2024 00:00:00,806.54,02-09-2024 00:00:00,,2001,2650,20012207843065,27111001182650,036350124847,02-09-2024 00:00:00,bad8a97bc9f15ca651b77f6c
S75960940,02-09-2024 00:00:00,80.07,02-09-2024 00:00:00,,2001,2650,20012207843065,27111001182650,369243242496,02-09-2024 00:00:00,9d2debafaf6cc9ba128e2668
S75960940,02-09-2024 00:00:00,486.93,02-09-2024 00:00:00,,2001,2650,20012207843065,27111001182650,408518113546,02-09-2024 00:00:00,34f5e805446dcf47bea7b00b
S75960940,02-09-2024 00:00:00,155.76,02-09-2024 00:00:00,,2001,2650,20012207843065,27111001182650,111349567606,02-09-2024 00:00:00,84fa5ef1913e79a5498ed75b
S75960940,02-09-2024 00:00:00,708.05,02-09-2024 00:00:00,,2001,2650,20012207843065,27111001182650,362291908536,02-09-2024 00:00:00,bcaf2671530c3b99c5c4dfa5
S75960940,02-09-2024 00:00:00,49.97,02-09-2024 00:00:00,,2001,2650,20012207843065,27111001182650,174610037919,02-09-2024 00:00:00,f1faa163fad7cf5ed3285ef3
S75960940,02-09-2024 00:00:00,259.82,02-09-2024 00:00:00,,2001,2650,20012207843065,27111001182650,841389406747,02-09-2024 00:00:00,4be7d6c2a1374f030a6c48db
S75960940,02-09-2024 00:00:00,106.26,02-09-2024 00:00:00,,2001,2650,20012207843065,27111001182650,982563997942,02-09-2024 00:00:00,4df2749a5fadf516decadd04
S75960940,02-09-2024 00:00:00,622.37,02-09-2024 00:00:00,,2001,2650,20012207843065,27111001182650,213717421606,02-09-2024 00:00:00,5edaabe63fb9dddf4d6bbbef
S75960940,02-09-2024 00:00:00,169.63,02-09-2024 00:00:00,,2001,2650,20012207843065,27111001182650,299451215307,02-09-2024 00:00:00,65db54df7ebf0f8a302123ec
S75960940,02-09-2024 00:00:00,838.22,02-09-2024 00:00:00,,2001,2650,20012207843065,27111001182650,566793732566,02-09-2024 00:00:00,6ecba96119fd6bbf2816abbe
S75960940,02-09-2024 00:00:00,954.87,02-09-2024 00:00:00,,2001,2650,20012207843065,27111001182650,069267090533,02-09-2024 00:00:00,ad94e6d1f1f0b08a5caf7ae8
S75960940,02-09-2024 00:00:00,40.95,02-09-2024 00:00:00,,2001,2650,20012207843065,27111001182650,446948237520,02-09-2024 00:00:00,7efcd30a4ebc5c60ecb3bacf
S75960940,02-09-2024 00:00:00,969.50,02-09-2024 00:00:00,,2001,2650,20012207843065,27111001182650,652143703633,02-09-2024 00:00:00,8f4f91ac51d05ea6fbde8bb3
S75960940,02-09-2024 00:00:00,673.65,02-09-2024 00:00:00,,2001,2650,20012207843065,27111001182650,595508932075,02-09-2024 00:00:00,a99cf4ce6e7da0e66d3e7eca
S75960940,02-09-2024 00:00:00,997.04,02-09-2024 00:00:00,,2001,2650,20012207843065,27111001182650,997950990831,02-09-2024 00:00:00,ddeca49afc11fe9a9f97b730
S75960940,02-09-2024 00:00:00,365.03,02-09-2024 00:00:00,,2001,2650,20012207843065,27111001182650,346207761511,02-09-2024 00:00:00,f4f3ccfc39d18bc0a5ff7c7d
S75960940,02-09-2024 00:00:00,525.69,02-09-2024 00:00:00,,2001,2650,20012207843065,27111001182650,647673961334,02-09-2024 00:00:00,a3a5e2ec1821d00e7fc1a2cc
S75960940,02-09-2024 00:00:00,129.22,02-09-2024 00:00:00,,2001,2650,20012207843065,27111001182650,262631406093,02-09-2024 00:00:00,d70df8ae5daafe401e76bff1
S75960940,02-09-2024 00:00:00,230.96,02-09-2024 00:00:00,,2001,2650,20012207843065,27111001182650,910148769247,02-09-2024 00:00:00,f1cdd5af8745eaf2e12ef966
S75960940,02-09-2024 00:00:00,360.22,02-09-2024 00:00:00,,2001,2650,20012207843065,27111001182650,866900118573,02-09-2024 00:00:00,a3e78ecd0b810fd176a3f46a
S75960940,02-09-2024 00:00:00,350.03,02-09-2024 00:00:00,,2001,2650,20012207843065,27111001182650,116011316539,02-09-2024 00:00:00,bebb5ada91599c3fbb9b8ee4
S75960940,02-09-2024 00:00:00,477.70,02-09-2024 00:00:00,,2001,2650,20012207843065,27111001182650,111065669455,02-09-2024 00:00:00,4de5a2c468bab9b7afcb23ec
S75960940,02-09-2024 00:00:00,687.72,02-09-2024 00:00:00,,2001,2650,20012207843065,27111001182650,993972343625,02-09-2024 00:00:00,d958c4b61edcce89cbe2cd78
S75960940,02-09-2024 00:00:00,948.53,02-09-2024 00:00:00,,2001,2650,20012207843065,27111001182650,967475036517,02-09-2024 00:00:00,c72484ab82552ce211c5cd3a
S75960940,02-09-2024 00:00:00,181.83,02-09-2024 00:00:00,,2001,2650,20012207843065,27111001182650,345588242342,02-09-2024 00:00:00,3fee2d51b34fd6fa12daeefb
S75960940,02-09-2024 00:00:00,166.85,02-09-2024 00:00:00,,2001,2650,20012207843065,27111001182650,217550610146,02-09-2024 00:00:00,0b2aa4c0790fe7e06813943a
S75960940,02-09-2024 00:00:00,369.26,02-09-2024 00:00:00,,2001,2650,20012207843065,27111001182650,007881460724,02-09-2024 00:00:00,615fb0cadeb74f87c22cf7c8
S75960940,02-09-2024 00:00:00,701.75,02-09-2024 00:00:00,,2001,2650,20012207843065,27111001182650,386886962073,02-09-2024 00:00:00,5dedeba30c9bdf9dfdd1e8fc
S75960940,02-09-2024 00:00:00,101.53,02-09-2024 00:00:00,,2001,2650,20012207843065,27111001182650,763725920448,02-09-2024 00:00:00,1fa102c65cafaff92c6e4f5d
S75960940,02-09-2024 00:00:00,455.15,02-09-2024 00:00:00,,2001,2650,20012207843065,27111001182650,720610143227,02-09-2024 00:00:00,9a25bde9d7be379f1d689c1e
S75960940,02-09-2024 00:00:00,226.64,02-09-2024 00:00:00,,2001,2650,20012207843065,27111001182650,432110624398,02-09-2024 00:00:00,3dcfbbdc5ebd30f8add0ea1e
S75960940,02-09-2024 00:00:00,163.66,02-09-2024 00:00:00,,2001,2650,20012207843065,27111001182650,632775467833,02-09-2024 00:00:00,8fbcfabdfc37ec57dbf4efd1
S75960940,02-09-2024 00:00:00,90.98,02-09-2024 00:00:00,,2001,2650,20012207843065,27111001182650,260242873544,02-09-2024 00:00:00,c2fcae86cefebf5d7c218c00
S75960940,02-09-2024 00:00:00,391.94,02-09-2024 00:00:00,,2001,2650,20012207843065,27111001182650,635861489270,02-09-2024 00:00:00,216bab3ae0ccefde85b6ab0d
S75960940,02-09-2024 00:00:00,541.93,02-09-2024 00:00:00,,2001,2650,20012207843065,27111001182650,188632021701,02-09-2024 00:00:00,b35be7c9934a5bfc162d6e84
S75960940,02-09-2024 00:00:00,660.94,02-09-2024 00:00:00,,2001,2650,20012207843065,27111001182650,688175988330,02-09-2024 00:00:00,9d3f8d468b2ce1ade78bdfba
S75960940,02-09-2024 00:00:00,173.77,02-09-2024 00:00:00,,2001,2650,20012207843065,27111001182650,083562927846,02-09-2024 00:00:00,7b07faf865a5550fce6ebbd4
S75960940,02-09-2024 00:00:00,376.44,02-09-2024 00:00:00,,2001,2650,20012207843065,27111001182650,485228292921,02-09-2024 00:00:00,548b4ca8e8779e69dcbec7d1
S75960940,02-09-2024 00:00:00,591.19,02-09-2024 00:00:00,,2001,2650,20012207843065,27111001182650,668365562174,02-09-2024 00:00:00,c8db0bbb9a5bc6d04aa1c1fd
S75960940,02-09-2024 00:00:00,481.31,02-09-2024 00:00:00,,2001,2650,20012207843065,27111001182650,986626229885,02-09-2024 00:00:00,b60ad5c97317c86760ba412c
S75960940,02-09-2024 00:00:00,632.31,02-09-2024 00:00:00,,2001,2650,20012207843065,27111001182650,412597848488,02-09-2024 00:00:00,cd7a6ea6fb62c91d7acd0df2
S75960940,02-09-2024 00:00:00,263.13,02-09-2024 00:00:00,,2001,2650,20012207843065,27111001182650,088521141835,02-09-2024 00:00:00,128fcefb65ecbc76ed18cfef
S75960940,02-09-2024 00:00:00,455.99,02-09-2024 00:00:00,,2001,2650,20012207843065,27111001182650,915652199985,02-09-2024 00:00:00,a9bcbfc6fe5632db650496cc
S75960940,02-09-2024 00:00:00,345.17,02-09-2024 00:00:00,,2001,2650,20012207843065,27111001182650,763316133541,02-09-2024 00:00:00,ea9fe5d614ffd1bfecfa7e78
S75960940,02-09-2024 00:00:00,292.49,02-09-2024 00:00:00,,2001,2650,20012207843065,27111001182650,323881027011,02-09-2024 00:00:00,0ab17f876ad3a5cd84b1c2b6
S75960940,02-09-2024 00:00:00,894.60,02-09-2024 00:00:00,,2001,2650,20012207843065,27111001182650,263903286567,02-09-2024 00:00:00,309e3ae1f9ffa5adfaacf67f
S75960940,02-09-2024 00:00:00,651.37,02-09-2024 00:00:00,,2001,2650,20012207843065,27111001182650,093110562901,02-09-2024 00:00:00,d7722f90c0dda9c2fd98bbff
S75960940,02-09-2024 00:00:00,121.80,02-09-2024 00:00:00,,2001,2650,20012207843065,27111001182650,961975966958,02-09-2024 00:00:00,e00cf1b0ecb82dadce5ea6c7
S75960940,02-09-2024 00:00:00,434.54,02-09-2024 00:00:00,,2001,2650,20012207843065,27111001182650,763343645762,02-09-2024 00:00:00,f8145fb4cb5e2bd9706ebb63
S75960940,02-09-2024 00:00:00,72.33,02-09-2024 00:00:00,,2001,2650,20012207843065,27111001182650,047367299046,02-09-2024 00:00:00,68aa1d8f9e7b933750e6b3cf
S75960940,02-09-2024 00:00:00,592.27,02-09-2024 00:00:00,,2001,2650,20012207843065,27111001182650,238225428428,02-09-2024 00:00:00,53322bca6bdb00e178cd0baf
S75960940,02-09-2024 00:00:00,574.66,02-09-2024 00:00:00,,2001,2650,20012207843065,27111001182650,072757925787,02-09-2024 00:00:00,d1de0fbf1f15579c38d4ed9c
S75960940,02-09-2024 00:00:00,65.73,02-09-2024 00:00:00,,2001,2650,20012207843065,27111001182650,419717862879,02-09-2024 00:00:00,a8da87bbddbc30e282dcf5bf
S75960940,02-09-2024 00:00:00,871.90,02-09-2024 00:00:00,,2001,2650,20012207843065,27111001182650,946883452687,02-09-2024 00:00:00,bccb10a8e05c08fbfbf37ab3
S75960940,02-09-2024 00:00:00,192.23,02-09-2024 00:00:00,,2001,2650,20012207843065,27111001182650,508191482168,02-09-2024 00:00:00,1a2ef78ab25910f52bd076de
S75960940,02-09-2024 00:00:00,680.35,02-09-2024 00:00:00,,2001,2650,20012207843065,27111001182650,261320013184,02-09-2024 00:00:00,da0d9ebe0f139e76e1cac8ec
S75960940,02-09-2024 00:00:00,359.54,02-09-2024 00:00:00,,2001,2650,20012207843065,27111001182650,522218733451,02-09-2024 00:00:00,3cc2dbe96b65ce4bcceee092
S75960940,02-09-2024 00:00:00,251.38,02-09-2024 00:00:00,,2001,2650,20012207843065,27111001182650,879704111295,02-09-2024 00:00:00,a1dd0fc9a47766584c14573b
S75960940,02-09-2024 00:00:00,671.79,02-09-2024 00:00:00,,2001,2650,20012207843065,27111001182650,658987836924,02-09-2024 00:00:00,6b6fb1fe7ca3c80fbfc83ae1
S75960940,02-09-2024 00:00:00,3.59,02-09-2024 00:00:00,,2001,2650,20012207843065,27111001182650,199159447685,02-09-2024 00:00:00,47dcee38cd583bbbdadd3eaa
S75960940,02-09-2024 00:00:00,352.70,02-09-2024 00:00:00,,2001,2650,20012207843065,27111001182650,195674995468,02-09-2024 00:00:00,acfb449e4a8b7ebf0e8d1e5b
S75960940,02-09-2024 00:00:00,359.51,02-09-2024 00:00:00,,2001,2650,20012207843065,27111001182650,898099108226,02-09-2024 00:00:00,fd75ece9cd6f9ecd3b5d1b24
S75960940,02-09-2024 00:00:00,74.38,02-09-2024 00:00:00,,2001,2650,20012207843065,27111001182650,151071326039,02-09-2024 00:00:00,a300ff6123dedfbfc7d76ef7
S75960940,02-09-2024 00:00:00,253.47,02-09-2024 00:00:00,,2001,2650,20012207843065,27111001182650,852378585286,02-09-2024 00:00:00,51f1ffe6f7ce6f857e89fd5c
S75960940,02-09-2024 00:00:00,400.48,02-09-2024 00:00:00,,2001,2650,20012207843065,27111001182650,179146855566,02-09-2024 00:00:00,dd428870798f380b5848dca5
S75960940,02-09-2024 00:00:00,381.55,02-09-2024 00:00:00,,2001,2650,20012207843065,27111001182650,602131463295,02-09-2024 00:00:00,bccc1aac23d7c0696be591bf
S75960940,02-09-2024 00:00:00,207.13,02-09-2024 00:00:00,,2001,2650,20012207843065,27111001182650,647531360580,02-09-2024 00:00:00,0efe4b52d5bf89cd943eadf7
S75960940,02-09-2024 00:00:00,201.25,02-09-2024 00:00:00,,2001,2650,20012207843065,27111001182650,185927080963,02-09-2024 00:00:00,ec04ba1e18f9ee0a079a9ad6
S75960940,02-09-2024 00:00:00,317.91,02-09-2024 00:00:00,,2001,2650,20012207843065,27111001182650,908408755444,02-09-2024 00:00:00,7dffcdf5d753eddcbfa86c28
S75960940,02-09-2024 00:00:00,181.47,02-09-2024 00:00:00,,2001,2650,20012207843065,27111001182650,639214086212,02-09-2024 00:00:00,ca743a1defacd2edae60b73f
S75960940,02-09-2024 00:00:00,583.40,02-09-2024 00:00:00,,2001,2650,20012207843065,27111001182650,057343384528,02-09-2024 00:00:00,1a1415c038e7f6aefee8022b
S75960940,02-09-2024 00:00:00,423.16,02-09-2024 00:00:00,,2001,2650,20012207843065,27111001182650,112920382427,02-09-2024 00:00:00,67a3ceeba707b35cef4df1ea
S75960940,02-09-2024 00:00:00,96.85,02-09-2024 00:00:00,,2001,2650,20012207843065,27111001182650,486827206960,02-09-2024 00:00:00,038fcecac9b72a2a0d739fcb
S75960940,02-09-2024 00:00:00,734.03,02-09-2024 00:00:00,,2001,2650,20012207843065,27111001182650,073005020808,02-09-2024 00:00:00,41db10523bc21f4d9e1dcea7
S75960940,02-09-2024 00:00:00,571.30,02-09-2024 00:00:00,,2001,2650,20012207843065,27111001182650,136261033756,02-09-2024 00:00:00,cb3d704ce6794c66ecaafbfd
S75960940,02-09-2024 00:00:00,590.25,02-09-2024 00:00:00,,2001,2650,20012207843065,27111001182650,392629600699,02-09-2024 00:00:00,d4281d50ff9bc3dcdfdd08c7
S75960940,02-09-2024 00:00:00,231.50,02-09-2024 00:00:00,,2001,2650,20012207843065,27111001182650,045155550123,02-09-2024 00:00:00,e4e60ceed9aecfbc7dad5e6b
S75960940,02-09-2024 00:00:00,653.59,02-09-2024 00:00:00,,2001,2650,20012207843065,27111001182650,339363226435,02-09-2024 00:00:00,2dfa5bb5c7a9af39d8aec4a3
S75960940,02-09-2024 00:00:00,878.95,02-09-2024 00:00:00,,2001,2650,20012207843065,27111001182650,577608822217,02-09-2024 00:00:00,a8ba7b53fb87b1cb323cc904
S75960940,02-09-2024 00:00:00,610.59,02-09-2024 00:00:00,,2001,2650,20012207843065,27111001182650,830139113115,02-09-2024 00:00:00,7e8ce6fecd2cf6fa5faafbd5
S75960940,02-09-2024 00:00:00,471.28,02-09-2024 00:00:00,,2001,2650,20012207843065,27111001182650,257625682752,02-09-2024 00:00:00,00ff4e09a9c6ea2877e6694c
S75960940,02-09-2024 00:00:00,598.43,02-09-2024 00:00:00,,2001,2650,20012207843065,27111001182650,147742121190,02-09-2024 00:00:00,38ed55a97fada37dd3c61e64
S75960940,02-09-2024 00:00:00,122.14,02-09-2024 00:00:00,,2001,2650,20012207843065,27111001182650,814950439868,02-09-2024 00:00:00,6248d38fccb5c45efb3618e6
S75960940,02-09-2024 00:00:00,68.48,02-09-2024 00:00:00,,2001,2650,20012207843065,27111001182650,526510499474,02-09-2024 00:00:00,e282abf7ba254cebda556fd1
S75960940,02-09-2024 00:00:00,28.90,02-09-2024 00:00:00,,2001,2650,20012207843065,27111001182650,363583556694,02-09-2024 00:00:00,65a80f942c701023b0af8a2e
S75960940,02-09-2024 00:00:00,902.91,02-09-2024 00:00:00,,2001,2650,20012207843065,27111001182650,445371842208,02-09-2024 00:00:00,dffdaa0bd06d0dc4fffaf07d
S75960940,02-09-2024 00:00:00,48.48,02-09-2024 00:00:00,,2001,2650,20012207843065,27111001182650,648005208746,02-09-2024 00:00:00,ba7ebe0ede6c467e5fde50ff
S75960940,02-09-2024 00:00:00,625.81,02-09-2024 00:00:00,,2001,2650,20012207843065,27111001182650,744638337603,02-09-2024 00:00:00,7cbebd730db4f99aa7f2eb6c
S75960940,02-09-2024 00:00:00,964.32,02-09-2024 00:00:00,,2001,2650,20012207843065,27111001182650,565167909282,02-09-2024 00:00:00,ef2c6c2d4db6e8710c8cba7d
S75960940,02-09-2024 00:00:00,808.32,02-09-2024 00:00:00,,2001,2650,20012207843065,27111001182650,468967595139,02-09-2024 00:00:00,a049b93d9a8bca5ac820674c
S75960940,02-09-2024 00:00:00,500.78,02-09-2024 00:00:00,,2001,2650,20012207843065,27111001182650,133342828895,02-09-2024 00:00:00,6c62e6ef5639c60f0eacfcf1
S75960940,02-09-2024 00:00:00,474.18,02-09-2024 00:00:00,,2001,2650,20012207843065,27111001182650,973287980815,02-09-2024 00:00:00,d5bfc4768ceff8bb97e0529b
S75960940,02-09-2024 00:00:00,73.38,02-09-2024 00:00:00,,2001,2650,20012207843065,27111001182650,195578570711,02-09-2024 00:00:00,d1c9efd290945bb78ce9f5b6
S75960940,02-09-2024 00:00:00,231.37,02-09-2024 00:00:00,,2001,2650,20012207843065,27111001182650,786845478068,02-09-2024 00:00:00,9eb4aaddb092b8e8be8724a8
S75960940,02-09-2024 00:00:00,284.87,02-09-2024 00:00:00,,2001,2650,20012207843065,27111001182650,532269829791,02-09-2024 00:00:00,bcb33aaf4dbcbb9e1e696ac8
S75960940,02-09-2024 00:00:00,732.41,02-09-2024 00:00:00,,2001,2650,20012207843065,27111001182650,003935081481,02-09-2024 00:00:00,3fc4cf250cd5aa2dae0a8af5
S75960940,02-09-2024 00:00:00,809.78,02-09-2024 00:00:00,,2001,2650,20012207843065,27111001182650,952547112858,02-09-2024 00:00:00,0c4437eef21ddd20f26abdba
S75960940,02-09-2024 00:00:00,146.25,02-09-2024 00:00:00,,2001,2650,20012207843065,27111001182650,667069187455,02-09-2024 00:00:00,8ccdef28ec7c1aba7d5ff2ec
S75960940,02-09-2024 00:00:00,572.44,02-09-2024 00:00:00,,2001,2650,20012207843065,27111001182650,203670618533,02-09-2024 00:00:00,37ebaee41eba7db5726dbdbb
S75960940,02-09-2024 00:00:00,995.07,02-09-2024 00:00:00,,2001,2650,20012207843065,27111001182650,644393408647,02-09-2024 00:00:00,9d6b7f150863db2fd9430962
S75960940,02-09-2024 00:00:00,722.72,02-09-2024 00:00:00,,2001,2650,20012207843065,27111001182650,059609866891,02-09-2024 00:00:00,871d6bcec0f1cb836637255a
S75960940,02-09-2024 00:00:00,387.30,02-09-2024 00:00:00,,2001,2650,20012207843065,27111001182650,386875472198,02-09-2024 00:00:00,c01bba6284ba9b99568460db
S75960940,02-09-2024 00:00:00,18.24,02-09-2024 00:00:00,,2001,2650,20012207843065,27111001182650,332393136342,02-09-2024 00:00:00,de86ec4b9fa4eb6cafacfe88
S75960940,02-09-2024 00:00:00,777.44,02-09-2024 00:00:00,,2001,2650,20012207843065,27111001182650,757984595250,02-09-2024 00:00:00,cba049ccd081addebe55beb9
S75960940,02-09-2024 00:00:00,28.43,02-09-2024 00:00:00,,2001,2650,20012207843065,27111001182650,712817955931,02-09-2024 00:00:00,8cdcbcf8270d9514babacedd
S75960940,02-09-2024 00:00:00,650.47,02-09-2024 00:00:00,,2001,2650,20012207843065,27111001182650,422042954776,02-09-2024 00:00:00,b5ca90548dd47b4bfcee0abe
S75960940,02-09-2024 00:00:00,977.33,02-09-2024 00:00:00,,2001,2650,20012207843065,27111001182650,366910976442,02-09-2024 00:00:00,cd9d4d0c70cbc5bdac6eadf5
S75960940,02-09-2024 00:00:00,931.99,02-09-2024 00:00:00,,2001,2650,20012207843065,27111001182650,363739233776,02-09-2024 00:00:00,02555bd13fd379e6e62f1fdc
S75960940,02-09-2024 00:00:00,808.67,02-09-2024 00:00:00,,2001,2650,20012207843065,27111001182650,386374210093,02-09-2024 00:00:00,05cdbe5ca9fd4f178f8de6ea
S75960940,02-09-2024 00:00:00,966.21,02-09-2024 00:00:00,,2001,2650,20012207843065,27111001182650,188619688181,02-09-2024 00:00:00,70106f5ffbb3bdc9eb53a9ee
S75960940,02-09-2024 00:00:00,671.69,02-09-2024 00:00:00,,2001,2650,20012207843065,27111001182650,275500177359,02-09-2024 00:00:00,c528da553fac3cf7f0f4e884
S75960940,02-09-2024 00:00:00,59.33,02-09-2024 00:00:00,,2001,2650,20012207843065,27111001182650,145484171418,02-09-2024 00:00:00,612999620adeeaee60aed8ed
S75960940,02-09-2024 00:00:00,981.86,02-09-2024 00:00:00,,2001,2650,20012207843065,27111001182650,092250647461,02-09-2024 00:00:00,9f3299f11d9b1d6ea8a7b89f
S75960940,02-09-2024 00:00:00,971.37,02-09-2024 00:00:00,,2001,2650,20012207843065,27111001182650,934794162865,02-09-2024 00:00:00,5b68df9f57e59134bd0d6afb
S75960940,02-09-2024 00:00:00,908.73,02-09-2024 00:00:00,,2001,2650,20012207843065,27111001182650,698439997057,02-09-2024 00:00:00,fd6d1dc7e43fb09d8f9e8d57
S75960940,02-09-2024 00:00:00,727.20,02-09-2024 00:00:00,,2001,2650,20012207843065,27111001182650,764983975635,02-09-2024 00:00:00,4dc3a1cc8d2afa889e2f0889
S75960940,02-09-2024 00:00:00,189.91,02-09-2024 00:00:00,,2001,2650,20012207843065,27111001182650,069859175633,02-09-2024 00:00:00,bfca0f8ef76dbeaf1e9cad3f
S75960940,02-09-2024 00:00:00,544.99,02-09-2024 00:00:00,,2001,2650,20012207843065,27111001182650,639948218420,02-09-2024 00:00:00,6cbac14eb94cc8bb9c82b409
S75960940,02-09-2024 00:00:00,286.46,02-09-2024 00:00:00,,2001,2650,20012207843065,27111001182650,957376137527,02-09-2024 00:00:00,2b4c9e2dfaeeb6bc9200f4ed
S75960940,02-09-2024 00:00:00,553.10,02-09-2024 00:00:00,,2001,2650,20012207843065,27111001182650,132883184612,02-09-2024 00:00:00,0bb72b8e005cfedbacd265b4
S75960940,02-09-2024 00:00:00,479.61,02-09-2024 00:00:00,,2001,2650,20012207843065,27111001182650,249911603082,02-09-2024 00:00:00,19b51c23dd9cbc61f8bae6e9
S75960940,02-09-2024 00:00:00,479.00,02-09-2024 00:00:00,,2001,2650,20012207843065,27111001182650,115408818182,02-09-2024 00:00:00,51e003ce34cd3cc0bbb0bcae
S75960940,02-09-2024 00:00:00,264.25,02-09-2024 00:00:00,,2001,2650,20012207843065,27111001182650,031702684401,02-09-2024 00:00:00,3cfa4edffee2fb6a3749baca
S75960940,02-09-2024 00:00:00,537.16,02-09-2024 00:00:00,,2001,2650,20012207843065,27111001182650,122035077718,02-09-2024 00:00:00,394eae90e079bafd1ee288fe
S75960940,02-09-2024 00:00:00,1.77,02-09-2024 00:00:00,,2001,2650,20012207843065,27111001182650,519346241680,02-09-2024 00:00:00,66ae7fa7cfca69363ddef3e9
S75960940,02-09-2024 00:00:00,991.99,02-09-2024 00:00:00,,2001,2650,20012207843065,27111001182650,338308201042,02-09-2024 00:00:00,f7f45fbfcbbdf2c26fdcf40d
S75960940,02-09-2024 00:00:00,750.98,02-09-2024 00:00:00,,2001,2650,20012207843065,27111001182650,058633495600,02-09-2024 00:00:00,082cdd225d1c57cce2fe5ec5
S75960940,02-09-2024 00:00:00,488.65,02-09-2024 00:00:00,,2001,2650,20012207843065,27111001182650,021673081636,02-09-2024 00:00:00,3d1bd43bfc6c49c5d98c054c
S75960940,02-09-2024 00:00:00,328.07,02-09-2024 00:00:00,,2001,2650,20012207843065,27111001182650,858688660536,02-09-2024 00:00:00,b52badd78d0eae1a9cfdebea
S75960940,02-09-2024 00:00:00,872.71,02-09-2024 00:00:00,,2001,2650,20012207843065,27111001182650,419325994103,02-09-2024 00:00:00,dfaa70bffffe692fec6c3d1d
S75960940,02-09-2024 00:00:00,13.49,02-09-2024 00:00:00,,2001,2650,20012207843065,27111001182650,652229180909,02-09-2024 00:00:00,aef826f1bcb8d3d04c0dddf2
S75960940,02-09-2024 00:00:00,921.14,02-09-2024 00:00:00,,2001,2650,20012207843065,27111001182650,160432788364,02-09-2024 00:00:00,f69b3a3e7cec9fbdc50ceee7
S75960940,02-09-2024 00:00:00,93.86,02-09-2024 00:00:00,,2001,2650,20012207843065,27111001182650,184326649921,02-09-2024 00:00:00,58f23c91c0a26b68f1ea4ad7
S75960940,02-09-2024 00:00:00,796.87,02-09-2024 00:00:00,,2001,2650,20012207843065,27111001182650,014706306426,02-09-2024 00:00:00,ec2a8a3501ecf87292d3a1d1
S75960940,02-09-2024 00:00:00,822.25,02-09-2024 00:00:00,,2001,2650,20012207843065,27111001182650,085367107507,02-09-2024 00:00:00,19a3c6fdbfcbebe6404be3fe
S75960940,02-09-2024 00:00:00,941.63,02-09-2024 00:00:00,,2001,2650,20012207843065,27111001182650,564023972592,02-09-2024 00:00:00,adffeaac8fa5f59bea93df0c
S75960940,02-09-2024 00:00:00,496.16,02-09-2024 00:00:00,,2001,2650,20012207843065,27111001182650,951687001282,02-09-2024 00:00:00,de212c4fc08b85fa5dc44c09
S75960940,02-09-2024 00:00:00,112.71,02-09-2024 00:00:00,,2001,2650,20012207843065,27111001182650,052692681892,02-09-2024 00:00:00,fa9d70d1b7090be7bab96f7d
S75960940,02-09-2024 00:00:00,919.43,02-09-2024 00:00:00,,2001,2650,20012207843065,27111001182650,772428006427,02-09-2024 00:00:00,be4d3b3564ce2813bc5d55bf
S75960940,02-09-2024 00:00:00,830.28,02-09-2024 00:00:00,,2001,2650,20012207843065,27111001182650,017028993006,02-09-2024 00:00:00,2bf74bfabf7e1e269e8b1c72
S75960940,02-09-2024 00:00:00,820.18,02-09-2024 00:00:00,,2001,2650,20012207843065,27111001182650,441822332731,02-09-2024 00:00:00,b89f6d6f533fbd4f6bbfc4ec
S75960940,02-09-2024 00:00:00,440.83,02-09-2024 00:00:00,,2001,2650,20012207843065,27111001182650,459148910602,02-09-2024 00:00:00,988abd28ccb10aad242bce48
S75960940,02-09-2024 00:00:00,94.46,02-09-2024 00:00:00,,2001,2650,20012207843065,27111001182650,936561282042,02-09-2024 00:00:00,8d2041f653c6a9acc59a75cd
S75960940,02-09-2024 00:00:00,984.31,02-09-2024 00:00:00,,2001,2650,20012207843065,27111001182650,913397679540,02-09-2024 00:00:00,b65336cd6403f93556253df1
S75960940,02-09-2024 00:00:00,268.76,02-09-2024 00:00:00,,2001,2650,20012207843065,27111001182650,839882888129,02-09-2024 00:00:00,68c5b3eb473df1a98723a05d
S75960940,02-09-2024 00:00:00,156.59,02-09-2024 00:00:00,,2001,2650,20012207843065,27111001182650,467649730954,02-09-2024 00:00:00,8fe65d218da94cbecce8efdf
S75960940,02-09-2024 00:00:00,924.27,02-09-2024 00:00:00,,2001,2650,20012207843065,27111001182650,726836051307,02-09-2024 00:00:00,a11bc8ecc9c0b916da1cce2c
S75960940,02-09-2024 00:00:00,441.11,02-09-2024 00:00:00,,2001,2650,20012207843065,27111001182650,845681800077,02-09-2024 00:00:00,c7bd5e80af1c83bddd53f452
S75960940,02-09-2024 00:00:00,947.70,02-09-2024 00:00:00,,2001,2650,20012207843065,27111001182650,662226716665,02-09-2024 00:00:00,ac30dcdbdf8dd4ccbdaec9cb
S75960940,02-09-2024 00:00:00,354.06,02-09-2024 00:00:00,,2001,2650,20012207843065,27111001182650,613621869883,02-09-2024 00:00:00,ecabca771cc7a7ec8a6aaa0a
S75960940,02-09-2024 00:00:00,354.85,02-09-2024 00:00:00,,2001,2650,20012207843065,27111001182650,422465296872,02-09-2024 00:00:00,56c6800f5886d77f56e451e6
S75960940,02-09-2024 00:00:00,899.69,02-09-2024 00:00:00,,2001,2650,20012207843065,27111001182650,951435949797,02-09-2024 00:00:00,ca5a92afa3e9d7b16ceeafda
S75960940,02-09-2024 00:00:00,185.80,02-09-2024 00:00:00,,2001,2650,20012207843065,27111001182650,679697160204,02-09-2024 00:00:00,bc5ddf9cdbcbe7b17efd7f1a
S75960940,02-09-2024 00:00:00,479.57,02-09-2024 00:00:00,,2001,2650,20012207843065,27111001182650,810756225302,02-09-2024 00:00:00,07d5aacf26c3a792bb86ca0d
S75960940,02-09-2024 00:00:00,139.71,02-09-2024 00:00:00,,2001,2650,20012207843065,27111001182650,795480645052,02-09-2024 00:00:00,ccdd2f5dc3cd6bdd7afc4d6a
S75960940,02-09-2024 00:00:00,311.58,02-09-2024 00:00:00,,2001,2650,20012207843065,27111001182650,623470292755,02-09-2024 00:00:00,fef3b73bb14d69fb49ecb3e1
S75960940,02-09-2024 00:00:00,357.18,02-09-2024 00:00:00,,2001,2650,20012207843065,27111001182650,464996290351,02-09-2024 00:00:00,247bfa2cfe88db257f63a4b7
S75960940,02-09-2024 00:00:00,354.02,02-09-2024 00:00:00,,2001,2650,20012207843065,27111001182650,764196127826,02-09-2024 00:00:00,bbfd1bd9fe91fec23b4a50ff
S75960940,02-09-2024 00:00:00,144.77,02-09-2024 00:00:00,,2001,2650,20012207843065,27111001182650,323376019439,02-09-2024 00:00:00,cb19ecdd9f75d6dbf648cf3e
S75960940,02-09-2024 00:00:00,743.00,02-09-2024 00:00:00,,2001,2650,20012207843065,27111001182650,816293481477,02-09-2024 00:00:00,b0cbb6ccab0aad86d2c93fba
S75960940,02-09-2024 00:00:00,887.31,02-09-2024 00:00:00,,2001,2650,20012207843065,27111001182650,953725219177,02-09-2024 00:00:00,68bcae859b455d8fbe9d0a6b
S75960940,02-09-2024 00:00:00,260.23,02-09-2024 00:00:00,,2001,2650,20012207843065,27111001182650,076050253156,02-09-2024 00:00:00,1adbf5fe4eabda3ce7ba7a2f
S75960940,02-09-2024 00:00:00,565.68,02-09-2024 00:00:00,,2001,2650,20012207843065,27111001182650,100435810436,02-09-2024 00:00:00,aeabebbd6aacb2af77abbe83
S75960940,02-09-2024 00:00:00,77.93,02-09-2024 00:00:00,,2001,2650,20012207843065,27111001182650,339040958947,02-09-2024 00:00:00,ae0f714b959ebe66c7f48fc2
S75960940,02-09-2024 00:00:00,283.67,02-09-2024 00:00:00,,2001,2650,20012207843065,27111001182650,622641831545,02-09-2024 00:00:00,18edf8aac6a11e14b6546f4d
S75960940,02-09-2024 00:00:00,20.82,02-09-2024 00:00:00,,2001,2650,20012207843065,27111001182650,965555097977,02-09-2024 00:00:00,ad0aa093e02a8b687108dc56
S75960940,02-09-2024 00:00:00,382.40,02-09-2024 00:00:00,,2001,2650,20012207843065,27111001182650,859406063670,02-09-2024 00:00:00,f7d0f88b46b98bcaac3efa0a
S75960940,02-09-2024 00:00:00,462.07,02-09-2024 00:00:00,,2001,2650,20012207843065,27111001182650,926691088077,02-09-2024 00:00:00,fdc60ab636deeaaa5efae633
S75960940,02-09-2024 00:00:00,557.69,02-09-2024 00:00:00,,2001,2650,20012207843065,27111001182650,822264853793,02-09-2024 00:00:00,7e592aa18abf17ec6aff35fd
S75960940,02-09-2024 00:00:00,229.29,02-09-2024 00:00:00,,2001,2650,20012207843065,27111001182650,665347473061,02-09-2024 00:00:00,cc8d24d1efab7de22e91cb03
S75960940,02-09-2024 00:00:00,820.10,02-09-2024 00:00:00,,2001,2650,20012207843065,27111001182650,671367532751,02-09-2024 00:00:00,ce5b9c5c3dda07ca5c0be04e
S75960940,02-09-2024 00:00:00,665.17,02-09-2024 00:00:00,,2001,2650,20012207843065,27111001182650,101341039038,02-09-2024 00:00:00,b9aedac7faa1d0cbdd4dddd1
S75960940,02-09-2024 00:00:00,29.66,02-09-2024 00:00:00,,2001,2650,20012207843065,27111001182650,322893386575,02-09-2024 00:00:00,8fb14a9d88128fe0eaf4ea0f
S75960940,02-09-2024 00:00:00,124.83,02-09-2024 00:00:00,,2001,2650,20012207843065,27111001182650,126618826548,02-09-2024 00:00:00,352f220eacc8dc55d697aae8
S75960940,02-09-2024 00:00:00,874.79,02-09-2024 00:00:00,,2001,2650,20012207843065,27111001182650,837414354184,02-09-2024 00:00:00,6f5bc70a76baff91a7dafabc
S75960940,02-09-2024 00:00:00,264.03,02-09-2024 00:00:00,,2001,2650,20012207843065,27111001182650,023273336056,02-09-2024 00:00:00,9d490563c955b6b2934e0ecd
S75960940,02-09-2024 00:00:00,208.94,02-09-2024 00:00:00,,2001,2650,20012207843065,27111001182650,749172614151,02-09-2024 00:00:00,25ce0dbd4aebbb09cc94d0cd
S75960940,02-09-2024 00:00:00,95.33,02-09-2024 00:00:00,,2001,2650,20012207843065,27111001182650,200914143793,02-09-2024 00:00:00,fdcc3fd77f1f4e2eb3b1bc38
S75960940,02-09-2024 00:00:00,397.23,02-09-2024 00:00:00,,2001,2650,20012207843065,27111001182650,497200186265,02-09-2024 00:00:00,92883c6735d4cc7c2ba198de
S75960940,02-09-2024 00:00:00,165.09,02-09-2024 00:00:00,,2001,2650,20012207843065,27111001182650,302183419544,02-09-2024 00:00:00,a00b2a0a2ddffd3db82a7eae
S75960940,02-09-2024 00:00:00,731.03,02-09-2024 00:00:00,,2001,2650,20012207843065,27111001182650,639425936765,02-09-2024 00:00:00,8cd0fe2dd2e2ed88e10aecfc
S75960940,02-09-2024 00:00:00,40.51,02-09-2024 00:00:00,,2001,2650,20012207843065,27111001182650,891659051974,02-09-2024 00:00:00,d283e06baf0b2ed949a5defb
S75960940,02-09-2024 00:00:00,61.45,02-09-2024 00:00:00,,2001,2650,20012207843065,27111001182650,099335183314,02-09-2024 00:00:00,1f848ab56df509fdaefea6c7
S75960940,02-09-2024 00:00:00,606.83,02-09-2024 00:00:00,,2001,2650,20012207843065,27111001182650,297725757106,02-09-2024 00:00:00,cbc7dcdce7da8eff7bff9fd2
S75960940,02-09-2024 00:00:00,770.25,02-09-2024 00:00:00,,2001,2650,20012207843065,27111001182650,781830595040,02-09-2024 00:00:00,c5ba3ca8c79efd6259caa0fe
S75960940,02-09-2024 00:00:00,407.54,02-09-2024 00:00:00,,2001,2650,20012207843065,27111001182650,128533594942,02-09-2024 00:00:00,59fadfdf37a220a1dbf3eabb
S75960940,02-09-2024 00:00:00,448.83,02-09-2024 00:00:00,,2001,2650,20012207843065,27111001182650,443162908999,02-09-2024 00:00:00,bedd2b759deadbafb47f30a1
S75960940,02-09-2024 00:00:00,498.50,02-09-2024 00:00:00,,2001,2650,20012207843065,27111001182650,653888374422,02-09-2024 00:00:00,28e330ddcae19da03cd5a04c
S75960940,02-09-2024 00:00:00,441.96,02-09-2024 00:00:00,,2001,2650,20012207843065,27111001182650,957312900246,02-09-2024 00:00:00,d578cfeada2d020faa6dbf39
S75960940,02-09-2024 00:00:00,205.60,02-09-2024 00:00:00,,2001,2650,20012207843065,27111001182650,894197893098,02-09-2024 00:00:00,98207d84a8d0eddad96939cf
S75960940,02-09-2024 00:00:00,114.61,02-09-2024 00:00:00,,2001,2650,20012207843065,27111001182650,182215967629,02-09-2024 00:00:00,0c9f8b4c8cabfcde42a624d7
S75960940,02-09-2024 00:00:00,401.59,02-09-2024 00:00:00,,2001,2650,20012207843065,27111001182650,040562244721,02-09-2024 00:00:00,37e2a2e347c6c2fdad96ab8f
S75960940,02-09-2024 00:00:00,449.17,02-09-2024 00:00:00,,2001,2650,20012207843065,27111001182650,606944753535,02-09-2024 00:00:00,acbea3fba06dcd54eaafb891
S75960940,02-09-2024 00:00:00,186.43,02-09-2024 00:00:00,,2001,2650,20012207843065,27111001182650,974273585779,02-09-2024 00:00:00,ad16da96bb10d0ce5dd925d4
S75960940,02-09-2024 00:00:00,957.49,02-09-2024 00:00:00,,2001,2650,20012207843065,27111001182650,809161224624,02-09-2024 00:00:00,c5adb8177f4c24abced86a13
S75960940,02-09-2024 00:00:00,292.35,02-09-2024 00:00:00,,2001,2650,20012207843065,27111001182650,347442288440,02-09-2024 00:00:00,b789698ab82e3cf35acb6e48
S75960940,02-09-2024 00:00:00,250.83,02-09-2024 00:00:00,,2001,2650,20012207843065,27111001182650,119311614747,02-09-2024 00:00:00,04b19eeefdeee43d1955f87e
S75960940,02-09-2024 00:00:00,752.07,02-09-2024 00:00:00,,2001,2650,20012207843065,27111001182650,384019152365,02-09-2024 00:00:00,a3dcce8ed2fcfbaf1b42c1b3
S75960940,02-09-2024 00:00:00,926.67,02-09-2024 00:00:00,,2001,2650,20012207843065,27111001182650,369855216337,02-09-2024 00:00:00,eea8694d7b6fbba46caafe2b
S75960940,02-09-2024 00:00:00,996.79,02-09-2024 00:00:00,,2001,2650,20012207843065,27111001182650,401861035240,02-09-2024 00:00:00,d4efefdceaef33c50aedfc6b
S75960940,02-09-2024 00:00:00,262.83,02-09-2024 00:00:00,,2001,2650,20012207843065,27111001182650,061161990463,02-09-2024 00:00:00,d31a50bfd4db9faa91dd8948
S75960940,02-09-2024 00:00:00,16.21,02-09-2024 00:00:00,,2001,2650,20012207843065,27111001182650,323151363537,02-09-2024 00:00:00,ecdac9e4828fc51dcc5ebbcc
S75960940,02-09-2024 00:00:00,65.76,02-09-2024 00:00:00,,2001,2650,20012207843065,27111001182650,900431091763,02-09-2024 00:00:00,f1e5e01bbc7f05909c751f61
S75960940,02-09-2024 00:00:00,120.71,02-09-2024 00:00:00,,2001,2650,20012207843065,27111001182650,223209827891,02-09-2024 00:00:00,e4ecefc2a3ebefae2bf3bd60
S75960940,02-09-2024 00:00:00,342.42,02-09-2024 00:00:00,,2001,2650,20012207843065,27111001182650,622178825867,02-09-2024 00:00:00,fc7f252bd7a4e75e0ecaff6f
S75960940,02-09-2024 00:00:00,598.66,02-09-2024 00:00:00,,2001,2650,20012207843065,27111001182650,960543278122,02-09-2024 00:00:00,b934472e7ceedbc313b059c7
S75960940,02-09-2024 00:00:00,185.57,02-09-2024 00:00:00,,2001,2650,20012207843065,27111001182650,889793585469,02-09-2024 00:00:00,bcce7ef4dca06fe8e99f4ddb
S75960940,02-09-2024 00:00:00,112.23,02-09-2024 00:00:00,,2001,2650,20012207843065,27111001182650,366595867344,02-09-2024 00:00:00,8fe9a3755cda7edeba5ccaa9
S75960940,02-09-2024 00:00:00,12.09,02-09-2024 00:00:00,,2001,2650,20012207843065,27111001182650,092945017137,02-09-2024 00:00:00,fc4d7cea2e03ef63bcedd4ff
S75960940,02-09-2024 00:00:00,559.94,02-09-2024 00:00:00,,2001,2650,20012207843065,27111001182650,856041833320,02-09-2024 00:00:00,3bdcce8a28cc238bb3bab48d
S75960940,02-09-2024 00:00:00,692.50,02-09-2024 00:00:00,,2001,2650,20012207843065,27111001182650,567266551388,02-09-2024 00:00:00,f30383e3d8b7cdb4b99b9bd7
S75960940,02-09-2024 00:00:00,893.93,02-09-2024 00:00:00,,2001,2650,20012207843065,27111001182650,187113771569,02-09-2024 00:00:00,bf7fe3dbf115d2bdd4d27396
S75960940,02-09-2024 00:00:00,104.30,02-09-2024 00:00:00,,2001,2650,20012207843065,27111001182650,029035238469,02-09-2024 00:00:00,ddde7fc9ceeae1d7aeacf4bc
S75960940,02-09-2024 00:00:00,187.93,02-09-2024 00:00:00,,2001,2650,20012207843065,27111001182650,175015992112,02-09-2024 00:00:00,6c54eb49aa3eb2ba7dbae6da
S75960940,02-09-2024 00:00:00,46.72,02-09-2024 00:00:00,,2001,2650,20012207843065,27111001182650,061911825688,02-09-2024 00:00:00,27d3ad4ceb9fedfe721ec7e8
S75960940,02-09-2024 00:00:00,447.23,02-09-2024 00:00:00,,2001,2650,20012207843065,27111001182650,242803889814,02-09-2024 00:00:00,3ef04fcdaf71a1a53a7cc2bb
S75960940,02-09-2024 00:00:00,407.54,02-09-2024 00:00:00,,2001,2650,20012207843065,27111001182650,829964642992,02-09-2024 00:00:00,420bf2dfcdfb6bac9bfcfc16
S75960940,02-09-2024 00:00:00,356.26,02-09-2024 00:00:00,,2001,2650,20012207843065,27111001182650,961193305046,02-09-2024 00:00:00,27045f5eb74c1e9f64f0b5ad
S75960940,02-09-2024 00:00:00,256.74,02-09-2024 00:00:00,,2001,2650,20012207843065,27111001182650,154936922724,02-09-2024 00:00:00,ec5a15cfb58edfbb193e46ec
S75960940,02-09-2024 00:00:00,774.23,02-09-2024 00:00:00,,2001,2650,20012207843065,27111001182650,643535031300,02-09-2024 00:00:00,5ee96e1d1b96e903041feb0e
S75960940,02-09-2024 00:00:00,107.65,02-09-2024 00:00:00,,2001,2650,20012207843065,27111001182650,774892126997,02-09-2024 00:00:00,e024cd73035b00dcff74eefc
S75960940,02-09-2024 00:00:00,178.77,02-09-2024 00:00:00,,2001,2650,20012207843065,27111001182650,262208201972,02-09-2024 00:00:00,8deaaeaed489dc9cbfd5b035
S75960940,02-09-2024 00:00:00,862.73,02-09-2024 00:00:00,,2001,2650,20012207843065,27111001182650,476056581156,02-09-2024 00:00:00,d0d5c11a5bdb7bcc28c049c4
S75960940,02-09-2024 00:00:00,528.41,02-09-2024 00:00:00,,2001,2650,20012207843065,27111001182650,136703340275,02-09-2024 00:00:00,12290dfdb0dfc6b3aeebb8e4
S75960940,02-09-2024 00:00:00,975.09,02-09-2024 00:00:00,,2001,2650,20012207843065,27111001182650,074605644104,02-09-2024 00:00:00,ee5bfc2a003a20fc977ed5bc
S75960940,02-09-2024 00:00:00,32.43,02-09-2024 00:00:00,,2001,2650,20012207843065,27111001182650,510506884571,02-09-2024 00:00:00,1a5176eed1169edf363ddeb0
S75960940,02-09-2024 00:00:00,117.24,02-09-2024 00:00:00,,2001,2650,20012207843065,27111001182650,161268750381,02-09-2024 00:00:00,6bface7cbb07020ba58eaaa9
S75960940,02-09-2024 00:00:00,851.15,02-09-2024 00:00:00,,2001,2650,20012207843065,27111001182650,583466111191,02-09-2024 00:00:00,059eedaced5dd1cf9e8fc205
S75960940,02-09-2024 00:00:00,855.47,02-09-2024 00:00:00,,2001,2650,20012207843065,27111001182650,796828845243,02-09-2024 00:00:00,98a00e13ffbff0c93bd9ebfd
S75960940,02-09-2024 00:00:00,406.98,02-09-2024 00:00:00,,2001,2650,20012207843065,27111001182650,739745146426,02-09-2024 00:00:00,bcf91d4ccfbbf657b967ef5c
S75960940,02-09-2024 00:00:00,881.03,02-09-2024 00:00:00,,2001,2650,20012207843065,27111001182650,641023771090,02-09-2024 00:00:00,b4e70b4f5fedf5a798c37c22
S75960940,02-09-2024 00:00:00,926.94,02-09-2024 00:00:00,,2001,2650,20012207843065,27111001182650,291072481691,02-09-2024 00:00:00,a0dabf7abeacd5ae3991fd31
S75960940,02-09-2024 00:00:00,39.24,02-09-2024 00:00:00,,2001,2650,20012207843065,27111001182650,822140760625,02-09-2024 00:00:00,a79df93e1fc0c6f80cd0fd02
S75960940,02-09-2024 00:00:00,599.69,02-09-2024 00:00:00,,2001,2650,20012207843065,27111001182650,119560957173,02-09-2024 00:00:00,0620d3dfef5dd177d2bee5be
S75960940,02-09-2024 00:00:00,808.89,02-09-2024 00:00:00,,2001,2650,20012207843065,27111001182650,483830660491,02-09-2024 00:00:00,ffdbc526b88ff883ccb5ec9d
S75960940,02-09-2024 00:00:00,173.19,02-09-2024 00:00:00,,2001,2650,20012207843065,27111001182650,510635711012,02-09-2024 00:00:00,5657ebd9fe60160024f1ca35
S75960940,02-09-2024 00:00:00,155.18,02-09-2024 00:00:00,,2001,2650,20012207843065,27111001182650,221876352041,02-09-2024 00:00:00,a8fadc6f0e7ce43cebdf3fc2
S75960940,02-09-2024 00:00:00,949.39,02-09-2024 00:00:00,,2001,2650,20012207843065,27111001182650,803984138969,02-09-2024 00:00:00,429e316dafa1b6ccbe5948d4
S75960940,02-09-2024 00:00:00,882.41,02-09-2024 00:00:00,,2001,2650,20012207843065,27111001182650,684065410010,02-09-2024 00:00:00,bdaae8bbfc35634167fbadfe
S75960940,02-09-2024 00:00:00,464.13,02-09-2024 00:00:00,,2001,2650,20012207843065,27111001182650,705142858477,02-09-2024 00:00:00,ec52bbeefae2afb87337ae1b
S75960940,02-09-2024 00:00:00,43.70,02-09-2024 00:00:00,,2001,2650,20012207843065,27111001182650,031238338564,02-09-2024 00:00:00,98baa37fa4c3accdaabc5f29
S75960940,02-09-2024 00:00:00,469.39,02-09-2024 00:00:00,,2001,2650,20012207843065,27111001182650,510751756375,02-09-2024 00:00:00,d20ac6d981b4c66e647bd6e7
S75960940,02-09-2024 00:00:00,986.45,02-09-2024 00:00:00,,2001,2650,20012207843065,27111001182650,767412713482,02-09-2024 00:00:00,0ed51c361ce0f6cdb6a257f7
S75960940,02-09-2024 00:00:00,568.68,02-09-2024 00:00:00,,2001,2650,20012207843065,27111001182650,243891930000,02-09-2024 00:00:00,dc6a2c79aea4502b7f8c56db
S75960940,02-09-2024 00:00:00,627.09,02-09-2024 00:00:00,,2001,2650,20012207843065,27111001182650,916082491389,02-09-2024 00:00:00,c00f1c7d7143c4c308fac36c
S75960940,02-09-2024 00:00:00,374.21,02-09-2024 00:00:00,,2001,2650,20012207843065,27111001182650,658131411793,02-09-2024 00:00:00,f7c6fdf1ebdef3bddec7051d
S75960940,02-09-2024 00:00:00,956.12,02-09-2024 00:00:00,,2001,2650,20012207843065,27111001182650,337838587999,02-09-2024 00:00:00,0e3a36c8051d083d38fff8ef
S75960940,02-09-2024 00:00:00,758.11,02-09-2024 00:00:00,,2001,2650,20012207843065,27111001182650,866294725461,02-09-2024 00:00:00,ccdbd2e8aaabf95eccfe27d9
S75960940,02-09-2024 00:00:00,894.06,02-09-2024 00:00:00,,2001,2650,20012207843065,27111001182650,135801860777,02-09-2024 00:00:00,8aa07fc995fcbec1fd2313b9
S75960940,02-09-2024 00:00:00,934.00,02-09-2024 00:00:00,,2001,2650,20012207843065,27111001182650,922121347700,02-09-2024 00:00:00,ac15d8e94f6dde640caa6b3c
S75960940,02-09-2024 00:00:00,947.82,02-09-2024 00:00:00,,2001,2650,20012207843065,27111001182650,652249144792,02-09-2024 00:00:00,c9c4da7ba8d4d4cf6bbbdd7e
S75960940,02-09-2024 00:00:00,92.02,02-09-2024 00:00:00,,2001,2650,20012207843065,27111001182650,763633437622,02-09-2024 00:00:00,3df8d4fda0158b35ef9eeaca
S75960940,02-09-2024 00:00:00,505.62,02-09-2024 00:00:00,,2001,2650,20012207843065,27111001182650,636999023471,02-09-2024 00:00:00,0eaf3dc8de9fafb9dc3ebf9a
S75960940,02-09-2024 00:00:00,262.31,02-09-2024 00:00:00,,2001,2650,20012207843065,27111001182650,152733856117,02-09-2024 00:00:00,ad35172fd79b722b5e996175
S75960940,02-09-2024 00:00:00,533.40,02-09-2024 00:00:00,,2001,2650,20012207843065,27111001182650,525952902565,02-09-2024 00:00:00,9eaa1c05be40bfe71dc75dbe
S75960940,02-09-2024 00:00:00,250.70,02-09-2024 00:00:00,,2001,2650,20012207843065,27111001182650,344913605417,02-09-2024 00:00:00,d7beadfea0f03ed99a8cefc3
S75960940,02-09-2024 00:00:00,888.87,02-09-2024 00:00:00,,2001,2650,20012207843065,27111001182650,460093734537,02-09-2024 00:00:00,ad38b0accf5aab619cfedd4b
S75960940,02-09-2024 00:00:00,431.87,02-09-2024 00:00:00,,2001,2650,20012207843065,27111001182650,177711442132,02-09-2024 00:00:00,3bab5d099c8e131d71ed4c2d
S75960940,02-09-2024 00:00:00,838.01,02-09-2024 00:00:00,,2001,2650,20012207843065,27111001182650,550613106693,02-09-2024 00:00:00,5717f4e6f6482cfcbad21a4a
S75960940,02-09-2024 00:00:00,653.53,02-09-2024 00:00:00,,2001,2650,20012207843065,27111001182650,299806348780,02-09-2024 00:00:00,2900cdbf0dc1b37cd10dd4ef
S75960940,02-09-2024 00:00:00,766.28,02-09-2024 00:00:00,,2001,2650,20012207843065,27111001182650,269374934919,02-09-2024 00:00:00,82b7b131f0384664ff29de1c
S75960940,02-09-2024 00:00:00,805.87,02-09-2024 00:00:00,,2001,2650,20012207843065,27111001182650,048045312090,02-09-2024 00:00:00,dcddafa2a162ca02fbbdf4fe
S75960940,02-09-2024 00:00:00,573.58,02-09-2024 00:00:00,,2001,2650,20012207843065,27111001182650,948172246510,02-09-2024 00:00:00,75d8f3b47dc0fedf6939ec0c
S75960940,02-09-2024 00:00:00,394.00,02-09-2024 00:00:00,,2001,2650,20012207843065,27111001182650,293411699260,02-09-2024 00:00:00,d93c9a24ecb900c557d1f46b
S75960940,02-09-2024 00:00:00,320.39,02-09-2024 00:00:00,,2001,2650,20012207843065,27111001182650,033839965810,02-09-2024 00:00:00,dc82a4cd186fab4cb6aae3df
S75960940,02-09-2024 00:00:00,856.02,02-09-2024 00:00:00,,2001,2650,20012207843065,27111001182650,848166395417,02-09-2024 00:00:00,9b1d0db720043053fcdb4e06
S75960940,02-09-2024 00:00:00,885.78,02-09-2024 00:00:00,,2001,2650,20012207843065,27111001182650,277923133978,02-09-2024 00:00:00,094d3fa66f825328cd984bea
S75960940,02-09-2024 00:00:00,235.58,02-09-2024 00:00:00,,2001,2650,20012207843065,27111001182650,970006914603,02-09-2024 00:00:00,3cc70d0f4efb86091f0fb66f
S75960940,02-09-2024 00:00:00,390.81,02-09-2024 00:00:00,,2001,2650,20012207843065,27111001182650,546449370754,02-09-2024 00:00:00,4b9794ebecbfdb83edaaeb0e
S75960940,02-09-2024 00:00:00,130.57,02-09-2024 00:00:00,,2001,2650,20012207843065,27111001182650,419535292348,02-09-2024 00:00:00,8ab9bb435cc8fe365357d2b7
S75960940,02-09-2024 00:00:00,384.08,02-09-2024 00:00:00,,2001,2650,20012207843065,27111001182650,095861482477,02-09-2024 00:00:00,bec6ca8b944b3d1e6f9cff64
S75960940,02-09-2024 00:00:00,560.60,02-09-2024 00:00:00,,2001,2650,20012207843065,27111001182650,451027257945,02-09-2024 00:00:00,bffcbb89dcb3feb1c8f8b11c
S75960940,02-09-2024 00:00:00,53.18,02-09-2024 00:00:00,,2001,2650,20012207843065,27111001182650,956816459172,02-09-2024 00:00:00,882fecd017107fa4cbc873d5
S75960940,02-09-2024 00:00:00,289.17,02-09-2024 00:00:00,,2001,2650,20012207843065,27111001182650,250415895688,02-09-2024 00:00:00,ffcaf20a2eaeb380f54ff8c5
S75960940,02-09-2024 00:00:00,655.14,02-09-2024 00:00:00,,2001,2650,20012207843065,27111001182650,122911432056,02-09-2024 00:00:00,84092e2d0cca7ef07314c53d
S75960940,02-09-2024 00:00:00,270.82,02-09-2024 00:00:00,,2001,2650,20012207843065,27111001182650,612499028676,02-09-2024 00:00:00,1e404ac1b8cc3f0225bcc5e0
S75960940,02-09-2024 00:00:00,858.11,02-09-2024 00:00:00,,2001,2650,20012207843065,27111001182650,733485324404,02-09-2024 00:00:00,c3ebcec9f232e6cd7afdfcd0
S75960940,02-09-2024 00:00:00,8.84,02-09-2024 00:00:00,,2001,2650,20012207843065,27111001182650,499324968145,02-09-2024 00:00:00,7735a79f71911d218e7c6be0
S75960940,02-09-2024 00:00:00,658.11,02-09-2024 00:00:00,,2001,2650,20012207843065,27111001182650,465275445474,02-09-2024 00:00:00,b1ffdcd1cddd8f024afdfba2
S75960940,02-09-2024 00:00:00,307.55,02-09-2024 00:00:00,,2001,2650,20012207843065,27111001182650,430366182736,02-09-2024 00:00:00,2e86befd1accc3ad50aac476
S75960940,02-09-2024 00:00:00,420.27,02-09-2024 00:00:00,,2001,2650,20012207843065,27111001182650,559101469011,02-09-2024 00:00:00,ff8eb06e26bd5a2e41dedb39
S75960940,02-09-2024 00:00:00,857.03,02-09-2024 00:00:00,,2001,2650,20012207843065,27111001182650,893072446927,02-09-2024 00:00:00,f1dfeeffd4aa47a5fee77aea
S75960940,02-09-2024 00:00:00,40.30,02-09-2024 00:00:00,,2001,2650,20012207843065,27111001182650,640856340450,02-09-2024 00:00:00,0d62cab62843dde7dfe6c0ed
S75960940,02-09-2024 00:00:00,697.01,02-09-2024 00:00:00,,2001,2650,20012207843065,27111001182650,577390459436,02-09-2024 00:00:00,ee7de421e2461aea8aca6417
S75960940,02-09-2024 00:00:00,225.76,02-09-2024 00:00:00,,2001,2650,20012207843065,27111001182650,069886236963,02-09-2024 00:00:00,0addcb0ffa1724b2da0eddf7
S75960940,02-09-2024 00:00:00,669.73,02-09-2024 00:00:00,,2001,2650,20012207843065,27111001182650,582445033156,02-09-2024 00:00:00,a33659195e5abdeacbafe18b
S75960940,02-09-2024 00:00:00,371.41,02-09-2024 00:00:00,,2001,2650,20012207843065,27111001182650,942516449851,02-09-2024 00:00:00,5ad11fdce4aa07bffece82af
S75960940,02-09-2024 00:00:00,324.47,02-09-2024 00:00:00,,2001,2650,20012207843065,27111001182650,960126774230,02-09-2024 00:00:00,5c367b02f8f831c0dec1affe
S75960940,02-09-2024 00:00:00,70.76,02-09-2024 00:00:00,,2001,2650,20012207843065,27111001182650,914035410133,02-09-2024 00:00:00,ab25cb5b74fbf6cfb1afecbb
S75960940,02-09-2024 00:00:00,441.78,02-09-2024 00:00:00,,2001,2650,20012207843065,27111001182650,361463991171,02-09-2024 00:00:00,7a9afe3dbb34fbb8daf8fb2d
S75960940,02-09-2024 00:00:00,537.24,02-09-2024 00:00:00,,2001,2650,20012207843065,27111001182650,142860896398,02-09-2024 00:00:00,945de40ddf173e6b8eacb3d5
S75960940,02-09-2024 00:00:00,60.97,02-09-2024 00:00:00,,2001,2650,20012207843065,27111001182650,549347527689,02-09-2024 00:00:00,d0edc4b9bdddee4170847acb
S75960940,02-09-2024 00:00:00,56.24,02-09-2024 00:00:00,,2001,2650,20012207843065,27111001182650,212778842829,02-09-2024 00:00:00,0bedfbebfb2da58a3daf27ad
S75960940,02-09-2024 00:00:00,549.63,02-09-2024 00:00:00,,2001,2650,20012207843065,27111001182650,673328902483,02-09-2024 00:00:00,38d8faee7a7efec9bcfdf05e
S75960940,02-09-2024 00:00:00,355.59,02-09-2024 00:00:00,,2001,2650,20012207843065,27111001182650,958169296092,02-09-2024 00:00:00,fa9debefb89c230e3a00707d
S75960940,02-09-2024 00:00:00,185.36,02-09-2024 00:00:00,,2001,2650,20012207843065,27111001182650,854430370895,02-09-2024 00:00:00,37b6d5af3a449f6f1ca2dd62
S75960940,02-09-2024 00:00:00,20.70,02-09-2024 00:00:00,,2001,2650,20012207843065,27111001182650,310460791149,02-09-2024 00:00:00,bee1b4f5e0497abed5c79b1f
S75960940,02-09-2024 00:00:00,744.48,02-09-2024 00:00:00,,2001,2650,20012207843065,27111001182650,647372830755,02-09-2024 00:00:00,0f8f5fbaf7308ecdea647b57
S75960940,02-09-2024 00:00:00,247.72,02-09-2024 00:00:00,,2001,2650,20012207843065,27111001182650,677825717913,02-09-2024 00:00:00,e8cef8b2e77ccbccb944a1c4
S75960940,02-09-2024 00:00:00,183.56,02-09-2024 00:00:00,,2001,2650,20012207843065,27111001182650,505975061263,02-09-2024 00:00:00,ca5fadffbf1e57edc7fbd20d
S75960940,02-09-2024 00:00:00,429.04,02-09-2024 00:00:00,,2001,2650,20012207843065,27111001182650,469868009124,02-09-2024 00:00:00,9250eab7eb1178d07eedc9fc
S75960940,02-09-2024 00:00:00,539.29,02-09-2024 00:00:00,,2001,2650,20012207843065,27111001182650,089597364107,02-09-2024 00:00:00,b0451bde29be5fdcf232f61e
S75960940,02-09-2024 00:00:00,179.86,02-09-2024 00:00:00,,2001,2650,20012207843065,27111001182650,556461050885,02-09-2024 00:00:00,e7caa9feef16414e2bc4f166
S75960940,02-09-2024 00:00:00,712.95,02-09-2024 00:00:00,,2001,2650,20012207843065,27111001182650,943278677270,02-09-2024 00:00:00,6f0d7ad3a7cdbaa7c664e4dc
S75960940,02-09-2024 00:00:00,599.75,02-09-2024 00:00:00,,2001,2650,20012207843065,27111001182650,060318356066,02-09-2024 00:00:00,130cafccda9f7776beef300f
S75960940,02-09-2024 00:00:00,501.45,02-09-2024 00:00:00,,2001,2650,20012207843065,27111001182650,052513051667,02-09-2024 00:00:00,13fa7a5a5d9c86bb2d6eddaa
S75960940,02-09-2024 00:00:00,520.74,02-09-2024 00:00:00,,2001,2650,20012207843065,27111001182650,646208538691,02-09-2024 00:00:00,dbceabdbcf9c3bc9f63c1eaa
S75960940,02-09-2024 00:00:00,633.10,02-09-2024 00:00:00,,2001,2650,20012207843065,27111001182650,385165950586,02-09-2024 00:00:00,d8e95560c17297fd7c74bacf
S75960940,02-09-2024 00:00:00,279.09,02-09-2024 00:00:00,,2001,2650,20012207843065,27111001182650,613933673246,02-09-2024 00:00:00,8eb065f4ef25eaefbf8dbc04
S75960940,02-09-2024 00:00:00,317.84,02-09-2024 00:00:00,,2001,2650,20012207843065,27111001182650,962319084066,02-09-2024 00:00:00,80faf87facfb3ef9f94ef7a0
S75960940,02-09-2024 00:00:00,200.06,02-09-2024 00:00:00,,2001,2650,20012207843065,27111001182650,405708836580,02-09-2024 00:00:00,e1416b6dee3fa06dc9069d4c
S75960940,02-09-2024 00:00:00,711.22,02-09-2024 00:00:00,,2001,2650,20012207843065,27111001182650,942738439489,02-09-2024 00:00:00,dcbeac1b9509650e7ca7e8bf
S75960940,02-09-2024 00:00:00,38.65,02-09-2024 00:00:00,,2001,2650,20012207843065,27111001182650,979551549561,02-09-2024 00:00:00,c4cdb3c6eb87b2d766ff1bad
S75960940,02-09-2024 00:00:00,404.89,02-09-2024 00:00:00,,2001,2650,20012207843065,27111001182650,119844532973,02-09-2024 00:00:00,aa1d95a8b54965baa44d3eff
S75960940,02-09-2024 00:00:00,165.26,02-09-2024 00:00:00,,2001,2650,20012207843065,27111001182650,351085070378,02-09-2024 00:00:00,eeebc49b82aa532404af0611
S75960940,02-09-2024 00:00:00,908.87,02-09-2024 00:00:00,,2001,2650,20012207843065,27111001182650,637542139108,02-09-2024 00:00:00,fe7b4bdbff04c54f5fc3fedf
S75960940,02-09-2024 00:00:00,396.03,02-09-2024 00:00:00,,2001,2650,20012207843065,27111001182650,876837479827,02-09-2024 00:00:00,c413e3f5c4f7eff550821fc5
S75960940,02-09-2024 00:00:00,74.69,02-09-2024 00:00:00,,2001,2650,20012207843065,27111001182650,137551697724,02-09-2024 00:00:00,6a32f9cddd9e9de7dffaf8da
S75960940,02-09-2024 00:00:00,299.48,02-09-2024 00:00:00,,2001,2650,20012207843065,27111001182650,340527174969,02-09-2024 00:00:00,c1d9ba4a3ebef13ce4787a8d
S75960940,02-09-2024 00:00:00,212.43,02-09-2024 00:00:00,,2001,2650,20012207843065,27111001182650,478437177661,02-09-2024 00:00:00,cb5e8d4a87d851ea9eb637a4
S75960940,02-09-2024 00:00:00,153.43,02-09-2024 00:00:00,,2001,2650,20012207843065,27111001182650,321448148212,02-09-2024 00:00:00,34a364c10fea28cb004aee27
S75960940,02-09-2024 00:00:00,170.07,02-09-2024 00:00:00,,2001,2650,20012207843065,27111001182650,792535402365,02-09-2024 00:00:00,754efddefa16dc58c1e83a6d
S75960940,02-09-2024 00:00:00,454.06,02-09-2024 00:00:00,,2001,2650,20012207843065,27111001182650,010780630456,02-09-2024 00:00:00,3bbefaea66fdcc816059bb44
S75960940,02-09-2024 00:00:00,437.38,02-09-2024 00:00:00,,2001,2650,20012207843065,27111001182650,376969231857,02-09-2024 00:00:00,d4da0bfd03dbe8f7eda489fe
S75960940,02-09-2024 00:00:00,609.28,02-09-2024 00:00:00,,2001,2650,20012207843065,27111001182650,996763611485,02-09-2024 00:00:00,83c9b2ec21dbbf9b55eaebbe
S75960940,02-09-2024 00:00:00,986.46,02-09-2024 00:00:00,,2001,2650,20012207843065,27111001182650,908863377625,02-09-2024 00:00:00,aaf96ed9bf312f3d3ccfea9d
S75960940,02-09-2024 00:00:00,497.40,02-09-2024 00:00:00,,2001,2650,20012207843065,27111001182650,964993067179,02-09-2024 00:00:00,235bdba0dcd78ddb9fa43fec
S75960940,02-09-2024 00:00:00,783.32,02-09-2024 00:00:00,,2001,2650,20012207843065,27111001182650,005237985933,02-09-2024 00:00:00,ea5ec6bbf0ce2bd4ae3b732e
S75960940,02-09-2024 00:00:00,489.87,02-09-2024 00:00:00,,2001,2650,20012207843065,27111001182650,070868702083,02-09-2024 00:00:00,a12ff3d4c2aaadd4addddc3e
S75960940,02-09-2024 00:00:00,111.04,02-09-2024 00:00:00,,2001,2650,20012207843065,27111001182650,074823113357,02-09-2024 00:00:00,afbecbbbf6ec5ef945f8b20f
S75960940,02-09-2024 00:00:00,180.62,02-09-2024 00:00:00,,2001,2650,20012207843065,27111001182650,634233677576,02-09-2024 00:00:00,bfa568d93adafbcce3bffb33
S75960940,02-09-2024 00:00:00,411.76,02-09-2024 00:00:00,,2001,2650,20012207843065,27111001182650,722935539003,02-09-2024 00:00:00,9f5fddaffae18c997a7dda29
S75960940,02-09-2024 00:00:00,880.78,02-09-2024 00:00:00,,2001,2650,20012207843065,27111001182650,701747146265,02-09-2024 00:00:00,31f9ef1c20fbdacceaffb9bc
S75960940,02-09-2024 00:00:00,920.86,02-09-2024 00:00:00,,2001,2650,20012207843065,27111001182650,774201551485,02-09-2024 00:00:00,efcb1abc8cf5fa6cacac75f6
S75960940,02-09-2024 00:00:00,327.50,02-09-2024 00:00:00,,2001,2650,20012207843065,27111001182650,058843679802,02-09-2024 00:00:00,e9ccbb8c5b846ffccfc44e12
S75960940,02-09-2024 00:00:00,135.00,02-09-2024 00:00:00,,2001,2650,20012207843065,27111001182650,855655094406,02-09-2024 00:00:00,f11c99d2ffed68aaf414da3c
S75960940,02-09-2024 00:00:00,9.68,02-09-2024 00:00:00,,2001,2650,20012207843065,27111001182650,002153028751,02-09-2024 00:00:00,214eec4a45e41f29ebf7b62b
S75960940,02-09-2024 00:00:00,392.08,02-09-2024 00:00:00,,2001,2650,20012207843065,27111001182650,747391946355,02-09-2024 00:00:00,c78e17426a149cba88becc97
S75960940,02-09-2024 00:00:00,714.38,02-09-2024 00:00:00,,2001,2650,20012207843065,27111001182650,413440651068,02-09-2024 00:00:00,7e0cddf0eb2c8faad6edfccb
S75960940,02-09-2024 00:00:00,80.75,02-09-2024 00:00:00,,2001,2650,20012207843065,27111001182650,712947146175,02-09-2024 00:00:00,f2fe9e1fda1b6a82c160cf82
S75960940,02-09-2024 00:00:00,971.22,02-09-2024 00:00:00,,2001,2650,20012207843065,27111001182650,329063011231,02-09-2024 00:00:00,c17c7e7a53f08eabeb8bba07
S75960940,02-09-2024 00:00:00,693.38,02-09-2024 00:00:00,,2001,2650,20012207843065,27111001182650,136231708029,02-09-2024 00:00:00,722afc5defcfd5b121bbfee8
S75960940,02-09-2024 00:00:00,822.65,02-09-2024 00:00:00,,2001,2650,20012207843065,27111001182650,269960468066,02-09-2024 00:00:00,d0eec51c60e4cd765fcd574e
S75960940,02-09-2024 00:00:00,854.84,02-09-2024 00:00:00,,2001,2650,20012207843065,27111001182650,629122681344,02-09-2024 00:00:00,aa5aae013bcabfedd66f7db1
S75960940,02-09-2024 00:00:00,361.00,02-09-2024 00:00:00,,2001,2650,20012207843065,27111001182650,670320323995,02-09-2024 00:00:00,4e03f37f6fd2eb94ba7617d1
S75960940,02-09-2024 00:00:00,463.81,02-09-2024 00:00:00,,2001,2650,20012207843065,27111001182650,109784626108,02-09-2024 00:00:00,fac57fabb7e8c790bbcdc4bb
S75960940,02-09-2024 00:00:00,356.73,02-09-2024 00:00:00,,2001,2650,20012207843065,27111001182650,409902969170,02-09-2024 00:00:00,a69b1a647ee1bbaa19ca3826
S75960940,02-09-2024 00:00:00,540.78,02-09-2024 00:00:00,,2001,2650,20012207843065,27111001182650,343615073849,02-09-2024 00:00:00,a4ef01cbe359b6d98e0ccccc
S75960940,02-09-2024 00:00:00,356.07,02-09-2024 00:00:00,,2001,2650,20012207843065,27111001182650,890688519371,02-09-2024 00:00:00,db9b1cef751538de6a1a2bc1
S75960940,02-09-2024 00:00:00,216.85,02-09-2024 00:00:00,,2001,2650,20012207843065,27111001182650,190531077415,02-09-2024 00:00:00,fcc8fabfa41db1bd22bb1ede
S75960940,02-09-2024 00:00:00,174.62,02-09-2024 00:00:00,,2001,2650,20012207843065,27111001182650,294984944727,02-09-2024 00:00:00,60f3cbddabf8cfb14cb61cfc
S75960940,02-09-2024 00:00:00,478.58,02-09-2024 00:00:00,,2001,2650,20012207843065,27111001182650,748505559725,02-09-2024 00:00:00,4430cec8b6eabf7f0d3eda93
S75960940,02-09-2024 00:00:00,667.39,02-09-2024 00:00:00,,2001,2650,20012207843065,27111001182650,396185572735,02-09-2024 00:00:00,e1d0e396d14b98249394f566
S75960940,02-09-2024 00:00:00,534.62,02-09-2024 00:00:00,,2001,2650,20012207843065,27111001182650,076895208103,02-09-2024 00:00:00,abc8da05bc366fac1dd74bbd
S75960940,02-09-2024 00:00:00,983.43,02-09-2024 00:00:00,,2001,2650,20012207843065,27111001182650,657299227828,02-09-2024 00:00:00,a5e677fb8d43c4ab995df878
S75960940,02-09-2024 00:00:00,543.09,02-09-2024 00:00:00,,2001,2650,20012207843065,27111001182650,232256264015,02-09-2024 00:00:00,be2ffe25ba05da8b8a94f545
S75960940,02-09-2024 00:00:00,114.25,02-09-2024 00:00:00,,2001,2650,20012207843065,27111001182650,768426544116,02-09-2024 00:00:00,3c9fbd4cea6b6fa4a3baf8eb
S75960940,02-09-2024 00:00:00,732.28,02-09-2024 00:00:00,,2001,2650,20012207843065,27111001182650,956790401129,02-09-2024 00:00:00,a8d4d2ac65cf3351c8877f7b
S75960940,02-09-2024 00:00:00,387.79,02-09-2024 00:00:00,,2001,2650,20012207843065,27111001182650,434597512535,02-09-2024 00:00:00,ef236f3de5ba51ba0571f408
S75960940,02-09-2024 00:00:00,30.58,02-09-2024 00:00:00,,2001,2650,20012207843065,27111001182650,370783936327,02-09-2024 00:00:00,c6bfcf2df1271c131ccf30ce
S75960940,02-09-2024 00:00:00,808.12,02-09-2024 00:00:00,,2001,2650,20012207843065,27111001182650,725910905193,02-09-2024 00:00:00,a0db19bdcd37852bac6d3eed
S75960940,02-09-2024 00:00:00,426.09,02-09-2024 00:00:00,,2001,2650,20012207843065,27111001182650,365838461880,02-09-2024 00:00:00,55edfdf8eab378a96e1d93f4
S75960940,02-09-2024 00:00:00,554.27,02-09-2024 00:00:00,,2001,2650,20012207843065,27111001182650,243297718869,02-09-2024 00:00:00,1985bfdcd5a6aa5a0b5cd946
S75960940,02-09-2024 00:00:00,769.43,02-09-2024 00:00:00,,2001,2650,20012207843065,27111001182650,100668816379,02-09-2024 00:00:00,aab45907ab36bf9fca76d6bb
S75960940,02-09-2024 00:00:00,151.61,02-09-2024 00:00:00,,2001,2650,20012207843065,27111001182650,566449313448,02-09-2024 00:00:00,e7decceb9d938dec7b0562d7
S75960940,02-09-2024 00:00:00,262.25,02-09-2024 00:00:00,,2001,2650,20012207843065,27111001182650,040267172083,02-09-2024 00:00:00,79cc2e027c45bcd6c4daccc1
S75960940,02-09-2024 00:00:00,507.06,02-09-2024 00:00:00,,2001,2650,20012207843065,27111001182650,466262335959,02-09-2024 00:00:00,310efaca9a7af54ca7cddca5
S75960940,02-09-2024 00:00:00,77.57,02-09-2024 00:00:00,,2001,2650,20012207843065,27111001182650,203593322306,02-09-2024 00:00:00,f21bee43efbcf53d1eadb3ca
S75960940,02-09-2024 00:00:00,26.08,02-09-2024 00:00:00,,2001,2650,20012207843065,27111001182650,651403367813,02-09-2024 00:00:00,e2cdedba635c3e3c1df4ad89
S75960940,02-09-2024 00:00:00,629.09,02-09-2024 00:00:00,,2001,2650,20012207843065,27111001182650,229069928593,02-09-2024 00:00:00,cbfadd363f77d8c4f4de7ae3
S75960940,02-09-2024 00:00:00,805.13,02-09-2024 00:00:00,,2001,2650,20012207843065,27111001182650,380860302266,02-09-2024 00:00:00,caabd433ba0b65a164ad10bb
S75960940,02-09-2024 00:00:00,177.79,02-09-2024 00:00:00,,2001,2650,20012207843065,27111001182650,347662616207,02-09-2024 00:00:00,beaa9de804ad35df5aea1674
S75960940,02-09-2024 00:00:00,964.88,02-09-2024 00:00:00,,2001,2650,20012207843065,27111001182650,206320958862,02-09-2024 00:00:00,cdc7dabbe7b56c538f24eb4d
S75960940,02-09-2024 00:00:00,204.78,02-09-2024 00:00:00,,2001,2650,20012207843065,27111001182650,014325634452,02-09-2024 00:00:00,2e3dfde2f13b0dfc2e1ef4ca
S75960940,02-09-2024 00:00:00,168.07,02-09-2024 00:00:00,,2001,2650,20012207843065,27111001182650,417077142482,02-09-2024 00:00:00,362666ac0b61cf9f8adfb3cb
S75960940,02-09-2024 00:00:00,873.73,02-09-2024 00:00:00,,2001,2650,20012207843065,27111001182650,762791727082,02-09-2024 00:00:00,e04aab023a90c6e96c3dddae
S75960940,02-09-2024 00:00:00,433.77,02-09-2024 00:00:00,,2001,2650,20012207843065,27111001182650,722980258922,02-09-2024 00:00:00,3bf7a3e8a51240aeb74fcad2
S75960940,02-09-2024 00:00:00,544.51,02-09-2024 00:00:00,,2001,2650,20012207843065,27111001182650,653682784800,02-09-2024 00:00:00,eacedbe8520a3a64cfaa24c4
S75960940,02-09-2024 00:00:00,495.71,02-09-2024 00:00:00,,2001,2650,20012207843065,27111001182650,862010984742,02-09-2024 00:00:00,e39ac3cdfe8e7635b3acecfe
S75960940,02-09-2024 00:00:00,266.11,02-09-2024 00:00:00,,2001,2650,20012207843065,27111001182650,207852361980,02-09-2024 00:00:00,613a49dd2499ec59ff8612f9
S75960940,02-09-2024 00:00:00,298.10,02-09-2024 00:00:00,,2001,2650,20012207843065,27111001182650,784721674116,02-09-2024 00:00:00,35ab987bbdc5ccccaca78e0e
S75960940,02-09-2024 00:00:00,144.84,02-09-2024 00:00:00,,2001,2650,20012207843065,27111001182650,839920895163,02-09-2024 00:00:00,ad750cc5b242146aaafe2342
S75960940,02-09-2024 00:00:00,746.79,02-09-2024 00:00:00,,2001,2650,20012207843065,27111001182650,007136148370,02-09-2024 00:00:00,a50a079dae24faf7b651afab
S75960940,02-09-2024 00:00:00,648.24,02-09-2024 00:00:00,,2001,2650,20012207843065,27111001182650,873687326354,02-09-2024 00:00:00,040dfc3ce44b32c0aeb6ce40
S75960940,02-09-2024 00:00:00,411.70,02-09-2024 00:00:00,,2001,2650,20012207843065,27111001182650,704472311458,02-09-2024 00:00:00,f7e5dad3cedfdbbfaec9acd1
S75960940,02-09-2024 00:00:00,118.15,02-09-2024 00:00:00,,2001,2650,20012207843065,27111001182650,153046468243,02-09-2024 00:00:00,7cd829bbf22bb54fc3326bba
S75960940,02-09-2024 00:00:00,889.00,02-09-2024 00:00:00,,2001,2650,20012207843065,27111001182650,754910623290,02-09-2024 00:00:00,eaf7bde7413df4cccc1de1cf
S75960940,02-09-2024 00:00:00,611.07,02-09-2024 00:00:00,,2001,2650,20012207843065,27111001182650,302228505015,02-09-2024 00:00:00,6f4f7b2c97d415a15ae5adfc
S75960940,02-09-2024 00:00:00,100.20,02-09-2024 00:00:00,,2001,2650,20012207843065,27111001182650,878414606555,02-09-2024 00:00:00,4ca9ddecb52caaf5eac0dcb7
S75960940,02-09-2024 00:00:00,511.06,02-09-2024 00:00:00,,2001,2650,20012207843065,27111001182650,614175012603,02-09-2024 00:00:00,f10d13fffec03fb1c4aad6b5
S75960940,02-09-2024 00:00:00,899.24,02-09-2024 00:00:00,,2001,2650,20012207843065,27111001182650,727395157351,02-09-2024 00:00:00,c4ff8ae8db13ed3b2cdbfc4c
S75960940,02-09-2024 00:00:00,948.14,02-09-2024 00:00:00,,2001,2650,20012207843065,27111001182650,066774774999,02-09-2024 00:00:00,ea5ec5411aa8abbaa344d61b
S75960940,02-09-2024 00:00:00,590.36,02-09-2024 00:00:00,,2001,2650,20012207843065,27111001182650,850052795029,02-09-2024 00:00:00,aaf3c64dba065e3551f9d5b8
S75960940,02-09-2024 00:00:00,377.58,02-09-2024 00:00:00,,2001,2650,20012207843065,27111001182650,599618494964,02-09-2024 00:00:00,3e8da34a1dbdf2ebeed8bdde
S75960940,02-09-2024 00:00:00,769.35,02-09-2024 00:00:00,,2001,2650,20012207843065,27111001182650,175483957782,02-09-2024 00:00:00,db17ea4ae768b57a668cd5da
S75960940,02-09-2024 00:00:00,561.94,02-09-2024 00:00:00,,2001,2650,20012207843065,27111001182650,103467653317,02-09-2024 00:00:00,8594309bd37c3caf87f2ae3f
S75960940,02-09-2024 00:00:00,798.27,02-09-2024 00:00:00,,2001,2650,20012207843065,27111001182650,115173521105,02-09-2024 00:00:00,8da3aaac37b7631aaed93d65
S75960940,02-09-2024 00:00:00,602.62,02-09-2024 00:00:00,,2001,2650,20012207843065,27111001182650,920827211585,02-09-2024 00:00:00,82c7311bf439ee689f94cc54
S75960940,02-09-2024 00:00:00,266.23,02-09-2024 00:00:00,,2001,2650,20012207843065,27111001182650,177834789721,02-09-2024 00:00:00,7f8a8f1cf8fef8ffaf3aca5c
S75960940,02-09-2024 00:00:00,915.91,02-09-2024 00:00:00,,2001,2650,20012207843065,27111001182650,274801291528,02-09-2024 00:00:00,09d901c85cf8e6afe2c631de
S75960940,02-09-2024 00:00:00,822.91,02-09-2024 00:00:00,,2001,2650,20012207843065,27111001182650,309567814417,02-09-2024 00:00:00,8e73ab7abad9baa55d4506ef
S75960940,02-09-2024 00:00:00,230.88,02-09-2024 00:00:00,,2001,2650,20012207843065,27111001182650,557229874374,02-09-2024 00:00:00,27d5f6e4243ca25eff60f0fe
S75960940,02-09-2024 00:00:00,487.62,02-09-2024 00:00:00,,2001,2650,20012207843065,27111001182650,426442660958,02-09-2024 00:00:00,28a5ffd3b48e9ab10e04cded
S75960940,02-09-2024 00:00:00,859.12,02-09-2024 00:00:00,,2001,2650,20012207843065,27111001182650,766042048413,02-09-2024 00:00:00,44d24100759e24cba9b8ffac
S75960940,02-09-2024 00:00:00,498.58,02-09-2024 00:00:00,,2001,2650,20012207843065,27111001182650,469983699242,02-09-2024 00:00:00,bbeefdea1dae701bb53fd3ce
S75960940,02-09-2024 00:00:00,169.30,02-09-2024 00:00:00,,2001,2650,20012207843065,27111001182650,808062921077,02-09-2024 00:00:00,1ebfbde1d75afb01b7fbaeb0
S75960940,02-09-2024 00:00:00,690.18,02-09-2024 00:00:00,,2001,2650,20012207843065,27111001182650,746385174854,02-09-2024 00:00:00,5d67749d2b73b279b1fbf2be
S75960940,02-09-2024 00:00:00,464.30,02-09-2024 00:00:00,,2001,2650,20012207843065,27111001182650,206650729862,02-09-2024 00:00:00,76c3fadc22ad1e8b48b22ef2
S75960940,02-09-2024 00:00:00,542.31,02-09-2024 00:00:00,,2001,2650,20012207843065,27111001182650,449751337016,02-09-2024 00:00:00,15ef4c6e1f902b9fd5b8c0bf
S75960940,02-09-2024 00:00:00,279.51,02-09-2024 00:00:00,,2001,2650,20012207843065,27111001182650,383014971618,02-09-2024 00:00:00,e20fff19806c71af0deddffe
S75960940,02-09-2024 00:00:00,711.22,02-09-2024 00:00:00,,2001,2650,20012207843065,27111001182650,830422219922,02-09-2024 00:00:00,60cd83a864e340c9ffd2dc7c
S75960940,02-09-2024 00:00:00,102.58,02-09-2024 00:00:00,,2001,2650,20012207843065,27111001182650,552557709156,02-09-2024 00:00:00,a9ac867ddcb1fa6dcbeb8bd2
S75960940,02-09-2024 00:00:00,695.02,02-09-2024 00:00:00,,2001,2650,20012207843065,27111001182650,939726208510,02-09-2024 00:00:00,6ff5defdf1cb1bac511f37db
S75960940,02-09-2024 00:00:00,631.91,02-09-2024 00:00:00,,2001,2650,20012207843065,27111001182650,790873375588,02-09-2024 00:00:00,eeb0bfe4bbcb103bbeceb1c7
S75960940,02-09-2024 00:00:00,704.41,02-09-2024 00:00:00,,2001,2650,20012207843065,27111001182650,047652864771,02-09-2024 00:00:00,55afe8cefbdc7fafa1a34836
S75960940,02-09-2024 00:00:00,733.07,02-09-2024 00:00:00,,2001,2650,20012207843065,27111001182650,437972479383,02-09-2024 00:00:00,926badca89505ef94fb4b5fd
S75960940,02-09-2024 00:00:00,489.21,02-09-2024 00:00:00,,2001,2650,20012207843065,27111001182650,171296910201,02-09-2024 00:00:00,faedaf89aac569d1c40cc3b8
S75960940,02-09-2024 00:00:00,538.35,02-09-2024 00:00:00,,2001,2650,20012207843065,27111001182650,720306620700,02-09-2024 00:00:00,39f9cb63a4fb032ebfebbfca
S75960940,02-09-2024 00:00:00,192.36,02-09-2024 00:00:00,,2001,2650,20012207843065,27111001182650,896042925111,02-09-2024 00:00:00,f6eacde29fa67b2de5561de8
S75960940,02-09-2024 00:00:00,875.39,02-09-2024 00:00:00,,2001,2650,20012207843065,27111001182650,734800297158,02-09-2024 00:00:00,ca9ebdc9e148d1d0adc3208f
S75960940,02-09-2024 00:00:00,11.51,02-09-2024 00:00:00,,2001,2650,20012207843065,27111001182650,978636422733,02-09-2024 00:00:00,f0babcedf47f894e2bc2ddaa
S75960940,02-09-2024 00:00:00,334.09,02-09-2024 00:00:00,,2001,2650,20012207843065,27111001182650,702474984426,02-09-2024 00:00:00,d4a7b09f5deacd2a6a0ebbe4
S75960940,02-09-2024 00:00:00,518.68,02-09-2024 00:00:00,,2001,2650,20012207843065,27111001182650,513732980024,02-09-2024 00:00:00,94db121ceb527c174ff46ed4
S75960940,02-09-2024 00:00:00,593.52,02-09-2024 00:00:00,,2001,2650,20012207843065,27111001182650,889731781493,02-09-2024 00:00:00,7ebd871eaa551aafcae7f9aa
S75960940,02-09-2024 00:00:00,530.51,02-09-2024 00:00:00,,2001,2650,20012207843065,27111001182650,572381976760,02-09-2024 00:00:00,eff1f7e2bfac7b2d4e977cce
S75960940,02-09-2024 00:00:00,732.73,02-09-2024 00:00:00,,2001,2650,20012207843065,27111001182650,635526481694,02-09-2024 00:00:00,01c3da51ba8680b0264cd406
S75960940,02-09-2024 00:00:00,810.45,02-09-2024 00:00:00,,2001,2650,20012207843065,27111001182650,739011987266,02-09-2024 00:00:00,ac9dcacd4fba0ebe3fd7c8de
S75960940,02-09-2024 00:00:00,310.91,02-09-2024 00:00:00,,2001,2650,20012207843065,27111001182650,034631157820,02-09-2024 00:00:00,f624ef828db867ea3269af09
S75960940,02-09-2024 00:00:00,40.34,02-09-2024 00:00:00,,2001,2650,20012207843065,27111001182650,352180748494,02-09-2024 00:00:00,9c142e90bba7811d7af29f55
S75960940,02-09-2024 00:00:00,147.58,02-09-2024 00:00:00,,2001,2650,20012207843065,27111001182650,367815169803,02-09-2024 00:00:00,d8b33c92ac62f8047a758dd5
S75960940,02-09-2024 00:00:00,895.36,02-09-2024 00:00:00,,2001,2650,20012207843065,27111001182650,950000607126,02-09-2024 00:00:00,2ff325bddae1a7a9f2cb241b
S75960940,02-09-2024 00:00:00,559.42,02-09-2024 00:00:00,,2001,2650,20012207843065,27111001182650,622215495078,02-09-2024 00:00:00,6e8d8b9fd43661ad027ed1b7
S75960940,02-09-2024 00:00:00,349.54,02-09-2024 00:00:00,,2001,2650,20012207843065,27111001182650,173980671085,02-09-2024 00:00:00,b196cdaadffbc0e95bedf98f
S75960940,02-09-2024 00:00:00,351.56,02-09-2024 00:00:00,,2001,2650,20012207843065,27111001182650,727696216923,02-09-2024 00:00:00,59c7067c9c983f0d14efef3f
S75960940,02-09-2024 00:00:00,146.01,02-09-2024 00:00:00,,2001,2650,20012207843065,27111001182650,016071900453,02-09-2024 00:00:00,fe328cbfebeeaa708ab262c0
S75960940,02-09-2024 00:00:00,809.74,02-09-2024 00:00:00,,2001,2650,20012207843065,27111001182650,603358154706,02-09-2024 00:00:00,3c8b30b2ebecbeb8cccccded
S75960940,02-09-2024 00:00:00,368.17,02-09-2024 00:00:00,,2001,2650,20012207843065,27111001182650,161072321809,02-09-2024 00:00:00,9b2a8bce407c23bd626cbe2b
S75960940,02-09-2024 00:00:00,211.05,02-09-2024 00:00:00,,2001,2650,20012207843065,27111001182650,184014117820,02-09-2024 00:00:00,ab78dbcdf1979adef0f8db49
S75960940,02-09-2024 00:00:00,161.00,02-09-2024 00:00:00,,2001,2650,20012207843065,27111001182650,717002593465,02-09-2024 00:00:00,2fdae6c553eeddef48a7fa72
S75960940,02-09-2024 00:00:00,745.33,02-09-2024 00:00:00,,2001,2650,20012207843065,27111001182650,906552473197,02-09-2024 00:00:00,cdfd5a7f2ec86b0156dc2bee
S75960940,02-09-2024 00:00:00,818.42,02-09-2024 00:00:00,,2001,2650,20012207843065,27111001182650,891865358824,02-09-2024 00:00:00,eeae12d561caccbb88f345c1
S75960940,02-09-2024 00:00:00,944.00,02-09-2024 00:00:00,,2001,2650,20012207843065,27111001182650,612206251040,02-09-2024 00:00:00,703ab8cb2a82ddb0c74a7f39
S75960940,02-09-2024 00:00:00,850.86,02-09-2024 00:00:00,,2001,2650,20012207843065,27111001182650,386053654212,02-09-2024 00:00:00,0ea2bcae47af31bddfaa5cfd
S75960940,02-09-2024 00:00:00,703.26,02-09-2024 00:00:00,,2001,2650,20012207843065,27111001182650,270636065636,02-09-2024 00:00:00,8eb11b074d2dda37b2d81d7b
S75960940,02-09-2024 00:00:00,512.94,02-09-2024 00:00:00,,2001,2650,20012207843065,27111001182650,704077932794,02-09-2024 00:00:00,77fb0ec76ce8a66fce4d77fb
S75960940,02-09-2024 00:00:00,526.08,02-09-2024 00:00:00,,2001,2650,20012207843065,27111001182650,385518998471,02-09-2024 00:00:00,faaa52204d6eae87eeeeaf2d
S75960940,02-09-2024 00:00:00,114.42,02-09-2024 00:00:00,,2001,2650,20012207843065,27111001182650,530064507586,02-09-2024 00:00:00,b3cbdd3b9b68d5ca0c7a0b6a
S75960940,02-09-2024 00:00:00,609.84,02-09-2024 00:00:00,,2001,2650,20012207843065,27111001182650,295620407575,02-09-2024 00:00:00,f79bcdc6339dae21edcc9aa1
S75960940,02-09-2024 00:00:00,66.79,02-09-2024 00:00:00,,2001,2650,20012207843065,27111001182650,234238484536,02-09-2024 00:00:00,fd6cbbda89378fee3554deda
S75960940,02-09-2024 00:00:00,327.91,02-09-2024 00:00:00,,2001,2650,20012207843065,27111001182650,347659357844,02-09-2024 00:00:00,4b6f38b66301fefd6d1e0eff
S75960940,02-09-2024 00:00:00,108.53,02-09-2024 00:00:00,,2001,2650,20012207843065,27111001182650,304792403413,02-09-2024 00:00:00,96b0a3a7ed5be8b431344829
S75960940,02-09-2024 00:00:00,992.56,02-09-2024 00:00:00,,2001,2650,20012207843065,27111001182650,485504249839,02-09-2024 00:00:00,7ae3bc7712dbccc656be3be9
S75960940,02-09-2024 00:00:00,915.74,02-09-2024 00:00:00,,2001,2650,20012207843065,27111001182650,637972671005,02-09-2024 00:00:00,6d122ed2e79c4f3a0b909a2d
S75960940,02-09-2024 00:00:00,426.14,02-09-2024 00:00:00,,2001,2650,20012207843065,27111001182650,139023498967,02-09-2024 00:00:00,fadfb71c948ace333e342eb4
S75960940,02-09-2024 00:00:00,779.61,02-09-2024 00:00:00,,2001,2650,20012207843065,27111001182650,079063391343,02-09-2024 00:00:00,e3909bde9ed3e61c24e8db0e
S75960940,02-09-2024 00:00:00,395.19,02-09-2024 00:00:00,,2001,2650,20012207843065,27111001182650,928081993576,02-09-2024 00:00:00,a01dd76ff7eed7a1a68ffc16
S75960940,02-09-2024 00:00:00,707.34,02-09-2024 00:00:00,,2001,2650,20012207843065,27111001182650,450452367008,02-09-2024 00:00:00,480d8c85e6de6cf77b62f899
S75960940,02-09-2024 00:00:00,451.65,02-09-2024 00:00:00,,2001,2650,20012207843065,27111001182650,919394570829,02-09-2024 00:00:00,9e2dcdadbae7daefa9bfb85e
S75960940,02-09-2024 00:00:00,168.73,02-09-2024 00:00:00,,2001,2650,20012207843065,27111001182650,114645688232,02-09-2024 00:00:00,f4f3af53cec69ebee0eeadfa
S75960940,02-09-2024 00:00:00,712.90,02-09-2024 00:00:00,,2001,2650,20012207843065,27111001182650,531198653930,02-09-2024 00:00:00,efb3b0ec9b5eb5ae321fbbec
S75960940,02-09-2024 00:00:00,197.04,02-09-2024 00:00:00,,2001,2650,20012207843065,27111001182650,667166798500,02-09-2024 00:00:00,eaa43fda45aeae46ac5fad1b
S75960940,02-09-2024 00:00:00,357.13,02-09-2024 00:00:00,,2001,2650,20012207843065,27111001182650,293460631095,02-09-2024 00:00:00,bae87ed769ac9369bf5bac87
S75960940,02-09-2024 00:00:00,386.09,02-09-2024 00:00:00,,2001,2650,20012207843065,27111001182650,155880849221,02-09-2024 00:00:00,eb25fce0fa8979694ab8573e
S75960940,02-09-2024 00:00:00,471.53,02-09-2024 00:00:00,,2001,2650,20012207843065,27111001182650,699557076791,02-09-2024 00:00:00,6fb1739dc4118eeced2ccbf3
S75960940,02-09-2024 00:00:00,191.22,02-09-2024 00:00:00,,2001,2650,20012207843065,27111001182650,712969630971,02-09-2024 00:00:00,c2e6aebdbc34d02a707ae8b2
S75960940,02-09-2024 00:00:00,419.58,02-09-2024 00:00:00,,2001,2650,20012207843065,27111001182650,728429548558,02-09-2024 00:00:00,baac1a4cc2fa0299cbc8b8ab
S75960940,02-09-2024 00:00:00,167.02,02-09-2024 00:00:00,,2001,2650,20012207843065,27111001182650,453819506914,02-09-2024 00:00:00,9f8dc71afb83b4ea6a7bca0b
S75960940,02-09-2024 00:00:00,12.84,02-09-2024 00:00:00,,2001,2650,20012207843065,27111001182650,274218667662,02-09-2024 00:00:00,679bbaebdb6be4a9f651dc7a
S75960940,02-09-2024 00:00:00,261.57,02-09-2024 00:00:00,,2001,2650,20012207843065,27111001182650,331409738599,02-09-2024 00:00:00,fd2f3a1feb5cb324aecfefc8
S75960940,02-09-2024 00:00:00,546.20,02-09-2024 00:00:00,,2001,2650,20012207843065,27111001182650,028993979757,02-09-2024 00:00:00,d39fd0de72bfa29bd037af5c
S75960940,02-09-2024 00:00:00,568.56,02-09-2024 00:00:00,,2001,2650,20012207843065,27111001182650,185654301875,02-09-2024 00:00:00,e9a03dfdd72bdbfb25cb897b
S75960940,02-09-2024 00:00:00,28.43,02-09-2024 00:00:00,,2001,2650,20012207843065,27111001182650,011030875729,02-09-2024 00:00:00,8a85dbdacbfdf88ab9e78fc5
S75960940,02-09-2024 00:00:00,74.79,02-09-2024 00:00:00,,2001,2650,20012207843065,27111001182650,746683167264,02-09-2024 00:00:00,4aafdf461d0edc752c692dcb
S75960940,02-09-2024 00:00:00,60.17,02-09-2024 00:00:00,,2001,2650,20012207843065,27111001182650,569557209800,02-09-2024 00:00:00,6cbc3cddcbb5ab080475faaa
S75960940,02-09-2024 00:00:00,115.22,02-09-2024 00:00:00,,2001,2650,20012207843065,27111001182650,475237842477,02-09-2024 00:00:00,beb6e451e7d4d0fb94e9a0ba
S75960940,02-09-2024 00:00:00,319.77,02-09-2024 00:00:00,,2001,2650,20012207843065,27111001182650,288421611397,02-09-2024 00:00:00,ed9d2b1a298f5940cafa1406
S75960940,02-09-2024 00:00:00,971.09,02-09-2024 00:00:00,,2001,2650,20012207843065,27111001182650,926450124502,02-09-2024 00:00:00,0e4f4e0c727eceedeeac6f19
S75960940,02-09-2024 00:00:00,167.35,02-09-2024 00:00:00,,2001,2650,20012207843065,27111001182650,283649997689,02-09-2024 00:00:00,f9f7830fb654fa7f95bce7ad
S75960940,02-09-2024 00:00:00,977.55,02-09-2024 00:00:00,,2001,2650,20012207843065,27111001182650,943372711142,02-09-2024 00:00:00,8e6ed8b68aeaff6fcad9b2db
S75960940,02-09-2024 00:00:00,402.56,02-09-2024 00:00:00,,2001,2650,20012207843065,27111001182650,819027513221,02-09-2024 00:00:00,e4ffd8fde08aadb53fc618c6
S75960940,02-09-2024 00:00:00,556.81,02-09-2024 00:00:00,,2001,2650,20012207843065,27111001182650,671273457037,02-09-2024 00:00:00,28fcbeacfa0dc14fbd9befda
S75960940,02-09-2024 00:00:00,942.79,02-09-2024 00:00:00,,2001,2650,20012207843065,27111001182650,530157746372,02-09-2024 00:00:00,09b3ea84cb6c02141bf362c8
S75960940,02-09-2024 00:00:00,65.38,02-09-2024 00:00:00,,2001,2650,20012207843065,27111001182650,611201585428,02-09-2024 00:00:00,fbcc8ece91ca5c4e55132d94
S75960940,02-09-2024 00:00:00,984.95,02-09-2024 00:00:00,,2001,2650,20012207843065,27111001182650,958959789858,02-09-2024 00:00:00,adecea8e9ed8244bd26cde13
S75960940,02-09-2024 00:00:00,145.49,02-09-2024 00:00:00,,2001,2650,20012207843065,27111001182650,725459623222,02-09-2024 00:00:00,cf9c89a75c5edbbc3a41fcce
S75960940,02-09-2024 00:00:00,938.44,02-09-2024 00:00:00,,2001,2650,20012207843065,27111001182650,987357720809,02-09-2024 00:00:00,b92a83ec125bed57cdd272e5
S75960940,02-09-2024 00:00:00,610.98,02-09-2024 00:00:00,,2001,2650,20012207843065,27111001182650,560777157433,02-09-2024 00:00:00,81ff6ad29abead7bd6bfb18c
S75960940,02-09-2024 00:00:00,188.33,02-09-2024 00:00:00,,2001,2650,20012207843065,27111001182650,600469592005,02-09-2024 00:00:00,a8e17eb33df546a3ee4fd4fe
S75960940,02-09-2024 00:00:00,60.67,02-09-2024 00:00:00,,2001,2650,20012207843065,27111001182650,662038649389,02-09-2024 00:00:00,bfb27c204bf227c2b6050eed
S75960940,02-09-2024 00:00:00,762.99,02-09-2024 00:00:00,,2001,2650,20012207843065,27111001182650,061687052775,02-09-2024 00:00:00,83b2012b5ddeb0eee69c0f14
S75960940,02-09-2024 00:00:00,426.97,02-09-2024 00:00:00,,2001,2650,20012207843065,27111001182650,127252618022,02-09-2024 00:00:00,54f9704fbe3f1a2f88bc0e35
S75960940,02-09-2024 00:00:00,258.42,02-09-2024 00:00:00,,2001,2650,20012207843065,27111001182650,449677199388,02-09-2024 00:00:00,e6f4da0fa6de0d2dc4ae23eb
S75960940,02-09-2024 00:00:00,545.49,02-09-2024 00:00:00,,2001,2650,20012207843065,27111001182650,648565228664,02-09-2024 00:00:00,8152cecbdec3e86fc08ab5ef
S75960940,02-09-2024 00:00:00,375.61,02-09-2024 00:00:00,,2001,2650,20012207843065,27111001182650,851804618361,02-09-2024 00:00:00,f7c5c74d9d15cfb2237fefa5
S75960940,02-09-2024 00:00:00,632.20,02-09-2024 00:00:00,,2001,2650,20012207843065,27111001182650,943998265942,02-09-2024 00:00:00,6ab9a40f014246b8b3d045f4
S75960940,02-09-2024 00:00:00,437.13,02-09-2024 00:00:00,,2001,2650,20012207843065,27111001182650,540333679211,02-09-2024 00:00:00,8aef91eaa7a8fb5cdfae75b4
S75960940,02-09-2024 00:00:00,78.89,02-09-2024 00:00:00,,2001,2650,20012207843065,27111001182650,208730363156,02-09-2024 00:00:00,0dc6ea8ffcc1dda065acaf70
S75960940,02-09-2024 00:00:00,202.41,02-09-2024 00:00:00,,2001,2650,20012207843065,27111001182650,692295936767,02-09-2024 00:00:00,bc04f9e734c619a5246ebce5
S75960940,02-09-2024 00:00:00,469.99,02-09-2024 00:00:00,,2001,2650,20012207843065,27111001182650,916890976469,02-09-2024 00:00:00,bc6df6ca341d9cb7daa838ed
S75960940,02-09-2024 00:00:00,210.81,02-09-2024 00:00:00,,2001,2650,20012207843065,27111001182650,806351623902,02-09-2024 00:00:00,ecde107adaea6213b1f5dbfa
S75960940,02-09-2024 00:00:00,684.48,02-09-2024 00:00:00,,2001,2650,20012207843065,27111001182650,387115556288,02-09-2024 00:00:00,b9857e4aaa89baa077ad9fa3
S75960940,02-09-2024 00:00:00,770.29,02-09-2024 00:00:00,,2001,2650,20012207843065,27111001182650,586647403253,02-09-2024 00:00:00,b5dfd7e3cba41def81efea8b
S75960940,02-09-2024 00:00:00,192.07,02-09-2024 00:00:00,,2001,2650,20012207843065,27111001182650,062462960745,02-09-2024 00:00:00,fc7e3d7af415f9d5a0abf88e
S75960940,02-09-2024 00:00:00,800.69,02-09-2024 00:00:00,,2001,2650,20012207843065,27111001182650,691261307104,02-09-2024 00:00:00,98ca93bcec2f0021ddcab6ba
S75960940,02-09-2024 00:00:00,313.68,02-09-2024 00:00:00,,2001,2650,20012207843065,27111001182650,968139579128,02-09-2024 00:00:00,141fbb1d4bf6a687e4e07ee3
S75960940,02-09-2024 00:00:00,632.30,02-09-2024 00:00:00,,2001,2650,20012207843065,27111001182650,887675786393,02-09-2024 00:00:00,1338c26203e7a3c20f99e49e
S75960940,02-09-2024 00:00:00,539.34,02-09-2024 00:00:00,,2001,2650,20012207843065,27111001182650,473599884066,02-09-2024 00:00:00,2dda0408c89058d2267e4c5b
S75960940,02-09-2024 00:00:00,655.09,02-09-2024 00:00:00,,2001,2650,20012207843065,27111001182650,924895039296,02-09-2024 00:00:00,fdcc759acecd918e02aed0de
S75960940,02-09-2024 00:00:00,849.15,02-09-2024 00:00:00,,2001,2650,20012207843065,27111001182650,314026802839,02-09-2024 00:00:00,c8f0dceb66b767211af3583b
S75960940,02-09-2024 00:00:00,411.56,02-09-2024 00:00:00,,2001,2650,20012207843065,27111001182650,217977886427,02-09-2024 00:00:00,23c3af9ade4c93cbc11cc0bd
S75960940,02-09-2024 00:00:00,649.76,02-09-2024 00:00:00,,2001,2650,20012207843065,27111001182650,641256981361,02-09-2024 00:00:00,d2a0b81abc7cf04e957f5b54
S75960940,02-09-2024 00:00:00,608.14,02-09-2024 00:00:00,,2001,2650,20012207843065,27111001182650,872067817609,02-09-2024 00:00:00,e9e6db159cb1ebcab77059f6
S75960940,02-09-2024 00:00:00,562.11,02-09-2024 00:00:00,,2001,2650,20012207843065,27111001182650,618055816266,02-09-2024 00:00:00,e5aafcee9be642113c050beb
S75960940,02-09-2024 00:00:00,476.45,02-09-2024 00:00:00,,2001,2650,20012207843065,27111001182650,247437482163,02-09-2024 00:00:00,f5bfebf4c742daeb8cfdccdb
S75960940,02-09-2024 00:00:00,905.96,02-09-2024 00:00:00,,2001,2650,20012207843065,27111001182650,564946863944,02-09-2024 00:00:00,cedacf75fa8aba355bad0118
S75960940,02-09-2024 00:00:00,660.30,02-09-2024 00:00:00,,2001,2650,20012207843065,27111001182650,950879874764,02-09-2024 00:00:00,cf89b5c441cafb1b9acce2bf
S75960940,02-09-2024 00:00:00,585.27,02-09-2024 00:00:00,,2001,2650,20012207843065,27111001182650,753891982032,02-09-2024 00:00:00,955eb7f8cfaebac1ebe712be
S75960940,02-09-2024 00:00:00,703.73,02-09-2024 00:00:00,,2001,2650,20012207843065,27111001182650,880031815500,02-09-2024 00:00:00,c4ba13bcd2e68a1f9bcf746a
S75960940,02-09-2024 00:00:00,274.83,02-09-2024 00:00:00,,2001,2650,20012207843065,27111001182650,766867698715,02-09-2024 00:00:00,f6466093bf11e70adb1db0ff
S75960940,02-09-2024 00:00:00,621.88,02-09-2024 00:00:00,,2001,2650,20012207843065,27111001182650,046053344867,02-09-2024 00:00:00,cafa1d007fdbbd20cbc83bc1
S75960940,02-09-2024 00:00:00,771.60,02-09-2024 00:00:00,,2001,2650,20012207843065,27111001182650,387716194347,02-09-2024 00:00:00,099cab92c743bdf064324fda
S75960940,02-09-2024 00:00:00,870.47,02-09-2024 00:00:00,,2001,2650,20012207843065,27111001182650,268123271858,02-09-2024 00:00:00,ffe9664ccfc2a24acdbd2fea
S75960940,02-09-2024 00:00:00,503.03,02-09-2024 00:00:00,,2001,2650,20012207843065,27111001182650,426051848144,02-09-2024 00:00:00,76fcb6f5f8f32da5bfd8a03c
S75960940,02-09-2024 00:00:00,932.11,02-09-2024 00:00:00,,2001,2650,20012207843065,27111001182650,095579788094,02-09-2024 00:00:00,7fbc1f32cef9c40fbcee7c99
S75960940,02-09-2024 00:00:00,842.98,02-09-2024 00:00:00,,2001,2650,20012207843065,27111001182650,485023909968,02-09-2024 00:00:00,ef81f20b87fbdcebdbfd6713
S75960940,02-09-2024 00:00:00,980.60,02-09-2024 00:00:00,,2001,2650,20012207843065,27111001182650,071058817043,02-09-2024 00:00:00,a3174acdab0713cf4abe00ad
S75960940,02-09-2024 00:00:00,343.69,02-09-2024 00:00:00,,2001,2650,20012207843065,27111001182650,256803521643,02-09-2024 00:00:00,cb7ecddbe150f01f5a33fc9b
S75960940,02-09-2024 00:00:00,284.98,02-09-2024 00:00:00,,2001,2650,20012207843065,27111001182650,701984654517,02-09-2024 00:00:00,a9dccd5b58eff0f26dd9a790
S75960940,02-09-2024 00:00:00,221.96,02-09-2024 00:00:00,,2001,2650,20012207843065,27111001182650,428230457125,02-09-2024 00:00:00,8360b6bbbc72f2df5cb2eee2
S75960940,02-09-2024 00:00:00,17.27,02-09-2024 00:00:00,,2001,2650,20012207843065,27111001182650,322566577604,02-09-2024 00:00:00,caff829d0ad0abe3baaff7fc
S75960940,02-09-2024 00:00:00,162.87,02-09-2024 00:00:00,,2001,2650,20012207843065,27111001182650,930707291579,02-09-2024 00:00:00,8b5c2cc26dfebae7bd7eedba
S75960940,02-09-2024 00:00:00,319.50,02-09-2024 00:00:00,,2001,2650,20012207843065,27111001182650,740134612184,02-09-2024 00:00:00,ead5ae7ad68afe272fbe1cd3
S75960940,02-09-2024 00:00:00,869.22,02-09-2024 00:00:00,,2001,2650,20012207843065,27111001182650,115128448772,02-09-2024 00:00:00,172aa29f3962b51dd5abdf32
S75960940,02-09-2024 00:00:00,554.86,02-09-2024 00:00:00,,2001,2650,20012207843065,27111001182650,756122479958,02-09-2024 00:00:00,fdbbef1e799a8997a5eb7180
S75960940,02-09-2024 00:00:00,879.31,02-09-2024 00:00:00,,2001,2650,20012207843065,27111001182650,824995776136,02-09-2024 00:00:00,f3da0f167efbd99cf3bcd379
S75960940,02-09-2024 00:00:00,668.48,02-09-2024 00:00:00,,2001,2650,20012207843065,27111001182650,776811197001,02-09-2024 00:00:00,6d772845b546c00eb409b3ea
S75960940,02-09-2024 00:00:00,981.42,02-09-2024 00:00:00,,2001,2650,20012207843065,27111001182650,489256945826,02-09-2024 00:00:00,56c70ded8d197bab6cda7e4a
S75960940,02-09-2024 00:00:00,831.26,02-09-2024 00:00:00,,2001,2650,20012207843065,27111001182650,005724294433,02-09-2024 00:00:00,f97e402b7cfa0a1efe200f1f
S75960940,02-09-2024 00:00:00,720.96,02-09-2024 00:00:00,,2001,2650,20012207843065,27111001182650,112042034373,02-09-2024 00:00:00,f1a9e1e26b7ec4b6194ce6ec
S75960940,02-09-2024 00:00:00,41.63,02-09-2024 00:00:00,,2001,2650,20012207843065,27111001182650,405074583598,02-09-2024 00:00:00,e104adaabfddb2c33ff0af5f
S75960940,02-09-2024 00:00:00,882.76,02-09-2024 00:00:00,,2001,2650,20012207843065,27111001182650,432984235576,02-09-2024 00:00:00,eb8e8d5f23ce1c9cba10f9cb
S75960940,02-09-2024 00:00:00,973.96,02-09-2024 00:00:00,,2001,2650,20012207843065,27111001182650,112598529034,02-09-2024 00:00:00,57fa0bca26766533aa23d71b
S75960940,02-09-2024 00:00:00,791.58,02-09-2024 00:00:00,,2001,2650,20012207843065,27111001182650,462924793115,02-09-2024 00:00:00,aa7d144ef9e72ee5620ea1cc
S75960940,02-09-2024 00:00:00,32.47,02-09-2024 00:00:00,,2001,2650,20012207843065,27111001182650,994262700182,02-09-2024 00:00:00,fbd2eedbf475caf5c84c9021
S75960940,02-09-2024 00:00:00,299.77,02-09-2024 00:00:00,,2001,2650,20012207843065,27111001182650,620756757489,02-09-2024 00:00:00,f3a39b9d5187b681a889c376
S75960940,02-09-2024 00:00:00,607.73,02-09-2024 00:00:00,,2001,2650,20012207843065,27111001182650,093400673911,02-09-2024 00:00:00,77fffcf7ec4a94bda2afb13c
S75960940,02-09-2024 00:00:00,667.90,02-09-2024 00:00:00,,2001,2650,20012207843065,27111001182650,945987547969,02-09-2024 00:00:00,d093ba2bc02d2e8370aff1dd
S75960940,02-09-2024 00:00:00,56.13,02-09-2024 00:00:00,,2001,2650,20012207843065,27111001182650,121478426451,02-09-2024 00:00:00,ad512dddca7d056b2f2bfd1a
S75960940,02-09-2024 00:00:00,49.98,02-09-2024 00:00:00,,2001,2650,20012207843065,27111001182650,059945251179,02-09-2024 00:00:00,bb31ea92dfd20d50c94f9e04
S75960940,02-09-2024 00:00:00,285.78,02-09-2024 00:00:00,,2001,2650,20012207843065,27111001182650,426389240031,02-09-2024 00:00:00,0126ba64604087a7c55e0f96
S75960940,02-09-2024 00:00:00,110.91,02-09-2024 00:00:00,,2001,2650,20012207843065,27111001182650,376284713579,02-09-2024 00:00:00,e678e30eecf39d29fe4c58b8
S75960940,02-09-2024 00:00:00,677.62,02-09-2024 00:00:00,,2001,2650,20012207843065,27111001182650,940100837561,02-09-2024 00:00:00,d1bf58ed9fdae5068beddb90
S75960940,02-09-2024 00:00:00,8.54,02-09-2024 00:00:00,,2001,2650,20012207843065,27111001182650,551746783180,02-09-2024 00:00:00,0b8a42f3cd6cf9dc1cc990bd
S75960940,02-09-2024 00:00:00,212.62,02-09-2024 00:00:00,,2001,2650,20012207843065,27111001182650,146044251474,02-09-2024 00:00:00,c4fc472ec3ff2cb946dce0ce
S75960940,02-09-2024 00:00:00,273.68,02-09-2024 00:00:00,,2001,2650,20012207843065,27111001182650,572018546844,02-09-2024 00:00:00,4f0de4edc6fe9faf2fcf6e2f
S75960940,02-09-2024 00:00:00,302.09,02-09-2024 00:00:00,,2001,2650,20012207843065,27111001182650,069744410183,02-09-2024 00:00:00,aa6c6e9234eca17effdd6afa
S75960940,02-09-2024 00:00:00,963.22,02-09-2024 00:00:00,,2001,2650,20012207843065,27111001182650,721662981275,02-09-2024 00:00:00,ca0d45bc44b1fe38ddbc0d57
S75960940,02-09-2024 00:00:00,122.02,02-09-2024 00:00:00,,2001,2650,20012207843065,27111001182650,500038336829,02-09-2024 00:00:00,06c8f6b516dd82913b4ecb0a
S75960940,02-09-2024 00:00:00,441.56,02-09-2024 00:00:00,,2001,2650,20012207843065,27111001182650,474216335343,02-09-2024 00:00:00,e142b63fdbba7a98fd9bf35e
S75960940,02-09-2024 00:00:00,87.51,02-09-2024 00:00:00,,2001,2650,20012207843065,27111001182650,209087443620,02-09-2024 00:00:00,0a2fce4e4e7d0f3bbd2ddeed
S75960940,02-09-2024 00:00:00,368.46,02-09-2024 00:00:00,,2001,2650,20012207843065,27111001182650,079579189301,02-09-2024 00:00:00,9793d0019f597a676de3e2b0
S75960940,02-09-2024 00:00:00,784.79,02-09-2024 00:00:00,,2001,2650,20012207843065,27111001182650,241350060608,02-09-2024 00:00:00,4e8a43fac26e5ca99d4792c2
S75960940,02-09-2024 00:00:00,691.75,02-09-2024 00:00:00,,2001,2650,20012207843065,27111001182650,418235421741,02-09-2024 00:00:00,d0015b0774dd01a3f07c0709
S75960940,02-09-2024 00:00:00,918.31,02-09-2024 00:00:00,,2001,2650,20012207843065,27111001182650,720892305499,02-09-2024 00:00:00,1bbf3797ef5f2d2fde45c98b
S75960940,02-09-2024 00:00:00,166.71,02-09-2024 00:00:00,,2001,2650,20012207843065,27111001182650,169829318592,02-09-2024 00:00:00,0beea287b3bceccbbb366005
S75960940,02-09-2024 00:00:00,862.87,02-09-2024 00:00:00,,2001,2650,20012207843065,27111001182650,244727486263,02-09-2024 00:00:00,7b7fadbcbeddb2d2361dfa6d
S75960940,02-09-2024 00:00:00,865.38,02-09-2024 00:00:00,,2001,2650,20012207843065,27111001182650,033691378399,02-09-2024 00:00:00,44b34a010f45ce56bfb799e5
S75960940,02-09-2024 00:00:00,225.45,02-09-2024 00:00:00,,2001,2650,20012207843065,27111001182650,087378111815,02-09-2024 00:00:00,bb60c99c6896ea2252190e4e
S75960940,02-09-2024 00:00:00,814.71,02-09-2024 00:00:00,,2001,2650,20012207843065,27111001182650,260220637548,02-09-2024 00:00:00,bedc9f1e817651d2abf9efdd
S75960940,02-09-2024 00:00:00,596.83,02-09-2024 00:00:00,,2001,2650,20012207843065,27111001182650,404353667682,02-09-2024 00:00:00,8cb5972670cb7ed70e4ee1ee
S75960940,02-09-2024 00:00:00,430.62,02-09-2024 00:00:00,,2001,2650,20012207843065,27111001182650,198609679410,02-09-2024 00:00:00,1fdfcab4cea46adf2dcb38c2
S75960940,02-09-2024 00:00:00,797.73,02-09-2024 00:00:00,,2001,2650,20012207843065,27111001182650,192725960182,02-09-2024 00:00:00,e2daef29f11150faceb49bbd
S75960940,02-09-2024 00:00:00,501.80,02-09-2024 00:00:00,,2001,2650,20012207843065,27111001182650,723397873165,02-09-2024 00:00:00,dcf2cb0a61f852a2eec73298
S75960940,02-09-2024 00:00:00,355.13,02-09-2024 00:00:00,,2001,2650,20012207843065,27111001182650,041563771156,02-09-2024 00:00:00,7664eeecac05de6940e2fd19
S75960940,02-09-2024 00:00:00,686.86,02-09-2024 00:00:00,,2001,2650,20012207843065,27111001182650,901849661217,02-09-2024 00:00:00,f0ce971eee0c1deeeb1b893c
S75960940,02-09-2024 00:00:00,584.12,02-09-2024 00:00:00,,2001,2650,20012207843065,27111001182650,330417464157,02-09-2024 00:00:00,0e4ece67baffea4012b41b93
S75960940,02-09-2024 00:00:00,651.10,02-09-2024 00:00:00,,2001,2650,20012207843065,27111001182650,464666043056,02-09-2024 00:00:00,ba41efa6eee31f295cbbcc40
S75960940,02-09-2024 00:00:00,635.42,02-09-2024 00:00:00,,2001,2650,20012207843065,27111001182650,828768277275,02-09-2024 00:00:00,1bbca95e263e0ecc5dbcefad
S75960940,02-09-2024 00:00:00,363.63,02-09-2024 00:00:00,,2001,2650,20012207843065,27111001182650,822203086954,02-09-2024 00:00:00,ce49c67237ea76d52fdf1e6c
S75960940,02-09-2024 00:00:00,831.00,02-09-2024 00:00:00,,2001,2650,20012207843065,27111001182650,298930912386,02-09-2024 00:00:00,fbe8d6d2ec3e4d8ba9ee43c7
S75960940,02-09-2024 00:00:00,784.08,02-09-2024 00:00:00,,2001,2650,20012207843065,27111001182650,935986360003,02-09-2024 00:00:00,f9ecd1ab3fe3dab8fff5ed6c
S75960940,02-09-2024 00:00:00,289.16,02-09-2024 00:00:00,,2001,2650,20012207843065,27111001182650,163703570554,02-09-2024 00:00:00,d3a1bac2c9fac3eec62b7046
S75960940,02-09-2024 00:00:00,466.20,02-09-2024 00:00:00,,2001,2650,20012207843065,27111001182650,326884099295,02-09-2024 00:00:00,2ecdceeb0f9fb74ee910a633
S75960940,02-09-2024 00:00:00,763.61,02-09-2024 00:00:00,,2001,2650,20012207843065,27111001182650,211911630133,02-09-2024 00:00:00,2dfeadc58addbe24cdba36fc
S75960940,02-09-2024 00:00:00,380.15,02-09-2024 00:00:00,,2001,2650,20012207843065,27111001182650,198739363945,02-09-2024 00:00:00,23be0ea3aa6ada3b54ad7d1f
S75960940,02-09-2024 00:00:00,108.50,02-09-2024 00:00:00,,2001,2650,20012207843065,27111001182650,727389613534,02-09-2024 00:00:00,6d4eb5811cab088312bbc437
S75960940,02-09-2024 00:00:00,21.51,02-09-2024 00:00:00,,2001,2650,20012207843065,27111001182650,638278069459,02-09-2024 00:00:00,2c66dd39b2f7c17c3a2e5c69
S75960940,02-09-2024 00:00:00,685.46,02-09-2024 00:00:00,,2001,2650,20012207843065,27111001182650,224420933984,02-09-2024 00:00:00,4b75c2ec3edda63f6bc2a030
S75960940,02-09-2024 00:00:00,538.76,02-09-2024 00:00:00,,2001,2650,20012207843065,27111001182650,717790526719,02-09-2024 00:00:00,e7b742d2ba5c9641e3aadaad
S75960940,02-09-2024 00:00:00,968.32,02-09-2024 00:00:00,,2001,2650,20012207843065,27111001182650,744871881623,02-09-2024 00:00:00,bfb0155fbfb8583bfebbdf2a
S75960940,02-09-2024 00:00:00,819.17,02-09-2024 00:00:00,,2001,2650,20012207843065,27111001182650,742023931159,02-09-2024 00:00:00,a4ca0f19fbad8addc12d4fbd
S75960940,02-09-2024 00:00:00,742.70,02-09-2024 00:00:00,,2001,2650,20012207843065,27111001182650,486275525819,02-09-2024 00:00:00,55a148c1a604b3c83ea9ba99
S75960940,02-09-2024 00:00:00,103.47,02-09-2024 00:00:00,,2001,2650,20012207843065,27111001182650,084231083695,02-09-2024 00:00:00,650ab39c79e4d3c2a5cf7c16
S75960940,02-09-2024 00:00:00,891.28,02-09-2024 00:00:00,,2001,2650,20012207843065,27111001182650,038151185708,02-09-2024 00:00:00,2efe746dff671aafce98affb
S75960940,02-09-2024 00:00:00,653.54,02-09-2024 00:00:00,,2001,2650,20012207843065,27111001182650,050717099072,02-09-2024 00:00:00,b420f6a31a2d9adc9f32f4df
S75960940,02-09-2024 00:00:00,752.28,02-09-2024 00:00:00,,2001,2650,20012207843065,27111001182650,714656816368,02-09-2024 00:00:00,7efbdb3cd8cb3afcbd2fce7a
S75960940,02-09-2024 00:00:00,435.86,02-09-2024 00:00:00,,2001,2650,20012207843065,27111001182650,843732875688,02-09-2024 00:00:00,c99c40ac8ed45fcab6dae776
S75960940,02-09-2024 00:00:00,886.31,02-09-2024 00:00:00,,2001,2650,20012207843065,27111001182650,195416096690,02-09-2024 00:00:00,c5425aafcda82c3790faacad
S75960940,02-09-2024 00:00:00,422.22,02-09-2024 00:00:00,,2001,2650,20012207843065,27111001182650,925992826595,02-09-2024 00:00:00,c4e7cfface95a5ab0eef8dd0
S75960940,02-09-2024 00:00:00,366.62,02-09-2024 00:00:00,,2001,2650,20012207843065,27111001182650,002742080955,02-09-2024 00:00:00,a3dd772305077dae1c36373b
S75960940,02-09-2024 00:00:00,964.82,02-09-2024 00:00:00,,2001,2650,20012207843065,27111001182650,202484016461,02-09-2024 00:00:00,cbf61ea5f8b043a133cb2b43
S75960940,02-09-2024 00:00:00,210.34,02-09-2024 00:00:00,,2001,2650,20012207843065,27111001182650,317473778062,02-09-2024 00:00:00,dfdc31a05abd8685aa7ce4fe
S75960940,02-09-2024 00:00:00,550.27,02-09-2024 00:00:00,,2001,2650,20012207843065,27111001182650,227621732721,02-09-2024 00:00:00,effbef24ad5c0fdfaf4a3c96
S75960940,02-09-2024 00:00:00,964.81,02-09-2024 00:00:00,,2001,2650,20012207843065,27111001182650,334687517820,02-09-2024 00:00:00,fcccbd297e76cddcdae2eed3
S75960940,02-09-2024 00:00:00,287.47,02-09-2024 00:00:00,,2001,2650,20012207843065,27111001182650,015754516062,02-09-2024 00:00:00,401ebd3eee89bbd8649bdfcd
S75960940,02-09-2024 00:00:00,453.47,02-09-2024 00:00:00,,2001,2650,20012207843065,27111001182650,689927424971,02-09-2024 00:00:00,aef9f5ebda027ed1b83c57da
S75960940,02-09-2024 00:00:00,247.11,02-09-2024 00:00:00,,2001,2650,20012207843065,27111001182650,620696550127,02-09-2024 00:00:00,d4cd3ae39d8629c4b2df6daa
S75960940,02-09-2024 00:00:00,396.60,02-09-2024 00:00:00,,2001,2650,20012207843065,27111001182650,798298981347,02-09-2024 00:00:00,8cb76fcccbbecaec417c2b1f
S75960940,02-09-2024 00:00:00,552.92,02-09-2024 00:00:00,,2001,2650,20012207843065,27111001182650,092416246184,02-09-2024 00:00:00,ae50b5c41aabf5fff04b5ca7
S75960940,02-09-2024 00:00:00,529.13,02-09-2024 00:00:00,,2001,2650,20012207843065,27111001182650,625116206392,02-09-2024 00:00:00,6bc94f0dbea4d6de0ac9f5ad
S75960940,02-09-2024 00:00:00,317.43,02-09-2024 00:00:00,,2001,2650,20012207843065,27111001182650,457049623021,02-09-2024 00:00:00,869b92bfd563c950dbfdca9f
S75960940,02-09-2024 00:00:00,624.85,02-09-2024 00:00:00,,2001,2650,20012207843065,27111001182650,090077819948,02-09-2024 00:00:00,20fecf9c96cfdfbc34a07ddc
S75960940,02-09-2024 00:00:00,428.03,02-09-2024 00:00:00,,2001,2650,20012207843065,27111001182650,897460174545,02-09-2024 00:00:00,1195311e5dbddaa5aa51b101
S75960940,02-09-2024 00:00:00,295.21,02-09-2024 00:00:00,,2001,2650,20012207843065,27111001182650,518468471326,02-09-2024 00:00:00,afdb9ed5c51c5712fa280f33
S75960940,02-09-2024 00:00:00,45.34,02-09-2024 00:00:00,,2001,2650,20012207843065,27111001182650,316048778657,02-09-2024 00:00:00,5ba4de7b3804faccbce9f03c
S75960940,02-09-2024 00:00:00,717.03,02-09-2024 00:00:00,,2001,2650,20012207843065,27111001182650,736252487951,02-09-2024 00:00:00,ed425e4fd8e6f1cd79a139da
S75960940,02-09-2024 00:00:00,192.29,02-09-2024 00:00:00,,2001,2650,20012207843065,27111001182650,885539270940,02-09-2024 00:00:00,ba6933bb5cca560b9cdc53fc
S75960940,02-09-2024 00:00:00,564.43,02-09-2024 00:00:00,,2001,2650,20012207843065,27111001182650,843519644510,02-09-2024 00:00:00,4c9be7cdedadf7b7aab4741c
S75960940,02-09-2024 00:00:00,746.19,02-09-2024 00:00:00,,2001,2650,20012207843065,27111001182650,787797109207,02-09-2024 00:00:00,eafada373efec78fa9daddcc
S75960940,02-09-2024 00:00:00,154.52,02-09-2024 00:00:00,,2001,2650,20012207843065,27111001182650,891940701203,02-09-2024 00:00:00,c423fb6abdfbe124bccd737f
S75960940,02-09-2024 00:00:00,663.02,02-09-2024 00:00:00,,2001,2650,20012207843065,27111001182650,571416335522,02-09-2024 00:00:00,08dfbbac62a2c7c58daa139a
S75960940,02-09-2024 00:00:00,426.66,02-09-2024 00:00:00,,2001,2650,20012207843065,27111001182650,263865257191,02-09-2024 00:00:00,9dcfe7e0fcecd6eb74f36bec
S75960940,02-09-2024 00:00:00,178.16,02-09-2024 00:00:00,,2001,2650,20012207843065,27111001182650,642823393034,02-09-2024 00:00:00,ef5fd6b5f6d0cdc0ccebafe4
S75960940,02-09-2024 00:00:00,666.14,02-09-2024 00:00:00,,2001,2650,20012207843065,27111001182650,429653362654,02-09-2024 00:00:00,43709a1ed884366221d0dba5
S75960940,02-09-2024 00:00:00,480.90,02-09-2024 00:00:00,,2001,2650,20012207843065,27111001182650,549162257454,02-09-2024 00:00:00,6e58a7773ac5ae32befbe3c2
S75960940,02-09-2024 00:00:00,808.98,02-09-2024 00:00:00,,2001,2650,20012207843065,27111001182650,351662958841,02-09-2024 00:00:00,ecdfaf7fda649083adf58db2
S75960940,02-09-2024 00:00:00,133.16,02-09-2024 00:00:00,,2001,2650,20012207843065,27111001182650,345066157827,02-09-2024 00:00:00,1cc4bbc2ebf5e993d2bfcc0c
S75960940,02-09-2024 00:00:00,381.06,02-09-2024 00:00:00,,2001,2650,20012207843065,27111001182650,040450463599,02-09-2024 00:00:00,da9c5a40e9aceb6efd0b8aad
S75960940,02-09-2024 00:00:00,417.59,02-09-2024 00:00:00,,2001,2650,20012207843065,27111001182650,456265619728,02-09-2024 00:00:00,d82107aa5dd55f09f455cc34
S75960940,02-09-2024 00:00:00,895.24,02-09-2024 00:00:00,,2001,2650,20012207843065,27111001182650,720237410457,02-09-2024 00:00:00,d2a7bb1a4be1169a3dbed2b0
S75960940,02-09-2024 00:00:00,950.58,02-09-2024 00:00:00,,2001,2650,20012207843065,27111001182650,454030491792,02-09-2024 00:00:00,e9416a2e524fe0fe0d6bf1f7
S75960940,02-09-2024 00:00:00,656.67,02-09-2024 00:00:00,,2001,2650,20012207843065,27111001182650,553396710223,02-09-2024 00:00:00,a8cc2cdb0db751b1e5bddabe
S75960940,02-09-2024 00:00:00,11.70,02-09-2024 00:00:00,,2001,2650,20012207843065,27111001182650,634456233001,02-09-2024 00:00:00,3c3b1028b9643f932f138f34
S75960940,02-09-2024 00:00:00,252.02,02-09-2024 00:00:00,,2001,2650,20012207843065,27111001182650,574500337310,02-09-2024 00:00:00,4bfc5c36cd5b826d7dfe25ff
S75960940,02-09-2024 00:00:00,556.60,02-09-2024 00:00:00,,2001,2650,20012207843065,27111001182650,731102702468,02-09-2024 00:00:00,00feaad7ff49dfbb9eebbf3e
S75960940,02-09-2024 00:00:00,348.21,02-09-2024 00:00:00,,2001,2650,20012207843065,27111001182650,171493325091,02-09-2024 00:00:00,f66aa948940cdfeabadfd576
S75960940,02-09-2024 00:00:00,690.01,02-09-2024 00:00:00,,2001,2650,20012207843065,27111001182650,027727243806,02-09-2024 00:00:00,e18aacb249c9befe9bb5e442
S75960940,02-09-2024 00:00:00,380.06,02-09-2024 00:00:00,,2001,2650,20012207843065,27111001182650,722974352725,02-09-2024 00:00:00,2aa3b0ddaae7e3fc5aaccfda
S75960940,02-09-2024 00:00:00,626.74,02-09-2024 00:00:00,,2001,2650,20012207843065,27111001182650,832796985208,02-09-2024 00:00:00,dfc7f9a0beab13aa6db2d0da
