Date of txn,Amount,Resp Code,Status,RRN,Ext id,Payee Vpa,Txn Note,Payer UPI ID,PayerName,Txn Id,MCC
2024-09-02 00:00:00,310.21,U78,DEEMED,715189877398,fb58c89d-f857-43f7-99fe-edde72c87e22,finopay.bulkstore@timecosmos,Person,Verdie_Wolf45@rapl,N,a15ba49582c894c8bbcfd82d,5411
2024-09-02 00:00:00,94.09,U30,FAILURE,858787468134,e0b3cfea-bda2-4f63-9d12-1bdfe81ebd76,razorpay.vegetarian@timecosmos,PayMerchant,Tyrique_Nienow@okicici,N,04aba9ce3e6c55f6cc22bea8,5814
2024-09-02 00:00:00,159.57,U31,FAILURE,281866118253,7a00bda3-1d10-40d3-b503-d3d205823832,finopay.marketplace@timecosmos,Person,Enos.Koelpin@okhdfcbank,N,ca477a6c905309b15abb859d,5411
2024-09-02 00:00:00,269.33,U31,FAILURE,882215521528,87d6f668-7d96-4ead-808b-25f3ed1c3e2e,finopay.dailygrocer@timecosmos,PayMerchant,Aliya.Donnelly@axisb,N,df7edccd3ee15edeeb4f0e11,5411
2024-09-02 00:00:00,607.36,S96,FAILURE,114360336500,6595a395-3d98-4442-8844-04a6409fcf23,airpay.scooter@timecosmos,PayMerchant,Joannie.Johnston@axl,N,063fbfee58ccc16e228a0eaa,5816
2024-09-02 00:00:00,988.58,U31,SUCCESS,085028221718,c7fed9a3-7a40-4e86-93c5-e6c2d1d0c8b5,razorpay.dessert@timecosmos,payMerchant,Bernice_Ullrich@abfspay,N,7dcc41d36ce6eaf44b2adb80,5814
2024-09-02 00:00:00,921.24,U67,SUCCESS,211682231384,1dd68183-5e49-4a95-a48e-211f84d3dd7d,finopay.bulkstore@timecosmos,payMerchant,Micheal_Lebsack2@abfspay,N,582adf13c31df3dbf0aa8f9e,5411
2024-09-02 00:00:00,49.31,N,SUCCESS,384074234810,0815ebea-5cc8-4b8a-9786-4db888d598e9,razorpay.burger@timecosmos,PayMerchant,Otho84@rapl,N,80bdf64f7e5fa47ecad7be6f,5814
2024-09-02 00:00:00,349.15,U09,FAILURE,068995135051,428ea4cf-41cb-458a-ab86-8709ec8b1198,razorpay.vegetarian@timecosmos,PayMerchant,Cecil.Shanahan23@apl,N,75bcf9bee116da8ec38d260f,5814
2024-09-02 00:00:00,522.45,U67,SUCCESS,846937496336,468a0b93-db90-4df9-81c4-8816689fecc6,airpay.car@timecosmos,payMerchant,Odie27@oksbi,N,bae75e37dff4488dfeaa56c5,5816
2024-09-02 00:00:00,458.39,U67,FAILURE,455018417077,30781932-06b3-4d9e-b112-a300093cfbc4,razorpay.tacos@timecosmos,PayMerchant,Dee_Kertzmann89@abfspay,N,4fd7891db3819f2eb9719dee,5814
2024-09-02 00:00:00,708.30,U09,SUCCESS,813651111818,c37d9c92-42d0-4432-8db0-59da0115b0bd,razorpay.vegetarian@timecosmos,PayMerchant,Amelie70@axisb,N,ffbaf28e47eb42babbe38b32,5814
2024-09-02 00:00:00,40.74,U09,DEEMED,977265385635,4b6c3603-8e90-435d-8830-55d59919d1f3,jiopay.cable@timecosmos,Person,Okey_Mertz6@apl,N,346c1ad8c9ff8cccdbfc5ffb,4814
2024-09-02 00:00:00,529.79,U78,FAILURE,120184561216,10bf056b-2416-4e0b-a946-f95af8d5ee55,jiopay.wireless@timecosmos,Person,Ellen_Mante49@axisb,N,90e2b96efcfed873c52b0b59,4814
2024-09-02 00:00:00,664.37,U09,FAILURE,608923364012,31b4677b-27ce-4c47-8c9c-c10ae974e2c8,jiopay.fiber@timecosmos,payMerchant,Dillon73@yesg,N,bb7d56a0e6e52ec439fc1be5,4814
2024-09-02 00:00:00,795.08,U67,FAILURE,330169154044,0933c2f4-37cb-4ba1-87ee-6af7126b5d21,tripay.escape@timecosmos,PayMerchant,Carmela.Roob25@apl,N,8ebb4cfcd827cedabdc46fd5,4722
2024-09-02 00:00:00,228.71,U78,DEEMED,089082975861,b9f6f5cc-335c-4a14-a2b6-e50220f194e9,airpay.helmet@timecosmos,Person,Jacynthe.Strosin@oksbi,N,a80e480de106b3ba7fb5bfa8,5816
2024-09-02 00:00:00,21.23,U30,SUCCESS,712568453589,c46dc99a-7667-4d12-8b14-b37ce0d0db98,razorpay.dessert@timecosmos,payMerchant,Daron56@rapl,N,eb66e949bed6071f226ea4c2,5814
2024-09-02 00:00:00,402.85,U31,DEEMED,973062844128,1e1b74ed-cef9-495b-ab8f-912b11cf6fe4,jiopay.fiber@timecosmos,Person,Lydia68@idfcbank,N,e63b36f91d012f7fafa013fb,4814
2024-09-02 00:00:00,424.63,U78,FAILURE,826466818667,5d239cc3-b278-48f5-93e7-fa08eb5c2ac1,razorpay.pizza@timecosmos,PayMerchant,Catharine_Ondricka@abfspay,N,cf80f6b21cca29fabfccafcd,5814
2024-09-02 00:00:00,149.04,U67,FAILURE,891247931299,4dcba8a6-7797-40b4-980e-2eaf33f90074,tripay.adventure@timecosmos,Person,Dallin.Wolf@idfcbank,N,e7c24d7feb6c22eeff8b2ef6,4722
2024-09-02 00:00:00,114.11,U78,DEEMED,445365955412,8ba1167b-48fe-4972-88cf-d5d8b1df5cb9,finopay.bulkstore@timecosmos,PayMerchant,Malvina23@axisb,N,469c2b16acaacd70fcd8d0ac,5411
2024-09-02 00:00:00,425.58,U78,SUCCESS,913951303629,b0f9052f-3b88-47bc-bfdf-86e216d40751,tripay.globetrot@timecosmos,PayMerchant,Lelia78@fkaxis,N,bce51c9a37d495dae2410048,4722
2024-09-02 00:00:00,881.82,U31,DEEMED,843971528143,fafd5cd1-cb5f-48ea-84e4-f5350d42c54a,jiopay.wireless@timecosmos,PayMerchant,Roy95@okicici,N,3069fde058dc2aa1b2cffb73,4814
2024-09-02 00:00:00,133.80,N,DEEMED,231002910130,37233712-c7d2-49e5-a5a9-9a6a4151b5fa,razorpay.vegetarian@timecosmos,Person,Milo39@okhdfcbank,N,1ac625da3bb2786d7c608f7c,5814
2024-09-02 00:00:00,347.47,U09,FAILURE,848941333397,5846fd05-ae4f-4782-8b7c-80a6201622cb,finopay.freshmart@timecosmos,Person,Gerry42@abfspay,N,3c81c5e6433fe9d2fc4d258f,5411
2024-09-02 00:00:00,213.07,U31,FAILURE,004065653349,642a667a-e1a7-4522-8c0d-3b14f3f6df0c,jiopay.wireless@timecosmos,payMerchant,Karianne.Jacobi90@icici,N,7b7bf97458baee5bdbefc27c,4814
2024-09-02 00:00:00,242.27,U30,SUCCESS,616012650254,ed8762b5-65bd-4314-a145-e47234462a04,razorpay.vegetarian@timecosmos,payMerchant,Earline.Blick@idfcbank,N,3ecc25cbc6d36affe7ec10ba,5814
2024-09-02 00:00:00,426.02,U09,DEEMED,099270126663,71ae2bf3-95ef-4e91-b3a1-193b498531bb,airpay.truck@timecosmos,Person,Brennan49@axisb,N,4ad3d3fac1d4c64933c63687,5816
2024-09-02 00:00:00,605.24,U30,SUCCESS,405267940044,437433b5-e13e-4778-951a-9f1db06180db,jiopay.broadband@timecosmos,payMerchant,Americo99@apl,N,306399d870e9f63e4fa99ff0,4814
2024-09-02 00:00:00,75.27,N,DEEMED,416099605102,9a65fa42-588a-4354-a249-2075a11936ab,finopay.foodland@timecosmos,PayMerchant,Orie.Legros@apl,N,e2306ed18c9476bcffed0783,5411
2024-09-02 00:00:00,600.45,U67,SUCCESS,549381994952,7fdc7099-a050-4c21-8a5a-730a02b2d740,razorpay.soup@timecosmos,Person,Johnnie_Breitenberg61@abfspay,N,9af14fd18cf089e1fd9fedba,5814
2024-09-02 00:00:00,604.93,U78,SUCCESS,539591787000,d99ea158-6098-48ab-ba26-d62037876979,finopay.organic@timecosmos,Person,Gabe.Stroman@idfcbank,N,b54fbb0ddcee561b1bc7b406,5411
2024-09-02 00:00:00,233.04,U09,FAILURE,818019917863,15fcf110-63a6-4406-904d-ae14a9adc290,razorpay.pizza@timecosmos,Person,Kiley13@ybl,N,fcacfd66724c2271cb3c49b9,5814
2024-09-02 00:00:00,121.43,U30,FAILURE,089881602058,23870fea-7870-452b-ac93-e06caa1494c7,tripay.tour@timecosmos,payMerchant,Arnulfo_Kub40@oksbi,N,94db6dc98eddf4cdef6de0c6,4722
2024-09-02 00:00:00,447.05,U31,SUCCESS,566269814816,779339a0-4d52-47e5-a922-04d05f0e060e,finopay.town@timecosmos,PayMerchant,Dorthy_Thompson@paytm,N,ca6ce3ff19dc31d2da3b7a4e,5411
2024-09-02 00:00:00,718.67,S96,FAILURE,708837650591,af7f23b0-8000-48b9-a1af-1d1f34be023c,jiopay.broadband@timecosmos,Person,Jared_Sauer@paytm,N,2fc330c6f36afcc7baee5ed6,4814
2024-09-02 00:00:00,883.92,U30,SUCCESS,741808807786,30719901-5a0f-4a8a-9ea8-f3d1f972bf3d,finopay.greenbasket@timecosmos,Person,Cydney_Treutel@oksbi,N,168b99c53f83bdb252ca5acd,5411
2024-09-02 00:00:00,470.64,N,FAILURE,812223685372,f03be258-af9c-452f-94e3-43f80479deda,finopay.greenbasket@timecosmos,PayMerchant,Obie.Mueller@rapl,N,7fc2aca776ffe7dda8171bcb,5411
2024-09-02 00:00:00,512.30,U30,DEEMED,816393085245,8d4e5fac-566d-4a8a-af31-da440d1659e0,tripay.escape@timecosmos,payMerchant,Dayna66@okicici,N,60d6e2d48accec3da3d30cfa,4722
2024-09-02 00:00:00,136.04,U09,DEEMED,197461820165,7620e691-afee-45c2-a87b-40ea115813c2,razorpay.sushi@timecosmos,PayMerchant,Gaetano.Smitham@axisb,N,b02726db7b0e4a4014fd1fd1,5814
2024-09-02 00:00:00,697.38,U30,SUCCESS,314294538903,f6fa2bec-e48f-4b8e-9a4b-38946f236737,airpay.drone@timecosmos,payMerchant,Ron_Swaniawski31@icici,N,e81e01c5b0f9616a89cc1f2d,5816
2024-09-02 00:00:00,915.04,U31,FAILURE,945001175990,684d7026-1dfe-4211-90ca-4c0fd02b3993,jiopay.voip@timecosmos,Person,Hayden.Schroeder14@paytm,N,e299f8dca1afbb868ce5d4eb,4814
2024-09-02 00:00:00,371.43,U78,FAILURE,826147695732,4284590b-3e9c-4a6f-9d6b-bc15fc03f6d9,razorpay.steak@timecosmos,PayMerchant,Payton_Langworth72@timecosmos,N,ceed25bd6faaa57fc0e0bee8,5814
2024-09-02 00:00:00,130.78,S96,SUCCESS,526161965466,7a61b1ca-3ccb-4750-9959-826b3ab9b9c4,razorpay.pasta@timecosmos,payMerchant,Makenna.Schamberger@apl,N,3aa4dddedef5f0ce2f744696,5814
2024-09-02 00:00:00,520.54,S96,FAILURE,691216737536,6f2caa59-d493-4815-bcec-f21e0bc098d1,razorpay.soup@timecosmos,Person,Alysha_Renner@ybl,N,bcd82f56c8871dd94f638874,5814
2024-09-02 00:00:00,872.32,S96,SUCCESS,734087104275,cd0c9bd3-d356-483b-b11d-e347355dfbf4,razorpay.tacos@timecosmos,PayMerchant,Drake60@fkaxis,N,6ff5ce1a45c28cd789ba597d,5814
2024-09-02 00:00:00,127.83,U09,FAILURE,666234090073,19336d6d-b75e-4c88-b13c-b7b126600920,razorpay.tacos@timecosmos,PayMerchant,Ricardo.Hartmann25@oksbi,N,ebf29cf9f37802cbdb21fcc4,5814
2024-09-02 00:00:00,933.69,U67,SUCCESS,944732157758,98ffd1e8-89e2-4944-b174-02abcad3299a,jiopay.convergence@timecosmos,PayMerchant,Mac.Luettgen38@fkaxis,N,bd3ce81be28fc91a4b3fbedd,4814
2024-09-02 00:00:00,545.04,U30,FAILURE,062254927539,7efdf346-50c5-4fe8-a667-b9e3a93f0743,airpay.helmet@timecosmos,Person,Lindsay_Beatty@axisb,N,8dbbfb5ddea2a7a638ca5ccc,5816
2024-09-02 00:00:00,743.45,U30,DEEMED,930636680525,a2203229-deb5-4902-a553-cab17a928231,airpay.car@timecosmos,Person,Derrick.Mohr@idfcbank,N,8ac4cf525469c292f0def43c,5816
2024-09-02 00:00:00,429.32,S96,SUCCESS,779551570620,7f1903f0-4258-447a-b719-ca1d21cc660c,tripay.wander@timecosmos,Person,Adrain25@okaxis,N,dd2b520b3074a7dfa1d01b9f,4722
2024-09-02 00:00:00,604.45,N,FAILURE,803066796926,2ac58986-0036-4e8c-97d9-c7072a49d864,razorpay.tacos@timecosmos,PayMerchant,Emma.OConner72@axl,N,82dfffe1bfd90f618cbac539,5814
2024-09-02 00:00:00,384.11,U09,SUCCESS,178694897156,89b2d6f6-7950-47f5-9fa0-086984f69d94,finopay.corner@timecosmos,payMerchant,Stan.Wunsch@axisb,N,59fdbffc2aee6fa93d7edde7,5411
2024-09-02 00:00:00,558.41,U31,SUCCESS,901383632717,35f75d41-0377-42df-a8f7-bc56820bd7e3,finopay.corner@timecosmos,PayMerchant,Daphnee80@paytm,N,0ff03911ccbea497f70d5ad9,5411
2024-09-02 00:00:00,542.63,U09,FAILURE,248568450078,f8b2effd-92a2-4bc5-b630-d233f5130647,finopay.town@timecosmos,payMerchant,Julien_Wehner67@okicici,N,d800e7a03bd3a7cacffc1fec,5411
2024-09-02 00:00:00,824.17,U30,FAILURE,903528547697,2cac0bee-4585-4020-9312-6d9a2d81aee8,tripay.wander@timecosmos,payMerchant,Carlotta_Zieme@paytm,N,b63faaf28b7aa0a330eb938f,4722
2024-09-02 00:00:00,352.55,N,SUCCESS,386034184682,c9f9820f-ce45-4256-9533-9a88a5e1d905,jiopay.mobile@timecosmos,PayMerchant,Zoe_Torphy18@yapl,N,c21fedccba618daafd2d1fd9,4814
2024-09-02 00:00:00,127.28,U78,FAILURE,472274070044,4094598f-82dd-4fda-ab97-3a4f36e8e951,razorpay.dessert@timecosmos,PayMerchant,Imani.Bins88@timecosmos,N,2f9b3b1121d5f94fc5e06edb,5814
2024-09-02 00:00:00,830.59,U78,FAILURE,093823219404,ba51d5ae-350e-474b-bae3-874bb8cdfcec,airpay.scooter@timecosmos,PayMerchant,Isadore.Turcotte88@okaxis,N,be4fa8a0f2db49ca74cc416d,5816
2024-09-02 00:00:00,655.65,U78,SUCCESS,253864978429,e732d855-6d3b-47bf-b7d2-0aabf57ffe3f,jiopay.wireless@timecosmos,PayMerchant,Dax81@paytm,N,5b09fcf2bdafeaaca1bd47dd,4814
2024-09-02 00:00:00,80.44,U31,SUCCESS,018247347929,6d556d78-dc06-4cd5-b5b8-b27a9d3414f2,finopay.organic@timecosmos,payMerchant,Lillian.Jaskolski@paytm,N,df3a91fb10b7f5af65de1f84,5411
2024-09-02 00:00:00,295.94,U78,FAILURE,510933569276,1ff3e2ef-c520-41e5-9220-e15196f5bffb,tripay.vacation@timecosmos,Person,Antonio.Kessler@axisb,N,9cef4caae8e976cfedebe107,4722
2024-09-02 00:00:00,748.20,U30,SUCCESS,942382524431,3f2f7842-b0d4-43b3-ab32-b1345ae4eb26,airpay.robot@timecosmos,Person,Courtney_Lesch80@idfcbank,N,fb3f8bf9c69b60befdeafe52,5816
2024-09-02 00:00:00,459.56,U31,SUCCESS,331270012670,f3f4b684-94b1-441d-b5bd-43b890b966ce,jiopay.fiber@timecosmos,PayMerchant,Jeremie.Rau17@ybl,N,dc7a78a0baee51a0f90f45ae,4814
2024-09-02 00:00:00,302.36,U30,FAILURE,029048236780,1d6062db-9370-412c-a88c-76bfa667df2b,tripay.adventure@timecosmos,Person,Fabian42@oksbi,N,7bdb52c7c8eb6bb76d972c76,4722
2024-09-02 00:00:00,603.41,N,SUCCESS,102584331424,44041e5d-e60c-4dc9-af9b-c170632aa1a9,razorpay.pasta@timecosmos,PayMerchant,Robert_Koepp45@yesg,N,a8e1eac4ddb5cbd8b519bbaa,5814
2024-09-02 00:00:00,924.89,U09,SUCCESS,015833248641,b6c03076-18cb-43ea-b29d-018a01436469,finopay.greenbasket@timecosmos,Person,Anna.Abbott10@yesg,N,e745fe7ecffaaf636cac8fff,5411
2024-09-02 00:00:00,435.97,U31,DEEMED,349544269274,8ea7347a-273a-4cf1-a355-e41e3170030d,finopay.town@timecosmos,Person,Quinten.Welch@yesg,N,16dfc8fc2b5bef6ccbcf7a35,5411
2024-09-02 00:00:00,963.39,U31,SUCCESS,887218276634,90f4cd6d-1cd1-4239-a008-22ba2d4809a4,jiopay.satellite@timecosmos,PayMerchant,Larue4@fkaxis,N,abbcdf8cb268ca3b5aa645ff,4814
2024-09-02 00:00:00,849.63,U31,SUCCESS,305140444981,6a7e9975-ef43-440d-bcce-b9414e54b18b,finopay.organic@timecosmos,PayMerchant,Flavio.OKeefe@axl,N,2c0fc6b5af5b3e1cb8beac4c,5411
2024-09-02 00:00:00,331.40,U09,FAILURE,718885597605,7fc0f559-07fa-4cee-889b-05c175fa8c08,finopay.bulkstore@timecosmos,payMerchant,Jane_Dooley@axl,N,9ffbfa98a3b1937383defaf0,5411
2024-09-02 00:00:00,971.29,U67,SUCCESS,729403555195,d20f1b58-83e0-41ad-9f34-ef5da986a28b,finopay.foodland@timecosmos,Person,Edwardo.Jones@rapl,N,e8fdef96548b80fd39e26d0f,5411
2024-09-02 00:00:00,264.07,U67,FAILURE,245920370549,4caa1010-5ddb-4708-91ba-c67122743e6c,finopay.marketplace@timecosmos,payMerchant,Allen_Kuvalis59@yesg,N,2fcaa3b168bc6ae1ccbd3ec9,5411
2024-09-02 00:00:00,461.82,U31,SUCCESS,718225565020,1acc846e-3757-46d5-b24d-06aab5ca1e7c,jiopay.convergence@timecosmos,PayMerchant,Aurore_Macejkovic-DuBuque@rapl,N,7debef0ea3bead9f80f9c5e7,4814
2024-09-02 00:00:00,809.08,N,SUCCESS,779675575457,e614d0f0-f04e-48f4-9fcc-f05c698c05f0,airpay.truck@timecosmos,PayMerchant,Jayde26@axisb,N,bef0d0b3fd86fef7aeec8bba,5816
2024-09-02 00:00:00,88.62,S96,DEEMED,972180071460,3f3c9764-9a66-4fa9-9b68-79ba5caf71c6,tripay.wander@timecosmos,Person,Shad.Sawayn@yapl,N,46caf7eae5159dfec78a8d98,4722
2024-09-02 00:00:00,238.83,S96,FAILURE,192230384458,8276efba-50ca-489c-82b5-9b4fd390af50,finopay.corner@timecosmos,PayMerchant,Trey16@okhdfcbank,N,0ee66fadb3883cbcab2d1f11,5411
2024-09-02 00:00:00,303.04,U31,FAILURE,751206925550,4724a38f-f97f-426f-8e77-02b51823cb00,jiopay.data@timecosmos,PayMerchant,Giovani77@paytm,N,ead21db2bc6b22bc4f4bb8d1,4814
2024-09-02 00:00:00,879.13,U30,DEEMED,620038195379,7730d8db-2b4a-45f0-a31a-b72e452c2b0c,airpay.scooter@timecosmos,PayMerchant,Leanna_Blick@okicici,N,d26afb0c2787b4ff5098da99,5816
2024-09-02 00:00:00,51.84,U78,FAILURE,436790763908,ac379b4e-63a0-4479-8fe4-33cc775c85c9,airpay.helmet@timecosmos,payMerchant,Jermain40@okicici,N,de9ceee3f2f6ceaae4a159e3,5816
2024-09-02 00:00:00,743.25,U30,SUCCESS,723956421324,ac82dc88-a202-44e2-82d0-328e12b35fd5,jiopay.internet@timecosmos,payMerchant,Osvaldo_Corwin@abfspay,N,e39cae4736ab29641f3abd2c,4814
2024-09-02 00:00:00,308.08,U30,FAILURE,238195428692,26d30093-4091-40db-a3ed-90db5f5beab5,razorpay.sushi@timecosmos,payMerchant,Iliana_Vandervort@axl,N,dcea1d6f67dc682bcebe79c1,5814
2024-09-02 00:00:00,120.23,U30,SUCCESS,986905580487,82e5b19c-dd52-4b03-8733-a58c94391ec6,finopay.marketplace@timecosmos,PayMerchant,Katelynn.Emmerich67@okhdfcbank,N,c85fd0e67bf2bd63ca72a4d6,5411
2024-09-02 00:00:00,864.56,U67,SUCCESS,482745772243,129af499-68ce-44c3-81e4-6f47477abe50,razorpay.sushi@timecosmos,payMerchant,Kole.Carroll@yapl,N,7df49a8699ca60efe277a4e4,5814
2024-09-02 00:00:00,472.68,U30,FAILURE,355156727009,74f569d8-5a70-4e9b-9fdc-4a2b0f822eac,razorpay.vegetarian@timecosmos,PayMerchant,Maybelle49@okhdfcbank,N,8bff1c5c4d00fa0f698bbb87,5814
2024-09-02 00:00:00,441.28,U78,SUCCESS,669926531071,09adad57-9e7b-4112-88fd-6254ccde4dc3,jiopay.data@timecosmos,Person,Modesto69@okhdfcbank,N,c131ffba3b13b3b49aceaee6,4814
2024-09-02 00:00:00,709.40,U31,SUCCESS,060751424060,4018bc5d-94ff-4614-8ed2-357e41a3d3c5,finopay.foodland@timecosmos,PayMerchant,Angelita_Moen12@timecosmos,N,fe230a543ef9db35ff21abd6,5411
2024-09-02 00:00:00,67.86,N,DEEMED,825925916392,0b8417ab-7b31-4f07-b6d6-fc48bf70dd50,finopay.town@timecosmos,payMerchant,Nils6@ybl,N,c6f6edcda0182f6d176ec9cf,5411
2024-09-02 00:00:00,586.32,U30,DEEMED,105349904704,e079e51f-f73a-49f0-8cd8-d5a1dcd57e22,jiopay.broadband@timecosmos,payMerchant,Dena.Bosco@okaxis,N,06fba5b3baba1bfcccbbb2c8,4814
2024-09-02 00:00:00,917.12,U09,SUCCESS,901870593699,62051210-f686-4de1-96e0-8fa7c38dde28,airpay.scooter@timecosmos,payMerchant,Kaitlyn.Prohaska88@rapl,N,adeccc573b5a3f8debcf04cd,5816
2024-09-02 00:00:00,948.10,N,DEEMED,331044259013,533837fe-6959-4524-afae-c0f0bb8be15e,finopay.town@timecosmos,payMerchant,Tatyana.Goodwin73@idfcbank,N,5e8acbdd36117fee5ffaebc2,5411
2024-09-02 00:00:00,987.76,U78,DEEMED,788563033333,46f2405d-9bd9-4821-a9ac-023d8e99b0d9,razorpay.pizza@timecosmos,payMerchant,Madisen.Haag59@abfspay,N,af43102eebcadfe7f693c7fe,5814
2024-09-02 00:00:00,917.00,U31,FAILURE,389473969378,7ca44ed2-1bd3-4ff8-ae7b-8512708e9f39,tripay.expedition@timecosmos,payMerchant,Francis53@paytm,N,8c948e6051aff7dd0d883ef4,4722
2024-09-02 00:00:00,292.97,N,SUCCESS,808826454307,f007a686-9a7a-4657-a233-d78afd343b8e,jiopay.internet@timecosmos,PayMerchant,Claude4@okicici,N,d1ce6e2b6e2f10fcd8d61a61,4814
2024-09-02 00:00:00,640.95,U30,SUCCESS,681260845942,b2583f06-5438-4c6e-899e-cd19133541bc,finopay.dailygrocer@timecosmos,PayMerchant,Deshawn.Conroy@yesg,N,ccf26984be8d6e3523dd0ceb,5411
2024-09-02 00:00:00,800.07,U30,SUCCESS,206464744861,39830f73-33a0-4643-b30e-4723e14ca6f4,finopay.bulkstore@timecosmos,payMerchant,Jaycee.Ullrich-Blanda@ybl,N,fb95eaf2c9df514bb9ecc9fa,5411
2024-09-02 00:00:00,806.32,U09,SUCCESS,760528447108,2ae36feb-a0da-4a84-a257-214417b3c919,finopay.dailygrocer@timecosmos,Person,Antonette_Langosh@fkaxis,N,48afde6afaecb81ada9e5eed,5411
2024-09-02 00:00:00,606.33,N,FAILURE,676208927548,74e2ebf2-608a-4b9d-ae13-d42acca14703,tripay.expedition@timecosmos,PayMerchant,Vida62@apl,N,bdaaebba75e6d3b371df2239,4722
2024-09-02 00:00:00,295.78,S96,SUCCESS,104081996765,9a4dfc39-3680-48a5-951e-00f645493941,airpay.boat@timecosmos,payMerchant,Jeffery_Rath@icici,N,ebd5a53d51c96ba07bed65da,5816
2024-09-02 00:00:00,665.09,U67,DEEMED,388110981206,75930d22-1b5e-4f4a-b358-7b418374d729,airpay.submarine@timecosmos,PayMerchant,Jabari.Grimes94@okaxis,N,5d371396d668249368ffdde4,5816
2024-09-02 00:00:00,960.07,N,SUCCESS,471997265813,12984546-0d82-4f8a-a482-ab1c24d90d51,airpay.drone@timecosmos,payMerchant,Shanel.Osinski@timecosmos,N,ce8a8ced7c422f72908b4ee3,5816
2024-09-02 00:00:00,828.58,U30,SUCCESS,296506086702,591eefab-6ac0-4fa0-a642-b86839abe0a3,finopay.marketplace@timecosmos,PayMerchant,Garrison.Schuster29@rapl,N,0a17cdcca13f7a0e6b978859,5411
2024-09-02 00:00:00,683.39,U30,SUCCESS,663825288879,e8028d30-c27b-49ef-b254-cd3cefdaa512,jiopay.voip@timecosmos,PayMerchant,Rogelio_Reichel@okaxis,N,291abf9df1087a30efa0ec75,4814
2024-09-02 00:00:00,363.62,U30,FAILURE,345700148892,23dc1ce2-02ec-4048-a2a4-383bce95385b,airpay.airplane@timecosmos,PayMerchant,Stephon_Hamill23@ybl,N,f2f17aceaa6ad5eb4eed023a,5816
2024-09-02 00:00:00,411.03,U67,DEEMED,570890933700,187a9cc4-14fd-41d6-9e27-1db9292bf976,airpay.scooter@timecosmos,Person,Leanne73@timecosmos,N,a63ccfcea28eea2c2817bf27,5816
2024-09-02 00:00:00,7.09,S96,DEEMED,902677776748,3996bbf9-bdc9-4be2-940c-3c353a05e939,razorpay.pasta@timecosmos,payMerchant,Deanna21@idfcbank,N,237eadfdab4cccbbfa3c7fc3,5814
2024-09-02 00:00:00,667.46,U31,SUCCESS,354196942024,32816d22-6dd3-4f67-a14f-2b7707ba5760,finopay.bulkstore@timecosmos,Person,Trevor.Adams88@okhdfcbank,N,fdbca696b59bc7cad9e0e9ce,5411
2024-09-02 00:00:00,948.38,U67,SUCCESS,356971685764,f793223d-0bf6-4a48-ba3f-bc9a93ac1dfe,razorpay.salad@timecosmos,payMerchant,Wallace63@rapl,N,48ad366fee48cfcdeed298a9,5814
2024-09-02 00:00:00,215.71,U67,FAILURE,566496084727,dc813371-fd67-4b5c-8215-9ffc163ef229,airpay.robot@timecosmos,Person,Finn39@axl,N,39aee9d1bb07cf8146a0dc8d,5816
2024-09-02 00:00:00,101.69,U30,FAILURE,949853693050,779fa175-a336-4876-b423-189de04532b2,razorpay.sushi@timecosmos,payMerchant,Camila.Powlowski@axisb,N,ca61635fecf3bfe49c66c4b0,5814
2024-09-02 00:00:00,992.74,N,DEEMED,599221712200,c74829c3-2df4-4608-b15c-f84f10763935,razorpay.dessert@timecosmos,Person,Jabari.Gusikowski@timecosmos,N,c876dccaca50faafa34e5f7a,5814
2024-09-02 00:00:00,653.50,S96,DEEMED,247859912676,ace92d2e-544b-4308-a7f5-1c0799388faa,finopay.freshmart@timecosmos,Person,Daphney.Homenick@yapl,N,50e9dfdb1b738e02f93f13b8,5411
2024-09-02 00:00:00,687.34,U78,SUCCESS,839570546210,96677d2f-fa97-4a5c-b46d-5f3920c9a6c5,airpay.airplane@timecosmos,PayMerchant,Bette_Kemmer@apl,N,eaae2a46558b2e3d4afd3bcf,5816
2024-09-02 00:00:00,829.13,N,DEEMED,544632872257,ac758e4f-0231-46a2-aaa5-03d1d6199ae6,airpay.car@timecosmos,Person,Mya94@abfspay,N,e3f4a51fcb901fbad35f3a6d,5816
2024-09-02 00:00:00,979.48,U31,DEEMED,839430525326,23f43e28-fbcd-44a8-97f1-2f446545ba73,jiopay.voip@timecosmos,PayMerchant,Charley.Ryan56@rapl,N,11f3c74951b28eeaafc9d0e0,4814
2024-09-02 00:00:00,713.82,U30,SUCCESS,727421818335,72bfbb55-2a6d-46d6-bfdc-4c2823b5d706,airpay.drone@timecosmos,Person,Bridgette.Hilll86@timecosmos,N,f0ece05ddefb0de02a6aacbb,5816
2024-09-02 00:00:00,733.94,U09,FAILURE,564957172894,4335c5ca-815f-407e-b319-61440e8424ca,finopay.marketplace@timecosmos,payMerchant,Evert.Satterfield@fkaxis,N,2ca4d4baefd1acddb2fd2fe9,5411
2024-09-02 00:00:00,119.25,U78,SUCCESS,391215028216,c1c14cb3-73aa-483f-b7ea-096a88767679,tripay.expedition@timecosmos,payMerchant,Uriah77@paytm,N,828db9d583586b18f8ed67cc,4722
2024-09-02 00:00:00,865.64,U78,SUCCESS,913029316835,c04a4971-b0de-4fd3-a4e6-8d13be1ad01e,airpay.helmet@timecosmos,PayMerchant,Annette_Pacocha35@abfspay,N,c4ddbdf3cecd8d7ede9a78da,5816
2024-09-02 00:00:00,237.91,U78,DEEMED,154627584394,f60bb00b-6d78-47fc-9183-c743c87d9bd4,tripay.vacation@timecosmos,Person,Sunny36@icici,N,207e04d5e776b06c8dbbbc1d,4722
2024-09-02 00:00:00,391.17,U67,SUCCESS,594055802396,855040ae-0e03-4033-bcde-872b1cf10b4d,razorpay.salad@timecosmos,payMerchant,Kay60@idfcbank,N,a3ac5f47babb981cdced84b4,5814
2024-09-02 00:00:00,189.39,N,FAILURE,263533500596,b26ddb2e-6396-4a35-9b62-e0fe3b73cf3d,tripay.adventure@timecosmos,payMerchant,Rosanna29@axl,N,daf2ea7c11aacaa4951daae1,4722
2024-09-02 00:00:00,395.50,U67,SUCCESS,215044449209,57671bbe-c005-4898-87a3-3630cf73715e,finopay.corner@timecosmos,Person,Jevon68@apl,N,44caa37f351075b80fbcb8cc,5411
2024-09-02 00:00:00,96.13,N,SUCCESS,336723122750,dac8aa9b-b162-4047-9aff-5ab99ac79348,tripay.getaway@timecosmos,Person,Maddison_Emmerich@abfspay,N,fdbb599bfa3b2bf80c30fe76,4722
2024-09-02 00:00:00,463.38,U09,DEEMED,068102366181,228d51de-0751-4e5e-a951-f2b3bad3ec55,jiopay.fiber@timecosmos,PayMerchant,Julius_Donnelly44@icici,N,7a8aa67cf5b4124f8ff2fefd,4814
2024-09-02 00:00:00,522.42,U09,DEEMED,599653625457,1b8f324f-980c-4d23-bf46-db2cab061d2d,tripay.destinations@timecosmos,Person,Vivien20@axisb,N,cd418d4cc1cffacfbdeafbee,4722
2024-09-02 00:00:00,92.78,U09,FAILURE,718563364148,489bcdea-b8dc-425c-9bea-42eebfdd7d00,airpay.submarine@timecosmos,PayMerchant,Giles.Gutkowski44@abfspay,N,f96b80efcfe7ec28bddbedb8,5816
2024-09-02 00:00:00,630.55,U09,DEEMED,524182489362,8b8fac24-5575-4294-9e96-7f5e6c1a815f,tripay.expedition@timecosmos,Person,Dana.Kozey@ybl,N,23dcd3dae0bfa8cd46eaf08a,4722
2024-09-02 00:00:00,688.10,N,SUCCESS,337209375886,4dfd8d38-1c5e-4b78-b6b1-aa5ce16fe1db,jiopay.wireless@timecosmos,PayMerchant,Millie_Prohaska@axisb,N,8bd1e57fe92fafc7c0b639f7,4814
2024-09-02 00:00:00,13.56,S96,FAILURE,512847342697,76c1d443-3662-4269-8707-df46c5a9a421,finopay.corner@timecosmos,Person,Elyse_Harris@timecosmos,N,eb51fbbf7d05fb1bc318ba2e,5411
2024-09-02 00:00:00,744.46,U78,DEEMED,118970390754,e6df4bab-fe62-4066-8248-66aedf156c2c,jiopay.cable@timecosmos,payMerchant,Tracy_Marks@idfcbank,N,d701acb01b9e7a7904e74030,4814
2024-09-02 00:00:00,793.45,U30,DEEMED,419013257665,99004670-bf1f-48e3-97ab-3261087d0a14,razorpay.dessert@timecosmos,PayMerchant,Juanita.Bernhard23@yapl,N,d5c16cbc3b0ec5fbaa17eee4,5814
2024-09-02 00:00:00,700.28,S96,SUCCESS,705904871080,604bb14e-c0ec-4587-88b8-df7ed4658746,airpay.bike@timecosmos,payMerchant,Anita2@yesg,N,fabeadfce7efbaff78263b54,5816
2024-09-02 00:00:00,154.65,S96,FAILURE,116826158941,44eee94f-9589-45d4-a7a2-5249e7fde364,finopay.town@timecosmos,Person,Cassandre.Waelchi@timecosmos,N,efbdb9fb4ade729affcfa0c0,5411
2024-09-02 00:00:00,498.31,N,FAILURE,656626357227,7218bd6c-90bb-4c37-be91-000cfba64968,tripay.expedition@timecosmos,payMerchant,George33@rapl,N,fae63026adac3ad63507e047,4722
2024-09-02 00:00:00,746.86,S96,SUCCESS,006909396570,273695ac-3581-477d-8edb-61cb5964c677,airpay.boat@timecosmos,payMerchant,Domenick.Ruecker54@ybl,N,3c7dee813cf9dabbfa00cc57,5816
2024-09-02 00:00:00,970.04,U31,FAILURE,501002225508,327d221c-206f-42c3-a7f7-549e2faea519,finopay.foodland@timecosmos,Person,Marlen_Bernhard5@abfspay,N,25da9ce2d6dbec098ff00a00,5411
2024-09-02 00:00:00,940.06,U09,SUCCESS,142828027000,9677ff2b-5290-4457-b8ce-e61c1bfc683d,tripay.getaway@timecosmos,PayMerchant,Viola_Abbott80@rapl,N,2ffaed4bc219e5f3e6ddc5cf,4722
2024-09-02 00:00:00,878.97,U78,SUCCESS,034601937732,260d5519-b9c8-42cd-98cc-8180d1762555,jiopay.internet@timecosmos,payMerchant,Coy43@yapl,N,793b92fcbeef8f8ecaace3cb,4814
2024-09-02 00:00:00,842.50,U67,FAILURE,890632754372,63ec9846-7e36-495d-99b8-fc5414162387,tripay.destinations@timecosmos,PayMerchant,Jody_Tromp@ybl,N,cefb820e09dc64e04cfb6e43,4722
2024-09-02 00:00:00,102.84,U31,SUCCESS,254811076711,367f0092-97cc-43a4-ba9a-d6c0ae3eee97,jiopay.cable@timecosmos,payMerchant,Destini.Hauck66@axl,N,c77dc88bce2641b85dfef965,4814
2024-09-02 00:00:00,503.11,U09,DEEMED,296729480104,cf7e0d8e-f38d-4dc9-86d5-ce032ae7b38e,razorpay.tacos@timecosmos,PayMerchant,Sanford.Wolff@abfspay,N,a9fe0165ababeeae82b5bc6e,5814
2024-09-02 00:00:00,839.38,S96,FAILURE,492639948217,91dc3b2a-1fa7-47da-81b0-8da54286ace5,airpay.robot@timecosmos,PayMerchant,Clay.Daniel64@fkaxis,N,bcb5fffcde5f0242ddee1bf5,5816
2024-09-02 00:00:00,937.37,U67,FAILURE,491396083931,e676dbb6-adc8-43ec-8eb3-c13f67b1aec8,razorpay.pizza@timecosmos,PayMerchant,Brooklyn.Koepp91@rapl,N,9fd679c2ffff06c1fae32ccf,5814
2024-09-02 00:00:00,777.07,U31,SUCCESS,966373046578,f19079b9-1005-4492-ba8d-efe314110c2a,tripay.adventure@timecosmos,payMerchant,Leda49@yesg,N,936aad4cad7df0cfd8decbb4,4722
2024-09-02 00:00:00,227.54,U30,SUCCESS,054696182359,7c15e192-faca-4620-a8ad-a46d74408b32,tripay.vacation@timecosmos,payMerchant,Erika_Pollich97@abfspay,N,13eff7d5b23f1eed6ed49dce,4722
2024-09-02 00:00:00,788.84,U67,FAILURE,681958445355,0dd06132-3583-417b-adc2-d399aa795674,tripay.expedition@timecosmos,PayMerchant,Hanna_Cremin91@ybl,N,eefbe07c983ddee240d3b3fa,4722
2024-09-02 00:00:00,156.48,N,SUCCESS,923314846218,f7a41b92-add5-4e0b-8ec2-256df8aca299,airpay.helmet@timecosmos,PayMerchant,Ramon.Bernhard-Pouros@rapl,N,06db4dd32abea3158dc9a98c,5816
2024-09-02 00:00:00,554.41,U78,SUCCESS,882862837404,919edbab-f1d9-4dce-afde-969e8e792060,jiopay.voip@timecosmos,payMerchant,Jamarcus_Sanford68@abfspay,N,a0ece18dbcfecc3c9c4feaaf,4814
2024-09-02 00:00:00,715.92,U31,FAILURE,248631664325,4c1e2e46-3470-4afe-9c9a-15d0200302d2,tripay.vacation@timecosmos,Person,Maureen.Heathcote51@axl,N,d718abaceadbf0c4e365fda4,4722
2024-09-02 00:00:00,60.05,U09,DEEMED,100498286226,0a26a41d-dfd8-4d53-8075-0adfba6378c3,razorpay.soup@timecosmos,payMerchant,Triston26@axl,N,0ffa77c58144dbc8ce3ccd5c,5814
2024-09-02 00:00:00,164.61,U78,SUCCESS,462909516389,4584340a-a519-4c06-be71-c2cd318d1e25,airpay.helmet@timecosmos,Person,Genoveva.Rosenbaum8@icici,N,ef9bbb8a757bd1e9cec5fbdf,5816
2024-09-02 00:00:00,934.26,U30,SUCCESS,705191126611,f95746f1-504e-43ed-ba77-a46456960492,airpay.drone@timecosmos,PayMerchant,Modesta_Klein@abfspay,N,8026d90cd810fccb85c13dd8,5816
2024-09-02 00:00:00,505.21,U67,SUCCESS,072738819184,37e28054-ed80-4d10-85d7-7d92a2fd49c1,finopay.freshmart@timecosmos,PayMerchant,Vincenzo69@idfcbank,N,d921da13faae2dccc1ca1c3a,5411
2024-09-02 00:00:00,173.30,U09,SUCCESS,624176041674,265e5fb2-bf0a-49b2-9e30-0570c2fc0ea1,finopay.town@timecosmos,Person,Dena_Glover@ybl,N,19484b798db408ac5b571404,5411
2024-09-02 00:00:00,776.33,U09,SUCCESS,609365407240,b0ab49bb-a95b-4043-bb08-6b4a1c6468fc,finopay.timecosmosrite@timecosmos,Person,Sydnee_Howe68@yesg,N,d2faa861f314f98f43cd1357,5411
2024-09-02 00:00:00,196.26,U30,SUCCESS,247012847992,5ae2852a-f927-40c6-b312-f9fab702cc6b,razorpay.steak@timecosmos,PayMerchant,Marisa.Schowalter15@oksbi,N,7fe1b0fabd0fcc9dd007ea0a,5814
2024-09-02 00:00:00,873.44,U78,FAILURE,576447545865,845a72dc-a9b8-4698-b4b7-b29ba0157333,airpay.truck@timecosmos,Person,Griffin_Ratke@idfcbank,N,d3e81ea223718eddd9b0e8fc,5816
2024-09-02 00:00:00,246.82,U31,FAILURE,073424732288,6a94080c-0add-4b83-b409-39e0da6e1c48,finopay.greenbasket@timecosmos,payMerchant,Michele.Maggio@okhdfcbank,N,7bee697faab99a83c8fa6d4c,5411
2024-09-02 00:00:00,984.80,U67,DEEMED,161780656620,cb6838f6-29ad-4cd7-9af1-89e731598cc2,tripay.expedition@timecosmos,Person,Ray_Considine@oksbi,N,caf3f1965ace3fa893a495cc,4722
2024-09-02 00:00:00,857.61,U30,DEEMED,873993790541,bba8a613-6737-46f9-bc6f-6f0604765340,tripay.vacation@timecosmos,Person,Magali.Cormier17@fkaxis,N,fe37a84c03c336e49511e2d7,4722
2024-09-02 00:00:00,125.94,U67,SUCCESS,087589825358,85a38485-135f-4da0-a335-f45450121239,jiopay.broadband@timecosmos,payMerchant,Rosalinda.Cronin@yapl,N,4cd74b00e5327d24edfa7173,4814
2024-09-02 00:00:00,498.26,S96,FAILURE,471244571702,a57adaf9-6159-4748-b2fa-07caad06f4ff,finopay.dailygrocer@timecosmos,payMerchant,Jayce.Bins35@apl,N,48a9fa8e5df97756bd5d4fcf,5411
2024-09-02 00:00:00,757.56,U78,FAILURE,352119352611,914c0c80-9569-4bdb-afa4-168ad97523d8,razorpay.dessert@timecosmos,PayMerchant,Damion.Corwin81@idfcbank,N,34cc99c6cab6efa9c0f6b4bc,5814
2024-09-02 00:00:00,933.10,U31,SUCCESS,434603244566,2b160d22-acc9-41a9-9048-8a3dba1ff492,airpay.boat@timecosmos,payMerchant,Vivianne.Collins@idfcbank,N,3aeefd0ef79ab8cfc0f127d3,5816
2024-09-02 00:00:00,263.26,U78,SUCCESS,377385804651,1e2d8dcd-723c-4157-9af6-3b0eb0fa3dfc,airpay.car@timecosmos,PayMerchant,Gerda3@okicici,N,c729fdf294a418e1183fce2e,5816
2024-09-02 00:00:00,298.15,U31,FAILURE,440630233491,b0910c78-24b3-4c8c-8c10-7ac4bf29d5ba,jiopay.cable@timecosmos,payMerchant,Mallory.Welch96@okaxis,N,b65e3fcaf3fdc077cb3922cf,4814
2024-09-02 00:00:00,63.16,N,FAILURE,780085974373,047c8126-7274-48e5-92ed-c91541297d6f,jiopay.fiber@timecosmos,PayMerchant,Tania58@timecosmos,N,f8057f3b41c659f0c44de35d,4814
2024-09-02 00:00:00,304.04,U09,DEEMED,388304137535,04f32f3b-dc89-492d-be99-9220f160a778,tripay.destinations@timecosmos,payMerchant,Hubert41@abfspay,N,586d558acf8bb0e8851b1bc0,4722
2024-09-02 00:00:00,975.30,U09,SUCCESS,217511757060,be3238f0-1a75-4a5f-9244-3f5e55a34813,jiopay.data@timecosmos,payMerchant,Janet.McKenzie@ybl,N,a38cdcffaec60e5e7088c8e5,4814
2024-09-02 00:00:00,883.79,U78,FAILURE,716739443029,ac7b0747-2966-447c-b4c1-3e0a856a4096,finopay.bulkstore@timecosmos,payMerchant,Kellen46@ybl,N,8c5e7d1adcccac1b11cdca5d,5411
2024-09-02 00:00:00,274.87,U78,FAILURE,704126325371,dd6636b4-8460-46d2-9fbb-7968a584ed88,airpay.car@timecosmos,Person,Sibyl_Dicki34@timecosmos,N,c3ea876a5cfdeeff0eccddff,5816
2024-09-02 00:00:00,53.95,N,FAILURE,907886983432,cdeb82c0-41cd-4721-bbd4-92d8e348f33b,jiopay.voip@timecosmos,Person,Summer.Medhurst@okicici,N,d0b2bc10d2a8aad4ada098c6,4814
2024-09-02 00:00:00,435.58,U78,DEEMED,556355883381,2b2c862e-c76a-4c49-a3e8-9b1df669ab17,razorpay.steak@timecosmos,PayMerchant,Madelyn_Towne@paytm,N,2eebefbd0d66e7a6bfd41a3c,5814
2024-09-02 00:00:00,135.36,U78,SUCCESS,596492078939,a2ddda55-cf62-4d32-8351-506bd9553851,finopay.greenbasket@timecosmos,Person,Aletha77@yapl,N,92e93689efe8b8daeb9acfab,5411
2024-09-02 00:00:00,810.02,U78,DEEMED,819535176602,c8c53e36-8407-4f28-be3f-8eaa04842838,razorpay.steak@timecosmos,PayMerchant,Grayson.Schuppe92@rapl,N,a49b57dd2bd2c4f56cafbe49,5814
2024-09-02 00:00:00,906.98,U31,FAILURE,495853240248,9562f542-6553-4cb5-8446-7c9044bd4393,airpay.robot@timecosmos,PayMerchant,Daron.Schaefer@abfspay,N,34e99ecdfed5fabfdb794cba,5816
2024-09-02 00:00:00,371.52,U30,SUCCESS,429205064167,c9f4db94-353d-4c3a-99fc-8be70f055848,jiopay.broadband@timecosmos,payMerchant,Alberto_Berge81@abfspay,N,0ff1c2e73930decdb5c5a45e,4814
2024-09-02 00:00:00,327.54,N,SUCCESS,997284072172,dd19a243-92d9-443f-bbe4-dce2a9ba2cdd,tripay.wander@timecosmos,Person,Kelsie_Treutel@yesg,N,0ba0ee6bb8fc1bc11c4dcdb3,4722
2024-09-02 00:00:00,375.75,U31,FAILURE,984491617592,a8b4f9e3-4a28-42f3-aa65-03d5ecbd37c6,airpay.scooter@timecosmos,PayMerchant,Fletcher57@ybl,N,77d7065df2a69e2f964c4cf9,5816
2024-09-02 00:00:00,921.09,N,FAILURE,150001636959,2e113421-362b-40fe-abce-2260e7916b74,finopay.dailygrocer@timecosmos,payMerchant,Graciela10@axisb,N,5bccc889931b312411f0dfad,5411
2024-09-02 00:00:00,319.67,S96,DEEMED,586020012288,3f96a30c-79a8-4310-ab17-2ebd3666acac,razorpay.soup@timecosmos,payMerchant,Rhiannon_Lang@ybl,N,fb2be419f0ba30aec66a08ca,5814
2024-09-02 00:00:00,717.30,S96,FAILURE,776477614883,501f27a0-a2b1-4808-b5d1-59b09a6531ca,airpay.scooter@timecosmos,PayMerchant,Jackeline.Ankunding13@rapl,N,da8bc8ede6dce69db4d3ce9d,5816
2024-09-02 00:00:00,496.61,U09,FAILURE,973441651720,43ccc4b6-8a07-4483-9c49-3b9fa3399328,tripay.escape@timecosmos,Person,Wyman.Russel@yesg,N,12ff9bbca0b2faa91139e1b6,4722
2024-09-02 00:00:00,923.17,S96,SUCCESS,513622594572,8b629f6a-b45e-4e7d-a132-f0163d9a5c21,jiopay.convergence@timecosmos,payMerchant,Sabryna.Kirlin@okhdfcbank,N,5baccd487dd47b5d909f9616,4814
2024-09-02 00:00:00,171.32,U09,SUCCESS,923898133117,fa38f482-b852-4b06-b213-88b5e8ab28fe,finopay.marketplace@timecosmos,payMerchant,Flossie47@timecosmos,N,48afa3723b6ee4c1722cfdc1,5411
2024-09-02 00:00:00,714.56,S96,FAILURE,309003368263,abcdf77d-8de7-450f-b574-510260d2d122,jiopay.cable@timecosmos,payMerchant,Wilhelm.Adams52@axisb,N,db2bfd77aebca5bd48eaaf25,4814
2024-09-02 00:00:00,683.26,U09,FAILURE,594007854721,bf69a560-3a28-4be4-8a59-fc296c7b083e,finopay.dailygrocer@timecosmos,PayMerchant,Maxine_Dicki40@okhdfcbank,N,ef9e2febd8314dcad55a414b,5411
2024-09-02 00:00:00,222.70,N,DEEMED,881100499032,e6e31323-0d87-4641-8424-5c5ca521aaa0,airpay.airplane@timecosmos,PayMerchant,Amos58@rapl,N,8238cecf7062eaaeea6fbe6f,5816
2024-09-02 00:00:00,268.40,U09,SUCCESS,294913928967,493bafb9-f296-42ac-b108-0ca55d152604,jiopay.internet@timecosmos,Person,Milford_Okuneva66@timecosmos,N,81fbd0b8c5a3cac3b8ecc95c,4814
2024-09-02 00:00:00,265.56,U30,SUCCESS,053280095759,38e0a667-5d92-4a0b-b345-c93356afb6f4,airpay.helmet@timecosmos,Person,Reanna83@yapl,N,ff23cea29e11ebb0fe2a66a4,5816
2024-09-02 00:00:00,225.78,N,FAILURE,878650471074,fdda3d22-79ad-4140-b05f-51ccc64544d8,tripay.globetrot@timecosmos,PayMerchant,Tyshawn_Simonis@icici,N,20b42bef8a3bc1db1ce4ede3,4722
2024-09-02 00:00:00,760.54,N,SUCCESS,612723847389,b979ecb8-8c76-4570-9337-3bedb82b13e8,tripay.adventure@timecosmos,Person,Roderick80@oksbi,N,97642d3e0e8c3aaa45ac756d,4722
2024-09-02 00:00:00,725.97,U09,SUCCESS,971756904398,15e6b85e-2e23-4bf2-a33b-697686eadc86,jiopay.data@timecosmos,PayMerchant,Queenie95@yapl,N,67eb94e3f5adbcabdaef557d,4814
2024-09-02 00:00:00,994.51,S96,FAILURE,043532952943,41432598-f221-48da-b278-93abc849c2d0,jiopay.convergence@timecosmos,payMerchant,Elna_Carroll@abfspay,N,5ab7ee26891b583a2f4b3b27,4814
2024-09-02 00:00:00,394.41,N,FAILURE,147897766646,006aea37-02ae-4e05-8800-14c1e69fb87b,tripay.getaway@timecosmos,payMerchant,Billie65@ybl,N,17e911f4dbabdaf07f3b9b7b,4722
2024-09-02 00:00:00,966.24,U09,FAILURE,880892828106,53fa9aca-46d7-4131-9eb0-746d13d39626,tripay.tour@timecosmos,Person,Karianne_Greenholt87@icici,N,707e8cd9e12cea2bf0f4ce6b,4722
2024-09-02 00:00:00,545.20,U78,SUCCESS,130005063029,01877a74-3097-4f31-ad27-fbbf44f2be15,finopay.corner@timecosmos,payMerchant,Christ88@ybl,N,89c393ffeca7bb56c72be71a,5411
2024-09-02 00:00:00,28.46,U67,SUCCESS,619144855507,ce87b7a5-8dc1-4973-80ca-9a84baf1798d,tripay.expedition@timecosmos,payMerchant,Stella_Block48@icici,N,83c1a9aa614f0bcbba7ec5be,4722
2024-09-02 00:00:00,723.65,U78,SUCCESS,112965536522,c1e179cd-7a1f-4d4d-96a9-e742f3237221,razorpay.tacos@timecosmos,PayMerchant,Elenora.Gleason74@okicici,N,16ec8c3a54d5a78acf6f9d9d,5814
2024-09-02 00:00:00,308.97,U30,FAILURE,835861783239,a6f0be30-90c2-4929-a247-634a3b789e75,tripay.getaway@timecosmos,PayMerchant,Jewel.Swift@fkaxis,N,e84cf2e1f7bcb75298cd3d83,4722
2024-09-02 00:00:00,369.86,U67,SUCCESS,022178762275,2fe4666e-9ff3-4b15-b83c-b808ea54b241,finopay.organic@timecosmos,PayMerchant,Lon.Watsica99@yesg,N,c6a9eee829eea2ce8cf16233,5411
2024-09-02 00:00:00,273.79,U09,FAILURE,443990706684,59d7eda6-11b8-4c7a-bb2b-5e7ec745b962,razorpay.pizza@timecosmos,Person,Leif98@okhdfcbank,N,4abed3b42dd9acbbfadd74ad,5814
2024-09-02 00:00:00,163.20,U78,SUCCESS,796595931976,5760ddd6-fa5d-44cd-abec-14e2a86dd113,jiopay.internet@timecosmos,Person,Nannie.Kuhn@okicici,N,cd902ef79118162f83e5e60b,4814
2024-09-02 00:00:00,817.08,U67,FAILURE,008275618508,fd685545-4400-44c0-935c-be352010d32c,finopay.organic@timecosmos,Person,Reyna_Steuber29@axisb,N,0bf27efeabed9f01684280bf,5411
2024-09-02 00:00:00,906.92,U30,DEEMED,792300815834,def5a03b-6bc9-4b56-bdc6-645f370783b5,jiopay.cable@timecosmos,Person,Gabriella.Koepp36@okhdfcbank,N,c4ca8ce0bff66a8ece23fcf7,4814
2024-09-02 00:00:00,665.46,S96,SUCCESS,130053143653,ff66ee35-75f5-4fe7-a1c8-7679fca8be99,airpay.boat@timecosmos,payMerchant,Greta_Dach59@paytm,N,c72df8d0a0fef3fdd0737d25,5816
2024-09-02 00:00:00,495.16,U78,SUCCESS,403758090571,2c4312c7-ac99-4a87-bf19-c58b491f819d,razorpay.dessert@timecosmos,payMerchant,Emmet.OReilly29@axisb,N,aabea2e97fc6efad5acd93b4,5814
2024-09-02 00:00:00,810.47,U09,FAILURE,015670402795,6789cfcf-3a2f-4d3f-9e1d-cb435d80f229,tripay.adventure@timecosmos,Person,Rita_Boehm44@okaxis,N,ef7b9cd41884fcb5db479eef,4722
2024-09-02 00:00:00,41.61,N,SUCCESS,267331525060,9e65f690-caeb-4098-afe5-fcb4bb631492,finopay.organic@timecosmos,PayMerchant,Crystel48@okaxis,N,ae7c97dd5d6aaa92dc6cdf54,5411
2024-09-02 00:00:00,873.98,U67,SUCCESS,791714942992,26e4d524-43c2-48ce-9364-969eb084c078,razorpay.sushi@timecosmos,Person,Corene66@idfcbank,N,4d560ddf23ff392ca2eeaaab,5814
2024-09-02 00:00:00,200.55,U31,FAILURE,232832937503,3ab779a6-205c-4a4a-9aca-0ce583de645f,airpay.bike@timecosmos,payMerchant,Trent17@yapl,N,dfbcfde5f8f15a53fd4f9d5f,5816
2024-09-02 00:00:00,397.06,N,SUCCESS,415143449979,778e3ea1-faa9-4d8e-998b-7fa4ea1b0124,jiopay.convergence@timecosmos,payMerchant,Carolyn46@yapl,N,42b21f1acfaeb363dfb9db7a,4814
2024-09-02 00:00:00,950.49,U31,SUCCESS,649758225320,388c38f4-5149-4cbc-a91a-09e78d86a83b,jiopay.broadband@timecosmos,payMerchant,Camila_Mills@abfspay,N,fda7cfb48179fd0a5bb05a02,4814
2024-09-02 00:00:00,671.25,U78,SUCCESS,275894513081,5cf6bbb2-eada-47e1-82c2-644913dfbd3a,razorpay.tacos@timecosmos,PayMerchant,Pansy.Ortiz0@okhdfcbank,N,bfffedd8e38da80b0a9dc863,5814
2024-09-02 00:00:00,303.02,U78,SUCCESS,274318592994,f3d42a8b-124c-4cc8-923d-6a40b32a2c37,finopay.town@timecosmos,payMerchant,Clement_Hyatt85@paytm,N,bf2debbbedfae58792bb589c,5411
2024-09-02 00:00:00,872.10,S96,FAILURE,024230238197,b528abab-be70-47d5-810b-3fe8f28726ad,razorpay.vegetarian@timecosmos,PayMerchant,Giovani15@idfcbank,N,5ace43dd5d1c6293e1ed3fe8,5814
2024-09-02 00:00:00,35.64,U67,DEEMED,169928132479,a6db69d2-880a-48e4-888c-437fad06cdde,razorpay.steak@timecosmos,PayMerchant,Don.Schoen32@okaxis,N,4aaaf040d9c8a8c3a183f0a5,5814
2024-09-02 00:00:00,591.39,S96,FAILURE,590816342214,89d51e15-52e2-4674-85a9-8a78efde12dd,jiopay.cable@timecosmos,PayMerchant,Braulio_Gleason@okhdfcbank,N,cfe0fb9f4c31a7add32d27ad,4814
2024-09-02 00:00:00,472.14,U30,DEEMED,949717001268,5cc75b62-47fd-4080-8c64-ab1a93944c1c,jiopay.wireless@timecosmos,Person,Amalia99@ybl,N,e2bae7d1ade6a844d6e0fd78,4814
2024-09-02 00:00:00,139.82,U67,FAILURE,637544052732,7033fcb8-d32c-4019-a297-5bb43d2e097c,tripay.explore@timecosmos,Person,Ryley_Howell76@ybl,N,a4cde24fb7e5eecf1a7fc2b8,4722
2024-09-02 00:00:00,652.89,U78,SUCCESS,644358621224,44bcd36f-3744-45c9-8b2b-c85612f5d05e,airpay.airplane@timecosmos,PayMerchant,Reynold.Hammes@abfspay,N,cb747d3925bc5afcbced920e,5816
2024-09-02 00:00:00,455.11,U67,FAILURE,717848913231,61566ca8-4308-42e4-8c47-9c79e632255e,razorpay.vegetarian@timecosmos,PayMerchant,Talon_Hintz64@abfspay,N,05aae3a2bffb4ae960b5f194,5814
2024-09-02 00:00:00,670.26,N,SUCCESS,188724869153,2c2f4e2d-4435-44c6-a191-769ec9464a17,airpay.helmet@timecosmos,PayMerchant,Marisol.Grimes@paytm,N,472fd68f4de9db6dfd6ad649,5816
2024-09-02 00:00:00,112.24,U67,DEEMED,483316377090,eb567ca5-7090-4252-9989-20b0a66438cc,jiopay.mobile@timecosmos,payMerchant,Flavio.Bernhard14@yesg,N,6fbd8de24aea1acace8e8cae,4814
2024-09-02 00:00:00,843.01,U31,SUCCESS,098368490239,33ecf3f1-e14e-4e7f-b675-c9596ee2e27a,airpay.car@timecosmos,PayMerchant,Addison_Sanford@rapl,N,7f83903dfff4dcde3de637ce,5816
2024-09-02 00:00:00,21.77,U09,FAILURE,815739065987,a384b1d5-0de8-4088-b465-44c5501a6c94,finopay.town@timecosmos,Person,Lew5@oksbi,N,b7df3df795fd2e0e6bddeded,5411
2024-09-02 00:00:00,848.22,U78,FAILURE,965823956123,24babc72-7e00-4788-abfc-ca79ee365038,jiopay.internet@timecosmos,Person,Lincoln6@axl,N,1a4debcdfa1baf7fa74a1448,4814
2024-09-02 00:00:00,75.76,U67,DEEMED,062435093188,8497c8f0-1ab3-47b3-a2b0-944e67293fca,finopay.organic@timecosmos,payMerchant,Scotty_Macejkovic@axisb,N,3e8ffa96f7d9a7d3e3fd6acd,5411
2024-09-02 00:00:00,176.29,U31,SUCCESS,143570024459,303422a6-b14b-4f51-9f13-74d656518f4e,jiopay.convergence@timecosmos,PayMerchant,Addie_Weissnat10@rapl,N,e01bfff3fbddfcd6dac7dd28,4814
2024-09-02 00:00:00,659.87,U78,FAILURE,816429409062,fda0b2ad-8196-45c3-ae35-a1dfa6dca99e,razorpay.tacos@timecosmos,payMerchant,Hulda_Kessler8@oksbi,N,b09e75dc08ffb8fde712b5ee,5814
2024-09-02 00:00:00,60.55,U30,FAILURE,106572492863,59828178-6ed4-4372-a65b-e3e6ef41abd1,airpay.helmet@timecosmos,PayMerchant,Veda.Corkery@abfspay,N,437c36c02bd2efcae6a24d4a,5816
2024-09-02 00:00:00,614.64,U78,FAILURE,032711721799,ec8e702a-9f8d-46d0-ac56-98975f415c99,finopay.marketplace@timecosmos,Person,Horace.Keebler23@abfspay,N,cdc8ceb61039782b6b3da9f5,5411
2024-09-02 00:00:00,255.93,N,FAILURE,090032268547,dee47cb3-65f9-446c-981f-c66cd955bb28,airpay.submarine@timecosmos,Person,Webster.Marvin-Lynch11@icici,N,30de7b9831b833ebd52dfe14,5816
2024-09-02 00:00:00,124.62,S96,FAILURE,976477706420,005ae4ea-a13b-448f-b2f8-06e529590935,tripay.adventure@timecosmos,payMerchant,Dallas.Weber34@abfspay,N,ee36c51e844b583c07e5da9f,4722
2024-09-02 00:00:00,257.87,S96,SUCCESS,186260153953,232a4545-4932-4993-b41e-f20e48d0efda,tripay.vacation@timecosmos,Person,Reina58@oksbi,N,1f28fe5a6f4bd7a65abf4cc2,4722
2024-09-02 00:00:00,520.98,N,FAILURE,601618783836,c93b3512-de53-4446-8d06-fe5087511236,finopay.dailygrocer@timecosmos,payMerchant,Edmund80@yapl,N,ceff9447ca375cde3eebddeb,5411
2024-09-02 00:00:00,201.53,U67,DEEMED,044604722501,b27c1e59-a854-44af-8b2a-fab8776a6286,finopay.corner@timecosmos,payMerchant,Alfred23@ybl,N,2b5519bc9953525fbec76eaa,5411
2024-09-02 00:00:00,265.74,U09,FAILURE,966572132511,3b9aedc9-1736-4234-8085-ecc146f9d801,jiopay.mobile@timecosmos,PayMerchant,Matilda30@okaxis,N,122ac09c3d19fd761f7c770f,4814
2024-09-02 00:00:00,907.33,U31,SUCCESS,613132154005,39b19f2b-cb65-4c1e-a22a-e2ba137526e9,tripay.expedition@timecosmos,Person,Keegan_Blick25@axisb,N,2ed80ada0430cefa2fb84ae0,4722
2024-09-02 00:00:00,175.65,S96,DEEMED,871559904194,3cd16700-3ff1-4d8f-be56-d14c7854dfb1,finopay.freshmart@timecosmos,PayMerchant,Herta.Keebler66@axisb,N,eb9b5aabf3f8c86c811f7a65,5411
2024-09-02 00:00:00,600.41,U09,FAILURE,948528094515,ef0a3377-93b1-4b06-9e25-a856c0c39d0e,jiopay.mobile@timecosmos,PayMerchant,Creola_Medhurst@fkaxis,N,ccc4c1298aadee266f5cf5fd,4814
2024-09-02 00:00:00,676.01,U30,DEEMED,348855081623,ff7b38b8-03b7-4b61-848c-42c16eba60df,jiopay.wireless@timecosmos,Person,Tamara.Schuppe@rapl,N,b82121130b36157ad39bddcf,4814
2024-09-02 00:00:00,335.46,U31,FAILURE,941418097757,adcf47d0-f2d6-4abe-a316-9e20272f383b,airpay.boat@timecosmos,Person,Roosevelt69@ybl,N,ad1c42ea4e2ff3dd4f03ed37,5816
2024-09-02 00:00:00,530.67,U67,DEEMED,627635495074,9c807b01-8e73-4ac2-aa3f-d6ad0f8ce7f1,razorpay.steak@timecosmos,Person,Ewald_Schmitt@axisb,N,8b287d7f6d9af9ef4f1d50ec,5814
2024-09-02 00:00:00,381.57,U78,SUCCESS,700471746609,6173ecbd-5b3b-43da-8476-afc1171336ce,jiopay.fiber@timecosmos,Person,Myles.Ritchie47@okhdfcbank,N,c5ba5ecda63bba3446eff319,4814
2024-09-02 00:00:00,794.35,U09,DEEMED,284685346060,57f060b8-1ec2-483d-9f74-02873d7fe2a0,jiopay.broadband@timecosmos,PayMerchant,Janae.Rowe30@axl,N,cf456357e46b1fe2917d8b84,4814
2024-09-02 00:00:00,9.80,U09,FAILURE,394492634774,f9d1c279-c33a-4246-9e91-4d81e579b9e5,finopay.marketplace@timecosmos,Person,Gonzalo40@axl,N,eea07345c1becaf0c6018cac,5411
2024-09-02 00:00:00,506.72,U09,DEEMED,624903678707,131167fb-c887-4e40-9265-d2226d4bc80a,airpay.truck@timecosmos,Person,Wayne76@timecosmos,N,8ef7f6746166fbe02a38b5cf,5816
2024-09-02 00:00:00,14.60,N,FAILURE,111607276658,8ce0c3a5-8d79-44aa-a624-ec85b79cb581,tripay.destinations@timecosmos,Person,Larry_Koepp@okhdfcbank,N,d7ef216bfcf1b2b9be794b0e,4722
2024-09-02 00:00:00,446.76,U09,DEEMED,772631909752,66cbfd9e-ce74-4918-abf0-a4b8577c9529,razorpay.dessert@timecosmos,Person,Raquel.Kovacek10@axisb,N,cddcb7ea0030eee1e9edd31e,5814
2024-09-02 00:00:00,228.18,N,FAILURE,361012387802,a8d8ce9b-3be7-474b-b78d-36f435dedaae,finopay.timecosmosrite@timecosmos,PayMerchant,Rolando_Gutmann40@axl,N,87efedfaaf17dbad19320ee2,5411
2024-09-02 00:00:00,647.00,U31,SUCCESS,483962808270,bef02a98-c094-4e9b-a244-8bf3ae04549d,tripay.expedition@timecosmos,PayMerchant,Elisha.Balistreri@fkaxis,N,f27f8c9bcb5b7ceafeac2fa1,4722
2024-09-02 00:00:00,700.37,N,SUCCESS,721747346063,7baf0042-a63f-49b1-864d-6eb7febd0abc,razorpay.steak@timecosmos,Person,Alf_Bednar@paytm,N,c6868508cab071c4f140fdb8,5814
2024-09-02 00:00:00,283.71,N,SUCCESS,917630430149,6a5f2d31-0e59-4d71-beab-a0165c1a7b02,finopay.marketplace@timecosmos,PayMerchant,Breana50@abfspay,N,e4b3622719ce9e8b830e9741,5411
2024-09-02 00:00:00,887.13,U78,DEEMED,271941047765,5124127a-9f37-47be-b0fb-ca403cce4fe7,tripay.vacation@timecosmos,Person,Kaya.Emmerich20@rapl,N,232081aaf9927c4c7d634bee,4722
2024-09-02 00:00:00,681.64,N,FAILURE,796182856099,db420aee-6773-4b07-b379-06e2f31d5e4a,tripay.escape@timecosmos,Person,Vivianne.Rogahn@abfspay,N,5b13bff5b60580fa0bcbc4eb,4722
2024-09-02 00:00:00,450.85,U30,SUCCESS,594217797800,35123e01-0ea8-47ce-b5a1-cb69d121d92e,airpay.bike@timecosmos,Person,Sheila.White6@icici,N,cd33b20baf0a7c13015fd439,5816
2024-09-02 00:00:00,818.81,U09,FAILURE,786359094801,ee158bad-2a88-4cc1-988b-2b7bd2cefcdf,razorpay.vegetarian@timecosmos,Person,Levi_Kemmer@axl,N,e3d6a2bfbad8ccd897dd67cd,5814
2024-09-02 00:00:00,198.74,U31,FAILURE,685617639614,22f06c3b-de3d-4218-b603-d9c021c3d0ea,tripay.wander@timecosmos,PayMerchant,Josie_Lindgren20@timecosmos,N,5dcd6bd3a90b93ecb51b3eb2,4722
2024-09-02 00:00:00,753.53,U78,SUCCESS,969337563316,52e2418c-48b0-4d72-a6a4-de9f901432d8,razorpay.salad@timecosmos,Person,Jacynthe6@oksbi,N,3f60ccec08fffd223d5e8ff7,5814
2024-09-02 00:00:00,482.41,U78,FAILURE,200265529012,01e4b5eb-5e43-4d12-a785-602a2f8c66e7,tripay.expedition@timecosmos,PayMerchant,Virginie48@ybl,N,acdf3d5b7a867c62f5ab3f05,4722
2024-09-02 00:00:00,207.41,U30,SUCCESS,908385359507,5d13e0ab-771e-43c9-8b5f-9a73d1f0b005,finopay.town@timecosmos,PayMerchant,Ludwig81@abfspay,N,9f225a678a296d0eeda14ea8,5411
2024-09-02 00:00:00,589.51,U31,DEEMED,477311881348,913ed597-6855-472d-b307-c15da8d0a3e1,finopay.dailygrocer@timecosmos,payMerchant,Jakayla_OConner70@oksbi,N,ee53cc316e3c2d1f9dfedd73,5411
2024-09-02 00:00:00,231.91,N,DEEMED,898808244678,b1858038-4f99-4314-84a0-1c3b7d1a7cb9,airpay.bike@timecosmos,Person,Julius.Kessler11@apl,N,ecb9576b3ffa8cd12ee7cdb9,5816
2024-09-02 00:00:00,323.92,U31,FAILURE,695728625108,9b3f4067-2fa0-4deb-93f6-a9281d234a72,finopay.organic@timecosmos,payMerchant,Janice_Emard19@abfspay,N,5eb7c77a7420f1b70aafcf78,5411
2024-09-02 00:00:00,958.18,U31,FAILURE,962469447651,00925156-e4ea-43e6-97f2-2f2f22d2f995,airpay.helmet@timecosmos,payMerchant,Telly_Jenkins2@yesg,N,e8cbbd3cea72d4acfcb13dab,5816
2024-09-02 00:00:00,812.10,N,DEEMED,106199819270,2dd59381-4322-463f-b07a-3bddde977848,razorpay.tacos@timecosmos,payMerchant,Penelope.Gleason@fkaxis,N,fdb99cc34fd4880efc8cda8f,5814
2024-09-02 00:00:00,79.77,U31,FAILURE,296031741022,9251e675-3031-456f-a370-f056c077b290,finopay.dailygrocer@timecosmos,payMerchant,Braden74@yapl,N,44fb021f8d5a8a1f79ffeadc,5411
2024-09-02 00:00:00,698.22,N,DEEMED,614674913371,1fd1f9a3-2279-46c8-93af-40a111e39a33,razorpay.steak@timecosmos,Person,Heather.Conroy@okicici,N,d2e8ac6da390913dda3d6fea,5814
2024-09-02 00:00:00,159.76,S96,FAILURE,210116752816,f83abfc2-0190-4fa0-bdec-de62b0df0282,jiopay.cable@timecosmos,Person,Lila.Kertzmann78@yesg,N,aae2894be7edab6aa1f4b06b,4814
2024-09-02 00:00:00,876.61,U67,DEEMED,461266888967,546b989b-297f-4865-92db-cda391db642a,razorpay.burger@timecosmos,Person,Dortha4@rapl,N,7fb7e4cf5a4fdb6bee3d6906,5814
2024-09-02 00:00:00,628.05,U67,SUCCESS,901595749440,3516ddf9-e192-4718-9d1d-c7be5ae73b21,razorpay.steak@timecosmos,PayMerchant,Deion_Olson@rapl,N,6802d9ec98d3af6a0e1e3ac8,5814
2024-09-02 00:00:00,99.40,U31,DEEMED,131150300479,382398f3-c15b-4229-a412-d98cae52e9fe,airpay.drone@timecosmos,payMerchant,Robert.Harvey@okhdfcbank,N,64341c560d0ecb5343ccece6,5816
2024-09-02 00:00:00,689.70,U09,FAILURE,927670324392,63a2134f-b0c2-428f-ba2f-e81177839409,airpay.truck@timecosmos,Person,Mack40@yapl,N,6bbc9ae2c9ccfc5ed80cf932,5816
2024-09-02 00:00:00,661.55,U78,SUCCESS,280501890203,e3be2364-76c1-4689-bd5b-1e91d0a4a287,tripay.adventure@timecosmos,PayMerchant,Jessyca.Kerluke@idfcbank,N,e28d1bb11671225efefe0ad0,4722
2024-09-02 00:00:00,248.91,U09,FAILURE,598531340976,41a81468-e951-40d1-955f-f6e21921463b,airpay.airplane@timecosmos,payMerchant,Bryana8@yapl,N,7ca473c3f4a060eadf031b1b,5816
2024-09-02 00:00:00,751.81,U78,FAILURE,528389513727,ce9e01e4-15bb-492d-b842-6ab09a50035a,finopay.dailygrocer@timecosmos,Person,Brady.Conn@timecosmos,N,b96d7536d7686eb9b6ddea03,5411
2024-09-02 00:00:00,840.68,U78,SUCCESS,976035757261,de3c9fca-a8fd-4c11-9902-ac1b844b8a07,tripay.tour@timecosmos,payMerchant,Camille_McDermott@okaxis,N,e484e498ca2fade365deea46,4722
2024-09-02 00:00:00,792.10,U31,SUCCESS,125524133335,cfd7476d-647b-48af-bbdc-779e560df9e2,razorpay.dessert@timecosmos,Person,Bernita51@axisb,N,a20f2a9d5e181ca0d9af9e0d,5814
2024-09-02 00:00:00,456.44,S96,SUCCESS,004128681434,4b607e3a-79d9-4c26-81a0-95b4fbf95d95,tripay.getaway@timecosmos,PayMerchant,Rhianna98@idfcbank,N,82d9c01bf6814a35e3b8290b,4722
2024-09-02 00:00:00,145.88,N,SUCCESS,401144177269,aa0f64da-3381-4719-b7e3-aec06882af48,airpay.bike@timecosmos,Person,Dudley_Herman75@okicici,N,cd4c142f55a8cf2a8db8cf5c,5816
2024-09-02 00:00:00,447.32,U78,FAILURE,222450682539,4b0bb2b4-4a33-41ca-a7b4-f470350db1cd,jiopay.mobile@timecosmos,PayMerchant,Oda.Wilkinson72@ybl,N,eaccc2eaf0eafde299f36d70,4814
2024-09-02 00:00:00,949.03,S96,FAILURE,996571569998,8aba0894-4ea5-40d4-8123-1c7161b1f8cd,razorpay.vegetarian@timecosmos,Person,Raina19@timecosmos,N,f9d7fed93489a8ee258e89aa,5814
2024-09-02 00:00:00,402.13,U78,SUCCESS,551625402052,a08ec9c5-dc27-44e4-b44c-5156ad0a9b42,jiopay.cable@timecosmos,PayMerchant,Gerardo.Brakus33@oksbi,N,a121893fc226f6fdf655b40c,4814
2024-09-02 00:00:00,959.42,N,FAILURE,130238125312,141961ea-a47d-4c84-84cf-c4f9db078066,finopay.corner@timecosmos,Person,Jaycee26@timecosmos,N,852ad56204de7e2f5eed8671,5411
2024-09-02 00:00:00,695.60,N,FAILURE,975694832082,f80bc0b8-10ac-490b-9bc8-930baa18ea49,finopay.marketplace@timecosmos,payMerchant,Julia_Kuvalis30@axisb,N,aeb3b7e71c17fa3d59fbedeb,5411
2024-09-02 00:00:00,515.36,U31,DEEMED,987536723317,17124cca-a5b7-4739-bc9f-797b95de280d,finopay.freshmart@timecosmos,Person,Roel.Nienow67@fkaxis,N,0e9e6451b59af35bb5d7aedc,5411
2024-09-02 00:00:00,962.66,U31,SUCCESS,792878495760,5e5ce41c-55a2-4d70-9005-9f94f2ec6ecc,finopay.marketplace@timecosmos,payMerchant,Queenie.Sawayn@oksbi,N,e7e0643703d6cc38fb49cb7d,5411
2024-09-02 00:00:00,337.21,N,DEEMED,935633638988,7c50925a-86b8-4ffa-adb8-77e9b1194cc0,razorpay.pasta@timecosmos,payMerchant,Victoria77@yapl,N,a1d3e9bbbfe15ce59ebbabd1,5814
2024-09-02 00:00:00,112.92,U09,SUCCESS,272867086128,547cafa2-67af-4fc5-976e-9064e5eeb13b,razorpay.tacos@timecosmos,Person,Hanna68@rapl,N,5d8207b94e9ce252be263fae,5814
2024-09-02 00:00:00,231.68,N,DEEMED,492773377152,dfe17987-f9d5-43f9-a56c-2b84ab2cb584,jiopay.voip@timecosmos,PayMerchant,Breanna_Frami-Witting@axisb,N,f2ad9cdba4aa6eb9bed36fef,4814
2024-09-02 00:00:00,419.23,U30,SUCCESS,546570135616,b6590004-afb8-401f-8333-abaac0cb1fb1,jiopay.internet@timecosmos,payMerchant,Pansy54@yesg,N,4aade04ae524abd6707c8ccf,4814
2024-09-02 00:00:00,463.92,U31,FAILURE,291263034820,6b67e1d6-e86b-42bf-aac1-483d07e2d9ad,finopay.organic@timecosmos,payMerchant,Lavon_Zieme@paytm,N,ccd2df0a9d72f46aac71cfe4,5411
2024-09-02 00:00:00,661.26,U30,FAILURE,679995871835,815f45b6-71b3-49d6-9a92-1dd4446f5446,tripay.vacation@timecosmos,PayMerchant,Oda.Daniel61@okicici,N,6eab0fc47eaaa9b9caf7e3bd,4722
2024-09-02 00:00:00,347.32,U31,FAILURE,557460433960,04b1320e-5113-4a26-9e45-5d658f6d7ed1,tripay.vacation@timecosmos,Person,Maxwell.Cartwright49@timecosmos,N,6be61baecf4e85a266cf8c7d,4722
2024-09-02 00:00:00,108.08,S96,DEEMED,355517552014,41bc5491-b7f1-417a-8c7d-4d2905d93566,tripay.destinations@timecosmos,PayMerchant,Damian.Kerluke@okhdfcbank,N,f53d0fc661fec3af905679c0,4722
2024-09-02 00:00:00,799.56,U31,SUCCESS,495676038742,62ec12a4-fd24-4ebb-83a0-abb209f28d8c,jiopay.broadband@timecosmos,PayMerchant,Sonia.Bergnaum5@yapl,N,6aacd5daaaed0ce21fb4ecc4,4814
2024-09-02 00:00:00,509.40,U31,FAILURE,597352369640,6026eb7c-2fda-4618-86b6-d880f39bad3b,airpay.airplane@timecosmos,payMerchant,Jordy.Stehr@abfspay,N,8aa39db67f6791c0ff8e487b,5816
2024-09-02 00:00:00,970.45,N,SUCCESS,688656892652,582f3d44-9660-4af8-b0d2-61ba023044f3,finopay.corner@timecosmos,Person,Alfred.Schmeler@axisb,N,e769ce30f326dce946daccab,5411
2024-09-02 00:00:00,726.49,U67,FAILURE,680132709642,6df32d62-9dfa-4130-bf77-efd0efcdd81d,finopay.organic@timecosmos,payMerchant,Joany55@axl,N,5bfb368b1adb4efcecbfcc8e,5411
2024-09-02 00:00:00,572.10,U30,SUCCESS,839351612670,2b1ebc4b-ece9-4c6b-aa43-0c88a1545c1f,airpay.boat@timecosmos,Person,Jeramy40@rapl,N,503dadec3f54acaa21a93500,5816
2024-09-02 00:00:00,42.02,U09,FAILURE,998922818973,15c82c4c-ecb2-4958-8bed-21df54dd95a4,finopay.timecosmosrite@timecosmos,payMerchant,Elwyn_Crona@yesg,N,ccd07e95fa448a9a00bd4766,5411
2024-09-02 00:00:00,4.01,U09,SUCCESS,835938593743,53a80185-acc3-4ef2-b68c-1c9c7d5ece3a,tripay.getaway@timecosmos,payMerchant,Josh.Orn@abfspay,N,c4deb22a7accbf0e7f9f6eed,4722
2024-09-02 00:00:00,963.73,U78,DEEMED,387933373485,4de3c7d5-38eb-48e7-9f39-5aee8b22dff4,jiopay.internet@timecosmos,PayMerchant,Rickie_Kohler48@okaxis,N,a4ad14f72fdde6bd908d1517,4814
2024-09-02 00:00:00,285.34,S96,SUCCESS,680948122356,ad4d1962-7bc0-4069-8975-dcb99ed9180c,razorpay.dessert@timecosmos,PayMerchant,Ottis_McDermott@okicici,N,0ecbe986abe94ad1a1a11df8,5814
2024-09-02 00:00:00,933.90,U67,SUCCESS,502313611899,4c70bc7e-f9b4-4a15-9622-9636c5b1b8ae,tripay.globetrot@timecosmos,Person,Carli.Padberg83@abfspay,N,ecb1137687883fd7282ef8c7,4722
2024-09-02 00:00:00,693.11,N,SUCCESS,827274567229,fc99afa3-3f8a-4ff2-817f-d607f97abfe8,jiopay.voip@timecosmos,payMerchant,Gloria35@timecosmos,N,60b5bf61eda8be5dca2fb675,4814
2024-09-02 00:00:00,636.96,N,SUCCESS,055036499600,f5ee6d98-f178-4022-98e7-bcc51fd4497f,tripay.explore@timecosmos,PayMerchant,Bernard0@yesg,N,c9e7aee4b7b8ecca5b3ccab9,4722
2024-09-02 00:00:00,869.15,U30,DEEMED,537774997901,b72bde53-161c-4f3c-bac7-baf8c5381091,razorpay.steak@timecosmos,PayMerchant,Ubaldo43@okicici,N,b9fd53f2a3dffbc761becf70,5814
2024-09-02 00:00:00,522.63,U78,SUCCESS,229117926479,0e3b4891-dee8-4bb3-8299-274a009ffb29,razorpay.tacos@timecosmos,Person,Rosendo.Bechtelar@abfspay,N,0a1d1f6fac7654ff84fd4da8,5814
2024-09-02 00:00:00,251.43,U09,SUCCESS,974274711725,cef31765-18ea-41fc-a1c0-8791824736aa,razorpay.pasta@timecosmos,payMerchant,Trey_Kihn@oksbi,N,da486304da04cee42d6e4f7f,5814
2024-09-02 00:00:00,192.83,U31,FAILURE,846909628170,f767c985-e362-4924-ac7f-3aa9600a4cf4,jiopay.cable@timecosmos,PayMerchant,Katelynn_Hudson@oksbi,N,8fcfe8cfa8cbec39e9e9dad5,4814
2024-09-02 00:00:00,607.64,S96,DEEMED,753408819643,f66116ba-3da8-476b-91e0-002621782863,finopay.organic@timecosmos,payMerchant,Kellen1@abfspay,N,9ca67e3d88131e1b28a7195e,5411
2024-09-02 00:00:00,160.32,U78,SUCCESS,597147351701,4c6cb9b9-b604-4875-98b4-43a3d5d542b5,airpay.bike@timecosmos,Person,Nya6@apl,N,e2db7b4996bbf88b86bb2bb0,5816
2024-09-02 00:00:00,190.57,U67,FAILURE,877058196066,b5f12748-0b90-4652-b98c-ed0fbfd488fc,razorpay.tacos@timecosmos,Person,Jacklyn_Prohaska@abfspay,N,a2abe35573d0c6fcaa48dd3e,5814
2024-09-02 00:00:00,457.04,U67,SUCCESS,348197159056,1e046570-d5b4-4d37-a79e-85133375031f,finopay.organic@timecosmos,PayMerchant,Estevan88@axl,N,efdb91de450b6fc4d5a1ca7c,5411
2024-09-02 00:00:00,282.64,N,SUCCESS,722905324819,15047ee0-0421-41c8-affb-434c6dafd7ed,airpay.airplane@timecosmos,Person,Johnson_Ledner-Koss@fkaxis,N,d50e845ccd35bf5d5b4b2211,5816
2024-09-02 00:00:00,609.49,U30,SUCCESS,407960520610,56cbde7a-9ce4-4303-9133-8290b9f79399,razorpay.sushi@timecosmos,PayMerchant,Ethelyn_Renner51@rapl,N,1b6da9d9ed1b67bd7d2d29bd,5814
2024-09-02 00:00:00,464.23,S96,SUCCESS,942385661313,685f91df-6c54-4334-ad96-0201cec7293c,airpay.submarine@timecosmos,Person,Zechariah28@axisb,N,bed016cf3dd93cf0a1cacb9a,5816
2024-09-02 00:00:00,776.80,U31,DEEMED,086819237264,04880d9e-6446-4cf2-8470-a688a3cc7a54,airpay.submarine@timecosmos,Person,Kristofer87@apl,N,dabc70a532830aaac99a7bbd,5816
2024-09-02 00:00:00,773.84,S96,SUCCESS,202392314995,5b506951-8e50-418d-bc90-0dd1bfc007f0,airpay.helmet@timecosmos,PayMerchant,Carolina_Tillman90@okicici,N,e75c20f288ace0e020dfdd7e,5816
2024-09-02 00:00:00,849.16,U67,FAILURE,573547906736,77cfa69a-d5b8-47c3-88e9-2184a04d77e3,jiopay.cable@timecosmos,Person,Dovie.Durgan@abfspay,N,d2b8cc26739ead3d6fd5c27c,4814
2024-09-02 00:00:00,612.96,U09,FAILURE,916483010968,ab009d5c-fdb6-4f84-9d12-b67523e0435a,jiopay.mobile@timecosmos,Person,Garrett.Marvin85@timecosmos,N,4eeb3c1d5efc79cccaf887c6,4814
2024-09-02 00:00:00,690.90,U09,FAILURE,159525966248,be824f4d-ea24-4118-b2df-2a398dddb6e6,jiopay.internet@timecosmos,Person,Kylie71@abfspay,N,acef6a26a3edefd4dab9ed93,4814
2024-09-02 00:00:00,197.63,U78,FAILURE,202989698800,52ab0c5d-fff4-4e8e-a657-79f2b1c7e615,tripay.globetrot@timecosmos,Person,Leora_Volkman@okicici,N,5ba7efaf23b2acde2748a5a8,4722
2024-09-02 00:00:00,924.81,U09,FAILURE,471286314417,de901586-ae4c-4b36-8c0f-2ad5c681cdb9,jiopay.internet@timecosmos,payMerchant,Orlando.Kshlerin8@abfspay,N,a08e22e996bf8cd2ada5e8fc,4814
2024-09-02 00:00:00,223.66,U31,FAILURE,807110645023,d49d9496-edda-43f1-a973-130f6c6ce6dd,airpay.airplane@timecosmos,payMerchant,Janessa_Altenwerth@yesg,N,d5e00cf4820fdb92b46d03ee,5816
2024-09-02 00:00:00,962.37,U67,FAILURE,234884656387,6272ba46-1891-4578-8764-40032191b2ef,finopay.foodland@timecosmos,PayMerchant,Edmund_McGlynn@okhdfcbank,N,56390667d43ae28e31dda1bc,5411
2024-09-02 00:00:00,304.52,U67,SUCCESS,085227439540,a2143cc1-e36d-4de3-b1ee-6a20b4182259,airpay.drone@timecosmos,PayMerchant,Jayme_Reilly@okhdfcbank,N,6aba0a9401f65acea04ef278,5816
2024-09-02 00:00:00,771.07,U31,FAILURE,255534570217,dfb8f1fa-d3d3-4b96-bcdd-c7245d8bcd3c,finopay.marketplace@timecosmos,Person,Yvette_Brakus@yapl,N,df5f5cbc0e6bfd9467dba375,5411
2024-09-02 00:00:00,613.48,U31,DEEMED,119513291844,637a2b0b-3710-42e7-8aaa-44f7b46ce53c,razorpay.dessert@timecosmos,PayMerchant,Wilburn_Witting@paytm,N,eb348f4fdf77400c198546bd,5814
2024-09-02 00:00:00,283.11,U09,SUCCESS,194356903044,63048261-77ab-4fd1-976b-1a5a93abe73c,tripay.destinations@timecosmos,PayMerchant,Betsy56@idfcbank,N,6bb1d7d8dc858e1ce0500dec,4722
2024-09-02 00:00:00,65.34,S96,SUCCESS,496580507638,43ddd903-09cb-4cde-950e-2a88a59c8ca8,razorpay.sushi@timecosmos,PayMerchant,Jadon71@abfspay,N,63c802e2c5fae2eebcb6d0f4,5814
2024-09-02 00:00:00,656.15,U30,FAILURE,006657902631,3a4d6ca7-4e2c-4dcf-85c7-16ed4fa0fd7a,razorpay.sushi@timecosmos,PayMerchant,Julius_Kling@axisb,N,feff1cae22febf38ad2f7b77,5814
2024-09-02 00:00:00,775.38,S96,SUCCESS,179872269365,a8a1fce9-579c-497b-ba65-3a737d40b2a7,jiopay.wireless@timecosmos,Person,Kayden_Kovacek7@icici,N,3cd2d62bd6a41adcadd2ab50,4814
2024-09-02 00:00:00,65.31,N,FAILURE,950992358438,c2016e5b-3c8a-4b8c-aa2c-1cb73a351758,airpay.helmet@timecosmos,Person,Wilburn52@okaxis,N,bcb7bd15e89f3dacde473eae,5816
2024-09-02 00:00:00,899.19,N,FAILURE,909634371103,74801275-56eb-4ebd-a12a-44f7683e49ca,airpay.helmet@timecosmos,payMerchant,Fernando.Kunde@ybl,N,db01f20acfac55d7a208b0e4,5816
2024-09-02 00:00:00,55.40,U67,SUCCESS,629348499864,2d98db6d-ae3c-444b-9545-109a565607f6,tripay.vacation@timecosmos,Person,Lucinda70@oksbi,N,9eacfbae41bcd1c6ac7ecd1b,4722
2024-09-02 00:00:00,912.21,U30,SUCCESS,150555039286,5c7916ed-b59c-47b9-9293-fe3fc2644dcb,finopay.organic@timecosmos,PayMerchant,Abby_Jaskolski@oksbi,N,11aafe0dcefa77baf0c84517,5411
2024-09-02 00:00:00,915.29,U30,SUCCESS,204241958175,2745b712-8b75-49b5-8b18-ed5529055fef,jiopay.fiber@timecosmos,payMerchant,Madilyn_Franecki@idfcbank,N,3fca36b6fadb2dffdefe7bf6,4814
2024-09-02 00:00:00,713.82,U09,FAILURE,391058241027,7447ad7e-059a-4846-812b-e0f61362f525,finopay.freshmart@timecosmos,PayMerchant,Vidal10@icici,N,55cfbb9dccaeea1d5cb2dd20,5411
2024-09-02 00:00:00,49.50,U31,DEEMED,796026000976,8999da5b-8cec-4376-9cc7-6277d1a3e136,razorpay.burger@timecosmos,PayMerchant,Lambert.Cummerata7@timecosmos,N,5db4fb4eecde9ca5dcafd294,5814
2024-09-02 00:00:00,161.44,U67,DEEMED,366485976607,6de0ec77-235c-4240-979a-84aee58fbfb5,jiopay.voip@timecosmos,PayMerchant,Scotty.Emard40@fkaxis,N,acc285abd20ea4e9d919cd1a,4814
2024-09-02 00:00:00,49.33,U30,FAILURE,839692001712,73328f01-b51a-4e2e-84b2-020b3839208e,airpay.drone@timecosmos,payMerchant,Wade.Halvorson16@oksbi,N,cdf86b2ed05b33b386d75e60,5816
2024-09-02 00:00:00,50.51,S96,SUCCESS,107821157488,188a0b82-f8c6-40bd-8f7e-662fa535c6b8,finopay.organic@timecosmos,payMerchant,Santina.Russel@yapl,N,9ca6ccca6ac6d8800c11aab4,5411
2024-09-02 00:00:00,21.52,S96,SUCCESS,885979621967,cb5d5851-096a-4877-85b0-a3cb93338213,razorpay.steak@timecosmos,PayMerchant,Austyn.Leuschke23@apl,N,fba502ed8cc73a34c83aeff4,5814
2024-09-02 00:00:00,142.20,U30,SUCCESS,318460390018,6d15a6d3-e32d-49a6-9c02-5479bdaaf40a,tripay.wander@timecosmos,payMerchant,Oral_Spinka@fkaxis,N,99a1adea8aab0fbeedaa987e,4722
2024-09-02 00:00:00,690.76,U09,DEEMED,655384405256,3d648b78-9e80-4a80-8e2c-e4d0ae35b88b,razorpay.burger@timecosmos,payMerchant,Blanca15@yapl,N,fe6910eae93d9ba1f2b0adbe,5814
2024-09-02 00:00:00,620.61,U67,SUCCESS,032719419151,00de7400-9602-47c3-a609-9beb22f9d423,razorpay.burger@timecosmos,PayMerchant,Flavio.Brown26@okaxis,N,09bb3dd0bbad58a0b8f72bee,5814
2024-09-02 00:00:00,491.43,U78,FAILURE,228461553171,de8063c1-def5-4815-a4be-f6449fd9d11a,razorpay.pasta@timecosmos,PayMerchant,Keith_Rowe@icici,N,1f58d5acdadcc1185a824bac,5814
2024-09-02 00:00:00,357.86,N,SUCCESS,546723049436,5bb40cbd-69ef-46c6-88ce-5f4bc819dc95,jiopay.mobile@timecosmos,payMerchant,Rhett_Crona@ybl,N,df5af3f2f8adbea6f55dceeb,4814
2024-09-02 00:00:00,887.70,N,FAILURE,061365356384,13807098-2029-4e91-ace5-b6bbd0dcff77,airpay.helmet@timecosmos,payMerchant,Marilou_Kulas71@okicici,N,96bdedb890e5c7ff62b5beeb,5816
2024-09-02 00:00:00,41.64,U30,SUCCESS,736582600195,c0f5e6bd-0d64-4dfa-9c28-ca96da3b32b1,finopay.dailygrocer@timecosmos,PayMerchant,Erica_Strosin73@yesg,N,c2cd4c4836e9ada6946ad32b,5411
2024-09-02 00:00:00,246.91,N,FAILURE,440238595527,85bbe86c-4d46-4dcf-a58b-c9a394973cd4,airpay.airplane@timecosmos,PayMerchant,Delilah.Gorczany81@timecosmos,N,acf455bab7d3c3e1e5bdbcdd,5816
2024-09-02 00:00:00,404.33,N,FAILURE,445215468207,514d4ccc-f8ca-4ae6-a110-9eb5b7d1c111,razorpay.burger@timecosmos,PayMerchant,Eugenia_Quigley4@icici,N,fe7b6bac09e1d5b2e9c0eecf,5814
2024-09-02 00:00:00,440.95,U30,SUCCESS,497289553050,1192f52e-6310-458b-9041-b3ab2afac5f6,jiopay.fiber@timecosmos,PayMerchant,Magnus_Huel39@yapl,N,ec21deaf84e7da68c4fcabe1,4814
2024-09-02 00:00:00,986.41,U09,SUCCESS,247392792709,7d7c6545-d651-4935-b543-e8c92bebf8e4,jiopay.mobile@timecosmos,PayMerchant,Henri.Bauch@fkaxis,N,534d93e9baefcc2fba101a3b,4814
2024-09-02 00:00:00,399.29,N,SUCCESS,503010298110,4ebaf5f9-7b6a-4dcb-973b-b51594f283ad,razorpay.sushi@timecosmos,PayMerchant,Wilbert.Borer75@oksbi,N,e2db759a7f4f5f7f2fecd809,5814
2024-09-02 00:00:00,806.54,U30,SUCCESS,212668279382,a6f0c59d-2d99-479f-8e43-83c80a50057e,tripay.globetrot@timecosmos,PayMerchant,Kennedy.Pfannerstill79@yesg,N,bad8a97bc9f15ca651b77f6c,4722
2024-09-02 00:00:00,80.07,U09,FAILURE,852245421986,9382ed0c-db0c-4251-8a34-eeb55aedbf75,tripay.escape@timecosmos,PayMerchant,Sadye92@ybl,N,9d2debafaf6cc9ba128e2668,4722
2024-09-02 00:00:00,486.93,N,FAILURE,899915245515,b5b03c7d-db3b-4487-b82f-412e0daa9f68,jiopay.convergence@timecosmos,Person,Simone_Doyle@okhdfcbank,N,34f5e805446dcf47bea7b00b,4814
2024-09-02 00:00:00,155.76,U67,FAILURE,064704960966,3bf7fda5-3930-4e6a-abec-f834f1e66123,finopay.bulkstore@timecosmos,PayMerchant,Franz_Bergstrom91@paytm,N,84fa5ef1913e79a5498ed75b,5411
2024-09-02 00:00:00,708.05,U67,SUCCESS,438035276650,2801e92b-340b-42fd-bf58-8594873890f6,airpay.helmet@timecosmos,PayMerchant,Johann68@apl,N,bcaf2671530c3b99c5c4dfa5,5816
2024-09-02 00:00:00,49.97,U30,SUCCESS,928017265097,1c43c62e-908c-43d5-b1c2-0eec13eee40f,tripay.getaway@timecosmos,PayMerchant,Carmen55@timecosmos,N,f1faa163fad7cf5ed3285ef3,4722
2024-09-02 00:00:00,259.82,U30,SUCCESS,605000614220,ee57a6fa-03f3-411d-91b1-eeaba357abd0,finopay.organic@timecosmos,payMerchant,Herman_Bogisich@abfspay,N,4be7d6c2a1374f030a6c48db,5411
2024-09-02 00:00:00,106.26,U30,SUCCESS,300653972092,ad56d94a-45e9-4455-821e-2bbd374bdce0,airpay.helmet@timecosmos,Person,Walton.Rice@icici,N,4df2749a5fadf516decadd04,5816
2024-09-02 00:00:00,622.37,U78,DEEMED,948559141778,784f00f5-7478-46e2-8214-ac1afde7395e,tripay.expedition@timecosmos,Person,Sylvan_McCullough@fkaxis,N,5edaabe63fb9dddf4d6bbbef,4722
2024-09-02 00:00:00,169.63,U09,SUCCESS,590017582208,d5e644bd-51ff-4399-8e9f-023ad17c329e,jiopay.wireless@timecosmos,Person,Shayne.Rempel@fkaxis,N,65db54df7ebf0f8a302123ec,4814
2024-09-02 00:00:00,838.22,U78,FAILURE,733870381694,8aed9376-0f4d-4a25-99f6-8cab9373fd2f,airpay.airplane@timecosmos,PayMerchant,Laury2@axl,N,6ecba96119fd6bbf2816abbe,5816
2024-09-02 00:00:00,954.87,N,FAILURE,323580989044,89715bb8-c98f-4ef6-a7f6-d35e25520b2a,airpay.drone@timecosmos,PayMerchant,Richard_Bednar79@ybl,N,ad94e6d1f1f0b08a5caf7ae8,5816
2024-09-02 00:00:00,40.95,U78,DEEMED,402972901313,d3528f3b-fa8e-42db-b063-3cd4e5991b13,airpay.car@timecosmos,PayMerchant,Casper51@abfspay,N,7efcd30a4ebc5c60ecb3bacf,5816
2024-09-02 00:00:00,969.50,U30,SUCCESS,872096209991,d7c73416-aefa-4cf4-8602-a13c9dd6f7e1,airpay.bike@timecosmos,PayMerchant,Cletus.Ferry89@oksbi,N,8f4f91ac51d05ea6fbde8bb3,5816
2024-09-02 00:00:00,673.65,U09,DEEMED,410757346948,4dbcaac2-92f9-41ce-bf0c-02570f47635c,jiopay.data@timecosmos,PayMerchant,Zena29@abfspay,N,a99cf4ce6e7da0e66d3e7eca,4814
2024-09-02 00:00:00,997.04,U67,FAILURE,201296949678,14f15cc8-ea28-432c-b7c6-6d0096214992,tripay.explore@timecosmos,payMerchant,Kurtis59@timecosmos,N,ddeca49afc11fe9a9f97b730,4722
2024-09-02 00:00:00,365.03,U78,FAILURE,157214612673,b8eb4aec-577c-4d39-b9f8-886f9171225b,airpay.airplane@timecosmos,PayMerchant,Eugenia.Weimann@rapl,N,f4f3ccfc39d18bc0a5ff7c7d,5816
2024-09-02 00:00:00,525.69,N,SUCCESS,060099383474,adfb0c38-2875-4be1-a52f-12f2edaadae6,jiopay.cable@timecosmos,payMerchant,Tyra_Harvey@rapl,N,a3a5e2ec1821d00e7fc1a2cc,4814
2024-09-02 00:00:00,129.22,U78,SUCCESS,469327295314,a347eeef-a3f5-4b6b-aacb-3ae6b2580688,airpay.truck@timecosmos,PayMerchant,Dudley65@rapl,N,d70df8ae5daafe401e76bff1,5816
2024-09-02 00:00:00,230.96,U67,FAILURE,607600234997,b21c1c2c-8410-4507-90b8-388d300f9d04,airpay.robot@timecosmos,Person,Elias.Willms@timecosmos,N,f1cdd5af8745eaf2e12ef966,5816
2024-09-02 00:00:00,360.22,S96,DEEMED,356858222429,07bc18be-79fd-4334-9211-837e67ff3e78,razorpay.pasta@timecosmos,PayMerchant,Tierra55@abfspay,N,a3e78ecd0b810fd176a3f46a,5814
2024-09-02 00:00:00,350.03,U31,SUCCESS,275215972127,c832314b-d877-49f3-82d1-68a6a6f4375b,tripay.explore@timecosmos,Person,Abel.Hackett91@timecosmos,N,bebb5ada91599c3fbb9b8ee4,4722
2024-09-02 00:00:00,477.70,S96,SUCCESS,964634486677,cf8156c0-d5b2-4c83-aae0-e634a1beca64,airpay.robot@timecosmos,payMerchant,Madeline11@axisb,N,4de5a2c468bab9b7afcb23ec,5816
2024-09-02 00:00:00,687.72,U30,DEEMED,543027535719,e9e60375-8375-4f63-bf13-cae92c8f63ea,airpay.boat@timecosmos,PayMerchant,Loy_Hand@okicici,N,d958c4b61edcce89cbe2cd78,5816
2024-09-02 00:00:00,948.53,U31,DEEMED,766144665173,f550db05-9821-4f0b-add5-445a58d9c0d9,tripay.wander@timecosmos,PayMerchant,Mabelle.Monahan18@abfspay,N,c72484ab82552ce211c5cd3a,4722
2024-09-02 00:00:00,181.83,N,FAILURE,906077671530,c916f647-7c4e-4b67-9ce1-f502a86a5918,tripay.destinations@timecosmos,Person,Dewitt.Nikolaus@paytm,N,3fee2d51b34fd6fa12daeefb,4722
2024-09-02 00:00:00,166.85,S96,FAILURE,328083548743,641c55e7-af3f-4541-9aa0-4ff750c50048,tripay.vacation@timecosmos,Person,Philip_Klocko15@okhdfcbank,N,0b2aa4c0790fe7e06813943a,4722
2024-09-02 00:00:00,369.26,N,DEEMED,328028972306,29dd04c4-a987-44e0-a0f7-ae8d93de0b56,tripay.globetrot@timecosmos,payMerchant,Isai_Abernathy53@oksbi,N,615fb0cadeb74f87c22cf7c8,4722
2024-09-02 00:00:00,701.75,U67,SUCCESS,210642757204,934fb598-3e5f-4478-81bd-4829dc1abdfa,finopay.corner@timecosmos,PayMerchant,Candida34@timecosmos,N,5dedeba30c9bdf9dfdd1e8fc,5411
2024-09-02 00:00:00,101.53,U78,FAILURE,096695238965,6a2bd465-94ba-4ff4-a465-0d36e9fc357e,tripay.adventure@timecosmos,PayMerchant,Alana_Stanton10@timecosmos,N,1fa102c65cafaff92c6e4f5d,4722
2024-09-02 00:00:00,455.15,U30,SUCCESS,003490179933,6519a354-6400-47b1-81a1-8510715691cf,airpay.truck@timecosmos,Person,Kolby.Bogisich@paytm,N,9a25bde9d7be379f1d689c1e,5816
2024-09-02 00:00:00,226.64,U78,FAILURE,922686552498,aaa2a7b7-cc63-40ad-bc80-878f33e11b28,airpay.submarine@timecosmos,payMerchant,Rico.Konopelski54@abfspay,N,3dcfbbdc5ebd30f8add0ea1e,5816
2024-09-02 00:00:00,163.66,U31,SUCCESS,836678130246,1e16131f-e747-4c6b-90cd-d9e0cbd86655,finopay.bulkstore@timecosmos,Person,Alana_Casper-Mayert78@timecosmos,N,8fbcfabdfc37ec57dbf4efd1,5411
2024-09-02 00:00:00,90.98,U78,FAILURE,394312885403,fdf42ec8-b7b0-4e85-a512-d9222e0469a4,airpay.robot@timecosmos,payMerchant,Ferne_Schaden@rapl,N,c2fcae86cefebf5d7c218c00,5816
2024-09-02 00:00:00,391.94,S96,SUCCESS,928451583986,246e89c9-c0be-4a4b-ab11-7f5a4d4e359a,jiopay.mobile@timecosmos,payMerchant,Darryl_Pagac75@okicici,N,216bab3ae0ccefde85b6ab0d,4814
2024-09-02 00:00:00,541.93,N,FAILURE,695613805305,18db1a7a-34c9-43b1-b660-8126c9c5f61c,tripay.explore@timecosmos,Person,Alexys.OConnell88@okhdfcbank,N,b35be7c9934a5bfc162d6e84,4722
2024-09-02 00:00:00,660.94,U67,DEEMED,470177530528,3c49a3cb-431e-48e5-9f7f-161d2c4ac2e7,tripay.destinations@timecosmos,PayMerchant,Gabriel_Hoppe@idfcbank,N,9d3f8d468b2ce1ade78bdfba,4722
2024-09-02 00:00:00,173.77,U09,SUCCESS,524877170951,192ccfd4-bce8-4ceb-a6ea-6c45687514cf,jiopay.broadband@timecosmos,payMerchant,Yasmeen_Senger@paytm,N,7b07faf865a5550fce6ebbd4,4814
2024-09-02 00:00:00,376.44,N,SUCCESS,517190066727,54722902-644f-42be-a86a-158cd4c9bb2a,jiopay.fiber@timecosmos,Person,Helmer3@abfspay,N,548b4ca8e8779e69dcbec7d1,4814
2024-09-02 00:00:00,591.19,U09,FAILURE,487314973985,8a148f62-6061-4231-806e-76b03594b7d3,jiopay.broadband@timecosmos,Person,Percival.Kozey-Ernser@abfspay,N,c8db0bbb9a5bc6d04aa1c1fd,4814
2024-09-02 00:00:00,481.31,U09,SUCCESS,343313612227,9ed313bb-ae40-4fc7-b7db-2689da31205c,tripay.destinations@timecosmos,Person,Abraham.Yundt@abfspay,N,b60ad5c97317c86760ba412c,4722
2024-09-02 00:00:00,632.31,N,DEEMED,482530645025,cc203f42-600f-4a93-80ba-6340bf7485d3,razorpay.soup@timecosmos,PayMerchant,Haylie94@yesg,N,cd7a6ea6fb62c91d7acd0df2,5814
2024-09-02 00:00:00,263.13,U09,FAILURE,456892390735,0b02f963-a2e4-4466-8c21-7f6923254f1a,tripay.wander@timecosmos,Person,Margret.Schamberger@rapl,N,128fcefb65ecbc76ed18cfef,4722
2024-09-02 00:00:00,455.99,S96,SUCCESS,703254265972,fbb3193f-8fc3-4797-9afe-24b6772785fd,airpay.truck@timecosmos,PayMerchant,Marisa2@yapl,N,a9bcbfc6fe5632db650496cc,5816
2024-09-02 00:00:00,345.17,U30,DEEMED,507107750012,f7b5be43-a204-4b72-8ac2-38e6a61ffe97,finopay.greenbasket@timecosmos,Person,Junior_Bartoletti@apl,N,ea9fe5d614ffd1bfecfa7e78,5411
2024-09-02 00:00:00,292.49,U09,SUCCESS,254895839335,5a2dbb47-2c48-488a-a59f-2be7de89ed77,razorpay.tacos@timecosmos,Person,Karlee29@apl,N,0ab17f876ad3a5cd84b1c2b6,5814
2024-09-02 00:00:00,894.60,U78,FAILURE,602188423785,9caa8929-8ca4-4753-ae7c-edca73dc5278,razorpay.burger@timecosmos,Person,Daisy98@okaxis,N,309e3ae1f9ffa5adfaacf67f,5814
2024-09-02 00:00:00,651.37,U78,SUCCESS,348858468951,58def4ad-8dd2-4c03-9342-014c6e563e45,razorpay.pasta@timecosmos,Person,Alessia.Veum@abfspay,N,d7722f90c0dda9c2fd98bbff,5814
2024-09-02 00:00:00,121.80,U30,DEEMED,119558444883,156f4fe2-9a51-4d0e-b168-9a9117abb39c,razorpay.salad@timecosmos,PayMerchant,Fatima.Jerde@axl,N,e00cf1b0ecb82dadce5ea6c7,5814
2024-09-02 00:00:00,434.54,U09,FAILURE,083478654625,1b97fcf3-7cab-4948-b804-57a3eaf8c250,razorpay.burger@timecosmos,Person,Bradly_Treutel@axl,N,f8145fb4cb5e2bd9706ebb63,5814
2024-09-02 00:00:00,72.33,U78,FAILURE,323100980251,168ef060-a991-4926-a5df-21d88ef62647,airpay.car@timecosmos,PayMerchant,Gillian.Schowalter77@okaxis,N,68aa1d8f9e7b933750e6b3cf,5816
2024-09-02 00:00:00,592.27,U78,SUCCESS,902848534496,8d82656f-6d4d-4023-959f-3cb8314dd3c7,airpay.robot@timecosmos,PayMerchant,Niko_Langworth25@yapl,N,53322bca6bdb00e178cd0baf,5816
2024-09-02 00:00:00,574.66,U31,DEEMED,124128553190,7591c4b3-3c03-4f5c-85d7-30143b18016d,tripay.vacation@timecosmos,payMerchant,Hank55@timecosmos,N,d1de0fbf1f15579c38d4ed9c,4722
2024-09-02 00:00:00,65.73,U78,DEEMED,387131421497,2d43dfb3-c3a3-4700-b5e7-a04436bb4a54,finopay.foodland@timecosmos,payMerchant,Korbin.Jacobs@yesg,N,a8da87bbddbc30e282dcf5bf,5411
2024-09-02 00:00:00,871.90,S96,DEEMED,045617252059,a8f37700-2b41-4f8f-94ec-9fbf31b2bbb4,airpay.robot@timecosmos,Person,Stacey_Turcotte-McDermott@okaxis,N,bccb10a8e05c08fbfbf37ab3,5816
2024-09-02 00:00:00,192.23,U67,SUCCESS,060960222022,d6ced7ec-864d-421b-a705-d01f77689b48,jiopay.voip@timecosmos,payMerchant,Hyman28@okaxis,N,1a2ef78ab25910f52bd076de,4814
2024-09-02 00:00:00,680.35,U67,FAILURE,102888721190,6144ca3b-779f-4af6-96a3-f72671c56cf4,tripay.expedition@timecosmos,payMerchant,Kaitlyn.Anderson70@axisb,N,da0d9ebe0f139e76e1cac8ec,4722
2024-09-02 00:00:00,359.54,U30,SUCCESS,171524563765,81a7fb5d-562d-4253-89f0-00279ea30e31,jiopay.fiber@timecosmos,payMerchant,Loyal.McClure@icici,N,3cc2dbe96b65ce4bcceee092,4814
2024-09-02 00:00:00,251.38,U78,FAILURE,002914116617,f1f12676-ec58-4560-bf27-5509c519a8ff,airpay.drone@timecosmos,PayMerchant,Freeda.Bauch16@okaxis,N,a1dd0fc9a47766584c14573b,5816
2024-09-02 00:00:00,671.79,U30,FAILURE,795720156369,4cc1a783-8298-4cf6-b359-592823c0758b,airpay.boat@timecosmos,payMerchant,Wayne_Turcotte@oksbi,N,6b6fb1fe7ca3c80fbfc83ae1,5816
2024-09-02 00:00:00,3.59,U78,SUCCESS,352749774920,11920260-66d3-42d5-91d0-ec34891df2af,finopay.marketplace@timecosmos,payMerchant,Margarete_Crooks29@okhdfcbank,N,47dcee38cd583bbbdadd3eaa,5411
2024-09-02 00:00:00,352.70,U30,SUCCESS,355310117903,cefe14eb-e794-4915-a6e1-f47a39b23d3c,finopay.bulkstore@timecosmos,PayMerchant,Rosanna.Lubowitz@idfcbank,N,acfb449e4a8b7ebf0e8d1e5b,5411
2024-09-02 00:00:00,359.51,U31,DEEMED,802080915546,478395c6-479a-462b-9199-9df7938dfede,jiopay.data@timecosmos,payMerchant,Lonie_Mills@abfspay,N,fd75ece9cd6f9ecd3b5d1b24,4814
2024-09-02 00:00:00,74.38,U78,SUCCESS,194587538794,71ef4d19-c9ae-4b12-99e0-2f9d172ff34a,tripay.vacation@timecosmos,payMerchant,Lucas80@okaxis,N,a300ff6123dedfbfc7d76ef7,4722
2024-09-02 00:00:00,253.47,U67,SUCCESS,556872846039,8fd0ae9b-8f1d-4ce6-91eb-358efe82ef94,tripay.explore@timecosmos,payMerchant,Joshuah57@axisb,N,51f1ffe6f7ce6f857e89fd5c,4722
2024-09-02 00:00:00,400.48,U09,DEEMED,096514391663,c014ec30-a72d-444b-8419-1219efb670fd,airpay.bike@timecosmos,payMerchant,Julianne_Reichel@okhdfcbank,N,dd428870798f380b5848dca5,5816
2024-09-02 00:00:00,381.55,U31,FAILURE,054631132318,390dd706-ee37-4484-8f38-d289260b5af0,finopay.freshmart@timecosmos,Person,Otilia73@abfspay,N,bccc1aac23d7c0696be591bf,5411
2024-09-02 00:00:00,207.13,U09,FAILURE,670845428942,7033fabb-7af8-43be-9c16-8eacefef4c13,tripay.expedition@timecosmos,payMerchant,Dewitt.Glover69@axisb,N,0efe4b52d5bf89cd943eadf7,4722
2024-09-02 00:00:00,201.25,U78,SUCCESS,105691749230,1289690b-12fb-4f0a-8ae0-76138f4984f3,airpay.bike@timecosmos,PayMerchant,Rocio.Ebert@yesg,N,ec04ba1e18f9ee0a079a9ad6,5816
2024-09-02 00:00:00,317.91,U78,SUCCESS,614289656412,a197b5a4-56d0-43eb-8ecd-999591291571,razorpay.vegetarian@timecosmos,payMerchant,Nelda46@paytm,N,7dffcdf5d753eddcbfa86c28,5814
2024-09-02 00:00:00,181.47,U30,DEEMED,178269814987,bbfe06f8-ab60-43a1-a024-602a26c7aa24,razorpay.tacos@timecosmos,PayMerchant,Clarabelle_Walter77@okaxis,N,ca743a1defacd2edae60b73f,5814
2024-09-02 00:00:00,583.40,U31,FAILURE,002807095966,19127754-699e-491b-849d-376280eb1e6b,jiopay.convergence@timecosmos,payMerchant,Jailyn.Fisher17@paytm,N,1a1415c038e7f6aefee8022b,4814
2024-09-02 00:00:00,423.16,U78,DEEMED,471351415759,fcd2048a-bf53-4445-9f61-cf91c5dce314,razorpay.tacos@timecosmos,PayMerchant,Christine_Hilpert@okhdfcbank,N,67a3ceeba707b35cef4df1ea,5814
2024-09-02 00:00:00,96.85,U09,FAILURE,159515709403,3395b492-61cd-4fbc-833f-440401523f0a,tripay.vacation@timecosmos,Person,Adrian73@oksbi,N,038fcecac9b72a2a0d739fcb,4722
2024-09-02 00:00:00,734.03,U30,DEEMED,771136723951,1e290753-1996-46bb-a8f6-ad65103df8ae,tripay.expedition@timecosmos,Person,Taya_Fisher85@okhdfcbank,N,41db10523bc21f4d9e1dcea7,4722
2024-09-02 00:00:00,571.30,S96,SUCCESS,096481229624,0abddc4a-5774-484e-b051-f1ab38768f19,airpay.boat@timecosmos,Person,Cortez42@oksbi,N,cb3d704ce6794c66ecaafbfd,5816
2024-09-02 00:00:00,590.25,U78,FAILURE,935078324916,09a9fcaa-2815-42b9-8100-c40d49bb71c7,finopay.marketplace@timecosmos,Person,Faustino.Wiza33@okhdfcbank,N,d4281d50ff9bc3dcdfdd08c7,5411
2024-09-02 00:00:00,231.50,U09,FAILURE,372592488567,673b63ea-fe5c-498f-8b6f-66323da42531,jiopay.internet@timecosmos,Person,Cade1@abfspay,N,e4e60ceed9aecfbc7dad5e6b,4814
2024-09-02 00:00:00,653.59,U78,FAILURE,950888929085,67a6eb83-503f-40a3-94b1-c090fb09858e,finopay.dailygrocer@timecosmos,payMerchant,Demarcus.Green@axisb,N,2dfa5bb5c7a9af39d8aec4a3,5411
2024-09-02 00:00:00,878.95,U67,FAILURE,845675086723,4b5d00e4-b0c6-4252-bf78-6a3c93d8c772,finopay.freshmart@timecosmos,PayMerchant,Floyd77@axl,N,a8ba7b53fb87b1cb323cc904,5411
2024-09-02 00:00:00,610.59,S96,SUCCESS,288192109192,37654ba8-5ef6-4662-bbb7-0f8d023a6c21,finopay.timecosmosrite@timecosmos,payMerchant,Lilla_Parker34@abfspay,N,7e8ce6fecd2cf6fa5faafbd5,5411
2024-09-02 00:00:00,471.28,S96,SUCCESS,024506809980,630135cb-0ed4-4707-90a7-d1180fd0fea6,tripay.getaway@timecosmos,PayMerchant,Eladio74@paytm,N,00ff4e09a9c6ea2877e6694c,4722
2024-09-02 00:00:00,598.43,U09,SUCCESS,662278384963,3f621624-f089-41a5-94cc-2e91ede606ba,airpay.boat@timecosmos,PayMerchant,Tremayne.Terry97@apl,N,38ed55a97fada37dd3c61e64,5816
2024-09-02 00:00:00,122.14,U78,FAILURE,988386387838,cbeb4976-4516-4ee4-b46f-98df83b7f93a,jiopay.data@timecosmos,Person,Mikayla.White78@yesg,N,6248d38fccb5c45efb3618e6,4814
2024-09-02 00:00:00,68.48,U78,DEEMED,918902175292,5ea8328d-9e59-4862-a0f7-f817e9ed65ee,razorpay.sushi@timecosmos,payMerchant,Earl_Senger27@okaxis,N,e282abf7ba254cebda556fd1,5814
2024-09-02 00:00:00,28.90,U67,SUCCESS,717321568732,f7f07d95-fe21-4f4e-af19-89e5f4b383f9,finopay.foodland@timecosmos,PayMerchant,Gregory_Hyatt21@timecosmos,N,65a80f942c701023b0af8a2e,5411
2024-09-02 00:00:00,902.91,N,SUCCESS,245676809385,382582d9-678c-4a80-83ba-1586788c160e,airpay.boat@timecosmos,Person,Caesar.Kuhic@axisb,N,dffdaa0bd06d0dc4fffaf07d,5816
2024-09-02 00:00:00,48.48,U67,SUCCESS,306368159453,ec741a77-d571-4104-8b71-e4369392a932,razorpay.tacos@timecosmos,PayMerchant,Tyrell82@okicici,N,ba7ebe0ede6c467e5fde50ff,5814
2024-09-02 00:00:00,625.81,U78,DEEMED,782180260249,cfefc216-a64d-409c-aa7b-731111d5fcd9,airpay.car@timecosmos,Person,Efrain56@okaxis,N,7cbebd730db4f99aa7f2eb6c,5816
2024-09-02 00:00:00,964.32,U67,SUCCESS,356497760582,5dbf059a-01f7-4282-b182-aca4d8c47282,airpay.robot@timecosmos,Person,Lilian.Stiedemann32@abfspay,N,ef2c6c2d4db6e8710c8cba7d,5816
2024-09-02 00:00:00,808.32,U09,DEEMED,584006558371,e52078dd-8cb2-46ba-a46e-de7d1b4d9ea5,airpay.car@timecosmos,Person,Gladys92@fkaxis,N,a049b93d9a8bca5ac820674c,5816
2024-09-02 00:00:00,500.78,U31,FAILURE,361263045925,ed43aa8d-17fb-4cb4-a29b-1c1497f0afdf,jiopay.broadband@timecosmos,Person,Aubree11@idfcbank,N,6c62e6ef5639c60f0eacfcf1,4814
2024-09-02 00:00:00,474.18,U09,DEEMED,067156866123,3fd133db-dcbf-49b2-a065-7fa8ae3944cd,jiopay.data@timecosmos,Person,Crystal_Kihn-Hermiston72@axisb,N,d5bfc4768ceff8bb97e0529b,4814
2024-09-02 00:00:00,73.38,S96,SUCCESS,333124796308,81b939fc-e00c-4933-8a79-c5a5ce5de3fe,jiopay.data@timecosmos,payMerchant,Moshe_Langworth5@okicici,N,d1c9efd290945bb78ce9f5b6,4814
2024-09-02 00:00:00,231.37,U09,FAILURE,200853863716,a14cd813-c0bb-448b-a065-d16b2af52389,airpay.submarine@timecosmos,Person,Mathilde_Murray@idfcbank,N,9eb4aaddb092b8e8be8724a8,5816
2024-09-02 00:00:00,284.87,N,FAILURE,684973876752,99450c0c-d6f7-4699-8e4f-384c36f55207,jiopay.voip@timecosmos,PayMerchant,Shaylee.Leannon92@idfcbank,N,bcb33aaf4dbcbb9e1e696ac8,4814
2024-09-02 00:00:00,732.41,U31,FAILURE,149174578500,08bf2693-6c7a-4a61-9201-a28888522e6a,airpay.truck@timecosmos,payMerchant,Erica.Spinka@abfspay,N,3fc4cf250cd5aa2dae0a8af5,5816
2024-09-02 00:00:00,809.78,U30,FAILURE,067753744116,bdb13426-eaf6-4da1-8374-64742471450b,razorpay.sushi@timecosmos,payMerchant,Vivianne.Streich@paytm,N,0c4437eef21ddd20f26abdba,5814
2024-09-02 00:00:00,146.25,S96,FAILURE,106286878603,6fcd55da-1793-47e6-8df2-796236f91a45,tripay.wander@timecosmos,Person,Ayla32@abfspay,N,8ccdef28ec7c1aba7d5ff2ec,4722
2024-09-02 00:00:00,572.44,N,FAILURE,555728042596,0063fde1-1e13-4edc-b760-26322f132782,tripay.explore@timecosmos,PayMerchant,Salvatore60@fkaxis,N,37ebaee41eba7db5726dbdbb,4722
2024-09-02 00:00:00,995.07,N,FAILURE,328049599917,9029d0f9-13ff-4392-9e6e-a9457d2d809e,finopay.timecosmosrite@timecosmos,PayMerchant,Blaise_Predovic@abfspay,N,9d6b7f150863db2fd9430962,5411
2024-09-02 00:00:00,722.72,U31,DEEMED,578107611710,f54d0c35-0d9a-497b-9b7e-f067df564029,jiopay.mobile@timecosmos,payMerchant,Ryley.Ernser@idfcbank,N,871d6bcec0f1cb836637255a,4814
2024-09-02 00:00:00,387.30,U78,FAILURE,800962829795,7c286352-0509-4b7f-b132-f172a5e6a10f,finopay.timecosmosrite@timecosmos,payMerchant,Elza.Corkery@apl,N,c01bba6284ba9b99568460db,5411
2024-09-02 00:00:00,18.24,U09,SUCCESS,276273045336,6b0a1176-4f9a-4df7-9aca-5a388784b98e,finopay.freshmart@timecosmos,Person,Jalon14@idfcbank,N,de86ec4b9fa4eb6cafacfe88,5411
2024-09-02 00:00:00,777.44,U31,SUCCESS,065721938937,b9e139e5-928c-4879-bb38-89a36a08e17e,airpay.airplane@timecosmos,Person,Elfrieda_Lakin81@ybl,N,cba049ccd081addebe55beb9,5816
2024-09-02 00:00:00,28.43,U67,FAILURE,793759803275,ab070d75-135a-48ad-bf9d-ff045a31023a,jiopay.voip@timecosmos,PayMerchant,Brent_Stanton@axl,N,8cdcbcf8270d9514babacedd,4814
2024-09-02 00:00:00,650.47,U30,FAILURE,481913796437,24793ef3-7553-4f43-a13c-ad69a194da62,airpay.submarine@timecosmos,PayMerchant,Anika.VonRueden82@fkaxis,N,b5ca90548dd47b4bfcee0abe,5816
2024-09-02 00:00:00,977.33,U09,SUCCESS,955729229717,ee410b4a-66b6-454b-8bca-c8510e409af0,finopay.town@timecosmos,Person,Lucius.Ratke@abfspay,N,cd9d4d0c70cbc5bdac6eadf5,5411
2024-09-02 00:00:00,931.99,U30,FAILURE,705875016928,9e2871f8-1e47-4c2b-9dd6-a56c9bc731cb,finopay.foodland@timecosmos,Person,Josefa87@fkaxis,N,02555bd13fd379e6e62f1fdc,5411
2024-09-02 00:00:00,808.67,S96,FAILURE,292436212445,46da9ec3-1c90-40fb-8f0d-05d42b1de4ba,airpay.car@timecosmos,payMerchant,Velva.Bins-Swift55@paytm,N,05cdbe5ca9fd4f178f8de6ea,5816
2024-09-02 00:00:00,966.21,U78,DEEMED,955923200111,6d9e44e6-bb26-4fcd-86c1-07e08bbc2705,airpay.truck@timecosmos,Person,Marina79@rapl,N,70106f5ffbb3bdc9eb53a9ee,5816
2024-09-02 00:00:00,671.69,U78,FAILURE,504784286793,ecb14081-20be-47b6-9539-19c46a6bef5e,razorpay.pasta@timecosmos,Person,Omer56@abfspay,N,c528da553fac3cf7f0f4e884,5814
2024-09-02 00:00:00,59.33,U78,SUCCESS,961620551890,ea078599-d3e5-45fa-bb99-52a7ce74da6c,tripay.explore@timecosmos,payMerchant,Jack_Ledner78@okhdfcbank,N,612999620adeeaee60aed8ed,4722
2024-09-02 00:00:00,981.86,U67,SUCCESS,349448760784,26800a0a-5c1c-40a1-8e39-876d5c35bf1c,finopay.greenbasket@timecosmos,payMerchant,Thelma.Larson39@idfcbank,N,9f3299f11d9b1d6ea8a7b89f,5411
2024-09-02 00:00:00,971.37,U31,FAILURE,705998672005,af1d3e30-acc2-47a7-a5f0-609f526e2703,finopay.dailygrocer@timecosmos,payMerchant,Jerrell76@fkaxis,N,5b68df9f57e59134bd0d6afb,5411
2024-09-02 00:00:00,908.73,U67,DEEMED,044020342767,30b8f02c-d323-4c8e-92da-fa281a14a7ee,finopay.greenbasket@timecosmos,PayMerchant,Merritt_Satterfield80@timecosmos,N,fd6d1dc7e43fb09d8f9e8d57,5411
2024-09-02 00:00:00,727.20,U31,SUCCESS,286466398165,89a7c400-e43f-4952-88cc-7c061ac59a56,finopay.corner@timecosmos,payMerchant,Alisa_Macejkovic@idfcbank,N,4dc3a1cc8d2afa889e2f0889,5411
2024-09-02 00:00:00,189.91,U67,FAILURE,340734614180,d2bbafbe-0cdb-4d2e-94d0-de011c2ad160,finopay.town@timecosmos,PayMerchant,Alayna_Brekke-Toy@icici,N,bfca0f8ef76dbeaf1e9cad3f,5411
2024-09-02 00:00:00,544.99,S96,DEEMED,930658043639,39206ba7-b489-41ab-99f8-f9da9176a72b,tripay.wander@timecosmos,PayMerchant,Tony.Gerlach@axl,N,6cbac14eb94cc8bb9c82b409,4722
2024-09-02 00:00:00,286.46,N,DEEMED,611149595141,cf246ae2-ddaa-4f9b-b877-05094cabc0c6,jiopay.wireless@timecosmos,payMerchant,Britney.Quitzon7@okaxis,N,2b4c9e2dfaeeb6bc9200f4ed,4814
2024-09-02 00:00:00,553.10,U67,SUCCESS,804752446759,e3f49fb7-9d14-4f07-848a-1cebb93e9651,jiopay.convergence@timecosmos,Person,Rico.Satterfield51@yapl,N,0bb72b8e005cfedbacd265b4,4814
2024-09-02 00:00:00,479.61,U31,FAILURE,329220121286,3ececb8b-729f-4961-bdc2-0e4ef3313fde,tripay.wander@timecosmos,PayMerchant,Leda.Altenwerth55@okhdfcbank,N,19b51c23dd9cbc61f8bae6e9,4722
2024-09-02 00:00:00,479.00,S96,FAILURE,771511123311,3021a23f-4252-45fb-a8d9-13c2dc453877,razorpay.dessert@timecosmos,PayMerchant,Isobel.Hettinger92@abfspay,N,51e003ce34cd3cc0bbb0bcae,5814
2024-09-02 00:00:00,264.25,U30,SUCCESS,470148042806,fae0d6d1-48b0-470f-a56f-5822eff0aac8,finopay.corner@timecosmos,payMerchant,Felicity35@axl,N,3cfa4edffee2fb6a3749baca,5411
2024-09-02 00:00:00,537.16,U78,SUCCESS,041015471390,52777af1-07e4-4485-a78c-3f2ebdd219f8,airpay.robot@timecosmos,payMerchant,Efren.Schuster@abfspay,N,394eae90e079bafd1ee288fe,5816
2024-09-02 00:00:00,1.77,S96,FAILURE,101604620140,db78a636-9bac-4652-83ae-e55b48f10f60,tripay.escape@timecosmos,payMerchant,Diana_Howell@yesg,N,66ae7fa7cfca69363ddef3e9,4722
2024-09-02 00:00:00,991.99,U30,FAILURE,103202261441,478dde7b-c234-4d57-bbdd-827ec7d1284e,airpay.scooter@timecosmos,Person,Marilie.Pouros24@ybl,N,f7f45fbfcbbdf2c26fdcf40d,5816
2024-09-02 00:00:00,750.98,S96,FAILURE,327240699405,a298ef80-bca9-458f-8908-2018aeba23c4,tripay.explore@timecosmos,payMerchant,Chyna79@axisb,N,082cdd225d1c57cce2fe5ec5,4722
2024-09-02 00:00:00,488.65,U67,DEEMED,913497769821,8e0678d4-c67b-408f-93c8-ce18c1f8b29e,jiopay.data@timecosmos,PayMerchant,Leslie69@oksbi,N,3d1bd43bfc6c49c5d98c054c,4814
2024-09-02 00:00:00,328.07,U67,SUCCESS,868531261549,ffac92a3-b045-4873-8659-178563cfad1e,jiopay.cable@timecosmos,payMerchant,Nick_Hirthe84@axl,N,b52badd78d0eae1a9cfdebea,4814
2024-09-02 00:00:00,872.71,U30,SUCCESS,672076441712,6f5c1b92-74b0-4a02-998a-9675efb38e9f,jiopay.mobile@timecosmos,payMerchant,Antoinette_Mertz@rapl,N,dfaa70bffffe692fec6c3d1d,4814
2024-09-02 00:00:00,13.49,U67,FAILURE,578227041743,ed8b5dec-7f3a-4e30-8f76-2f1f3ad063fd,jiopay.broadband@timecosmos,PayMerchant,Kaylee_Fritsch-Dooley43@abfspay,N,aef826f1bcb8d3d04c0dddf2,4814
2024-09-02 00:00:00,921.14,U67,FAILURE,585569206135,bfe91e24-4b3c-444c-9f24-c88123816768,razorpay.vegetarian@timecosmos,Person,Tina_Wolff@okicici,N,f69b3a3e7cec9fbdc50ceee7,5814
2024-09-02 00:00:00,93.86,U78,SUCCESS,764753903452,f2289552-cdb7-4c6b-b6ae-826dc9d658f9,airpay.bike@timecosmos,PayMerchant,Lucius_Kulas@apl,N,58f23c91c0a26b68f1ea4ad7,5816
2024-09-02 00:00:00,796.87,U31,FAILURE,793903515379,66506e76-6f94-4eaa-92eb-c43a3e032393,finopay.timecosmosrite@timecosmos,payMerchant,Destiny.Parker99@yapl,N,ec2a8a3501ecf87292d3a1d1,5411
2024-09-02 00:00:00,822.25,N,SUCCESS,848920042308,868fe024-f466-4bf4-854b-6e88450d8a03,razorpay.burger@timecosmos,Person,Sandra_Koch@okicici,N,19a3c6fdbfcbebe6404be3fe,5814
2024-09-02 00:00:00,941.63,U31,DEEMED,532584269676,d5a8798e-b08f-437e-837d-71d8cdf374fb,airpay.truck@timecosmos,Person,Guy43@axisb,N,adffeaac8fa5f59bea93df0c,5816
2024-09-02 00:00:00,496.16,U30,SUCCESS,616594400493,1120be52-7b2c-45bc-820a-a87fb8c0af78,razorpay.dessert@timecosmos,Person,Maurine_Feest@timecosmos,N,de212c4fc08b85fa5dc44c09,5814
2024-09-02 00:00:00,112.71,U30,FAILURE,777081181583,d269cc0a-fa13-4a88-849c-79eea21c4dc5,finopay.greenbasket@timecosmos,Person,Xzavier_Langworth34@okaxis,N,fa9d70d1b7090be7bab96f7d,5411
2024-09-02 00:00:00,919.43,U67,FAILURE,866056061253,ab219c7e-263b-4849-9f53-19256e520c9f,tripay.escape@timecosmos,PayMerchant,Dell75@ybl,N,be4d3b3564ce2813bc5d55bf,4722
2024-09-02 00:00:00,830.28,S96,SUCCESS,337389491447,4706a126-ca3b-43d8-9b57-ad5786f7cc7d,finopay.freshmart@timecosmos,Person,Ariel17@icici,N,2bf74bfabf7e1e269e8b1c72,5411
2024-09-02 00:00:00,820.18,S96,SUCCESS,478139333019,1b227214-c89d-45a5-bfb8-a3fab79fec8d,tripay.getaway@timecosmos,Person,Nicole_Corwin88@oksbi,N,b89f6d6f533fbd4f6bbfc4ec,4722
2024-09-02 00:00:00,440.83,U67,SUCCESS,863593065819,d1c386ce-465b-4700-b5e9-c31406c44634,airpay.drone@timecosmos,payMerchant,Charity94@icici,N,988abd28ccb10aad242bce48,5816
2024-09-02 00:00:00,94.46,S96,DEEMED,764144039666,de670c4b-66f9-4472-8b8f-9ef8e41c5d83,finopay.freshmart@timecosmos,payMerchant,William_Rutherford8@okicici,N,8d2041f653c6a9acc59a75cd,5411
2024-09-02 00:00:00,984.31,U09,DEEMED,851782993991,c71f888b-7564-46f6-a6af-7ff06ea35aa2,finopay.foodland@timecosmos,Person,Donald99@okaxis,N,b65336cd6403f93556253df1,5411
2024-09-02 00:00:00,268.76,N,DEEMED,664166851407,9bb86fa5-48f9-45f8-af58-66e88dac9d0d,airpay.truck@timecosmos,PayMerchant,Earnestine_Marvin66@oksbi,N,68c5b3eb473df1a98723a05d,5816
2024-09-02 00:00:00,156.59,U67,SUCCESS,418632173318,8a831db6-2263-4492-8246-1ba73c7708a4,airpay.car@timecosmos,Person,Kari_Stiedemann@rapl,N,8fe65d218da94cbecce8efdf,5816
2024-09-02 00:00:00,924.27,U67,FAILURE,278540568214,6ab964ff-7895-473d-a3f0-62dd83f5d949,razorpay.tacos@timecosmos,Person,Demarcus.Mueller65@fkaxis,N,a11bc8ecc9c0b916da1cce2c,5814
2024-09-02 00:00:00,441.11,S96,FAILURE,591020049248,b6bf97ca-f854-49b1-a6b5-4972e22e35ee,finopay.town@timecosmos,PayMerchant,Noelia_Dietrich@axisb,N,c7bd5e80af1c83bddd53f452,5411
2024-09-02 00:00:00,947.70,U78,SUCCESS,484706813254,65fd4918-cfd4-4d13-8288-d434c21bb3fe,tripay.explore@timecosmos,PayMerchant,Cordia.Littel74@paytm,N,ac30dcdbdf8dd4ccbdaec9cb,4722
2024-09-02 00:00:00,354.06,U67,DEEMED,739310328868,05d323fc-17df-4e06-a6b4-4f3f34553399,airpay.car@timecosmos,PayMerchant,Dell.Bauch57@abfspay,N,ecabca771cc7a7ec8a6aaa0a,5816
2024-09-02 00:00:00,354.85,U67,FAILURE,681380595911,9f240dd6-2749-43f4-a3d5-d7a2956b010f,jiopay.internet@timecosmos,Person,Hugh19@idfcbank,N,56c6800f5886d77f56e451e6,4814
2024-09-02 00:00:00,899.69,U09,DEEMED,057298497688,0a1bc66f-e4a3-4629-b195-fe65a6051e9f,jiopay.data@timecosmos,Person,Ryann34@oksbi,N,ca5a92afa3e9d7b16ceeafda,4814
2024-09-02 00:00:00,185.80,U31,FAILURE,553322624205,a77bd860-1e41-4a8d-8215-8c808ce1d354,jiopay.data@timecosmos,PayMerchant,Salvatore.Feeney@apl,N,bc5ddf9cdbcbe7b17efd7f1a,4814
2024-09-02 00:00:00,479.57,N,SUCCESS,865241255409,00f9db04-d539-4383-b2be-b088999c60e3,airpay.bike@timecosmos,Person,Dagmar_Franecki@okhdfcbank,N,07d5aacf26c3a792bb86ca0d,5816
2024-09-02 00:00:00,139.71,S96,FAILURE,242410047643,e4db6f93-e515-4f1a-affc-fcfcbcf1d7a1,tripay.escape@timecosmos,payMerchant,Shaylee_Hagenes64@ybl,N,ccdd2f5dc3cd6bdd7afc4d6a,4722
2024-09-02 00:00:00,311.58,U67,DEEMED,068523587516,e42c2ff0-85d7-44fc-ac9a-12225ac9b680,razorpay.pizza@timecosmos,payMerchant,Florence96@idfcbank,N,fef3b73bb14d69fb49ecb3e1,5814
2024-09-02 00:00:00,357.18,N,FAILURE,089995681224,21b856b8-e20a-4b73-adb7-3a656e693980,finopay.dailygrocer@timecosmos,Person,Erik32@yapl,N,247bfa2cfe88db257f63a4b7,5411
2024-09-02 00:00:00,354.02,N,FAILURE,869317564979,8be5c216-0bf7-48b3-a7b9-1c207934fea6,jiopay.internet@timecosmos,payMerchant,Valerie_Stark@idfcbank,N,bbfd1bd9fe91fec23b4a50ff,4814
2024-09-02 00:00:00,144.77,N,DEEMED,196671103651,ec234c8b-266f-498a-809e-c9f898b33195,finopay.foodland@timecosmos,Person,Sylvia.Kessler@icici,N,cb19ecdd9f75d6dbf648cf3e,5411
2024-09-02 00:00:00,743.00,N,SUCCESS,845471173580,0aea45cc-5309-42ba-a8cc-921fb99b0d85,tripay.tour@timecosmos,PayMerchant,Cullen63@axl,N,b0cbb6ccab0aad86d2c93fba,4722
2024-09-02 00:00:00,887.31,N,FAILURE,904332043975,a3b6487b-8988-4ff3-87fc-526985e6f04b,razorpay.pasta@timecosmos,Person,Torrance.Jacobs@apl,N,68bcae859b455d8fbe9d0a6b,5814
2024-09-02 00:00:00,260.23,S96,FAILURE,246649008583,0c9719ed-cc3f-43ca-97fa-c110710f56ba,jiopay.wireless@timecosmos,payMerchant,Krystel.Stoltenberg@oksbi,N,1adbf5fe4eabda3ce7ba7a2f,4814
2024-09-02 00:00:00,565.68,U09,DEEMED,392530469649,a989c440-7c92-450c-b08e-7908e18bbde4,jiopay.cable@timecosmos,Person,Marisol38@timecosmos,N,aeabebbd6aacb2af77abbe83,4814
2024-09-02 00:00:00,77.93,U78,SUCCESS,961555879952,fbfee5cd-5473-4d6d-9750-f2af4b88ff66,airpay.airplane@timecosmos,payMerchant,Angelina35@icici,N,ae0f714b959ebe66c7f48fc2,5816
2024-09-02 00:00:00,283.67,N,SUCCESS,947500503682,878f1ee9-f43b-4829-94d6-1eafdea324ff,razorpay.tacos@timecosmos,payMerchant,Deja62@paytm,N,18edf8aac6a11e14b6546f4d,5814
2024-09-02 00:00:00,20.82,U67,DEEMED,142554558585,cdbad8bf-81ab-45c4-a0f5-4881526985b6,airpay.robot@timecosmos,payMerchant,Christelle.Tillman@abfspay,N,ad0aa093e02a8b687108dc56,5816
2024-09-02 00:00:00,382.40,U09,SUCCESS,269384735998,f0d45d7c-f20d-4553-8880-ba9bef35d084,finopay.town@timecosmos,payMerchant,Arjun74@okaxis,N,f7d0f88b46b98bcaac3efa0a,5411
2024-09-02 00:00:00,462.07,S96,FAILURE,827562479230,2e6883ed-ed25-452b-9d1e-d37fcf20c18b,airpay.robot@timecosmos,Person,Andrew97@abfspay,N,fdc60ab636deeaaa5efae633,5816
2024-09-02 00:00:00,557.69,S96,DEEMED,217759068677,8b45fd0a-b194-406d-b503-7ad6898811c0,tripay.wander@timecosmos,PayMerchant,Lottie.Jerde@timecosmos,N,7e592aa18abf17ec6aff35fd,4722
2024-09-02 00:00:00,229.29,N,SUCCESS,111394843908,dbf82ff4-27fa-4c1a-9e64-8b866c1d6111,airpay.boat@timecosmos,PayMerchant,Annetta51@ybl,N,cc8d24d1efab7de22e91cb03,5816
2024-09-02 00:00:00,820.10,S96,FAILURE,412932497516,0ea85def-0d15-4169-8e71-cc1b2fe5e53e,jiopay.voip@timecosmos,Person,Enos.Purdy@icici,N,ce5b9c5c3dda07ca5c0be04e,4814
2024-09-02 00:00:00,665.17,U67,FAILURE,997112946379,85b1e704-1475-430f-9e0d-0c0da62d656a,razorpay.burger@timecosmos,payMerchant,Brittany_Lynch43@yesg,N,b9aedac7faa1d0cbdd4dddd1,5814
2024-09-02 00:00:00,29.66,S96,FAILURE,304177125917,f9001451-8d40-4fca-b2d4-475d7ce4808c,airpay.bike@timecosmos,Person,Heloise.Batz@okaxis,N,8fb14a9d88128fe0eaf4ea0f,5816
2024-09-02 00:00:00,124.83,U31,FAILURE,653502604974,60f574b6-b7db-45b6-88f2-61a5e0397943,tripay.vacation@timecosmos,PayMerchant,Letitia.Labadie@axisb,N,352f220eacc8dc55d697aae8,4722
2024-09-02 00:00:00,874.79,U30,SUCCESS,207220579339,2c49623c-8bfb-40c6-bc26-730b56c9bac2,finopay.foodland@timecosmos,Person,Dedric7@idfcbank,N,6f5bc70a76baff91a7dafabc,5411
2024-09-02 00:00:00,264.03,U67,SUCCESS,141419975628,45c5490f-93b2-4c1d-a3bb-7f3f0a3bbbcb,airpay.drone@timecosmos,Person,Ivah.Bayer63@fkaxis,N,9d490563c955b6b2934e0ecd,5816
2024-09-02 00:00:00,208.94,U67,DEEMED,702836377791,ed178a31-fe65-4cff-b758-2a9c1e18580d,tripay.wander@timecosmos,Person,Joseph.Fritsch34@okhdfcbank,N,25ce0dbd4aebbb09cc94d0cd,4722
2024-09-02 00:00:00,95.33,N,SUCCESS,780538965174,fef9c8c7-9931-4ba5-9f46-2c3985099959,jiopay.voip@timecosmos,payMerchant,Hettie.Abernathy63@axl,N,fdcc3fd77f1f4e2eb3b1bc38,4814
2024-09-02 00:00:00,397.23,N,SUCCESS,869825508681,6aa466ab-af49-4d68-aeaf-39674b7442e3,airpay.boat@timecosmos,payMerchant,Antonetta_Hessel@timecosmos,N,92883c6735d4cc7c2ba198de,5816
2024-09-02 00:00:00,165.09,U67,FAILURE,496136192832,9e80f182-141d-4e0a-854f-37cd86168fc7,razorpay.pizza@timecosmos,Person,Henriette_Prohaska@okhdfcbank,N,a00b2a0a2ddffd3db82a7eae,5814
2024-09-02 00:00:00,731.03,U31,FAILURE,443670342269,b7658b00-c761-4c3d-936f-ef7a871b8a0a,finopay.timecosmosrite@timecosmos,payMerchant,Emelie22@abfspay,N,8cd0fe2dd2e2ed88e10aecfc,5411
2024-09-02 00:00:00,40.51,S96,SUCCESS,139507955176,a281739b-44b6-428c-af71-76bdac1a1de2,finopay.foodland@timecosmos,PayMerchant,Daisha67@axisb,N,d283e06baf0b2ed949a5defb,5411
2024-09-02 00:00:00,61.45,S96,DEEMED,686388353388,26ee9e95-162c-4e02-95d8-3ba80713ab43,jiopay.data@timecosmos,Person,Kavon.Russel0@okicici,N,1f848ab56df509fdaefea6c7,4814
2024-09-02 00:00:00,606.83,U09,FAILURE,560841703135,26aa5934-115e-4bf0-a658-a18f8ce6c553,tripay.adventure@timecosmos,payMerchant,Kamille_Gutkowski@apl,N,cbc7dcdce7da8eff7bff9fd2,4722
2024-09-02 00:00:00,770.25,N,FAILURE,692329735225,28be1492-8149-428c-931f-28c64142e422,tripay.destinations@timecosmos,PayMerchant,Harmony.Champlin@apl,N,c5ba3ca8c79efd6259caa0fe,4722
2024-09-02 00:00:00,407.54,S96,DEEMED,734451903891,c7722240-da39-4d8d-96dc-c1c882ef167d,airpay.robot@timecosmos,Person,Erwin47@timecosmos,N,59fadfdf37a220a1dbf3eabb,5816
2024-09-02 00:00:00,448.83,U30,SUCCESS,819595945840,d04e0037-024e-4ebf-af3c-792b2e6579fe,finopay.corner@timecosmos,Person,Mackenzie.Jerde-Kling41@fkaxis,N,bedd2b759deadbafb47f30a1,5411
2024-09-02 00:00:00,498.50,U67,FAILURE,964511641202,83d55154-f82e-4c91-b574-29d55eb84e4a,airpay.scooter@timecosmos,Person,Theodora_Jaskolski12@okicici,N,28e330ddcae19da03cd5a04c,5816
2024-09-02 00:00:00,441.96,N,SUCCESS,386275600061,665bd0e9-7f62-4bcd-9e55-6b749333e3ce,finopay.corner@timecosmos,PayMerchant,Kareem.Simonis29@yapl,N,d578cfeada2d020faa6dbf39,5411
2024-09-02 00:00:00,205.60,U78,DEEMED,101433849646,87a30831-c7c5-4e5b-bffc-aa6e32304a09,tripay.getaway@timecosmos,payMerchant,Brown67@abfspay,N,98207d84a8d0eddad96939cf,4722
2024-09-02 00:00:00,114.61,S96,DEEMED,845646040379,83ac9b55-fc28-427a-8958-9ba9fef6dc89,finopay.corner@timecosmos,Person,Nyasia23@axisb,N,0c9f8b4c8cabfcde42a624d7,5411
2024-09-02 00:00:00,401.59,N,FAILURE,798113438812,83148b11-ff95-4d1a-a28c-87326ca68c93,razorpay.pasta@timecosmos,Person,Emory.McClure@paytm,N,37e2a2e347c6c2fdad96ab8f,5814
2024-09-02 00:00:00,449.17,U67,FAILURE,812092449459,297e7737-2d53-4ee5-af75-0d2e2d3772d6,airpay.submarine@timecosmos,Person,Eva_Jast34@okicici,N,acbea3fba06dcd54eaafb891,5816
2024-09-02 00:00:00,186.43,U78,SUCCESS,430367948440,f5c828bb-c89f-4890-aa33-aef3e7a962dd,jiopay.broadband@timecosmos,PayMerchant,Florencio59@idfcbank,N,ad16da96bb10d0ce5dd925d4,4814
2024-09-02 00:00:00,957.49,U67,DEEMED,136448248923,c72b8352-550a-471c-a842-a12ebfa76f06,razorpay.steak@timecosmos,PayMerchant,Logan.Braun71@icici,N,c5adb8177f4c24abced86a13,5814
2024-09-02 00:00:00,292.35,U30,DEEMED,987734113887,2c2e767e-10e1-47dd-a612-376441024666,airpay.truck@timecosmos,PayMerchant,Amari_Abbott@yesg,N,b789698ab82e3cf35acb6e48,5816
2024-09-02 00:00:00,250.83,U09,SUCCESS,607147162265,d39ec129-0bdb-4968-b109-8f0f660061e8,jiopay.broadband@timecosmos,Person,Vivienne.Greenfelder6@yesg,N,04b19eeefdeee43d1955f87e,4814
2024-09-02 00:00:00,752.07,U78,SUCCESS,608972958314,26ab24de-f504-45d7-a0a1-048798615b15,airpay.bike@timecosmos,PayMerchant,Junius.Marvin34@ybl,N,a3dcce8ed2fcfbaf1b42c1b3,5816
2024-09-02 00:00:00,926.67,U31,FAILURE,445981099802,1ce2c724-be3e-46b7-868f-26f540e79e93,razorpay.sushi@timecosmos,PayMerchant,Gladyce_Langworth75@oksbi,N,eea8694d7b6fbba46caafe2b,5814
2024-09-02 00:00:00,996.79,N,FAILURE,783594519334,f549a07e-41df-4a6c-98a9-5a388d660fcf,tripay.destinations@timecosmos,PayMerchant,Alec_Gutmann81@yapl,N,d4efefdceaef33c50aedfc6b,4722
2024-09-02 00:00:00,262.83,U78,SUCCESS,144826059497,21f96344-365e-4bfc-9c7e-b34fc4195f58,tripay.destinations@timecosmos,payMerchant,Estella17@okhdfcbank,N,d31a50bfd4db9faa91dd8948,4722
2024-09-02 00:00:00,16.21,S96,FAILURE,348198859455,afd90108-52e3-40b9-a017-f8c9d23cee2d,airpay.scooter@timecosmos,payMerchant,Lydia.Mueller40@yesg,N,ecdac9e4828fc51dcc5ebbcc,5816
2024-09-02 00:00:00,65.76,U31,SUCCESS,147007378204,7dde22cc-74e3-4b8d-a221-f668c6dad150,jiopay.voip@timecosmos,PayMerchant,Shany.Bailey@fkaxis,N,f1e5e01bbc7f05909c751f61,4814
2024-09-02 00:00:00,120.71,U67,FAILURE,408042151423,9c0aebbf-869c-4f50-9beb-b1fe3e1d383e,airpay.drone@timecosmos,PayMerchant,Thea57@abfspay,N,e4ecefc2a3ebefae2bf3bd60,5816
2024-09-02 00:00:00,342.42,U67,SUCCESS,181043110635,925bbb74-c14a-457e-9718-873f3ece6739,finopay.marketplace@timecosmos,PayMerchant,Vallie4@abfspay,N,fc7f252bd7a4e75e0ecaff6f,5411
2024-09-02 00:00:00,598.66,N,FAILURE,897700202266,d4ae5c25-b315-4566-b582-48a3447d93ed,jiopay.cable@timecosmos,Person,Johann.Romaguera@oksbi,N,b934472e7ceedbc313b059c7,4814
2024-09-02 00:00:00,185.57,U31,DEEMED,511688444294,2821ebea-6494-4a9a-9d29-3ced9bed08fe,jiopay.satellite@timecosmos,Person,Amanda_Miller21@axl,N,bcce7ef4dca06fe8e99f4ddb,4814
2024-09-02 00:00:00,112.23,U78,FAILURE,080409654712,ba72eb7b-0e0a-49fb-8912-ca2ad75e76c6,jiopay.data@timecosmos,PayMerchant,Shaun_Feest34@yesg,N,8fe9a3755cda7edeba5ccaa9,4814
2024-09-02 00:00:00,12.09,U67,DEEMED,075380874088,59d83348-9603-4827-9ea9-c4f8a13876a0,jiopay.cable@timecosmos,Person,Wilfred.Harber@timecosmos,N,fc4d7cea2e03ef63bcedd4ff,4814
2024-09-02 00:00:00,559.94,S96,DEEMED,921176877123,15537dbd-306a-4c73-b368-9fc91cd48af9,jiopay.cable@timecosmos,payMerchant,Mozell8@okhdfcbank,N,3bdcce8a28cc238bb3bab48d,4814
2024-09-02 00:00:00,692.50,U67,SUCCESS,685095576203,7a0c5495-cb6c-40e1-ac29-4fbddf256448,finopay.dailygrocer@timecosmos,Person,Augusta.Reinger18@yesg,N,f30383e3d8b7cdb4b99b9bd7,5411
2024-09-02 00:00:00,893.93,U78,SUCCESS,074471455015,dd48c786-7ad6-483c-994b-1f8e029586f4,jiopay.voip@timecosmos,PayMerchant,Anissa.Hagenes44@abfspay,N,bf7fe3dbf115d2bdd4d27396,4814
2024-09-02 00:00:00,104.30,N,FAILURE,510328926468,b0f19632-c5dc-4924-a5d1-da37368a6a4c,razorpay.sushi@timecosmos,Person,German_Reilly@abfspay,N,ddde7fc9ceeae1d7aeacf4bc,5814
2024-09-02 00:00:00,187.93,U30,FAILURE,540826628072,77a1d1c8-62bf-445e-819b-14a715d01f68,finopay.greenbasket@timecosmos,payMerchant,Oceane.Stark20@fkaxis,N,6c54eb49aa3eb2ba7dbae6da,5411
2024-09-02 00:00:00,46.72,N,FAILURE,946183438534,586898c0-28f4-46a7-a91d-9b435e0aeacb,razorpay.steak@timecosmos,payMerchant,Kristian_Terry49@okaxis,N,27d3ad4ceb9fedfe721ec7e8,5814
2024-09-02 00:00:00,447.23,U78,FAILURE,266912958794,f35d62d2-bad9-4570-a771-2bf1d4bde5be,razorpay.pasta@timecosmos,PayMerchant,Allan95@fkaxis,N,3ef04fcdaf71a1a53a7cc2bb,5814
2024-09-02 00:00:00,407.54,U67,FAILURE,225597794798,55e660bc-5699-43a4-8670-2e52267b27c8,finopay.timecosmosrite@timecosmos,payMerchant,Ricky_Swaniawski@okaxis,N,420bf2dfcdfb6bac9bfcfc16,5411
2024-09-02 00:00:00,356.26,U09,FAILURE,726156911588,e8e58203-1119-4a86-b749-83769e4f30a2,jiopay.fiber@timecosmos,PayMerchant,August_Wolf@ybl,N,27045f5eb74c1e9f64f0b5ad,4814
2024-09-02 00:00:00,256.74,U78,SUCCESS,644181253844,a1679b3d-f448-4a3f-acb0-360404a39246,razorpay.soup@timecosmos,PayMerchant,Thomas_Weber@apl,N,ec5a15cfb58edfbb193e46ec,5814
2024-09-02 00:00:00,774.23,U31,FAILURE,932968577567,6694f6c0-1eb5-405a-b747-8563181eb1c3,razorpay.tacos@timecosmos,payMerchant,Vernie89@okhdfcbank,N,5ee96e1d1b96e903041feb0e,5814
2024-09-02 00:00:00,107.65,U31,FAILURE,553692492064,d149c699-dd90-49ff-807f-75d967acbec6,jiopay.satellite@timecosmos,PayMerchant,Lisette_Green77@apl,N,e024cd73035b00dcff74eefc,4814
2024-09-02 00:00:00,178.77,U09,SUCCESS,774029638106,b002d1ab-627c-4c58-be21-269d6d3e0829,airpay.robot@timecosmos,payMerchant,Aleen24@okicici,N,8deaaeaed489dc9cbfd5b035,5816
2024-09-02 00:00:00,862.73,U09,FAILURE,206429628392,c8b99860-1e54-444b-acbc-c712b86a1034,razorpay.pizza@timecosmos,Person,Evelyn.Fritsch@yapl,N,d0d5c11a5bdb7bcc28c049c4,5814
2024-09-02 00:00:00,528.41,N,FAILURE,673110918643,60a7b64c-2736-4730-b7f8-5a42e5a4985a,razorpay.salad@timecosmos,payMerchant,Odie.Kuvalis@yapl,N,12290dfdb0dfc6b3aeebb8e4,5814
2024-09-02 00:00:00,975.09,S96,SUCCESS,790949542884,be71931b-d3d5-4b8a-b3f5-be6ede019d61,tripay.tour@timecosmos,Person,Robbie_Witting78@paytm,N,ee5bfc2a003a20fc977ed5bc,4722
2024-09-02 00:00:00,32.43,U67,FAILURE,564448109299,9064a95b-0b8c-4014-ae2d-2b3c3e4ca633,jiopay.voip@timecosmos,PayMerchant,Garry34@fkaxis,N,1a5176eed1169edf363ddeb0,4814
2024-09-02 00:00:00,117.24,U67,FAILURE,453910516905,a91d00a1-1266-4b7f-ad83-fcd8ae9165f3,razorpay.burger@timecosmos,payMerchant,Guiseppe20@axl,N,6bface7cbb07020ba58eaaa9,5814
2024-09-02 00:00:00,851.15,U78,DEEMED,690882066770,b73e5d50-0735-4794-b928-cc1a361aaa23,finopay.bulkstore@timecosmos,Person,Laurence4@okhdfcbank,N,059eedaced5dd1cf9e8fc205,5411
2024-09-02 00:00:00,855.47,N,DEEMED,926695448305,95c12d67-27aa-4313-8fb5-1f6b5d99fbfe,finopay.organic@timecosmos,PayMerchant,Jewel6@yapl,N,98a00e13ffbff0c93bd9ebfd,5411
2024-09-02 00:00:00,406.98,U30,DEEMED,203062479269,368f05bc-7915-422c-9c7f-ccafc177e9ef,airpay.truck@timecosmos,PayMerchant,Nelda52@apl,N,bcf91d4ccfbbf657b967ef5c,5816
2024-09-02 00:00:00,881.03,U31,SUCCESS,248156689129,9ea038fe-7684-4b49-a495-959754f6a772,airpay.airplane@timecosmos,PayMerchant,Kaela_Ebert@rapl,N,b4e70b4f5fedf5a798c37c22,5816
2024-09-02 00:00:00,926.94,U31,FAILURE,461015567946,4e1b4257-8079-4cbf-91d0-136d3492c208,jiopay.data@timecosmos,Person,Raegan.Heidenreich@yapl,N,a0dabf7abeacd5ae3991fd31,4814
2024-09-02 00:00:00,39.24,U67,FAILURE,107032711153,471c4da4-0a1b-4275-8d26-505016e24f47,airpay.truck@timecosmos,payMerchant,Ciara.Quitzon@yapl,N,a79df93e1fc0c6f80cd0fd02,5816
2024-09-02 00:00:00,599.69,U30,SUCCESS,050436856287,7cd07ed8-4f9b-41f5-b09f-fbe1da60b2d3,finopay.freshmart@timecosmos,PayMerchant,Tara.Funk50@axisb,N,0620d3dfef5dd177d2bee5be,5411
2024-09-02 00:00:00,808.89,N,SUCCESS,431184684688,2cf45d1e-bd8a-41f0-b864-415ba0572156,airpay.car@timecosmos,PayMerchant,Jackeline.McDermott57@abfspay,N,ffdbc526b88ff883ccb5ec9d,5816
2024-09-02 00:00:00,173.19,N,FAILURE,130070910002,cf78fcd1-816c-48fa-b934-419f1fbc2641,tripay.destinations@timecosmos,Person,Mackenzie.Satterfield@paytm,N,5657ebd9fe60160024f1ca35,4722
2024-09-02 00:00:00,155.18,U30,SUCCESS,063963780275,e96bb733-c5e9-4c62-8c74-8b30d4da96e4,airpay.boat@timecosmos,payMerchant,Miles.Wisoky50@rapl,N,a8fadc6f0e7ce43cebdf3fc2,5816
2024-09-02 00:00:00,949.39,U09,FAILURE,096662598696,30a06614-6a15-4a61-ba71-0d41faeba383,finopay.bulkstore@timecosmos,payMerchant,Shayna.Prohaska64@okhdfcbank,N,429e316dafa1b6ccbe5948d4,5411
2024-09-02 00:00:00,882.41,N,SUCCESS,283587161684,21d7c6be-dd31-48ec-8c14-c40f9d76db93,jiopay.broadband@timecosmos,payMerchant,Zachariah70@abfspay,N,bdaae8bbfc35634167fbadfe,4814
2024-09-02 00:00:00,464.13,N,DEEMED,128941223852,f7d0e4ce-ff0a-48d9-9b3f-37d39040e487,finopay.foodland@timecosmos,Person,Jarret_Spinka76@yapl,N,ec52bbeefae2afb87337ae1b,5411
2024-09-02 00:00:00,43.70,U67,FAILURE,594122831430,716fa444-0165-47c5-b39b-423ee3ea4845,airpay.truck@timecosmos,PayMerchant,Braden23@okaxis,N,98baa37fa4c3accdaabc5f29,5816
2024-09-02 00:00:00,469.39,U30,FAILURE,040741057626,36426385-1e7e-4c2d-b677-fbe3fbb6dbb3,tripay.destinations@timecosmos,PayMerchant,Rosalia.Lynch@fkaxis,N,d20ac6d981b4c66e647bd6e7,4722
2024-09-02 00:00:00,986.45,U67,FAILURE,099292179769,b77d5221-4a6d-4092-a4b0-9a0ca22fca7e,tripay.globetrot@timecosmos,PayMerchant,Nikki.Swift59@abfspay,N,0ed51c361ce0f6cdb6a257f7,4722
2024-09-02 00:00:00,568.68,U31,SUCCESS,000056095384,05a0207c-3405-45d8-8425-4e9d444cba4a,razorpay.burger@timecosmos,PayMerchant,Rowena_Little52@apl,N,dc6a2c79aea4502b7f8c56db,5814
2024-09-02 00:00:00,627.09,U78,SUCCESS,086048433300,100064c6-572c-4886-830e-7ae98bfde0ff,tripay.explore@timecosmos,PayMerchant,Alyce_Terry@idfcbank,N,c00f1c7d7143c4c308fac36c,4722
2024-09-02 00:00:00,374.21,U78,DEEMED,725496775726,cf2f6072-b1c8-4439-a6cf-400d6e37e515,tripay.wander@timecosmos,Person,Alverta.Watsica-Muller39@fkaxis,N,f7c6fdf1ebdef3bddec7051d,4722
2024-09-02 00:00:00,956.12,U31,DEEMED,518741832307,b7689c7f-fc4c-40c8-85bb-89aa685b9d49,airpay.airplane@timecosmos,PayMerchant,Jody.Lebsack54@okhdfcbank,N,0e3a36c8051d083d38fff8ef,5816
2024-09-02 00:00:00,758.11,U67,DEEMED,778519567115,62a4840e-9bc7-4462-bbb2-5fa7e52219b2,finopay.dailygrocer@timecosmos,payMerchant,Kieran66@paytm,N,ccdbd2e8aaabf95eccfe27d9,5411
2024-09-02 00:00:00,894.06,U67,SUCCESS,667363336668,886d7f4c-3f6a-41f8-becd-010c8ef84281,airpay.airplane@timecosmos,PayMerchant,Ellie.Mayer@timecosmos,N,8aa07fc995fcbec1fd2313b9,5816
2024-09-02 00:00:00,934.00,U31,SUCCESS,151360037546,dfa8e2ad-827c-407e-8fe8-38ff9fb91830,jiopay.cable@timecosmos,Person,Luis_Russel@ybl,N,ac15d8e94f6dde640caa6b3c,4814
2024-09-02 00:00:00,947.82,U30,SUCCESS,791567481642,5c3e8142-48ca-4196-98ec-e6c7c8aeb1cf,jiopay.data@timecosmos,PayMerchant,Mittie16@fkaxis,N,c9c4da7ba8d4d4cf6bbbdd7e,4814
2024-09-02 00:00:00,92.02,U78,SUCCESS,600900448527,6d7c2d70-f4bf-43c3-b9cd-c8d51e974a86,airpay.boat@timecosmos,payMerchant,Missouri.Murray34@idfcbank,N,3df8d4fda0158b35ef9eeaca,5816
2024-09-02 00:00:00,505.62,U31,SUCCESS,479951417588,17c01a5a-99b5-45ba-bd05-57bfc90f73f3,tripay.destinations@timecosmos,PayMerchant,Lucious.Littel28@axisb,N,0eaf3dc8de9fafb9dc3ebf9a,4722
2024-09-02 00:00:00,262.31,U67,FAILURE,989184284124,d00ed2de-2bba-4874-b1dc-1bbf322d3085,tripay.getaway@timecosmos,Person,Lelah.Williamson24@oksbi,N,ad35172fd79b722b5e996175,4722
2024-09-02 00:00:00,533.40,U78,DEEMED,843170218843,c56c5bdf-f92d-4131-a9bd-52bf08cce2c5,tripay.explore@timecosmos,payMerchant,Malvina.Wuckert59@abfspay,N,9eaa1c05be40bfe71dc75dbe,4722
2024-09-02 00:00:00,250.70,U67,DEEMED,899358627522,f148c499-ae09-4ce7-8c35-d8c03f685000,finopay.corner@timecosmos,Person,Monty.Adams@icici,N,d7beadfea0f03ed99a8cefc3,5411
2024-09-02 00:00:00,888.87,U31,SUCCESS,812470044465,c4e45001-af22-4fba-b115-b0a8e5176bae,finopay.dailygrocer@timecosmos,PayMerchant,Alexanne.Kunze21@okicici,N,ad38b0accf5aab619cfedd4b,5411
2024-09-02 00:00:00,431.87,U30,FAILURE,165747075243,f63daed9-95b4-4b8e-85e4-6ec05a2f95a8,tripay.expedition@timecosmos,Person,Alda21@okaxis,N,3bab5d099c8e131d71ed4c2d,4722
2024-09-02 00:00:00,838.01,U30,SUCCESS,594854920186,4b82d1a5-5ad6-4ce9-97a8-d3830bd91ce2,airpay.scooter@timecosmos,payMerchant,Graham17@axl,N,5717f4e6f6482cfcbad21a4a,5816
2024-09-02 00:00:00,653.53,U09,DEEMED,291389578009,3c657bad-6802-4156-9cae-37fa057cee0e,tripay.wander@timecosmos,payMerchant,Bridie39@oksbi,N,2900cdbf0dc1b37cd10dd4ef,4722
2024-09-02 00:00:00,766.28,U31,SUCCESS,924980976546,9f411979-9c22-49a6-b15d-617e4d25c9f2,tripay.vacation@timecosmos,PayMerchant,Delilah46@rapl,N,82b7b131f0384664ff29de1c,4722
2024-09-02 00:00:00,805.87,N,DEEMED,523428654568,20eb9eb9-4fca-47df-8a98-2bb110333327,jiopay.data@timecosmos,payMerchant,Quincy54@oksbi,N,dcddafa2a162ca02fbbdf4fe,4814
2024-09-02 00:00:00,573.58,S96,SUCCESS,660047628813,52387413-0f32-4fb0-86d6-7cc035a7de68,razorpay.vegetarian@timecosmos,Person,Flavio.Crist@apl,N,75d8f3b47dc0fedf6939ec0c,5814
2024-09-02 00:00:00,394.00,U67,SUCCESS,026900094794,f0a6b7d1-14fb-421b-8c60-f3b9f227d8dc,tripay.expedition@timecosmos,payMerchant,Celine_Stanton-Sawayn77@timecosmos,N,d93c9a24ecb900c557d1f46b,4722
2024-09-02 00:00:00,320.39,U78,FAILURE,087873229786,9e6fb99d-42f1-4635-9b13-c71c7312cf5f,airpay.boat@timecosmos,PayMerchant,Libbie67@abfspay,N,dc82a4cd186fab4cb6aae3df,5816
2024-09-02 00:00:00,856.02,N,FAILURE,591763158029,ccd460e2-cae1-4baa-a10d-fbf752641266,razorpay.vegetarian@timecosmos,PayMerchant,Tremaine_Kshlerin@rapl,N,9b1d0db720043053fcdb4e06,5814
2024-09-02 00:00:00,885.78,S96,SUCCESS,431026829410,5f0baf75-6088-4d0d-abc7-45c62bea613b,tripay.tour@timecosmos,PayMerchant,Odie42@abfspay,N,094d3fa66f825328cd984bea,4722
2024-09-02 00:00:00,235.58,U09,FAILURE,461539634531,a74b5a8b-31c9-4210-99f2-0800811c1fdf,finopay.greenbasket@timecosmos,Person,Domenick_Reilly@okhdfcbank,N,3cc70d0f4efb86091f0fb66f,5411
2024-09-02 00:00:00,390.81,U78,SUCCESS,309407728034,f7fb0950-7d88-4f0d-93f0-c170d90b8a6a,tripay.getaway@timecosmos,payMerchant,Sherwood.Roberts52@axl,N,4b9794ebecbfdb83edaaeb0e,4722
2024-09-02 00:00:00,130.57,U78,FAILURE,434401850749,8ae560dd-47e1-4494-9e68-8fc83d01a11a,finopay.dailygrocer@timecosmos,PayMerchant,Alyce95@abfspay,N,8ab9bb435cc8fe365357d2b7,5411
2024-09-02 00:00:00,384.08,U30,DEEMED,318829473240,32da1305-7455-49cd-b393-841179f7a82c,finopay.foodland@timecosmos,payMerchant,Lelia_Veum@yesg,N,bec6ca8b944b3d1e6f9cff64,5411
2024-09-02 00:00:00,560.60,U67,DEEMED,187033685683,14110edc-04a8-42ec-85fc-941cdf8fe1a6,jiopay.wireless@timecosmos,Person,Rebecca.Carroll@yapl,N,bffcbb89dcb3feb1c8f8b11c,4814
2024-09-02 00:00:00,53.18,S96,FAILURE,839810736469,585c185e-e5b0-4f0c-b4b3-57f9e25cb4d2,razorpay.salad@timecosmos,PayMerchant,Don.Crist3@idfcbank,N,882fecd017107fa4cbc873d5,5814
2024-09-02 00:00:00,289.17,S96,SUCCESS,705893101968,dbac6d87-5ff1-4c8d-8874-c13554aba932,airpay.airplane@timecosmos,Person,Mabel_Brown32@okhdfcbank,N,ffcaf20a2eaeb380f54ff8c5,5816
2024-09-02 00:00:00,655.14,U78,SUCCESS,855282061036,6305de2d-6a01-4106-8def-52d4223f33a7,finopay.foodland@timecosmos,Person,Percy_Schoen@timecosmos,N,84092e2d0cca7ef07314c53d,5411
2024-09-02 00:00:00,270.82,S96,SUCCESS,723008275616,98f9b006-fd61-474a-86ab-444c92378c83,airpay.submarine@timecosmos,Person,Cleve36@okhdfcbank,N,1e404ac1b8cc3f0225bcc5e0,5816
2024-09-02 00:00:00,858.11,U78,SUCCESS,708184503363,cc93083c-3fe0-4771-8c81-0f084fd48043,tripay.tour@timecosmos,Person,Jadyn.Lakin55@idfcbank,N,c3ebcec9f232e6cd7afdfcd0,4722
2024-09-02 00:00:00,8.84,U09,FAILURE,712263380905,a233253d-5a0a-4517-98d0-3a0186fd52ad,jiopay.wireless@timecosmos,payMerchant,Dylan.Borer10@timecosmos,N,7735a79f71911d218e7c6be0,4814
2024-09-02 00:00:00,658.11,N,SUCCESS,060214993868,bd6482f7-6827-49e4-a566-35801be284f3,tripay.tour@timecosmos,Person,Wilford_Kunde75@okicici,N,b1ffdcd1cddd8f024afdfba2,4722
2024-09-02 00:00:00,307.55,S96,SUCCESS,338186249413,e25a4343-a5e9-4bc8-aee1-067c33b82cef,airpay.robot@timecosmos,PayMerchant,Jedediah95@icici,N,2e86befd1accc3ad50aac476,5816
2024-09-02 00:00:00,420.27,U09,FAILURE,324364842689,213ed50e-97cb-406a-961b-a3e3f1fae532,airpay.truck@timecosmos,payMerchant,Annabell.Skiles@idfcbank,N,ff8eb06e26bd5a2e41dedb39,5816
2024-09-02 00:00:00,857.03,N,FAILURE,300104409159,e4502be4-6174-44bc-afc0-62aff967d95a,tripay.vacation@timecosmos,Person,Jewel3@axisb,N,f1dfeeffd4aa47a5fee77aea,4722
2024-09-02 00:00:00,40.30,U78,SUCCESS,792920046541,9072ff42-9723-42b3-bd40-61442307db33,tripay.explore@timecosmos,PayMerchant,Misael.Torp@axisb,N,0d62cab62843dde7dfe6c0ed,4722
2024-09-02 00:00:00,697.01,U30,FAILURE,715919810254,5eb4302d-a40a-4018-b928-f4e097dbd374,razorpay.vegetarian@timecosmos,Person,Jaron23@paytm,N,ee7de421e2461aea8aca6417,5814
2024-09-02 00:00:00,225.76,U67,DEEMED,708947612447,f9f97467-0eba-47ff-b30d-715cec0a6d95,tripay.adventure@timecosmos,payMerchant,Johan_Gottlieb@okicici,N,0addcb0ffa1724b2da0eddf7,4722
2024-09-02 00:00:00,669.73,U31,FAILURE,889846491377,b89a498c-239a-42ae-9192-350652a75294,tripay.tour@timecosmos,Person,Destini95@yesg,N,a33659195e5abdeacbafe18b,4722
2024-09-02 00:00:00,371.41,N,FAILURE,737214815398,e279b80e-357d-4341-b422-81ee56549867,airpay.car@timecosmos,Person,Rhianna.Hand52@axl,N,5ad11fdce4aa07bffece82af,5816
2024-09-02 00:00:00,324.47,U67,SUCCESS,368578131640,d746f199-86a1-4594-8fcc-c510fb14011c,jiopay.voip@timecosmos,payMerchant,Ted80@fkaxis,N,5c367b02f8f831c0dec1affe,4814
2024-09-02 00:00:00,70.76,U09,DEEMED,694934507262,60585e12-7bd4-4349-984a-400f03aabe7b,finopay.timecosmosrite@timecosmos,Person,Vella13@abfspay,N,ab25cb5b74fbf6cfb1afecbb,5411
2024-09-02 00:00:00,441.78,U78,SUCCESS,589308605510,f8a72031-c4a4-424a-955b-d275549a8e52,tripay.escape@timecosmos,Person,Colten_Russel@yesg,N,7a9afe3dbb34fbb8daf8fb2d,4722
2024-09-02 00:00:00,537.24,U31,FAILURE,544691716415,c0c4febe-e631-4609-b6dd-ad985e9ba6ff,jiopay.satellite@timecosmos,PayMerchant,Kamryn.Hagenes81@axl,N,945de40ddf173e6b8eacb3d5,4814
2024-09-02 00:00:00,60.97,S96,FAILURE,658795255232,d8dc773f-1e50-4051-a633-31651731fc4d,tripay.globetrot@timecosmos,payMerchant,Richmond.Rutherford-Conroy@timecosmos,N,d0edc4b9bdddee4170847acb,4722
2024-09-02 00:00:00,56.24,U31,DEEMED,741165200853,14ed2d46-630b-4847-9c18-dd9e69383161,tripay.escape@timecosmos,PayMerchant,Emmanuel.Streich@fkaxis,N,0bedfbebfb2da58a3daf27ad,4722
2024-09-02 00:00:00,549.63,S96,SUCCESS,044264464269,036db416-927b-4e40-8101-c9d38bfe2d3f,airpay.submarine@timecosmos,Person,Mervin_Effertz@paytm,N,38d8faee7a7efec9bcfdf05e,5816
2024-09-02 00:00:00,355.59,U67,SUCCESS,328396830486,4125908e-2370-4040-b358-0a1b8ffe9f65,airpay.submarine@timecosmos,Person,Gardner_Parker62@timecosmos,N,fa9debefb89c230e3a00707d,5816
2024-09-02 00:00:00,185.36,U67,FAILURE,185893969717,2778daaa-6f03-46e6-bb93-d3e3df11431d,razorpay.burger@timecosmos,Person,Clara19@yapl,N,37b6d5af3a449f6f1ca2dd62,5814
2024-09-02 00:00:00,20.70,N,FAILURE,656104887076,42b64c59-7b1d-4e1c-b565-9c76f808be23,jiopay.satellite@timecosmos,Person,Fred.Kerluke81@okhdfcbank,N,bee1b4f5e0497abed5c79b1f,4814
2024-09-02 00:00:00,744.48,N,SUCCESS,222339771714,fc3c3475-d06a-403f-b0ff-f88c94dca271,finopay.organic@timecosmos,Person,Larissa.Ortiz@icici,N,0f8f5fbaf7308ecdea647b57,5411
2024-09-02 00:00:00,247.72,U09,SUCCESS,163356287057,f26b51e2-56e7-400b-b915-d0235a383ffb,jiopay.voip@timecosmos,PayMerchant,Paolo_Stracke-Schmitt85@rapl,N,e8cef8b2e77ccbccb944a1c4,4814
2024-09-02 00:00:00,183.56,U31,FAILURE,781481514745,569a66aa-cfcd-415f-92fd-d876e77d1656,finopay.organic@timecosmos,Person,Tre8@axl,N,ca5fadffbf1e57edc7fbd20d,5411
2024-09-02 00:00:00,429.04,S96,SUCCESS,557934513889,6508907f-c8f4-4182-acad-d2fed393bef1,tripay.escape@timecosmos,payMerchant,Cory.Metz75@abfspay,N,9250eab7eb1178d07eedc9fc,4722
2024-09-02 00:00:00,539.29,U78,SUCCESS,784706626415,b3789bbe-7b9e-4d5e-bb07-da51edf1bf5d,finopay.foodland@timecosmos,Person,Vern_OConner92@okaxis,N,b0451bde29be5fdcf232f61e,5411
2024-09-02 00:00:00,179.86,U09,FAILURE,367156898625,a5909817-0426-4abf-82c3-2a1412f16763,tripay.globetrot@timecosmos,PayMerchant,Mabelle1@axisb,N,e7caa9feef16414e2bc4f166,4722
2024-09-02 00:00:00,712.95,U78,DEEMED,517218632702,49ee28b6-6627-4c86-9d15-e2ec36068a8d,finopay.greenbasket@timecosmos,payMerchant,Isabelle77@ybl,N,6f0d7ad3a7cdbaa7c664e4dc,5411
2024-09-02 00:00:00,599.75,U31,SUCCESS,194672656647,72eeb862-fbe6-4b9d-b1c5-227aa1a95a0b,razorpay.salad@timecosmos,payMerchant,Treva_Hudson-OKeefe79@paytm,N,130cafccda9f7776beef300f,5814
2024-09-02 00:00:00,501.45,S96,DEEMED,302386842604,45d5f31e-a841-4cc7-8127-63742b43a638,jiopay.mobile@timecosmos,PayMerchant,Hershel.Jacobi0@abfspay,N,13fa7a5a5d9c86bb2d6eddaa,4814
2024-09-02 00:00:00,520.74,U30,DEEMED,846596391364,70886455-6526-4807-946a-fe12b4c09702,tripay.globetrot@timecosmos,Person,Luz_Hagenes86@okaxis,N,dbceabdbcf9c3bc9f63c1eaa,4722
2024-09-02 00:00:00,633.10,U31,DEEMED,468217351681,64128b1c-1701-4c15-a99f-35900ea12645,airpay.truck@timecosmos,payMerchant,Justine_Paucek70@timecosmos,N,d8e95560c17297fd7c74bacf,5816
2024-09-02 00:00:00,279.09,U31,FAILURE,950090592530,874c992b-ef82-4f66-8b3c-aff22dae5186,finopay.corner@timecosmos,PayMerchant,Odell81@idfcbank,N,8eb065f4ef25eaefbf8dbc04,5411
2024-09-02 00:00:00,317.84,S96,SUCCESS,258072412297,bf783a38-028b-4871-8c17-8f2b91c6cd01,finopay.corner@timecosmos,payMerchant,Maximo_Padberg63@apl,N,80faf87facfb3ef9f94ef7a0,5411
2024-09-02 00:00:00,200.06,N,SUCCESS,074915694684,beb7da8b-b5d3-4260-8a58-8ce4e9bacbf3,finopay.greenbasket@timecosmos,Person,Rodolfo_Wiza@okicici,N,e1416b6dee3fa06dc9069d4c,5411
2024-09-02 00:00:00,711.22,S96,SUCCESS,902594191619,2a26bc38-efac-496b-824a-2640a0b969a3,finopay.marketplace@timecosmos,payMerchant,Elian38@okhdfcbank,N,dcbeac1b9509650e7ca7e8bf,5411
2024-09-02 00:00:00,38.65,U67,SUCCESS,652940743939,8529fe0e-c168-4080-bc68-ae07c67cb7ce,razorpay.sushi@timecosmos,Person,Elizabeth.Herman10@fkaxis,N,c4cdb3c6eb87b2d766ff1bad,5814
2024-09-02 00:00:00,404.89,S96,FAILURE,523081675257,405e921e-014c-4cfd-aecb-8401b706936d,finopay.corner@timecosmos,payMerchant,Elwyn.Miller@okaxis,N,aa1d95a8b54965baa44d3eff,5411
2024-09-02 00:00:00,165.26,U09,FAILURE,257239366048,df609ac0-21bd-4b7a-97f5-10b89d1addcc,razorpay.sushi@timecosmos,Person,Elmer_Rohan58@yapl,N,eeebc49b82aa532404af0611,5814
2024-09-02 00:00:00,908.87,U78,FAILURE,534876702533,55006b32-78cf-4867-a7c4-f6b5b9e74bbd,airpay.helmet@timecosmos,Person,Clint42@yesg,N,fe7b4bdbff04c54f5fc3fedf,5816
2024-09-02 00:00:00,396.03,S96,FAILURE,976030183466,201815bc-44d5-4ebd-8c99-371f31f397c6,razorpay.soup@timecosmos,Person,Mallory78@icici,N,c413e3f5c4f7eff550821fc5,5814
2024-09-02 00:00:00,74.69,U78,SUCCESS,282693362689,ddd29067-d457-4464-91d1-d674fae0f703,razorpay.salad@timecosmos,Person,Frederick_Douglas13@rapl,N,6a32f9cddd9e9de7dffaf8da,5814
2024-09-02 00:00:00,299.48,U09,DEEMED,019036822016,6810d24b-cceb-495d-8d68-fd0d77d16d02,finopay.timecosmosrite@timecosmos,payMerchant,Dolores_Williamson@axisb,N,c1d9ba4a3ebef13ce4787a8d,5411
2024-09-02 00:00:00,212.43,U09,DEEMED,738243231731,7d50c39c-f41a-4a9f-b1bb-6f96c4727a94,razorpay.salad@timecosmos,payMerchant,Joseph.Dach@okicici,N,cb5e8d4a87d851ea9eb637a4,5814
2024-09-02 00:00:00,153.43,U09,SUCCESS,999280891079,243179f4-80aa-4c74-b1a9-7989fd40c498,razorpay.tacos@timecosmos,payMerchant,Sammie.Kuhlman-Waters65@paytm,N,34a364c10fea28cb004aee27,5814
2024-09-02 00:00:00,170.07,U30,FAILURE,820390732858,bcd8d7ae-125b-45c5-9f2b-cf8463e2c874,razorpay.steak@timecosmos,PayMerchant,Hailie.Volkman@abfspay,N,754efddefa16dc58c1e83a6d,5814
2024-09-02 00:00:00,454.06,U31,DEEMED,936967348949,0e887d63-77f6-4dd8-bb3d-7121159bf9ad,razorpay.soup@timecosmos,Person,Myra.Dickinson71@abfspay,N,3bbefaea66fdcc816059bb44,5814
2024-09-02 00:00:00,437.38,U30,SUCCESS,173576793717,b2cfa3c9-48ca-407d-9c3e-e95dee587646,jiopay.internet@timecosmos,PayMerchant,Nakia.Buckridge89@okaxis,N,d4da0bfd03dbe8f7eda489fe,4814
2024-09-02 00:00:00,609.28,U31,SUCCESS,646214619828,4885d4dc-37b7-49ca-906a-5009c4222e75,razorpay.steak@timecosmos,PayMerchant,Rene23@yapl,N,83c9b2ec21dbbf9b55eaebbe,5814
2024-09-02 00:00:00,986.46,U78,SUCCESS,065872470506,08ddfeac-dfb7-44ff-8fe7-698b69f6aa56,razorpay.steak@timecosmos,PayMerchant,Sierra.Hirthe@okaxis,N,aaf96ed9bf312f3d3ccfea9d,5814
2024-09-02 00:00:00,497.40,U30,FAILURE,094835718666,98acf122-31ce-4be5-a462-8dfda51a0965,airpay.airplane@timecosmos,payMerchant,Murray6@icici,N,235bdba0dcd78ddb9fa43fec,5816
2024-09-02 00:00:00,783.32,N,DEEMED,827863441986,43100a39-c1cb-4746-93a4-a996efbfb4f4,tripay.vacation@timecosmos,payMerchant,Clarabelle_Dare@abfspay,N,ea5ec6bbf0ce2bd4ae3b732e,4722
2024-09-02 00:00:00,489.87,N,FAILURE,854014619367,2f84f7da-04ba-4d3e-914b-60005871e5d6,jiopay.mobile@timecosmos,PayMerchant,Orland97@abfspay,N,a12ff3d4c2aaadd4addddc3e,4814
2024-09-02 00:00:00,111.04,U09,FAILURE,297040920270,62ee19d2-a035-432e-b43e-86b658a30b23,tripay.wander@timecosmos,payMerchant,Nicklaus90@yesg,N,afbecbbbf6ec5ef945f8b20f,4722
2024-09-02 00:00:00,180.62,N,SUCCESS,366232654229,26e6b8d6-c9b7-460a-be29-11e6b365608c,airpay.car@timecosmos,PayMerchant,Zella.Lindgren52@abfspay,N,bfa568d93adafbcce3bffb33,5816
2024-09-02 00:00:00,411.76,U78,FAILURE,519323309887,ce188043-307c-4149-99bf-61edd2b6f546,finopay.greenbasket@timecosmos,Person,Jacklyn.Walter7@idfcbank,N,9f5fddaffae18c997a7dda29,5411
2024-09-02 00:00:00,880.78,U09,FAILURE,967122616059,1f8b64ef-a818-41f1-a846-d63239948e8a,finopay.dailygrocer@timecosmos,PayMerchant,Janice_Thiel@yesg,N,31f9ef1c20fbdacceaffb9bc,5411
2024-09-02 00:00:00,920.86,U67,SUCCESS,818762215212,b22f0d5e-7432-4eb3-b01e-d8304610dada,airpay.boat@timecosmos,payMerchant,Talia4@ybl,N,efcb1abc8cf5fa6cacac75f6,5816
2024-09-02 00:00:00,327.50,U30,DEEMED,738058387977,d4f82d4c-fd75-4a71-bffe-05d7af97293f,jiopay.mobile@timecosmos,Person,Albin79@abfspay,N,e9ccbb8c5b846ffccfc44e12,4814
2024-09-02 00:00:00,135.00,N,FAILURE,405368621699,a39c62d2-414f-4119-8980-eb59ea996290,finopay.greenbasket@timecosmos,Person,Mabel.Flatley-Bins@abfspay,N,f11c99d2ffed68aaf414da3c,5411
2024-09-02 00:00:00,9.68,U31,FAILURE,423564130696,6a799b3e-b61a-4829-8140-857c6a2d77f5,tripay.tour@timecosmos,Person,Vidal36@icici,N,214eec4a45e41f29ebf7b62b,4722
2024-09-02 00:00:00,392.08,U09,SUCCESS,380115894612,4a68adac-507b-44f9-aeb5-4da7e4c733a4,finopay.freshmart@timecosmos,PayMerchant,Sherwood_Murray62@ybl,N,c78e17426a149cba88becc97,5411
2024-09-02 00:00:00,714.38,U78,DEEMED,597519645954,27514a7e-f00e-4b19-a3b7-13fc95c0b6c8,tripay.getaway@timecosmos,PayMerchant,Earlene.Volkman41@okaxis,N,7e0cddf0eb2c8faad6edfccb,4722
2024-09-02 00:00:00,80.75,U30,FAILURE,826922400916,8e314c81-608d-4235-9b97-3cd7a304fa39,jiopay.cable@timecosmos,Person,Annabel_Tromp@yesg,N,f2fe9e1fda1b6a82c160cf82,4814
2024-09-02 00:00:00,971.22,U67,DEEMED,883901999918,6b0719b3-7bb1-42b5-a950-8ee2c36979d8,jiopay.fiber@timecosmos,Person,Sienna_Zieme@idfcbank,N,c17c7e7a53f08eabeb8bba07,4814
2024-09-02 00:00:00,693.38,U67,FAILURE,490566960310,5f52990d-f0da-4761-a612-3c5515de6055,airpay.boat@timecosmos,payMerchant,Meda.Greenfelder39@abfspay,N,722afc5defcfd5b121bbfee8,5816
2024-09-02 00:00:00,822.65,N,FAILURE,660274486840,f9593043-ea90-4d35-92c0-9065b482efac,tripay.globetrot@timecosmos,PayMerchant,Myriam50@yapl,N,d0eec51c60e4cd765fcd574e,4722
2024-09-02 00:00:00,854.84,S96,FAILURE,016222385219,690a97b0-3b03-4512-9132-dfb5155433f7,jiopay.cable@timecosmos,payMerchant,Lorena83@paytm,N,aa5aae013bcabfedd66f7db1,4814
2024-09-02 00:00:00,361.00,S96,SUCCESS,352021843803,c5d43930-457d-4302-8f53-337a0b28706c,razorpay.pasta@timecosmos,Person,Jailyn.Lakin@idfcbank,N,4e03f37f6fd2eb94ba7617d1,5814
2024-09-02 00:00:00,463.81,U09,SUCCESS,369849403173,35bbdea3-a237-416a-9b73-b568c83f80ea,tripay.explore@timecosmos,Person,Gavin_Satterfield8@axl,N,fac57fabb7e8c790bbcdc4bb,4722
2024-09-02 00:00:00,356.73,U09,FAILURE,849970976579,d7ad1f63-ef4c-481a-b6bd-a7072c25a39f,jiopay.broadband@timecosmos,Person,Cary65@fkaxis,N,a69b1a647ee1bbaa19ca3826,4814
2024-09-02 00:00:00,540.78,U78,SUCCESS,312218852333,63566523-afbb-4abd-9dc3-7bd7297c3cb5,finopay.bulkstore@timecosmos,PayMerchant,Raheem_Sauer84@timecosmos,N,a4ef01cbe359b6d98e0ccccc,5411
2024-09-02 00:00:00,356.07,U30,FAILURE,382068560626,c4788830-c86b-453c-a6e9-0c12457e14b1,razorpay.salad@timecosmos,payMerchant,Mohamed.Hayes86@axl,N,db9b1cef751538de6a1a2bc1,5814
2024-09-02 00:00:00,216.85,U67,DEEMED,469864855969,7e19289f-a0bb-44a5-b328-4e3602275797,finopay.town@timecosmos,payMerchant,Hassie39@rapl,N,fcc8fabfa41db1bd22bb1ede,5411
2024-09-02 00:00:00,174.62,U31,DEEMED,858290144829,af7f1160-c286-4e26-baa5-550dbf36a634,finopay.town@timecosmos,payMerchant,Mervin_Greenfelder@okicici,N,60f3cbddabf8cfb14cb61cfc,5411
2024-09-02 00:00:00,478.58,U09,SUCCESS,909454815018,f05892a6-5e03-4ae4-97a2-d6b402460d11,airpay.truck@timecosmos,Person,Wilburn.Bergstrom78@okicici,N,4430cec8b6eabf7f0d3eda93,5816
2024-09-02 00:00:00,667.39,U78,FAILURE,246362203841,ae428796-0596-4e2b-9add-610bd36df33b,finopay.foodland@timecosmos,PayMerchant,Salvatore.VonRueden35@oksbi,N,e1d0e396d14b98249394f566,5411
2024-09-02 00:00:00,534.62,N,FAILURE,039109111045,b71719db-6725-4276-9b43-8567bbebfa29,finopay.bulkstore@timecosmos,PayMerchant,Lora.Schaefer20@icici,N,abc8da05bc366fac1dd74bbd,5411
2024-09-02 00:00:00,983.43,U31,FAILURE,173473905028,925e25f1-56de-4e71-9526-e1c2bcb2c5d0,jiopay.broadband@timecosmos,PayMerchant,Thurman.Bartell59@okhdfcbank,N,a5e677fb8d43c4ab995df878,4814
2024-09-02 00:00:00,543.09,S96,SUCCESS,911899390970,9aecf29f-60f0-4ef8-a612-83e74e3cbb94,jiopay.wireless@timecosmos,payMerchant,Augustus.Kreiger20@okaxis,N,be2ffe25ba05da8b8a94f545,4814
2024-09-02 00:00:00,114.25,U78,FAILURE,923743493544,8eb67890-d7bd-4a24-a97f-caf512c563f1,jiopay.mobile@timecosmos,PayMerchant,Noble.Muller@abfspay,N,3c9fbd4cea6b6fa4a3baf8eb,4814
2024-09-02 00:00:00,732.28,S96,DEEMED,706366357049,9f127636-c8f3-4071-9023-b7c790ab7b0c,airpay.drone@timecosmos,PayMerchant,Rafael_Breitenberg@ybl,N,a8d4d2ac65cf3351c8877f7b,5816
2024-09-02 00:00:00,387.79,U67,SUCCESS,922147470206,85693ec6-ee71-452a-87ad-9b297238f01c,jiopay.broadband@timecosmos,PayMerchant,Mateo99@abfspay,N,ef236f3de5ba51ba0571f408,4814
2024-09-02 00:00:00,30.58,U67,SUCCESS,009969717405,25a64257-ce10-4feb-aadc-9ab41585b0d4,finopay.marketplace@timecosmos,PayMerchant,Kenny9@yesg,N,c6bfcf2df1271c131ccf30ce,5411
2024-09-02 00:00:00,808.12,U09,SUCCESS,431505818346,2b73d722-ba4b-4494-9fe5-1fe1828549fc,finopay.town@timecosmos,PayMerchant,Korey59@okhdfcbank,N,a0db19bdcd37852bac6d3eed,5411
2024-09-02 00:00:00,426.09,U67,FAILURE,851851444788,c022805d-a295-47a6-b878-d8727a84e95f,razorpay.salad@timecosmos,Person,Laisha_Mante50@timecosmos,N,55edfdf8eab378a96e1d93f4,5814
2024-09-02 00:00:00,554.27,U09,FAILURE,021145561363,3ef478f5-c309-4a9b-aaf5-a72ee6ba5891,airpay.scooter@timecosmos,PayMerchant,Jodie_Hills@yapl,N,1985bfdcd5a6aa5a0b5cd946,5816
2024-09-02 00:00:00,769.43,S96,FAILURE,272462848715,3e485f14-b67c-431e-b407-4352930d6df3,razorpay.steak@timecosmos,payMerchant,Reva_Gutmann@rapl,N,aab45907ab36bf9fca76d6bb,5814
2024-09-02 00:00:00,151.61,U67,FAILURE,798523853106,f77bc75b-9e17-484b-89e0-842ec1d88029,tripay.globetrot@timecosmos,payMerchant,Riley48@ybl,N,e7decceb9d938dec7b0562d7,4722
2024-09-02 00:00:00,262.25,N,DEEMED,061772389325,d194d2ce-736b-4fc6-a1ad-898c07f3ce00,jiopay.data@timecosmos,Person,Shannon_Wilkinson@axisb,N,79cc2e027c45bcd6c4daccc1,4814
2024-09-02 00:00:00,507.06,N,FAILURE,068763207871,d17e28fd-7caa-4b42-b56c-daef2ff71b0a,finopay.bulkstore@timecosmos,payMerchant,Laurie91@yesg,N,310efaca9a7af54ca7cddca5,5411
2024-09-02 00:00:00,77.57,U09,DEEMED,328930642242,7fc76d58-1250-4ec6-b5af-731003b2033c,airpay.robot@timecosmos,Person,Caroline.Balistreri@abfspay,N,f21bee43efbcf53d1eadb3ca,5816
2024-09-02 00:00:00,26.08,U67,SUCCESS,933505599250,561fef84-dde0-4786-895f-805c6b5e528d,tripay.getaway@timecosmos,payMerchant,Kamryn47@fkaxis,N,e2cdedba635c3e3c1df4ad89,4722
2024-09-02 00:00:00,629.09,S96,FAILURE,051109081194,b1c61ba5-71b0-4e06-9188-cc864d81db43,tripay.tour@timecosmos,payMerchant,Erik_Hills@ybl,N,cbfadd363f77d8c4f4de7ae3,4722
2024-09-02 00:00:00,805.13,U78,FAILURE,993802427021,68ecef3f-9d28-40b3-bdb2-9e3792f4523c,airpay.boat@timecosmos,Person,Rudolph.Hammes52@okhdfcbank,N,caabd433ba0b65a164ad10bb,5816
2024-09-02 00:00:00,177.79,S96,FAILURE,900610758138,0be3d8b1-3262-4e9b-aa21-5742f2c7c98c,finopay.bulkstore@timecosmos,Person,Oma51@axl,N,beaa9de804ad35df5aea1674,5411
2024-09-02 00:00:00,964.88,U31,DEEMED,601641114781,d82cf4e6-771f-4980-bef1-acadab55948a,jiopay.broadband@timecosmos,Person,Jeromy.Wilderman74@ybl,N,cdc7dabbe7b56c538f24eb4d,4814
2024-09-02 00:00:00,204.78,U78,SUCCESS,916788795954,5087193e-ba61-4ff3-b542-393b8925d058,tripay.adventure@timecosmos,PayMerchant,Connor_Fahey34@oksbi,N,2e3dfde2f13b0dfc2e1ef4ca,4722
2024-09-02 00:00:00,168.07,U31,SUCCESS,001812022367,23d6744f-d313-4d28-99c0-2223a9af85d4,finopay.freshmart@timecosmos,Person,Derick.Gerhold@icici,N,362666ac0b61cf9f8adfb3cb,5411
2024-09-02 00:00:00,873.73,N,FAILURE,381481989661,4d3d9ea2-2d70-4505-97b5-72377fc67d0d,airpay.scooter@timecosmos,Person,Garrett.Gleason18@timecosmos,N,e04aab023a90c6e96c3dddae,5816
2024-09-02 00:00:00,433.77,U67,SUCCESS,206546153773,ad3f47fc-0c3c-45a0-afed-36fe8cb46e64,tripay.tour@timecosmos,payMerchant,Alan.Schmidt71@abfspay,N,3bf7a3e8a51240aeb74fcad2,4722
2024-09-02 00:00:00,544.51,U78,SUCCESS,942981579577,0033ecff-e87b-4ce3-93f7-dd18a3bd66c0,tripay.globetrot@timecosmos,Person,Marcia97@timecosmos,N,eacedbe8520a3a64cfaa24c4,4722
2024-09-02 00:00:00,495.71,U67,FAILURE,131999947513,386108c5-f0d5-43e2-8796-8bfd526cebb2,tripay.globetrot@timecosmos,Person,Presley.Kozey91@fkaxis,N,e39ac3cdfe8e7635b3acecfe,4722
2024-09-02 00:00:00,266.11,U30,FAILURE,447442130711,d25fd6b3-b510-4da9-b6cb-714f00a91088,tripay.tour@timecosmos,Person,Kayli_Welch@idfcbank,N,613a49dd2499ec59ff8612f9,4722
2024-09-02 00:00:00,298.10,U31,DEEMED,115521350329,e50da18a-9cd2-4839-a21d-6cb3689f22a7,razorpay.sushi@timecosmos,Person,Mya31@icici,N,35ab987bbdc5ccccaca78e0e,5814
2024-09-02 00:00:00,144.84,U09,FAILURE,439884690935,3cdd8069-3caa-4af2-bf2c-c48a84d30cee,airpay.submarine@timecosmos,Person,Troy.Larkin63@axisb,N,ad750cc5b242146aaafe2342,5816
2024-09-02 00:00:00,746.79,S96,DEEMED,217506449804,3d0d93fe-7b98-4ca4-be63-dbd361ef5940,finopay.greenbasket@timecosmos,PayMerchant,Dorris.Runolfsdottir39@abfspay,N,a50a079dae24faf7b651afab,5411
2024-09-02 00:00:00,648.24,N,FAILURE,363334510425,dcf4788b-6a59-4d9d-8600-cd3a6357bfda,airpay.boat@timecosmos,PayMerchant,Shanna.Klein@abfspay,N,040dfc3ce44b32c0aeb6ce40,5816
2024-09-02 00:00:00,411.70,U67,FAILURE,760898567669,0b820a07-a7fd-4530-8637-79523e072cb6,tripay.globetrot@timecosmos,Person,Dominique_OConner37@okhdfcbank,N,f7e5dad3cedfdbbfaec9acd1,4722
2024-09-02 00:00:00,118.15,N,DEEMED,802687499196,e6e7d391-1357-41fa-bd4b-28a136bfed9d,tripay.explore@timecosmos,Person,Kendra62@timecosmos,N,7cd829bbf22bb54fc3326bba,4722
2024-09-02 00:00:00,889.00,U30,FAILURE,068574507239,47509faa-1861-4df6-a3a3-5aaab3e9a0ef,jiopay.mobile@timecosmos,PayMerchant,Jerrell_Cummerata7@apl,N,eaf7bde7413df4cccc1de1cf,4814
2024-09-02 00:00:00,611.07,N,FAILURE,654407206874,f46832d3-af8b-418e-80d1-18524f0d572e,razorpay.tacos@timecosmos,payMerchant,Alessandra_Auer@apl,N,6f4f7b2c97d415a15ae5adfc,5814
2024-09-02 00:00:00,100.20,U67,SUCCESS,357853737223,897e0f86-b0e8-477c-b632-01762d5eb66a,jiopay.cable@timecosmos,payMerchant,Carson.Grimes59@okhdfcbank,N,4ca9ddecb52caaf5eac0dcb7,4814
2024-09-02 00:00:00,511.06,U09,DEEMED,787678625746,aa97c329-b1c2-4258-808a-223017fd8050,jiopay.mobile@timecosmos,PayMerchant,Marjolaine_Mayert26@axl,N,f10d13fffec03fb1c4aad6b5,4814
2024-09-02 00:00:00,899.24,U09,SUCCESS,763996659913,89fbb052-c8aa-43c8-b257-0a28e9a3459c,finopay.marketplace@timecosmos,PayMerchant,Leanne.Cummings16@okicici,N,c4ff8ae8db13ed3b2cdbfc4c,5411
2024-09-02 00:00:00,948.14,U67,FAILURE,043908895844,26031553-535f-4729-8cbf-8b435b2074a7,finopay.town@timecosmos,Person,Emiliano66@okhdfcbank,N,ea5ec5411aa8abbaa344d61b,5411
2024-09-02 00:00:00,590.36,N,DEEMED,252362985099,a2656497-d60e-4359-8e49-b8690a92b8a8,jiopay.cable@timecosmos,payMerchant,Corrine70@rapl,N,aaf3c64dba065e3551f9d5b8,4814
2024-09-02 00:00:00,377.58,U67,DEEMED,506652140107,11454678-8609-4306-ac57-abc92922135c,finopay.timecosmosrite@timecosmos,Person,Filomena.Bartell29@icici,N,3e8da34a1dbdf2ebeed8bdde,5411
2024-09-02 00:00:00,769.35,U31,DEEMED,012256355062,70ed65ab-0eb3-4e99-b878-fbcab1573e8e,tripay.getaway@timecosmos,Person,Amber.Collier@oksbi,N,db17ea4ae768b57a668cd5da,4722
2024-09-02 00:00:00,561.94,U31,FAILURE,131866646740,1f31f276-044e-4958-a92d-34a0b40527b5,jiopay.fiber@timecosmos,payMerchant,Matt_Jaskolski66@yesg,N,8594309bd37c3caf87f2ae3f,4814
2024-09-02 00:00:00,798.27,U67,DEEMED,730107886758,9dcbe2cb-d330-4f9d-a6e4-bd6e925d7705,finopay.dailygrocer@timecosmos,payMerchant,Eleanora45@apl,N,8da3aaac37b7631aaed93d65,5411
2024-09-02 00:00:00,602.62,U09,SUCCESS,399813694491,d789b5b9-1043-4655-96e6-8f52836ba85d,jiopay.convergence@timecosmos,Person,Mia78@abfspay,N,82c7311bf439ee689f94cc54,4814
2024-09-02 00:00:00,266.23,S96,FAILURE,686689698010,24817984-1bf8-4926-870d-c518a552ffa6,airpay.bike@timecosmos,PayMerchant,Edwin_Ullrich@yapl,N,7f8a8f1cf8fef8ffaf3aca5c,5816
2024-09-02 00:00:00,915.91,U31,FAILURE,577101143654,9b46149b-deee-40c4-ad12-57d95c49abef,razorpay.vegetarian@timecosmos,PayMerchant,Wilhelm.Leannon@abfspay,N,09d901c85cf8e6afe2c631de,5814
2024-09-02 00:00:00,822.91,U09,FAILURE,889620240551,46800ad0-e74c-4ff0-98f3-7f1f5a46f849,razorpay.soup@timecosmos,Person,Victoria.Sporer@fkaxis,N,8e73ab7abad9baa55d4506ef,5814
2024-09-02 00:00:00,230.88,N,FAILURE,443955093735,07fbc308-e898-4422-bba6-85fc80c03858,airpay.drone@timecosmos,PayMerchant,Vada71@idfcbank,N,27d5f6e4243ca25eff60f0fe,5816
2024-09-02 00:00:00,487.62,U67,FAILURE,760854293838,56b6bf50-4d79-4fcf-acd8-d44a16fd3d48,jiopay.mobile@timecosmos,payMerchant,Fabian_Considine60@icici,N,28a5ffd3b48e9ab10e04cded,4814
2024-09-02 00:00:00,859.12,U30,SUCCESS,012232588802,15283806-ae8c-480d-963e-d2c27715e328,finopay.freshmart@timecosmos,PayMerchant,Tracy.Feeney31@axisb,N,44d24100759e24cba9b8ffac,5411
2024-09-02 00:00:00,498.58,U67,SUCCESS,456335067504,9c4e1615-b41a-46e0-b58a-1b84912f1512,jiopay.mobile@timecosmos,payMerchant,Torrey_Dooley12@oksbi,N,bbeefdea1dae701bb53fd3ce,4814
2024-09-02 00:00:00,169.30,U30,FAILURE,768325732036,5fc8ae82-e503-4cd6-a26d-be23de020739,jiopay.data@timecosmos,payMerchant,Davin.Walker@oksbi,N,1ebfbde1d75afb01b7fbaeb0,4814
2024-09-02 00:00:00,690.18,N,SUCCESS,699163488998,766006b2-d7f1-4c8e-8954-db540cccfd96,razorpay.pasta@timecosmos,payMerchant,Wilton74@axisb,N,5d67749d2b73b279b1fbf2be,5814
2024-09-02 00:00:00,464.30,N,FAILURE,402918648883,09dce875-1002-41ef-9e4a-f15d292152d1,tripay.globetrot@timecosmos,Person,Romaine_Mueller96@idfcbank,N,76c3fadc22ad1e8b48b22ef2,4722
2024-09-02 00:00:00,542.31,S96,SUCCESS,471796243808,ac5220d2-9c93-448b-a596-0975f8f11473,razorpay.sushi@timecosmos,Person,Roma_Rau19@ybl,N,15ef4c6e1f902b9fd5b8c0bf,5814
2024-09-02 00:00:00,279.51,U67,FAILURE,454168314182,5617f82c-3ad0-482c-8a5e-b44be9103e72,finopay.foodland@timecosmos,Person,Vilma69@abfspay,N,e20fff19806c71af0deddffe,5411
2024-09-02 00:00:00,711.22,U31,SUCCESS,747042231765,ade6aa43-e86d-463b-8d4a-547ccfff87af,razorpay.soup@timecosmos,Person,Frederik_Daugherty75@ybl,N,60cd83a864e340c9ffd2dc7c,5814
2024-09-02 00:00:00,102.58,U78,DEEMED,873021888444,d55a4f63-5155-4757-8c62-5bb05e075e64,tripay.tour@timecosmos,Person,Beaulah_Mueller@paytm,N,a9ac867ddcb1fa6dcbeb8bd2,4722
2024-09-02 00:00:00,695.02,U09,FAILURE,124806476578,c8333105-0000-45c2-8f97-f9f0c041821b,razorpay.sushi@timecosmos,PayMerchant,Guadalupe_Kerluke-Nitzsche63@paytm,N,6ff5defdf1cb1bac511f37db,5814
2024-09-02 00:00:00,631.91,S96,DEEMED,599816834679,108da13b-4816-433e-9bf4-fb182f5b8afe,razorpay.steak@timecosmos,PayMerchant,Liana_Bernier39@paytm,N,eeb0bfe4bbcb103bbeceb1c7,5814
2024-09-02 00:00:00,704.41,U09,FAILURE,439489144428,aaccb3bb-663d-46e7-bcd7-104738cb933a,jiopay.broadband@timecosmos,Person,Jamel.Feeney@fkaxis,N,55afe8cefbdc7fafa1a34836,4814
2024-09-02 00:00:00,733.07,U31,SUCCESS,876481952788,164f60f0-de0a-4115-9146-f48613e27ac8,razorpay.vegetarian@timecosmos,Person,Roel_Lind11@timecosmos,N,926badca89505ef94fb4b5fd,5814
2024-09-02 00:00:00,489.21,N,SUCCESS,083433513034,f75fa211-466c-48bd-ac23-f0bbea0cd231,airpay.truck@timecosmos,Person,Jorge_Wolff48@abfspay,N,faedaf89aac569d1c40cc3b8,5816
2024-09-02 00:00:00,538.35,U31,SUCCESS,246801722979,9430ea21-979a-4c1d-a485-7b6f3050994d,finopay.foodland@timecosmos,Person,Aurore_Ebert20@yapl,N,39f9cb63a4fb032ebfebbfca,5411
2024-09-02 00:00:00,192.36,U67,FAILURE,699085924615,9da4282f-e000-4293-8f0b-6b49c9ae7070,airpay.airplane@timecosmos,payMerchant,Erick44@ybl,N,f6eacde29fa67b2de5561de8,5816
2024-09-02 00:00:00,875.39,S96,DEEMED,496732531926,8a36454e-aeb9-4984-9559-9aeb1de12d93,jiopay.fiber@timecosmos,payMerchant,Dale43@ybl,N,ca9ebdc9e148d1d0adc3208f,4814
2024-09-02 00:00:00,11.51,U31,DEEMED,704931206866,e37ea3a3-02b4-4075-af79-d85bca297010,finopay.corner@timecosmos,payMerchant,Dudley_Predovic@idfcbank,N,f0babcedf47f894e2bc2ddaa,5411
2024-09-02 00:00:00,334.09,U09,FAILURE,956493087850,e28bc36f-d729-48ab-9735-084d8ef530d5,razorpay.dessert@timecosmos,payMerchant,Pauline34@abfspay,N,d4a7b09f5deacd2a6a0ebbe4,5814
2024-09-02 00:00:00,518.68,S96,FAILURE,580657868778,340a6f46-7b69-43d0-844e-d1e76126e89f,jiopay.convergence@timecosmos,payMerchant,Hilda0@oksbi,N,94db121ceb527c174ff46ed4,4814
2024-09-02 00:00:00,593.52,U30,DEEMED,138348990435,4783e1f4-5724-4c79-8632-8a4d338f3301,razorpay.tacos@timecosmos,PayMerchant,Haskell27@abfspay,N,7ebd871eaa551aafcae7f9aa,5814
2024-09-02 00:00:00,530.51,S96,SUCCESS,036125194041,be335033-cffb-4d82-bb7b-da143bf5dc64,tripay.globetrot@timecosmos,Person,Merle_Hilll@okhdfcbank,N,eff1f7e2bfac7b2d4e977cce,4722
2024-09-02 00:00:00,732.73,U30,SUCCESS,601711664592,c2aa4ecd-9a10-4e95-a103-bd9a38fe9e2d,finopay.freshmart@timecosmos,Person,Daisha.Barton41@abfspay,N,01c3da51ba8680b0264cd406,5411
2024-09-02 00:00:00,810.45,N,DEEMED,623293250833,5195ba0e-8a6e-4318-9523-e1c8ec19a7db,airpay.airplane@timecosmos,PayMerchant,Ward_Schulist1@okicici,N,ac9dcacd4fba0ebe3fd7c8de,5816
2024-09-02 00:00:00,310.91,U31,SUCCESS,642165457159,86a6f3aa-b388-4b70-bb16-e7353832df68,tripay.escape@timecosmos,PayMerchant,Ransom.Klocko49@abfspay,N,f624ef828db867ea3269af09,4722
2024-09-02 00:00:00,40.34,U09,FAILURE,677406127969,8c74c57c-2102-4361-b330-fcedf049b013,razorpay.pizza@timecosmos,Person,Mabel.Satterfield@idfcbank,N,9c142e90bba7811d7af29f55,5814
2024-09-02 00:00:00,147.58,U78,FAILURE,815050245512,7f5f0a74-8d78-44c3-bde0-a19d817128fe,finopay.freshmart@timecosmos,PayMerchant,Deonte.Fahey75@timecosmos,N,d8b33c92ac62f8047a758dd5,5411
2024-09-02 00:00:00,895.36,U30,SUCCESS,543190308919,68325f67-ae0e-4f91-9c80-40c23e5567cc,jiopay.wireless@timecosmos,Person,Daisha.Connelly84@axl,N,2ff325bddae1a7a9f2cb241b,4814
2024-09-02 00:00:00,559.42,U31,DEEMED,365775916696,ad6b5c02-fc0c-4d7b-91ee-4694589e7145,finopay.foodland@timecosmos,PayMerchant,Myriam.Hartmann@abfspay,N,6e8d8b9fd43661ad027ed1b7,5411
2024-09-02 00:00:00,349.54,U31,DEEMED,044275136260,4b7d3e60-f66b-4fe3-b7a3-bc4dadeeeba7,jiopay.data@timecosmos,payMerchant,Fritz47@oksbi,N,b196cdaadffbc0e95bedf98f,4814
2024-09-02 00:00:00,351.56,U30,SUCCESS,829901388181,34ed0107-8fa9-439e-adb3-0977bb444437,finopay.marketplace@timecosmos,PayMerchant,Charley.Jast@apl,N,59c7067c9c983f0d14efef3f,5411
2024-09-02 00:00:00,146.01,U31,FAILURE,970575744875,d6774fea-d34d-40c2-a8a0-ebf60d5b01da,airpay.boat@timecosmos,Person,Fay_Dicki@fkaxis,N,fe328cbfebeeaa708ab262c0,5816
2024-09-02 00:00:00,809.74,U30,DEEMED,939795405154,c1cb3012-7536-4fce-8176-b4c409bf2fc3,tripay.globetrot@timecosmos,payMerchant,Carli_Predovic99@fkaxis,N,3c8b30b2ebecbeb8cccccded,4722
2024-09-02 00:00:00,368.17,U31,SUCCESS,927719517653,7f9414c2-76e7-4985-b220-8f3907f7abb7,airpay.scooter@timecosmos,payMerchant,Maymie_Lindgren@ybl,N,9b2a8bce407c23bd626cbe2b,5816
2024-09-02 00:00:00,211.05,S96,SUCCESS,440816330979,24fc74d4-f7db-41bf-9d36-4049d2b887d6,tripay.wander@timecosmos,payMerchant,Alexis_Heidenreich@axl,N,ab78dbcdf1979adef0f8db49,4722
2024-09-02 00:00:00,161.00,U78,SUCCESS,625788850583,d6079edc-a728-4d23-9550-0b37e379be7c,jiopay.convergence@timecosmos,Person,Kurtis_Hackett@okhdfcbank,N,2fdae6c553eeddef48a7fa72,4814
2024-09-02 00:00:00,745.33,U09,SUCCESS,513581273141,8dd58111-9955-4e37-b5d5-0d717c32c079,jiopay.mobile@timecosmos,payMerchant,Nathen76@okhdfcbank,N,cdfd5a7f2ec86b0156dc2bee,4814
2024-09-02 00:00:00,818.42,N,SUCCESS,216160208442,44c91d95-f468-4785-a775-c85eb75b81a3,tripay.explore@timecosmos,payMerchant,Camylle_Abernathy80@rapl,N,eeae12d561caccbb88f345c1,4722
2024-09-02 00:00:00,944.00,U78,SUCCESS,037976566524,cbe4f078-810e-4a97-ba72-02645bfcd4ac,airpay.helmet@timecosmos,Person,Colt.Leuschke79@abfspay,N,703ab8cb2a82ddb0c74a7f39,5816
2024-09-02 00:00:00,850.86,N,SUCCESS,531429571521,ce133aef-bf5a-4307-b390-4cc69073a97e,airpay.scooter@timecosmos,payMerchant,Antonietta_Thompson@okhdfcbank,N,0ea2bcae47af31bddfaa5cfd,5816
2024-09-02 00:00:00,703.26,S96,FAILURE,593708775726,ee36a639-db63-47d0-b3a7-952915a98dce,finopay.marketplace@timecosmos,Person,Shirley_Ledner@axisb,N,8eb11b074d2dda37b2d81d7b,5411
2024-09-02 00:00:00,512.94,U30,SUCCESS,791082491055,b4b168e9-b814-43b5-abb4-6435f363ad13,airpay.scooter@timecosmos,PayMerchant,Golda_Mann@paytm,N,77fb0ec76ce8a66fce4d77fb,5816
2024-09-02 00:00:00,526.08,U30,FAILURE,418619835129,399f2b24-7fbb-4307-8551-5729a9d0fbb9,airpay.drone@timecosmos,Person,Derrick_Zemlak@okaxis,N,faaa52204d6eae87eeeeaf2d,5816
2024-09-02 00:00:00,114.42,U67,DEEMED,647575932188,396dab37-ec88-4f35-80e4-400fd6ed4fbb,tripay.tour@timecosmos,payMerchant,Kailyn83@axisb,N,b3cbdd3b9b68d5ca0c7a0b6a,4722
2024-09-02 00:00:00,609.84,U67,FAILURE,144922203494,54311146-0397-4032-af9f-5c2f93ce9feb,airpay.robot@timecosmos,Person,Magnus_Hansen@okaxis,N,f79bcdc6339dae21edcc9aa1,5816
2024-09-02 00:00:00,66.79,U67,FAILURE,280136288682,243a653e-629f-4253-ae43-0caf09a00a1c,tripay.tour@timecosmos,Person,Kiara.Padberg68@oksbi,N,fd6cbbda89378fee3554deda,4722
2024-09-02 00:00:00,327.91,N,FAILURE,911942884551,6c87177d-c116-4c4a-813a-a5eaa040ac28,razorpay.dessert@timecosmos,Person,Tobin.Bechtelar57@axisb,N,4b6f38b66301fefd6d1e0eff,5814
2024-09-02 00:00:00,108.53,U78,SUCCESS,294218080878,66b758f3-c979-4fee-9eeb-26d6a3d0b91b,razorpay.vegetarian@timecosmos,PayMerchant,Erich_Kuhic-Walsh57@idfcbank,N,96b0a3a7ed5be8b431344829,5814
2024-09-02 00:00:00,992.56,U30,SUCCESS,670427447035,184a41ff-c1a7-4222-84e7-ae173663a01d,finopay.organic@timecosmos,PayMerchant,Flavio16@yapl,N,7ae3bc7712dbccc656be3be9,5411
2024-09-02 00:00:00,915.74,U67,DEEMED,494689347178,54043d96-226a-400d-8670-48b2e2f7c0ef,airpay.car@timecosmos,Person,Sonya80@abfspay,N,6d122ed2e79c4f3a0b909a2d,5816
2024-09-02 00:00:00,426.14,U31,DEEMED,744693975812,57dc2686-7686-47cf-85fa-96ae07593e20,razorpay.soup@timecosmos,Person,Melvin_Pfeffer-DAmore63@okaxis,N,fadfb71c948ace333e342eb4,5814
2024-09-02 00:00:00,779.61,U67,DEEMED,425635736955,ccd036a3-c334-41c8-a2bd-f1d86badb031,jiopay.data@timecosmos,payMerchant,Gia_Ziemann@axl,N,e3909bde9ed3e61c24e8db0e,4814
2024-09-02 00:00:00,395.19,U30,FAILURE,078147655810,ac2019a6-f3fd-4a5a-9e10-b3f14d4a76dd,finopay.freshmart@timecosmos,PayMerchant,Earlene.Terry91@abfspay,N,a01dd76ff7eed7a1a68ffc16,5411
2024-09-02 00:00:00,707.34,N,SUCCESS,384447429409,63e092f9-654f-45b9-8e58-d0338b647e5c,razorpay.soup@timecosmos,payMerchant,Evelyn_Gerhold@okicici,N,480d8c85e6de6cf77b62f899,5814
2024-09-02 00:00:00,451.65,U67,DEEMED,115467487666,b30768c5-4d98-4683-b00e-48344bab7346,razorpay.sushi@timecosmos,Person,Carmen_Lakin56@apl,N,9e2dcdadbae7daefa9bfb85e,5814
2024-09-02 00:00:00,168.73,U31,FAILURE,862904439517,6628ed9e-7af5-4782-af9b-e2313daedfa9,airpay.submarine@timecosmos,PayMerchant,Esteban.McKenzie@yapl,N,f4f3af53cec69ebee0eeadfa,5816
2024-09-02 00:00:00,712.90,U67,FAILURE,757570706742,7fe2f33b-6bed-4030-8513-f65755356734,airpay.drone@timecosmos,PayMerchant,Norberto26@axisb,N,efb3b0ec9b5eb5ae321fbbec,5816
2024-09-02 00:00:00,197.04,U67,SUCCESS,412658914078,821bd320-d92f-41c2-8e29-e2dc48e23c84,razorpay.salad@timecosmos,Person,Marian.Wilderman-Goldner75@okicici,N,eaa43fda45aeae46ac5fad1b,5814
2024-09-02 00:00:00,357.13,U67,FAILURE,539898992683,8b078373-d27c-4286-a628-b4aa5ac21a37,tripay.tour@timecosmos,payMerchant,Maritza_Keeling75@ybl,N,bae87ed769ac9369bf5bac87,4722
2024-09-02 00:00:00,386.09,U31,SUCCESS,767286860824,de3a95cc-9e4e-47e0-83bc-81ee7f90a003,tripay.vacation@timecosmos,PayMerchant,Liliana_Larson-Brakus@timecosmos,N,eb25fce0fa8979694ab8573e,4722
2024-09-02 00:00:00,471.53,U30,SUCCESS,622676100280,49b1c3ea-a47a-4be1-b1f5-fbedb5925db5,razorpay.pizza@timecosmos,PayMerchant,Lexi20@timecosmos,N,6fb1739dc4118eeced2ccbf3,5814
2024-09-02 00:00:00,191.22,U67,FAILURE,653956865900,3e820e8b-b07d-4abf-aba4-f85715a3f088,razorpay.pasta@timecosmos,PayMerchant,Skylar_Medhurst84@apl,N,c2e6aebdbc34d02a707ae8b2,5814
2024-09-02 00:00:00,419.58,U30,SUCCESS,535417117227,edd1332c-8f75-42f1-8d2e-8e13553c66fa,airpay.airplane@timecosmos,PayMerchant,Elyse35@timecosmos,N,baac1a4cc2fa0299cbc8b8ab,5816
2024-09-02 00:00:00,167.02,U09,SUCCESS,444226578663,f51144b9-e030-4214-aeb1-cf42f54a589a,jiopay.mobile@timecosmos,payMerchant,Angela.Harris@okicici,N,9f8dc71afb83b4ea6a7bca0b,4814
2024-09-02 00:00:00,12.84,U67,FAILURE,871830222200,9366c552-79b4-494d-a3ba-3720d372a33d,jiopay.internet@timecosmos,PayMerchant,Aliya27@apl,N,679bbaebdb6be4a9f651dc7a,4814
2024-09-02 00:00:00,261.57,S96,DEEMED,664707536850,f2d88521-8482-4567-9ee7-608767bc27d5,finopay.foodland@timecosmos,PayMerchant,Fidel.Mayert80@axisb,N,fd2f3a1feb5cb324aecfefc8,5411
2024-09-02 00:00:00,546.20,U30,FAILURE,094391702003,21039d73-584b-4495-9077-87d7c55db9ba,tripay.escape@timecosmos,PayMerchant,Amelie_Bechtelar@oksbi,N,d39fd0de72bfa29bd037af5c,4722
2024-09-02 00:00:00,568.56,N,FAILURE,948207110521,f7964eee-801b-4e29-bcd4-a834bf6fff5f,razorpay.dessert@timecosmos,PayMerchant,Savanna_Hintz@idfcbank,N,e9a03dfdd72bdbfb25cb897b,5814
2024-09-02 00:00:00,28.43,N,DEEMED,983721246545,932db508-0bac-4136-89f0-ffec8841d28e,tripay.escape@timecosmos,PayMerchant,Donna90@okicici,N,8a85dbdacbfdf88ab9e78fc5,4722
2024-09-02 00:00:00,74.79,U78,FAILURE,764083749786,5c6dfb57-16c1-4c70-89eb-692ed8007ae1,tripay.globetrot@timecosmos,PayMerchant,Brain.Mraz33@okicici,N,4aafdf461d0edc752c692dcb,4722
2024-09-02 00:00:00,60.17,U31,SUCCESS,514269143937,8fb5221f-902a-42cb-a1e3-d0e30de1b46f,tripay.escape@timecosmos,PayMerchant,Rickie2@okhdfcbank,N,6cbc3cddcbb5ab080475faaa,4722
2024-09-02 00:00:00,115.22,U78,SUCCESS,775745151152,7009a1f4-6cb8-46a0-88ba-609c82aa30ab,jiopay.broadband@timecosmos,payMerchant,Viviane_Heaney@okicici,N,beb6e451e7d4d0fb94e9a0ba,4814
2024-09-02 00:00:00,319.77,N,FAILURE,767306371695,6b8a84e4-f6d7-41e0-b24d-19dff28ab55c,jiopay.data@timecosmos,PayMerchant,Eulalia_Olson22@okaxis,N,ed9d2b1a298f5940cafa1406,4814
2024-09-02 00:00:00,971.09,U30,SUCCESS,326138165869,89324a2a-ed20-4d3c-8e12-600f2715d5c9,jiopay.internet@timecosmos,Person,Giuseppe_Kohler@paytm,N,0e4f4e0c727eceedeeac6f19,4814
2024-09-02 00:00:00,167.35,S96,FAILURE,738484421614,9f8cdd74-84cf-4794-a40e-3683bc45696f,tripay.expedition@timecosmos,PayMerchant,Bo_Ritchie@rapl,N,f9f7830fb654fa7f95bce7ad,4722
2024-09-02 00:00:00,977.55,N,FAILURE,137780577558,9b20a6f4-a8a2-40ae-b463-72cb5fc2dcd2,tripay.getaway@timecosmos,PayMerchant,Rowan_Koss36@yapl,N,8e6ed8b68aeaff6fcad9b2db,4722
2024-09-02 00:00:00,402.56,U31,FAILURE,195126677963,b88a5c91-2ce5-45fd-8ffd-a8669d09dfe7,jiopay.mobile@timecosmos,payMerchant,Elda.Ernser@yapl,N,e4ffd8fde08aadb53fc618c6,4814
2024-09-02 00:00:00,556.81,U78,FAILURE,540806728052,7708e33a-9f56-421e-95b6-dde6ce0e5583,jiopay.broadband@timecosmos,Person,Bo.Lebsack25@okhdfcbank,N,28fcbeacfa0dc14fbd9befda,4814
2024-09-02 00:00:00,942.79,U67,SUCCESS,110123779821,c15a90c7-78cc-4c1d-af57-11507e50328c,airpay.submarine@timecosmos,payMerchant,Evert32@idfcbank,N,09b3ea84cb6c02141bf362c8,5816
2024-09-02 00:00:00,65.38,U30,FAILURE,739119020451,975adcb4-4a2e-4560-97ce-72125ce3fa81,airpay.robot@timecosmos,PayMerchant,Marianna68@idfcbank,N,fbcc8ece91ca5c4e55132d94,5816
2024-09-02 00:00:00,984.95,U31,SUCCESS,393828099055,48ef0870-491d-46b1-b086-230465f33d34,razorpay.pasta@timecosmos,payMerchant,Roger.Quigley33@ybl,N,adecea8e9ed8244bd26cde13,5814
2024-09-02 00:00:00,145.49,U67,FAILURE,810368843944,05c0b322-dd66-4ce8-b9b7-dc80ef7734a3,tripay.tour@timecosmos,Person,Kaleb41@okhdfcbank,N,cf9c89a75c5edbbc3a41fcce,4722
2024-09-02 00:00:00,938.44,U30,DEEMED,660078909580,d9ee3373-a6eb-42bb-a483-0b8b4a62b20d,jiopay.data@timecosmos,payMerchant,Taylor_McDermott@idfcbank,N,b92a83ec125bed57cdd272e5,4814
2024-09-02 00:00:00,610.98,U31,FAILURE,000843209859,751c0634-9b7c-4c92-805f-a875f2910ced,jiopay.data@timecosmos,payMerchant,Rene.Funk@apl,N,81ff6ad29abead7bd6bfb18c,4814
2024-09-02 00:00:00,188.33,U30,SUCCESS,137774398419,b0b9227a-ce4b-4f01-a89b-08c8ea79f239,finopay.organic@timecosmos,payMerchant,Aiyana.Cronin@axisb,N,a8e17eb33df546a3ee4fd4fe,5411
2024-09-02 00:00:00,60.67,U67,FAILURE,095507790895,235f40fd-81aa-45fb-9c33-125b9258ba1c,airpay.drone@timecosmos,Person,Macy83@oksbi,N,bfb27c204bf227c2b6050eed,5816
2024-09-02 00:00:00,762.99,U78,FAILURE,672035909918,f345b610-abdf-4ca7-b189-71fb8a7abe35,tripay.getaway@timecosmos,PayMerchant,Furman14@ybl,N,83b2012b5ddeb0eee69c0f14,4722
2024-09-02 00:00:00,426.97,S96,FAILURE,825451147170,099b44dc-8b47-4036-92c6-f11027178bac,airpay.airplane@timecosmos,PayMerchant,Paige_Gleichner@paytm,N,54f9704fbe3f1a2f88bc0e35,5816
2024-09-02 00:00:00,258.42,U67,DEEMED,378250939500,99d9cf10-f6c1-45d9-bb9f-3ef729f07bda,jiopay.broadband@timecosmos,PayMerchant,Arnold.Kuhn99@rapl,N,e6f4da0fa6de0d2dc4ae23eb,4814
2024-09-02 00:00:00,545.49,U09,FAILURE,810370789324,660b1f5c-cd98-4ea9-a23e-0df665c08279,tripay.getaway@timecosmos,Person,Jerrod_Keebler@fkaxis,N,8152cecbdec3e86fc08ab5ef,4722
2024-09-02 00:00:00,375.61,U31,SUCCESS,217278731208,5086fabf-205d-4d72-bff7-f722b258e856,jiopay.mobile@timecosmos,PayMerchant,Bailey_Vandervort88@rapl,N,f7c5c74d9d15cfb2237fefa5,4814
2024-09-02 00:00:00,632.20,U67,SUCCESS,120626343577,13f3ea3a-e830-4373-b8bb-eed35524c40c,airpay.submarine@timecosmos,payMerchant,Alvena.Koss@yesg,N,6ab9a40f014246b8b3d045f4,5816
2024-09-02 00:00:00,437.13,U31,FAILURE,520715536225,e9434bcb-b778-4077-9cb6-6f3c12c6b0cf,razorpay.steak@timecosmos,payMerchant,Gudrun_Torphy@icici,N,8aef91eaa7a8fb5cdfae75b4,5814
2024-09-02 00:00:00,78.89,N,SUCCESS,090047985351,461b4013-9fc7-4457-ba06-81a37d9be346,airpay.drone@timecosmos,Person,Ludie.Runolfsson24@ybl,N,0dc6ea8ffcc1dda065acaf70,5816
2024-09-02 00:00:00,202.41,U31,DEEMED,258587007033,02cf5603-ce94-4093-97a4-6182510d74f8,razorpay.burger@timecosmos,Person,Jake_Mayer@oksbi,N,bc04f9e734c619a5246ebce5,5814
2024-09-02 00:00:00,469.99,U31,DEEMED,761753701645,999f9799-6f73-4179-bc1e-6c1fd11211f6,razorpay.pasta@timecosmos,Person,Wilma_Schultz-Beahan@oksbi,N,bc6df6ca341d9cb7daa838ed,5814
2024-09-02 00:00:00,210.81,N,FAILURE,845690945025,10ffbf45-be1c-4134-bf00-7e6f68b72227,airpay.truck@timecosmos,PayMerchant,Assunta_Leannon@rapl,N,ecde107adaea6213b1f5dbfa,5816
2024-09-02 00:00:00,684.48,S96,FAILURE,446514364459,beeb8b14-cacf-4d66-8161-6e8da5e55236,razorpay.pizza@timecosmos,PayMerchant,Karianne82@icici,N,b9857e4aaa89baa077ad9fa3,5814
2024-09-02 00:00:00,770.29,U78,SUCCESS,235557785800,4ea8d17b-7236-4b45-93c1-0a10b918e0c2,razorpay.tacos@timecosmos,PayMerchant,Emilia1@yesg,N,b5dfd7e3cba41def81efea8b,5814
2024-09-02 00:00:00,192.07,U78,SUCCESS,911081680929,50af220a-9ec3-4860-8407-7fd756e2b3fe,razorpay.pizza@timecosmos,payMerchant,Gonzalo74@oksbi,N,fc7e3d7af415f9d5a0abf88e,5814
2024-09-02 00:00:00,800.69,U30,SUCCESS,213456717279,8d1e55e2-0333-4dc5-91ef-9c9d5ed61f20,finopay.greenbasket@timecosmos,PayMerchant,Alicia35@apl,N,98ca93bcec2f0021ddcab6ba,5411
2024-09-02 00:00:00,313.68,U30,FAILURE,328274766957,00dacbe8-4d74-408a-98f0-c0d482d87a84,jiopay.wireless@timecosmos,payMerchant,Desmond.Towne@abfspay,N,141fbb1d4bf6a687e4e07ee3,4814
2024-09-02 00:00:00,632.30,U78,FAILURE,432295150273,d1201157-8b1a-409c-aa7e-761e540edd84,razorpay.burger@timecosmos,PayMerchant,Aric31@ybl,N,1338c26203e7a3c20f99e49e,5814
2024-09-02 00:00:00,539.34,U67,DEEMED,661405420282,3b1adff0-b2d5-4dbf-aba5-3092be7281a6,jiopay.mobile@timecosmos,Person,Kaylee.Ratke12@okicici,N,2dda0408c89058d2267e4c5b,4814
2024-09-02 00:00:00,655.09,U09,DEEMED,622401619529,204086bd-d514-480d-97af-73f472d02fe3,finopay.corner@timecosmos,payMerchant,Milton52@timecosmos,N,fdcc759acecd918e02aed0de,5411
2024-09-02 00:00:00,849.15,U30,SUCCESS,282312594021,edc8d189-f15b-42fb-8fc1-d7bc2df15312,jiopay.wireless@timecosmos,payMerchant,Jayce81@ybl,N,c8f0dceb66b767211af3583b,4814
2024-09-02 00:00:00,411.56,U09,DEEMED,979940825405,37b48135-86bf-41ac-ad30-c3c35d2427ed,razorpay.vegetarian@timecosmos,PayMerchant,Ross_Waelchi@ybl,N,23c3af9ade4c93cbc11cc0bd,5814
2024-09-02 00:00:00,649.76,U31,FAILURE,301132052000,b2d8b672-9dca-4c48-8d3a-9586fc8d7356,tripay.globetrot@timecosmos,payMerchant,Wilfredo_Barton29@abfspay,N,d2a0b81abc7cf04e957f5b54,4722
2024-09-02 00:00:00,608.14,U31,FAILURE,131564644038,b55288a9-3e2e-4879-9e2d-209c84fb7815,razorpay.soup@timecosmos,payMerchant,Issac72@ybl,N,e9e6db159cb1ebcab77059f6,5814
2024-09-02 00:00:00,562.11,U67,SUCCESS,228728060295,66832d1a-32fd-469c-9a75-7dbcc84aad6f,razorpay.burger@timecosmos,payMerchant,Kristoffer97@abfspay,N,e5aafcee9be642113c050beb,5814
2024-09-02 00:00:00,476.45,U67,FAILURE,209441794310,2c5e176a-bc96-4ead-ad66-df34871357a5,razorpay.salad@timecosmos,payMerchant,Christ_Borer73@fkaxis,N,f5bfebf4c742daeb8cfdccdb,5814
2024-09-02 00:00:00,905.96,U31,SUCCESS,649462363590,7a6a80d1-052f-491c-88ba-557beb1da3bb,finopay.freshmart@timecosmos,PayMerchant,Janessa.Pouros@apl,N,cedacf75fa8aba355bad0118,5411
2024-09-02 00:00:00,660.30,U78,SUCCESS,956478026413,e15fb67f-5eb9-4d57-809c-5c03a9ed6337,jiopay.data@timecosmos,Person,Verner.Hudson@apl,N,cf89b5c441cafb1b9acce2bf,4814
2024-09-02 00:00:00,585.27,U67,FAILURE,551887079472,7bb95e9f-2ab3-4314-b787-1b3f05c16199,finopay.organic@timecosmos,PayMerchant,Americo.Simonis@okaxis,N,955eb7f8cfaebac1ebe712be,5411
2024-09-02 00:00:00,703.73,U67,FAILURE,094717615483,77b35c42-cc88-4641-a873-cfcd9ee70477,airpay.car@timecosmos,Person,Elinore_Kihn67@okicici,N,c4ba13bcd2e68a1f9bcf746a,5816
2024-09-02 00:00:00,274.83,U78,FAILURE,533524556699,bbce6961-eeda-4a62-9260-dcfe445cea0d,finopay.bulkstore@timecosmos,PayMerchant,Michaela_Wilkinson-Ledner@fkaxis,N,f6466093bf11e70adb1db0ff,5411
2024-09-02 00:00:00,621.88,U09,DEEMED,156301667476,aa0e4b66-a5ca-4f13-8c94-a5fc0afcbe09,airpay.bike@timecosmos,Person,Annie_Reichert43@rapl,N,cafa1d007fdbbd20cbc83bc1,5816
2024-09-02 00:00:00,771.60,U31,FAILURE,508201116655,75d235f9-aae2-4254-bb89-a3fbcca61863,airpay.boat@timecosmos,PayMerchant,Tyrese.Emard46@abfspay,N,099cab92c743bdf064324fda,5816
2024-09-02 00:00:00,870.47,U67,FAILURE,698853458326,cd7c26a4-ea80-4d27-87f1-964d429a9b6a,finopay.dailygrocer@timecosmos,payMerchant,Hazle.Walker54@paytm,N,ffe9664ccfc2a24acdbd2fea,5411
2024-09-02 00:00:00,503.03,U09,SUCCESS,359109485487,6aa20b10-0834-409a-9185-f5abab66ba74,jiopay.data@timecosmos,PayMerchant,Marty49@apl,N,76fcb6f5f8f32da5bfd8a03c,4814
2024-09-02 00:00:00,932.11,U67,FAILURE,663555737799,c576bfa0-6b39-4f02-a8ca-0934f566a21b,jiopay.convergence@timecosmos,Person,Horacio.Hilpert14@okhdfcbank,N,7fbc1f32cef9c40fbcee7c99,4814
2024-09-02 00:00:00,842.98,S96,SUCCESS,773587429920,98cebdff-92bd-4ee0-9d21-1cf97a75427a,finopay.dailygrocer@timecosmos,payMerchant,Sanford.Mante94@icici,N,ef81f20b87fbdcebdbfd6713,5411
2024-09-02 00:00:00,980.60,S96,DEEMED,681788887567,765c6508-d98f-4dff-b8ee-dfe8d17808d1,tripay.expedition@timecosmos,Person,Marquis.Volkman-Franey@ybl,N,a3174acdab0713cf4abe00ad,4722
2024-09-02 00:00:00,343.69,U67,SUCCESS,186698629462,d4dcda52-8160-4633-8653-bd487c93038e,jiopay.satellite@timecosmos,PayMerchant,Teresa_Gottlieb21@fkaxis,N,cb7ecddbe150f01f5a33fc9b,4814
2024-09-02 00:00:00,284.98,U67,FAILURE,323931483919,2b11400c-85c6-4482-8084-8635558ccb4e,tripay.wander@timecosmos,PayMerchant,Lisandro81@yesg,N,a9dccd5b58eff0f26dd9a790,4722
2024-09-02 00:00:00,221.96,U30,FAILURE,721220371683,4c4ef8c1-4d32-4b43-868d-7734bf8d5583,finopay.town@timecosmos,payMerchant,Dillan.Kozey26@paytm,N,8360b6bbbc72f2df5cb2eee2,5411
2024-09-02 00:00:00,17.27,U31,FAILURE,016535994350,36f626dc-fc99-4f62-8ded-de712dbce190,razorpay.dessert@timecosmos,PayMerchant,Gerry.Considine72@ybl,N,caff829d0ad0abe3baaff7fc,5814
2024-09-02 00:00:00,162.87,U67,SUCCESS,566531898077,38391bd4-622c-411f-bcaf-8472b5e925de,airpay.car@timecosmos,payMerchant,Isabelle_Morar@apl,N,8b5c2cc26dfebae7bd7eedba,5816
2024-09-02 00:00:00,319.50,N,SUCCESS,225677539006,469be65d-5a12-426a-a626-6bf2f1aaba4f,jiopay.mobile@timecosmos,PayMerchant,Easter.Predovic47@yapl,N,ead5ae7ad68afe272fbe1cd3,4814
2024-09-02 00:00:00,869.22,U67,DEEMED,448038999848,466b7728-9ee3-4fd6-a8bc-5edb83afb069,jiopay.satellite@timecosmos,Person,Maud_DuBuque25@okaxis,N,172aa29f3962b51dd5abdf32,4814
2024-09-02 00:00:00,554.86,N,FAILURE,231983730713,61bbaa2e-dcc6-4500-9cbb-9b2ef75823bd,jiopay.broadband@timecosmos,Person,Jennifer_Johnson@axl,N,fdbbef1e799a8997a5eb7180,4814
2024-09-02 00:00:00,879.31,U67,SUCCESS,671352332253,8f791f93-7cb7-454b-92e0-e7f1436aab5e,tripay.expedition@timecosmos,PayMerchant,Caleigh.Roob74@fkaxis,N,f3da0f167efbd99cf3bcd379,4722
2024-09-02 00:00:00,668.48,U30,FAILURE,810171356646,361e1d7e-ed84-430a-8ac7-bf9485b39796,finopay.organic@timecosmos,PayMerchant,Gordon41@okicici,N,6d772845b546c00eb409b3ea,5411
2024-09-02 00:00:00,981.42,U31,FAILURE,150896119673,dfc58630-28d7-4d94-a2a7-6e97730dca14,razorpay.sushi@timecosmos,Person,Cleveland_Price-Harvey31@okaxis,N,56c70ded8d197bab6cda7e4a,5814
2024-09-02 00:00:00,831.26,U30,SUCCESS,463342210803,3d931bf2-1e62-440d-91f5-dfa4b4ef30d3,airpay.airplane@timecosmos,PayMerchant,Dock_Sawayn13@abfspay,N,f97e402b7cfa0a1efe200f1f,5816
2024-09-02 00:00:00,720.96,N,SUCCESS,954225794921,1a3238c8-4870-4107-88a6-801d1b13e727,finopay.town@timecosmos,payMerchant,Janelle64@rapl,N,f1a9e1e26b7ec4b6194ce6ec,5411
2024-09-02 00:00:00,41.63,U31,FAILURE,137335158672,c60bc55f-3e0b-4a2f-87b8-4889b9b3eb87,razorpay.dessert@timecosmos,payMerchant,Eleanora.MacGyver8@apl,N,e104adaabfddb2c33ff0af5f,5814
2024-09-02 00:00:00,882.76,U67,FAILURE,065677074243,8cc571f8-71a0-4618-a74d-5feafaa55e76,jiopay.satellite@timecosmos,Person,Brisa_Feeney55@fkaxis,N,eb8e8d5f23ce1c9cba10f9cb,4814
2024-09-02 00:00:00,973.96,U30,DEEMED,198908680519,2cacc5a5-a9b0-4f00-abc4-704a2b217aba,jiopay.convergence@timecosmos,Person,Alivia_Bergnaum@axisb,N,57fa0bca26766533aa23d71b,4814
2024-09-02 00:00:00,791.58,U78,SUCCESS,902163991804,8331ee81-acef-46f1-950e-733e153c8e95,tripay.wander@timecosmos,payMerchant,Nola.Herzog89@timecosmos,N,aa7d144ef9e72ee5620ea1cc,4722
2024-09-02 00:00:00,32.47,U67,SUCCESS,228838053016,0d7939bf-ad44-4e37-b40d-f63cbcbc4aaf,airpay.robot@timecosmos,Person,Helen.Tremblay@paytm,N,fbd2eedbf475caf5c84c9021,5816
2024-09-02 00:00:00,299.77,S96,FAILURE,386807286375,1f6be2b5-45f6-4695-8042-749e95cb03ad,tripay.escape@timecosmos,payMerchant,Felicia.Dooley79@yesg,N,f3a39b9d5187b681a889c376,4722
2024-09-02 00:00:00,607.73,S96,FAILURE,860713774124,f259d38b-4f78-41f4-b7af-c05da3614f49,airpay.car@timecosmos,payMerchant,Mariam.Gulgowski43@yapl,N,77fffcf7ec4a94bda2afb13c,5816
2024-09-02 00:00:00,667.90,U67,DEEMED,277314336267,1d166d9a-fb61-4c27-a479-75dfb281b70b,razorpay.tacos@timecosmos,Person,Candace_Emard@idfcbank,N,d093ba2bc02d2e8370aff1dd,5814
2024-09-02 00:00:00,56.13,S96,DEEMED,209464732062,1ebb7326-661e-4f71-b2b2-6378ed25b2c2,jiopay.internet@timecosmos,payMerchant,Kenny_Bartell@yapl,N,ad512dddca7d056b2f2bfd1a,4814
2024-09-02 00:00:00,49.98,U78,SUCCESS,847120143881,afcee69b-d4df-48bf-9b72-02a75c183e2b,tripay.expedition@timecosmos,PayMerchant,Harley89@okhdfcbank,N,bb31ea92dfd20d50c94f9e04,4722
2024-09-02 00:00:00,285.78,U09,FAILURE,480697115327,652995da-cb5d-462a-bd40-09dcedb372ce,jiopay.internet@timecosmos,payMerchant,Vicky.Jakubowski@rapl,N,0126ba64604087a7c55e0f96,4814
2024-09-02 00:00:00,110.91,U67,SUCCESS,937609033527,fc1832ad-0607-4950-a1be-7a01430bd252,airpay.car@timecosmos,payMerchant,Ezekiel_Kulas@timecosmos,N,e678e30eecf39d29fe4c58b8,5816
2024-09-02 00:00:00,677.62,U31,DEEMED,638507148039,f4cefc03-ac13-42a5-961e-37c5d64c822c,finopay.greenbasket@timecosmos,Person,Marisol.Rolfson49@idfcbank,N,d1bf58ed9fdae5068beddb90,5411
2024-09-02 00:00:00,8.54,U30,DEEMED,971794796637,bbbe0c02-039d-4527-8f94-3ca3fd0dc1cf,jiopay.fiber@timecosmos,Person,Brooklyn.Cassin88@fkaxis,N,0b8a42f3cd6cf9dc1cc990bd,4814
2024-09-02 00:00:00,212.62,U31,FAILURE,563131327910,738e1f9b-0e4f-4b18-aa73-107097263305,jiopay.mobile@timecosmos,payMerchant,Demetris_Hyatt@apl,N,c4fc472ec3ff2cb946dce0ce,4814
2024-09-02 00:00:00,273.68,U67,DEEMED,985281968592,a47b8a91-3ba6-4cdc-8825-ed3041fdc5d6,jiopay.data@timecosmos,Person,Obie_Koch90@yapl,N,4f0de4edc6fe9faf2fcf6e2f,4814
2024-09-02 00:00:00,302.09,U78,DEEMED,095579630249,c69673f7-d44f-46ba-811d-1b38aab37510,finopay.marketplace@timecosmos,Person,Rhea6@icici,N,aa6c6e9234eca17effdd6afa,5411
2024-09-02 00:00:00,963.22,U09,FAILURE,346861874275,16cd44af-db90-49b3-b200-ddf2d9e63801,finopay.dailygrocer@timecosmos,payMerchant,Teresa_Hackett@yesg,N,ca0d45bc44b1fe38ddbc0d57,5411
2024-09-02 00:00:00,122.02,U09,FAILURE,759796000309,83ef6492-ca16-4bf4-87d2-5f7cbe4b1da1,jiopay.satellite@timecosmos,PayMerchant,Icie.McLaughlin30@paytm,N,06c8f6b516dd82913b4ecb0a,4814
2024-09-02 00:00:00,441.56,U30,DEEMED,707082035308,d4337730-fcf2-4754-befd-9924b18cb508,airpay.car@timecosmos,PayMerchant,Celestino_King@okaxis,N,e142b63fdbba7a98fd9bf35e,5816
2024-09-02 00:00:00,87.51,U31,SUCCESS,726100348242,7e487e35-164e-4657-a58b-54928b6bfd63,finopay.town@timecosmos,PayMerchant,Tara_Reichert@abfspay,N,0a2fce4e4e7d0f3bbd2ddeed,5411
2024-09-02 00:00:00,368.46,U09,SUCCESS,425696240124,b96625ae-8012-46c3-a0da-de2360f30543,tripay.destinations@timecosmos,Person,Brandon_Howell@yapl,N,9793d0019f597a676de3e2b0,4722
2024-09-02 00:00:00,784.79,U31,SUCCESS,686936044666,b3d4341b-8fdc-435b-83d0-668388f53ddd,finopay.marketplace@timecosmos,Person,Adella.Rohan@axisb,N,4e8a43fac26e5ca99d4792c2,5411
2024-09-02 00:00:00,691.75,U67,FAILURE,003259112776,fbc785ac-1d80-442f-99fa-754433d81d81,finopay.greenbasket@timecosmos,Person,Marlon.Luettgen36@apl,N,d0015b0774dd01a3f07c0709,5411
2024-09-02 00:00:00,918.31,U09,SUCCESS,640937217590,83e73328-73a5-4a0e-add9-2c8a91afc132,finopay.freshmart@timecosmos,Person,Whitney.Rolfson@icici,N,1bbf3797ef5f2d2fde45c98b,5411
2024-09-02 00:00:00,166.71,S96,FAILURE,057596512217,3cda1f81-b262-4476-bb06-93ed676a0e93,tripay.adventure@timecosmos,PayMerchant,Darion3@oksbi,N,0beea287b3bceccbbb366005,4722
2024-09-02 00:00:00,862.87,U78,FAILURE,226284440222,da6f6c48-b990-43f3-a728-41a11a1b9080,tripay.explore@timecosmos,Person,Sister_Considine77@oksbi,N,7b7fadbcbeddb2d2361dfa6d,4722
2024-09-02 00:00:00,865.38,U78,FAILURE,343272925051,2ae3a524-e448-412a-9c5a-66901f460b61,finopay.timecosmosrite@timecosmos,payMerchant,Jaleel.Jacobson22@timecosmos,N,44b34a010f45ce56bfb799e5,5411
2024-09-02 00:00:00,225.45,S96,DEEMED,326875203956,5311d297-b641-4dbf-ab66-82b003bf83ce,razorpay.tacos@timecosmos,Person,Asia.Mayert@ybl,N,bb60c99c6896ea2252190e4e,5814
2024-09-02 00:00:00,814.71,N,DEEMED,939468657209,57187bf5-f9c7-4853-b794-fc261657f229,finopay.bulkstore@timecosmos,PayMerchant,Sasha_Runolfsdottir@timecosmos,N,bedc9f1e817651d2abf9efdd,5411
2024-09-02 00:00:00,596.83,U67,DEEMED,250182777484,d411f215-9cd8-4a89-ab6a-0cc1826dbec2,jiopay.broadband@timecosmos,payMerchant,Kamren.Welch@abfspay,N,8cb5972670cb7ed70e4ee1ee,4814
2024-09-02 00:00:00,430.62,U31,SUCCESS,663534483295,c29c6de4-c00d-44bf-89dc-4921786b9d12,tripay.destinations@timecosmos,payMerchant,Jacinthe83@paytm,N,1fdfcab4cea46adf2dcb38c2,4722
2024-09-02 00:00:00,797.73,U09,FAILURE,258371173676,e6ff42dd-066f-4f89-bb82-f650e64a6433,finopay.corner@timecosmos,payMerchant,Willie96@apl,N,e2daef29f11150faceb49bbd,5411
2024-09-02 00:00:00,501.80,U31,SUCCESS,650970589777,dd9da315-3ba2-41b5-87eb-4082b69892f0,finopay.timecosmosrite@timecosmos,PayMerchant,Cecelia73@okaxis,N,dcf2cb0a61f852a2eec73298,5411
2024-09-02 00:00:00,355.13,U09,SUCCESS,628442018286,9c24093e-fd6b-460a-9c80-9e99f3f0cff9,airpay.bike@timecosmos,PayMerchant,Frieda93@abfspay,N,7664eeecac05de6940e2fd19,5816
2024-09-02 00:00:00,686.86,U31,SUCCESS,090325555924,46d3f11b-f138-40c5-bde9-2894d8f54fdd,finopay.town@timecosmos,payMerchant,Matteo.Witting@axl,N,f0ce971eee0c1deeeb1b893c,5411
2024-09-02 00:00:00,584.12,U30,FAILURE,643132992738,07b7c73c-6ba2-4c03-b752-db9f63f87692,finopay.corner@timecosmos,PayMerchant,Mina.Quitzon@okicici,N,0e4ece67baffea4012b41b93,5411
2024-09-02 00:00:00,651.10,U30,SUCCESS,970792395454,9fd98bb2-6280-4557-bf37-ff7984fa28c1,airpay.helmet@timecosmos,payMerchant,Jackeline.Zboncak@yesg,N,ba41efa6eee31f295cbbcc40,5816
2024-09-02 00:00:00,635.42,U78,FAILURE,533504013993,24243c0b-2e02-4446-ba2d-bcb5c8aaf92b,airpay.drone@timecosmos,payMerchant,Coy88@rapl,N,1bbca95e263e0ecc5dbcefad,5816
2024-09-02 00:00:00,363.63,U78,SUCCESS,468180793360,6a277e2f-23dd-442e-b879-dc95e317cf05,jiopay.cable@timecosmos,PayMerchant,Janiya_Koss70@paytm,N,ce49c67237ea76d52fdf1e6c,4814
2024-09-02 00:00:00,831.00,U67,SUCCESS,614105079223,51736537-cd64-4553-a604-fd9ee9c51854,tripay.escape@timecosmos,Person,Mittie.Doyle31@rapl,N,fbe8d6d2ec3e4d8ba9ee43c7,4722
2024-09-02 00:00:00,784.08,U67,DEEMED,982971314684,22be6f81-1cad-44dc-904f-582be2d93806,jiopay.data@timecosmos,payMerchant,Dortha_Wolf28@axisb,N,f9ecd1ab3fe3dab8fff5ed6c,4814
2024-09-02 00:00:00,289.16,S96,SUCCESS,276470528251,f6ffbac5-db98-40c2-9158-a0358d9c214c,jiopay.voip@timecosmos,payMerchant,Lizzie50@idfcbank,N,d3a1bac2c9fac3eec62b7046,4814
2024-09-02 00:00:00,466.20,N,FAILURE,036032423739,af88bd47-bcd8-417f-9687-9d7ecb2820b9,tripay.wander@timecosmos,payMerchant,Mable11@rapl,N,2ecdceeb0f9fb74ee910a633,4722
2024-09-02 00:00:00,763.61,N,FAILURE,094759057403,f885ccd7-b930-4c46-ad92-d08fe6a5747e,airpay.car@timecosmos,PayMerchant,Morton.Murphy95@okicici,N,2dfeadc58addbe24cdba36fc,5816
2024-09-02 00:00:00,380.15,U67,DEEMED,969016531352,1f27966b-c719-4f80-aeed-56f92be10b0d,airpay.robot@timecosmos,PayMerchant,Brandy.Homenick@idfcbank,N,23be0ea3aa6ada3b54ad7d1f,5816
2024-09-02 00:00:00,108.50,U67,SUCCESS,275721376580,a3a472d0-cdeb-48ec-94a6-070eb732120d,razorpay.dessert@timecosmos,payMerchant,Rosalind_Erdman99@icici,N,6d4eb5811cab088312bbc437,5814
2024-09-02 00:00:00,21.51,U09,SUCCESS,300806839191,758b9450-32d0-424c-b0a2-a8c9b50911ab,finopay.foodland@timecosmos,payMerchant,Jace.Gislason@abfspay,N,2c66dd39b2f7c17c3a2e5c69,5411
2024-09-02 00:00:00,685.46,N,DEEMED,849803560661,6aa0e5f9-21f1-4806-925f-9400c86cc517,jiopay.convergence@timecosmos,Person,Tristin34@oksbi,N,4b75c2ec3edda63f6bc2a030,4814
2024-09-02 00:00:00,538.76,U78,SUCCESS,923947862627,b0c48c9d-87b3-46c6-8570-b9a8a961b8da,airpay.robot@timecosmos,PayMerchant,Tristian24@timecosmos,N,e7b742d2ba5c9641e3aadaad,5816
2024-09-02 00:00:00,968.32,U30,FAILURE,611435869050,db8e9834-bc29-4602-92c3-3a3f1905029f,razorpay.steak@timecosmos,Person,Emelie_Hyatt11@ybl,N,bfb0155fbfb8583bfebbdf2a,5814
2024-09-02 00:00:00,819.17,U31,SUCCESS,985221580587,244d9ccd-b638-4e0a-a98c-007db88ed4eb,finopay.bulkstore@timecosmos,payMerchant,Odell.Dibbert@rapl,N,a4ca0f19fbad8addc12d4fbd,5411
2024-09-02 00:00:00,742.70,U30,SUCCESS,250517373710,2b804210-4b73-4b9f-8bde-79b9c1233834,razorpay.burger@timecosmos,payMerchant,Maude.Zieme-Windler@okicici,N,55a148c1a604b3c83ea9ba99,5814
2024-09-02 00:00:00,103.47,U09,FAILURE,687675212518,8c4983a9-475f-406e-893f-0b70dc222dce,airpay.scooter@timecosmos,Person,Jacey.Bins24@apl,N,650ab39c79e4d3c2a5cf7c16,5816
2024-09-02 00:00:00,891.28,U30,SUCCESS,942432531278,41d77feb-b030-44b1-a2e4-e5d116e883c7,jiopay.cable@timecosmos,PayMerchant,Adonis.Hills@yesg,N,2efe746dff671aafce98affb,4814
2024-09-02 00:00:00,653.54,U31,FAILURE,997479187680,4805b635-a92c-4a55-8a5e-b912d5589e31,razorpay.sushi@timecosmos,Person,Marianna9@oksbi,N,b420f6a31a2d9adc9f32f4df,5814
2024-09-02 00:00:00,752.28,N,SUCCESS,638101806988,82e4dfa0-626c-4148-8ac6-8f265fc7c7a1,tripay.vacation@timecosmos,PayMerchant,Myra_Russel@fkaxis,N,7efbdb3cd8cb3afcbd2fce7a,4722
2024-09-02 00:00:00,435.86,U09,FAILURE,735836798614,4fd45aba-dc10-498b-a327-972e081d3d43,airpay.boat@timecosmos,payMerchant,Marcellus18@okaxis,N,c99c40ac8ed45fcab6dae776,5816
2024-09-02 00:00:00,886.31,U09,FAILURE,029608007151,329ae3ed-6383-4274-9ca1-aa2027811923,jiopay.broadband@timecosmos,Person,Kyle_Kessler94@apl,N,c5425aafcda82c3790faacad,4814
2024-09-02 00:00:00,422.22,S96,SUCCESS,302831214229,dac18160-5112-4264-a4be-e50a1948536c,finopay.freshmart@timecosmos,PayMerchant,Malinda61@idfcbank,N,c4e7cfface95a5ab0eef8dd0,5411
2024-09-02 00:00:00,366.62,S96,FAILURE,141741585169,13cce933-ae81-4c8e-8ff6-72314c9e7c2e,razorpay.burger@timecosmos,Person,Jasmin20@abfspay,N,a3dd772305077dae1c36373b,5814
2024-09-02 00:00:00,964.82,N,DEEMED,678439776763,2d3fc71f-2dfd-42f4-9a77-fccd700e182c,finopay.bulkstore@timecosmos,payMerchant,Candelario17@okhdfcbank,N,cbf61ea5f8b043a133cb2b43,5411
2024-09-02 00:00:00,210.34,U31,SUCCESS,997431126151,98c078b5-1b7b-4849-802c-605530c84970,razorpay.salad@timecosmos,Person,Alessia13@okicici,N,dfdc31a05abd8685aa7ce4fe,5814
2024-09-02 00:00:00,550.27,U30,SUCCESS,024630540496,93579def-fb4e-4aeb-99bb-0573ca024e82,airpay.truck@timecosmos,payMerchant,Susana_OConnell72@okicici,N,effbef24ad5c0fdfaf4a3c96,5816
2024-09-02 00:00:00,964.81,U30,FAILURE,368071945412,0d4f7280-3948-4327-a98b-c3958894a6d1,jiopay.fiber@timecosmos,PayMerchant,Charley.Sporer-Corwin74@paytm,N,fcccbd297e76cddcdae2eed3,4814
2024-09-02 00:00:00,287.47,U78,FAILURE,062443419062,27741267-4a86-4d26-84cd-334f96f8ee68,tripay.getaway@timecosmos,PayMerchant,Roselyn73@apl,N,401ebd3eee89bbd8649bdfcd,4722
2024-09-02 00:00:00,453.47,U31,FAILURE,140925722141,a4798bd1-2f99-464e-8d83-b1c474950890,finopay.organic@timecosmos,PayMerchant,Citlalli_Cremin-Feest@abfspay,N,aef9f5ebda027ed1b83c57da,5411
2024-09-02 00:00:00,247.11,U78,SUCCESS,701512962721,5f5a1a00-2314-4805-a3d5-fa7b3dc4acab,razorpay.pasta@timecosmos,payMerchant,Clifford16@ybl,N,d4cd3ae39d8629c4b2df6daa,5814
2024-09-02 00:00:00,396.60,U31,SUCCESS,683052074898,598ae5d2-5318-4ff7-b132-ce873cce13d0,razorpay.salad@timecosmos,PayMerchant,Lelia.Deckow94@rapl,N,8cb76fcccbbecaec417c2b1f,5814
2024-09-02 00:00:00,552.92,U30,FAILURE,580255781150,d3fafd85-9dc2-49bd-8533-ca3ecd3d6b73,razorpay.tacos@timecosmos,PayMerchant,Lelah_Schneider@okhdfcbank,N,ae50b5c41aabf5fff04b5ca7,5814
2024-09-02 00:00:00,529.13,N,SUCCESS,222965337726,76f2297d-88e9-475e-8347-9527820a0cf0,finopay.greenbasket@timecosmos,payMerchant,Maddison22@yapl,N,6bc94f0dbea4d6de0ac9f5ad,5411
2024-09-02 00:00:00,317.43,U09,DEEMED,010763259875,5765048c-82a7-4b85-8f45-f46e9f326947,razorpay.steak@timecosmos,Person,Antoinette86@rapl,N,869b92bfd563c950dbfdca9f,5814
2024-09-02 00:00:00,624.85,U30,DEEMED,569085568811,dea9a938-678c-4baa-a9ec-fffc4057979d,finopay.greenbasket@timecosmos,payMerchant,Breanna87@apl,N,20fecf9c96cfdfbc34a07ddc,5411
2024-09-02 00:00:00,428.03,U30,FAILURE,875362244388,2578067b-28cd-4d01-8723-779e4f905ea0,jiopay.mobile@timecosmos,PayMerchant,Emily.Effertz5@okhdfcbank,N,1195311e5dbddaa5aa51b101,4814
2024-09-02 00:00:00,295.21,U78,SUCCESS,892696127214,088e418b-cf66-4a69-8c18-6ca8d38313d2,razorpay.soup@timecosmos,PayMerchant,Tyreek.McLaughlin73@fkaxis,N,afdb9ed5c51c5712fa280f33,5814
2024-09-02 00:00:00,45.34,U67,DEEMED,926388606850,d7bcd1ca-aaca-453e-a9cd-dc44d59318b3,airpay.boat@timecosmos,PayMerchant,Percy_Flatley@oksbi,N,5ba4de7b3804faccbce9f03c,5816
2024-09-02 00:00:00,717.03,U78,SUCCESS,995596145585,b188ddd4-61bc-431b-b4f5-f43859f95cf9,airpay.truck@timecosmos,payMerchant,Cristal.Mann@fkaxis,N,ed425e4fd8e6f1cd79a139da,5816
2024-09-02 00:00:00,192.29,U30,FAILURE,843097522377,0512a2ac-2c86-4a40-abad-c58de91993b2,jiopay.voip@timecosmos,Person,Allan_Erdman39@yesg,N,ba6933bb5cca560b9cdc53fc,4814
2024-09-02 00:00:00,564.43,U67,SUCCESS,058601240070,6a259af3-3f20-4aed-8899-edac5205ab9c,jiopay.internet@timecosmos,payMerchant,Theo_Cremin40@oksbi,N,4c9be7cdedadf7b7aab4741c,4814
2024-09-02 00:00:00,746.19,U31,SUCCESS,253084684286,17ab3e2d-0cc7-4409-9b44-9fb5da68d4ac,tripay.expedition@timecosmos,PayMerchant,Brandy.Nienow@paytm,N,eafada373efec78fa9daddcc,4722
2024-09-02 00:00:00,154.52,U31,FAILURE,518665442001,98a6fd9b-b757-4ea0-a6bc-d6fa792c55cb,finopay.bulkstore@timecosmos,PayMerchant,Susanna_Koss@okhdfcbank,N,c423fb6abdfbe124bccd737f,5411
2024-09-02 00:00:00,663.02,S96,FAILURE,870941152009,ea16497d-6473-4787-b3b1-2924609fbb26,finopay.marketplace@timecosmos,Person,Zion_Harvey61@okaxis,N,08dfbbac62a2c7c58daa139a,5411
2024-09-02 00:00:00,426.66,U31,SUCCESS,225010540940,42a8294d-ee38-4c81-a458-1b6c3678e43d,airpay.airplane@timecosmos,Person,Laron96@axisb,N,9dcfe7e0fcecd6eb74f36bec,5816
2024-09-02 00:00:00,178.16,U09,DEEMED,227223664648,9a56432c-1a07-41c3-abe2-ed76faa2638a,razorpay.steak@timecosmos,PayMerchant,Isabella66@timecosmos,N,ef5fd6b5f6d0cdc0ccebafe4,5814
2024-09-02 00:00:00,666.14,N,DEEMED,636222294459,1f91b5a8-5c5a-44a4-9325-c82466a4bc30,jiopay.wireless@timecosmos,payMerchant,Elvera.Labadie14@okicici,N,43709a1ed884366221d0dba5,4814
2024-09-02 00:00:00,480.90,U78,FAILURE,414731093142,8a0d5b48-a77a-4956-a72e-3d3bf6da367f,airpay.airplane@timecosmos,payMerchant,Rory90@idfcbank,N,6e58a7773ac5ae32befbe3c2,5816
2024-09-02 00:00:00,808.98,U67,FAILURE,572767970584,7444f162-c8ab-4203-b92d-4b41506f4adc,finopay.organic@timecosmos,payMerchant,Solon.Botsford-Metz3@paytm,N,ecdfaf7fda649083adf58db2,5411
2024-09-02 00:00:00,133.16,U09,FAILURE,272902407056,b75d6bee-e8ef-44d1-a1eb-46d7af0be16d,razorpay.sushi@timecosmos,Person,Ceasar8@icici,N,1cc4bbc2ebf5e993d2bfcc0c,5814
2024-09-02 00:00:00,381.06,U30,FAILURE,101486589873,37ce3f24-12b8-425b-88df-731f3e3a1a69,airpay.submarine@timecosmos,payMerchant,Jennyfer.Green@timecosmos,N,da9c5a40e9aceb6efd0b8aad,5816
2024-09-02 00:00:00,417.59,U30,DEEMED,327321574721,1fdb4617-7397-4db9-a3e7-0d85e836e3e1,razorpay.soup@timecosmos,Person,Noel_Luettgen24@rapl,N,d82107aa5dd55f09f455cc34,5814
2024-09-02 00:00:00,895.24,U78,SUCCESS,620974238748,d4ff03ba-6fef-4c87-bbe1-9e59c20fcb51,razorpay.salad@timecosmos,PayMerchant,Adrianna_McClure@axisb,N,d2a7bb1a4be1169a3dbed2b0,5814
2024-09-02 00:00:00,950.58,U31,SUCCESS,690101836746,c172cda4-5a70-40ec-bdf2-0e1b1da4094d,razorpay.sushi@timecosmos,PayMerchant,Ruthe_Denesik22@yapl,N,e9416a2e524fe0fe0d6bf1f7,5814
2024-09-02 00:00:00,656.67,U78,DEEMED,475706443479,b5cff6bb-099b-4cb9-9630-539d55ba79f1,finopay.corner@timecosmos,payMerchant,Zita_Walsh@paytm,N,a8cc2cdb0db751b1e5bddabe,5411
2024-09-02 00:00:00,11.70,U78,FAILURE,481553382948,177711c3-541f-48b6-b533-58065927e96f,airpay.submarine@timecosmos,PayMerchant,Eladio_Walter58@idfcbank,N,3c3b1028b9643f932f138f34,5816
2024-09-02 00:00:00,252.02,S96,SUCCESS,676068417576,4ee17117-a543-43ed-90ca-576afec63da7,jiopay.mobile@timecosmos,Person,Giovanny52@axisb,N,4bfc5c36cd5b826d7dfe25ff,4814
2024-09-02 00:00:00,556.60,S96,FAILURE,701483923176,11d2d193-f54c-4573-b472-6e74bedbfb5f,finopay.marketplace@timecosmos,payMerchant,Deon20@paytm,N,00feaad7ff49dfbb9eebbf3e,5411
2024-09-02 00:00:00,348.21,U78,DEEMED,920388443022,50a81c19-cbb7-49d9-bccb-7bf923147b12,jiopay.mobile@timecosmos,PayMerchant,Noble.Morissette64@axisb,N,f66aa948940cdfeabadfd576,4814
2024-09-02 00:00:00,690.01,S96,SUCCESS,341407202295,011871a3-f84b-46ff-a3c3-7043cc7570ec,jiopay.voip@timecosmos,Person,Juston_Barrows@yapl,N,e18aacb249c9befe9bb5e442,4814
2024-09-02 00:00:00,380.06,U78,FAILURE,362678303280,a6ff246e-9bab-4939-b7db-4acd672fa01b,razorpay.tacos@timecosmos,Person,Agustina41@okhdfcbank,N,2aa3b0ddaae7e3fc5aaccfda,5814
2024-09-02 00:00:00,626.74,N,SUCCESS,903326911705,b9e33b0b-f6cd-400a-84e4-a02fc1d86655,finopay.greenbasket@timecosmos,payMerchant,Quinn_Okuneva@rapl,N,dfc7f9a0beab13aa6db2d0da,5411
