Txnuid,Uid,Adjdate,Adjtype,Remitter,Beneficiery,Response,Txndate,Txntime,RRN,Terminalid,Ben_Mobile_No,Rem_Mobile_No,Chbref,Txnamount,Adjamount,Rem/PayeePSP_Fee,Ben_Fee,Ben_FeeSW,Adjfee,Npcifee,Remfeetax,Benfeetax,Npcitax,Adjref,Bankadjref,Adjproof,Compensation amount,time,Penalty,SHDT73,SHDT74,SHDT75,SHDT76,SHDT77,Transaction_Type,Transaction Indicator,Beneficiary Account number,Remitter Account number,Aadhar Number,Mobile Number,Payer PSP,Payee PSP,UPI Transaction ID,Virtual Address,Dispute Flag,Reason Code,MCC,Originating Channel
1240379841,0007044997,01-09-2024 00:00:00,Wrong Credit Chargeback Acceptance,INB,INB,R9,01-09-2024 00:00:00,0:0:0,927273876468,159332,9904426283257,7070190786938,,923.72,923.72,0,0,0,0,0,0,0,0,INB/INB/Wrong Credit Chargeback Acceptance/0007044997,DRC,DRC_20240402_83.CSV,0,,0,,,,,,U2,COLLECT,9089927011591691416,9329120291668487103,,93879981165276,INB,INB,c8865ac3cc9dda4dea1fc2cf,,TCC,U008,0211,UMOB
5357689742,8917181723,01-09-2024 00:00:00,Differed Re-presentment Raise,SBL,YOM,R9,01-09-2024 00:00:00,0:0:0,192773990396,159332,9484009178506,7412202880065,,659.56,659.56,0,0,0,0,0,0,0,0,SBL/YOM/Differed Re-presentment Raise/8917181723,UPI,DRC_20240402_83.CSV,0,,0,,,,,,U2,PAY,9008098346694974406,9362779304568858700,,93550436336763,YOM,YOM,fc9ecbb328ef3e97bf86c167,,PBRB,102,2686,IDIR
2227864878,9428532430,01-09-2024 00:00:00,Wrong credit Representment,SBL,YJU,RB,01-09-2024 00:00:00,0:0:0,796825125143,159332,9576933324267,7575649508189,,653.83,653.83,0,0,0,0,0,0,0,0,SBL/YJU/Wrong credit Representment/9428532430,UPI,DRC_20240402_83.CSV,0,,0,,,,,,U2,COLLECT,9073804532339348443,9335687497420721064,,93588804333660,YJU,YJU,a3b3aa650473d53eabf9e33f,,PR2C,104,2754,IDIR
4811355898,3262144662,01-09-2024 00:00:00,Chargeback Acceptance,SBL,PNB,R9,01-09-2024 00:00:00,0:0:0,812006506063,159332,9207131896619,7042259366729,,442.91,442.91,0,0,0,0,0,0,0,0,SBL/PNB/Chargeback Acceptance/3262144662,TCC,DRC_20240402_83.CSV,0,,0,,,,,,U2,COLLECT,9071211396439008305,9343543264209559384,,93338082606641,PNB,PNB,f47bbd58abdac5da2e2eaedd,,TCC,109,2437,IDIR
8780889885,2093712181,01-09-2024 00:00:00,Differed Re-presentment Raise,GTI,AXB,RB,01-09-2024 00:00:00,0:0:0,876127245669,159332,9576170509546,7707936857586,,79.40,79.40,0,0,0,0,0,0,0,0,GTI/AXB/Differed Re-presentment Raise/2093712181,RET,DRC_20240402_83.CSV,0,,0,,,,,,U2,COLLECT,9076136530166362517,9319755571481193697,,93359030799381,AXB,AXB,51a7e52936eac28c96cb158f,,PR2C,104,4578,UMOB
3126847982,7873803316,01-09-2024 00:00:00,Fraud Chargeback Raise,SBL,PNB,RR,01-09-2024 00:00:00,0:0:0,635035468496,159332,9899153116455,7765710584233,,674.05,674.05,0,0,0,0,0,0,0,0,SBL/PNB/Fraud Chargeback Raise/7873803316,DRC,DRC_20240402_83.CSV,0,,0,,,,,,U2,COLLECT,9051103958783016609,9301032118840770803,,93287448753783,PNB,PNB,b0b695f75cbd6a33eea55bc1,,RRC,104,6738,IDIR
4182873896,5308974588,01-09-2024 00:00:00,Fraud Chargeback Representment,SBL,YOM,RR,01-09-2024 00:00:00,0:0:0,651567873917,159332,9418301076815,7678753270748,,559.43,559.43,0,0,0,0,0,0,0,0,SBL/YOM/Fraud Chargeback Representment/5308974588,DRC,DRC_20240402_83.CSV,0,,0,,,,,,U2,PAY,9065112268559137407,9311415237810927436,,93903528339695,YOM,YOM,8dffcfb17041e87e736eaf33,,PR2C,108,6656,IDIR
6736712068,0950829988,01-09-2024 00:00:00,Response to Complaint,SBL,IOB,RB,01-09-2024 00:00:00,0:0:0,340250371922,159332,9697781566660,7077228782676,,275.48,275.48,0,0,0,0,0,0,0,0,SBL/IOB/Response to Complaint/0950829988,TCC,DRC_20240402_83.CSV,0,,0,,,,,,U2,PAY,9049609242957429331,9357947331057816463,,93824960948332,IOB,IOB,5b4227d88cada7b4bba4e5d4,,PR2C,108,7216,UMOB
6845966947,3481631542,01-09-2024 00:00:00,Chargeback Acceptance,SBL,IDB,R9,01-09-2024 00:00:00,0:0:0,171741407892,159332,9726878646306,7164857358025,,262.74,262.74,0,0,0,0,0,0,0,0,SBL/IDB/Chargeback Acceptance/3481631542,TCC,DRC_20240402_83.CSV,0,,0,,,,,,U2,COLLECT,9016234970807451275,9312241263854207138,,93552176387292,IDB,IDB,2779fbbeb0fe69a689cb67fc,,TCC,501,1525,UMOB
8608560597,2312600865,01-09-2024 00:00:00,Wrong Credit Chargeback Raise,SBL,ARL,0,01-09-2024 00:00:00,0:0:0,360112133551,159332,9476230027489,7339784141315,,41.02,41.02,0,0,0,0,0,0,0,0,SBL/ARL/Wrong Credit Chargeback Raise/2312600865,Credit Adjustment,DRC_20240402_83.CSV,0,,0,,,,,,U2,COLLECT,9046526765157131754,9382895972510726181,,93073736447171,ARL,ARL,1acd8ad59e60daefcbb971c0,,PBRB,U010,7246,UMOB
2723604448,0628783308,01-09-2024 00:00:00,Re-presentment Raise,SBL,YES,R9,01-09-2024 00:00:00,0:0:0,529425935722,159332,9643474072223,7712036327456,,617.37,617.37,0,0,0,0,0,0,0,0,SBL/YES/Re-presentment Raise/0628783308,RET,DRC_20240402_83.CSV,0,,0,,,,,,U2,PAY,9036723468207296735,9373609789981871669,,93437972324239,YES,YES,e802dd5ae4cafb375adeeccd,,PR2C,104,4323,IDIR
4553097129,3718226140,01-09-2024 00:00:00,Wrong credit Representment,SBL,IOB,RB,01-09-2024 00:00:00,0:0:0,937871207702,159332,9871998942573,7194311776095,,695.56,695.56,0,0,0,0,0,0,0,0,SBL/IOB/Wrong credit Representment/3718226140,TCC,DRC_20240402_83.CSV,0,,0,,,,,,U2,PAY,9037321993435872820,9381997230763040537,,93129937614310,IOB,IOB,f6edda1938cb4eebd26d00a7,,TCC,104,0825,UMOB
8433282805,1994491357,01-09-2024 00:00:00,Wrong Credit Chargeback Acceptance,KMB,BOM,RB,01-09-2024 00:00:00,0:0:0,985050850820,159332,9637913788183,7675692754528,,623.99,623.99,0,0,0,0,0,0,0,0,KMB/BOM/Wrong Credit Chargeback Acceptance/1994491357,RET,DRC_20240402_83.CSV,0,,0,,,,,,U2,PAY,9028815697663867637,9303888556392062124,,93350997935614,BOM,BOM,cd5fea73ffcbc98ca869bb7d,,PBRB,U010,5782,UMOB
9837431342,3742645488,01-09-2024 00:00:00,Fraud Chargeback Raise,SBL,CBI,R9,01-09-2024 00:00:00,0:0:0,309548195244,159332,9124296495435,7737703533374,,913.14,913.14,0,0,0,0,0,0,0,0,SBL/CBI/Fraud Chargeback Raise/3742645488,Credit Adjustment,DRC_20240402_83.CSV,0,,0,,,,,,U2,COLLECT,9097689426396495553,9313452813311338147,,93941665372689,CBI,CBI,00ab58fcdf7d78a10d601c89,,PBRB,102,7005,UMOB
3201886097,1471778893,01-09-2024 00:00:00,Chargeback Raise,SBL,FIB,RR,01-09-2024 00:00:00,0:0:0,501745754305,159332,9904540080609,7587021204044,,616.06,616.06,0,0,0,0,0,0,0,0,SBL/FIB/Chargeback Raise/1471778893,Credit Adjustment,DRC_20240402_83.CSV,0,,0,,,,,,U2,PAY,9096404546381709443,9313662250177747687,,93003977923896,FIB,FIB,3ab0cb316fedada9fa0f1d68,,PR2C,501,0394,IDIR
0544359183,0685728028,01-09-2024 00:00:00,Wrong Credit Chargeback Acceptance,BOB,SIB,R9,01-09-2024 00:00:00,0:0:0,467406895815,159332,9821431271876,7244897715954,,495.70,495.70,0,0,0,0,0,0,0,0,BOB/SIB/Wrong Credit Chargeback Acceptance/0685728028,Credit Adjustment,DRC_20240402_83.CSV,0,,0,,,,,,U2,COLLECT,9081728176564544389,9375686370816265949,,93522881837148,SIB,SIB,d144d3df45358cbcfcefcb6e,,PBRB,109,9758,IDIR
3121734641,8042609045,01-09-2024 00:00:00,Online Refund,PNB,BDN,RB,01-09-2024 00:00:00,0:0:0,176691070515,159332,9397412058812,7119890832750,,320.55,320.55,0,0,0,0,0,0,0,0,PNB/BDN/Online Refund/8042609045,Credit Adjustment,DRC_20240402_83.CSV,0,,0,,,,,,U2,COLLECT,9045471719014556702,9374915460410847694,,93801299861992,BDN,BDN,aa47daceaaa9a57cfc7e4e0d,,PR2C,104,5797,UMOB
1234715839,8681139006,01-09-2024 00:00:00,Complaint Raise,SBL,CBI,0,01-09-2024 00:00:00,0:0:0,610274536642,159332,9944455254269,7386789106757,,822.02,822.02,0,0,0,0,0,0,0,0,SBL/CBI/Complaint Raise/8681139006,TCC,DRC_20240402_83.CSV,0,,0,,,,,,U2,PAY,9000277479439787415,9387287890616716377,,93160445289151,CBI,CBI,80ccbea697c12d8b1703d0e4,,PBRB,501,3832,IDIR
5649638873,2863023338,01-09-2024 00:00:00,Wrong Credit Chargeback Acceptance,INB,IIB,RB,01-09-2024 00:00:00,0:0:0,454149605338,159332,9547647363569,7881613261716,,785.22,785.22,0,0,0,0,0,0,0,0,INB/IIB/Wrong Credit Chargeback Acceptance/2863023338,TCC,DRC_20240402_83.CSV,0,,0,,,,,,U2,COLLECT,9094674761930511033,9375786557747071574,,93818366447215,IIB,IIB,7ae2e7ea3d42091fa0b31bdf,,PR2C,108,0138,IDIR
2563482415,4702125968,01-09-2024 00:00:00,Debit Reversal Confirmation,SBL,BDN,0,01-09-2024 00:00:00,0:0:0,827672171455,159332,9381115277869,7424088603798,,589.37,589.37,0,0,0,0,0,0,0,0,SBL/BDN/Debit Reversal Confirmation/4702125968,RET,DRC_20240402_83.CSV,0,,0,,,,,,U2,PAY,9014585633173073315,9370341522357726508,,93884384560822,BDN,BDN,db5f2f386dcd9f57f5dde8cc,,TCC,103,0038,UMOB
4877681097,4799235676,01-09-2024 00:00:00,Complaint Raise,GTI,SBI,RR,01-09-2024 00:00:00,0:0:0,830005911418,159332,9949826760813,7544642393761,,112.51,112.51,0,0,0,0,0,0,0,0,GTI/SBI/Complaint Raise/4799235676,RET,DRC_20240402_83.CSV,0,,0,,,,,,U2,PAY,9090527428920842573,9353321244138864571,,93787024297884,SBI,SBI,92ded02bf5b744bedcbfebec,,DRC,U010,0657,IDIR
4000382694,9335602017,01-09-2024 00:00:00,Chargeback Raise,SBI,ARL,0,01-09-2024 00:00:00,0:0:0,643416888306,159332,9079590349238,7344961283681,,652.46,652.46,0,0,0,0,0,0,0,0,SBI/ARL/Chargeback Raise/9335602017,Credit Adjustment,DRC_20240402_83.CSV,0,,0,,,,,,U2,PAY,9064644777030159576,9373923642828265166,,93735284875080,ARL,ARL,fdcecced7839c83e07fe82a6,,PBRB,U010,2298,UMOB
3167625714,1470763192,01-09-2024 00:00:00,Refund Reversal Confirmation,SBL,YJU,0,01-09-2024 00:00:00,0:0:0,415829309615,159332,9369838028605,7479964748643,,768.47,768.47,0,0,0,0,0,0,0,0,SBL/YJU/Refund Reversal Confirmation/1470763192,Credit Adjustment,DRC_20240402_83.CSV,0,,0,,,,,,U2,PAY,9056021908193158945,9339847479512848410,,93918547658348,YJU,YJU,ed666dcc1ec4335c5cea6eeb,,PR2C,U010,7749,IDIR
2192348183,9970548466,01-09-2024 00:00:00,Debit Reversal Confirmation,SBL,APP,R9,01-09-2024 00:00:00,0:0:0,010167833143,159332,9262144698111,7138297311997,,330.69,330.69,0,0,0,0,0,0,0,0,SBL/APP/Debit Reversal Confirmation/9970548466,DRC,DRC_20240402_83.CSV,0,,0,,,,,,U2,PAY,9094758826858741386,9388185454351973831,,93550264615996,APP,APP,dac5167f25b3ac08dd04c98a,,PR2C,102,0643,IDIR
3704594979,0301394936,01-09-2024 00:00:00,Online Refund,SBL,FBL,0,01-09-2024 00:00:00,0:0:0,342996057978,159332,9395211499108,7038884279710,,327.21,327.21,0,0,0,0,0,0,0,0,SBL/FBL/Online Refund/0301394936,DRC,DRC_20240402_83.CSV,0,,0,,,,,,U2,PAY,9017727576301723667,9347205263541023003,,93179021156991,FBL,FBL,59935a3f22d4c16aec90f72b,,PBRB,103,3755,UMOB
9525690195,4010860079,01-09-2024 00:00:00,Wrong credit Representment,SBL,UCO,RR,01-09-2024 00:00:00,0:0:0,016928125278,159332,9458683786679,7316953157882,,548.82,548.82,0,0,0,0,0,0,0,0,SBL/UCO/Wrong credit Representment/4010860079,RET,DRC_20240402_83.CSV,0,,0,,,,,,U2,PAY,9018379553942489011,9338853045977390808,,93449311336687,UCO,UCO,bdcc70d5f68caceb2b4527ea,,PBRB,109,5773,IDIR
3230573022,1011655130,01-09-2024 00:00:00,Wrong credit Representment,PNB,MBK,0,01-09-2024 00:00:00,0:0:0,585747325191,159332,9979314896208,7283782583874,,717.15,717.15,0,0,0,0,0,0,0,0,PNB/MBK/Wrong credit Representment/1011655130,RET,DRC_20240402_83.CSV,0,,0,,,,,,U2,PAY,9030455859105787685,9350230206664959564,,93971470302596,MBK,MBK,da829115363a091dfbea9f6a,,RRC,U010,0693,IDIR
6710124474,1435279126,01-09-2024 00:00:00,Complaint Raise,SBL,BOB,0,01-09-2024 00:00:00,0:0:0,098757897514,159332,9150323066439,7955468840056,,235.93,235.93,0,0,0,0,0,0,0,0,SBL/BOB/Complaint Raise/1435279126,Credit Adjustment,DRC_20240402_83.CSV,0,,0,,,,,,U2,PAY,9058210465376660354,9376218597818817219,,93888573569725,BOB,BOB,eac2b1ddb3cecaeabf5f80f2,,RRC,109,6076,IDIR
4229188316,2115352357,01-09-2024 00:00:00,Online Refund,SBL,YJU,RB,01-09-2024 00:00:00,0:0:0,277431588957,159332,9005149562679,7589627545440,,585.74,585.74,0,0,0,0,0,0,0,0,SBL/YJU/Online Refund/2115352357,DRC,DRC_20240402_83.CSV,0,,0,,,,,,U2,COLLECT,9084122390872146948,9344044888935622614,,93972863022911,YJU,YJU,1fa427dbdce9c71ccdb4419f,,TCC,108,7605,IDIR
4093266728,5219123192,01-09-2024 00:00:00,Credit Adjustment,SBL,YOM,R9,01-09-2024 00:00:00,0:0:0,638460078287,159332,9388277855040,7606855345910,,663.18,663.18,0,0,0,0,0,0,0,0,SBL/YOM/Credit Adjustment/5219123192,DRC,DRC_20240402_83.CSV,0,,0,,,,,,U2,COLLECT,9038279681351407996,9315895071583315731,,93486854871847,YOM,YOM,55c1c8d19e3046cec9923dbf,,PBRB,109,3783,UMOB
6003871124,2414623479,01-09-2024 00:00:00,Complaint Raise,SBL,IOB,0,01-09-2024 00:00:00,0:0:0,428890018365,159332,9285387463991,7099204788161,,1.39,1.39,0,0,0,0,0,0,0,0,SBL/IOB/Complaint Raise/2414623479,TCC,DRC_20240402_83.CSV,0,,0,,,,,,U2,COLLECT,9021857241964523654,9352464018235435022,,93159483037149,IOB,IOB,69da27bddaab4fb1d7378382,,DRC,102,1813,UMOB
3207578492,2188238326,01-09-2024 00:00:00,Wrong Credit Chargeback Raise,SBL,MBK,RB,01-09-2024 00:00:00,0:0:0,859129275365,159332,9530437081852,7625590856633,,865.95,865.95,0,0,0,0,0,0,0,0,SBL/MBK/Wrong Credit Chargeback Raise/2188238326,RET,DRC_20240402_83.CSV,0,,0,,,,,,U2,PAY,9056214957319092041,9360843258669204490,,93375046602679,MBK,MBK,4bcbf9d0b58dd16d2b7f77fe,,PBRB,103,9153,IDIR
0158908654,7115671887,01-09-2024 00:00:00,Refund Reversal Confirmation,SBL,BOM,R9,01-09-2024 00:00:00,0:0:0,195344073766,159332,9426486983160,7817258930907,,238.48,238.48,0,0,0,0,0,0,0,0,SBL/BOM/Refund Reversal Confirmation/7115671887,RET,DRC_20240402_83.CSV,0,,0,,,,,,U2,COLLECT,9050677944780387803,9320887099458109836,,93325751056732,BOM,BOM,1c25faaf28a4d4dbc8bfdfca,,RRC,109,5513,IDIR
9506194296,0675935355,01-09-2024 00:00:00,Credit Adjustment,SBI,AXB,R9,01-09-2024 00:00:00,0:0:0,787016508796,159332,9873210768816,7803389928389,,318.94,318.94,0,0,0,0,0,0,0,0,SBI/AXB/Credit Adjustment/0675935355,UPI,DRC_20240402_83.CSV,0,,0,,,,,,U2,PAY,9060895892906279564,9352037043764393440,,93178023034984,AXB,AXB,781abbbd186efe5f3a05e00e,,PBRB,U008,0338,IDIR
2251732746,1943190224,01-09-2024 00:00:00,Fraud Chargeback Representment,SBL,BOI,RB,01-09-2024 00:00:00,0:0:0,376855360014,159332,9952435451241,7954255157003,,10.00,10.00,0,0,0,0,0,0,0,0,SBL/BOI/Fraud Chargeback Representment/1943190224,UPI,DRC_20240402_83.CSV,0,,0,,,,,,U2,PAY,9057498094124813891,9308322696489306101,,93208003063899,BOI,BOI,7d3e6ee7d1bc7bcfa8c96ede,,PBRB,109,6691,UMOB
6433757944,5605517087,01-09-2024 00:00:00,Fraud Chargeback Representment,SBL,BOM,RB,01-09-2024 00:00:00,0:0:0,226094741636,159332,9288266324255,7395546762137,,222.70,222.70,0,0,0,0,0,0,0,0,SBL/BOM/Fraud Chargeback Representment/5605517087,TCC,DRC_20240402_83.CSV,0,,0,,,,,,U2,PAY,9027970316155109363,9326877884711309911,,93400019868191,BOM,BOM,decbc5cc622319bbcdf6d871,,PBRB,103,2977,IDIR
2052654674,5954650021,01-09-2024 00:00:00,Chargeback Raise,SBL,YJU,0,01-09-2024 00:00:00,0:0:0,256436212792,159332,9639426042781,7679267546638,,191.35,191.35,0,0,0,0,0,0,0,0,SBL/YJU/Chargeback Raise/5954650021,UPI,DRC_20240402_83.CSV,0,,0,,,,,,U2,PAY,9032842671350438666,9369653357186919302,,93824947810259,YJU,YJU,7191e4cfd6438d9aefef7dac,,PR2C,104,2997,IDIR
0098773059,3510757823,01-09-2024 00:00:00,Wrong Credit Chargeback Acceptance,SBL,IDC,RR,01-09-2024 00:00:00,0:0:0,285305950965,159332,9286589351891,7378023792937,,783.73,783.73,0,0,0,0,0,0,0,0,SBL/IDC/Wrong Credit Chargeback Acceptance/3510757823,UPI,DRC_20240402_83.CSV,0,,0,,,,,,U2,PAY,9033219980395970934,9353698351417265452,,93948567183293,IDC,IDC,a6da333ad19dee90cc14e5f5,,PBRB,U008,2767,UMOB
8563155459,3266296434,01-09-2024 00:00:00,Fraud Chargeback Representment,SBL,BDN,R9,01-09-2024 00:00:00,0:0:0,934975463454,159332,9361526352354,7031011562149,,361.90,361.90,0,0,0,0,0,0,0,0,SBL/BDN/Fraud Chargeback Representment/3266296434,RET,DRC_20240402_83.CSV,0,,0,,,,,,U2,PAY,9041373084991800971,9365302582884648563,,93009923418112,BDN,BDN,a9dede03ffccee1eec2fecee,,PR2C,104,8022,IDIR
1229987359,3276989975,01-09-2024 00:00:00,Chargeback Raise,IPB,PNB,R9,01-09-2024 00:00:00,0:0:0,844917190601,159332,9158831572055,7876129201737,,419.17,419.17,0,0,0,0,0,0,0,0,IPB/PNB/Chargeback Raise/3276989975,RET,DRC_20240402_83.CSV,0,,0,,,,,,U2,PAY,9013659399412474713,9349223756557089763,,93602039547993,PNB,PNB,b9b6e358f0d6bd6ba07ec057,,DRC,102,5082,UMOB
5197124172,7123485862,01-09-2024 00:00:00,Online Refund,SBL,IDC,R9,01-09-2024 00:00:00,0:0:0,246541590689,159332,9849669186172,7679201539816,,970.74,970.74,0,0,0,0,0,0,0,0,SBL/IDC/Online Refund/7123485862,Credit Adjustment,DRC_20240402_83.CSV,0,,0,,,,,,U2,PAY,9066804822966500642,9385860681728935609,,93075150845420,IDC,IDC,4e7eb7826c041c65e9e2f0fe,,PBRB,U008,6901,IDIR
4124050009,3451994343,01-09-2024 00:00:00,Wrong Credit Chargeback Raise,SBL,APP,R9,01-09-2024 00:00:00,0:0:0,084858741893,159332,9152240641027,7531573680604,,894.68,894.68,0,0,0,0,0,0,0,0,SBL/APP/Wrong Credit Chargeback Raise/3451994343,RET,DRC_20240402_83.CSV,0,,0,,,,,,U2,COLLECT,9095850974820920612,9391476998456845033,,93906460831501,APP,APP,1cb0ededaae2afe6dc23ba19,,TCC,102,0536,UMOB
5916829754,1357154510,01-09-2024 00:00:00,Wrong Credit Chargeback Acceptance,SBL,IIB,R9,01-09-2024 00:00:00,0:0:0,718325967713,159332,9143506891448,7535286148757,,894.06,894.06,0,0,0,0,0,0,0,0,SBL/IIB/Wrong Credit Chargeback Acceptance/1357154510,DRC,DRC_20240402_83.CSV,0,,0,,,,,,U2,PAY,9014256900311165776,9360613345722553064,,93670297443075,IIB,IIB,c5b8e4f0df81d20c80e36fcc,,PBRB,109,4038,UMOB
1301867084,9068886308,01-09-2024 00:00:00,Response to Complaint,YJU,SIB,RR,01-09-2024 00:00:00,0:0:0,341860746577,159332,9219172706179,7499086038135,,960.44,960.44,0,0,0,0,0,0,0,0,YJU/SIB/Response to Complaint/9068886308,DRC,DRC_20240402_83.CSV,0,,0,,,,,,U2,PAY,9086618180372365240,9372186576064928425,,93023714613700,SIB,SIB,6dce7dfda8b93970ca3eece5,,DRC,103,9209,IDIR
4824735220,4648895613,01-09-2024 00:00:00,Complaint Raise,FBL,BOB,RR,01-09-2024 00:00:00,0:0:0,826961795477,159332,9580317169484,7810196014404,,637.63,637.63,0,0,0,0,0,0,0,0,FBL/BOB/Complaint Raise/4648895613,UPI,DRC_20240402_83.CSV,0,,0,,,,,,U2,COLLECT,9078591197153873640,9339901192496886755,,93694311824554,BOB,BOB,acefad4014a31e4f4debef0e,,RRC,501,7872,UMOB
0532510470,1766747312,01-09-2024 00:00:00,Complaint Raise,SBL,IPB,R9,01-09-2024 00:00:00,0:0:0,891408930465,159332,9077430821236,7298658583726,,71.58,71.58,0,0,0,0,0,0,0,0,SBL/IPB/Complaint Raise/1766747312,TCC,DRC_20240402_83.CSV,0,,0,,,,,,U2,PAY,9096935436314491565,9320294860144916494,,93192909258035,IPB,IPB,ff7dc6777cebea0dc2f16abb,,RRC,109,7957,UMOB
7973559866,2895779830,01-09-2024 00:00:00,Fraud Chargeback Raise,AXB,KMB,R9,01-09-2024 00:00:00,0:0:0,867948458683,159332,9645421647077,7044577180335,,304.84,304.84,0,0,0,0,0,0,0,0,AXB/KMB/Fraud Chargeback Raise/2895779830,TCC,DRC_20240402_83.CSV,0,,0,,,,,,U2,PAY,9071741096633050702,9340674629281425470,,93542740523944,KMB,KMB,03bf2aa6a5eacbbd6d6c717e,,RRC,108,1170,UMOB
5161733313,0599388972,01-09-2024 00:00:00,Credit Adjustment,SBL,YOM,RR,01-09-2024 00:00:00,0:0:0,974656013183,159332,9246929941122,7701942742638,,317.23,317.23,0,0,0,0,0,0,0,0,SBL/YOM/Credit Adjustment/0599388972,Credit Adjustment,DRC_20240402_83.CSV,0,,0,,,,,,U2,COLLECT,9087771808161104079,9381194542626702493,,93423301549439,YOM,YOM,efe0141dfcacea65c60f0d7c,,PR2C,U008,3897,UMOB
0071053560,8722392302,01-09-2024 00:00:00,Differed Re-presentment Raise,FBL,CBI,RB,01-09-2024 00:00:00,0:0:0,497773080280,159332,9416208404710,7019986106186,,526.00,526.00,0,0,0,0,0,0,0,0,FBL/CBI/Differed Re-presentment Raise/8722392302,Credit Adjustment,DRC_20240402_83.CSV,0,,0,,,,,,U2,PAY,9072996228730708294,9330891234626110089,,93216873306588,CBI,CBI,6ec8bdeda3b88af2ccbd04e4,,PR2C,104,9330,UMOB
3471098130,0634082608,01-09-2024 00:00:00,Chargeback Acceptance,SBL,PNB,0,01-09-2024 00:00:00,0:0:0,746983309285,159332,9124229761230,7406334115872,,480.62,480.62,0,0,0,0,0,0,0,0,SBL/PNB/Chargeback Acceptance/0634082608,Credit Adjustment,DRC_20240402_83.CSV,0,,0,,,,,,U2,COLLECT,9055574052740440523,9348205624756141040,,93670399743513,PNB,PNB,7bae5d5b6f9aa7ad9a2fc42b,,RRC,103,4963,UMOB
5416217932,5651630235,01-09-2024 00:00:00,Differed Chargeback Raise,INB,IPB,R9,01-09-2024 00:00:00,0:0:0,031677615423,159332,9638254489977,7607614364089,,7.72,7.72,0,0,0,0,0,0,0,0,INB/IPB/Differed Chargeback Raise/5651630235,DRC,DRC_20240402_83.CSV,0,,0,,,,,,U2,PAY,9084497750392917687,9319156967462997329,,93433878887998,IPB,IPB,77fa7b498e08bfa87ca69b0d,,DRC,109,0044,IDIR
4492390009,6626153849,01-09-2024 00:00:00,Re-presentment Raise,FBL,BOB,RR,01-09-2024 00:00:00,0:0:0,764230021650,159332,9274361209393,7749988781221,,684.57,684.57,0,0,0,0,0,0,0,0,FBL/BOB/Re-presentment Raise/6626153849,UPI,DRC_20240402_83.CSV,0,,0,,,,,,U2,PAY,9098669863373705550,9398898562954151583,,93949371986697,BOB,BOB,53fc7ceae6881bbbf36cb01e,,PBRB,U010,3232,UMOB
0701566638,9379689631,01-09-2024 00:00:00,Refund Reversal Confirmation,SBL,CBI,RR,01-09-2024 00:00:00,0:0:0,368249757513,159332,9317182890711,7034711722936,,696.07,696.07,0,0,0,0,0,0,0,0,SBL/CBI/Refund Reversal Confirmation/9379689631,TCC,DRC_20240402_83.CSV,0,,0,,,,,,U2,COLLECT,9038373510484301761,9317313983331008603,,93160029726375,CBI,CBI,8c7ab7a10e045ed449d21564,,RRC,108,5287,UMOB
8238771009,9085280282,01-09-2024 00:00:00,Debit Reversal Confirmation,SBL,FIB,R9,01-09-2024 00:00:00,0:0:0,649775525740,159332,9600817693196,7453731825441,,60.41,60.41,0,0,0,0,0,0,0,0,SBL/FIB/Debit Reversal Confirmation/9085280282,UPI,DRC_20240402_83.CSV,0,,0,,,,,,U2,PAY,9026085535007768886,9304866555235463676,,93099229252429,FIB,FIB,295ac6299711a341bfd95fe1,,PBRB,102,5232,UMOB
8795805558,5775422748,01-09-2024 00:00:00,Differed Re-presentment Raise,SBL,FBL,RR,01-09-2024 00:00:00,0:0:0,183466032317,159332,9041806105625,7719482328244,,612.48,612.48,0,0,0,0,0,0,0,0,SBL/FBL/Differed Re-presentment Raise/5775422748,TCC,DRC_20240402_83.CSV,0,,0,,,,,,U2,PAY,9051619010119930925,9301270254673681356,,93499829702057,FBL,FBL,e6cbe4cebdd11cf891e51d41,,RRC,104,3191,IDIR
9876786372,4252927610,01-09-2024 00:00:00,Differed Re-presentment Raise,SBL,YJU,R9,01-09-2024 00:00:00,0:0:0,671496878203,159332,9893725030516,7028497828082,,112.92,112.92,0,0,0,0,0,0,0,0,SBL/YJU/Differed Re-presentment Raise/4252927610,RET,DRC_20240402_83.CSV,0,,0,,,,,,U2,PAY,9022478225541549291,9317737378062501410,,93118085048940,YJU,YJU,ead7bf4bc7255d033847ddb6,,RRC,109,9827,IDIR
4080345498,4007623307,01-09-2024 00:00:00,Differed Re-presentment Raise,SBL,KMB,RB,01-09-2024 00:00:00,0:0:0,459845144371,159332,9445117815481,7601417166217,,974.70,974.70,0,0,0,0,0,0,0,0,SBL/KMB/Differed Re-presentment Raise/4007623307,TCC,DRC_20240402_83.CSV,0,,0,,,,,,U2,PAY,9029001911486892175,9350637059320799911,,93421292147608,KMB,KMB,e2dec44b0b0cf6e3b6dc7ea3,,PBRB,108,1756,UMOB
5469011060,7671506035,01-09-2024 00:00:00,Complaint Raise,SBL,CBI,RR,01-09-2024 00:00:00,0:0:0,076343399339,159332,9556969282524,7825075217590,,716.67,716.67,0,0,0,0,0,0,0,0,SBL/CBI/Complaint Raise/7671506035,DRC,DRC_20240402_83.CSV,0,,0,,,,,,U2,PAY,9093253010921094208,9397574472030828770,,93238767557372,CBI,CBI,fba798aa3dec3e0d2905e3ee,,RRC,103,8460,IDIR
5095854471,2610934401,01-09-2024 00:00:00,Differed Chargeback Raise,SBL,GTI,0,01-09-2024 00:00:00,0:0:0,718768106749,159332,9325298067965,7885935709287,,349.39,349.39,0,0,0,0,0,0,0,0,SBL/GTI/Differed Chargeback Raise/2610934401,RET,DRC_20240402_83.CSV,0,,0,,,,,,U2,PAY,9040985937784146134,9324991958278949596,,93630542915593,GTI,GTI,14b7d2a410dfbcdcabaafa7d,,TCC,U010,4961,UMOB
1531436423,2213926325,01-09-2024 00:00:00,Complaint Raise,FBL,SBI,RB,01-09-2024 00:00:00,0:0:0,754223059721,159332,9653469796525,7075978630252,,81.22,81.22,0,0,0,0,0,0,0,0,FBL/SBI/Complaint Raise/2213926325,RET,DRC_20240402_83.CSV,0,,0,,,,,,U2,COLLECT,9045121572781514144,9324023655893615542,,93498468727126,SBI,SBI,eba00b33e4da87585cc0cd62,,PBRB,U010,3433,IDIR
6457272534,4279493476,01-09-2024 00:00:00,Differed Re-presentment Raise,SBL,BOB,RB,01-09-2024 00:00:00,0:0:0,044558250840,159332,9394797280064,7127912597010,,854.66,854.66,0,0,0,0,0,0,0,0,SBL/BOB/Differed Re-presentment Raise/4279493476,RET,DRC_20240402_83.CSV,0,,0,,,,,,U2,PAY,9055143116910189301,9338139750588514296,,93410428836257,BOB,BOB,fc4c0982559fdc348ac7fadd,,PBRB,102,1035,UMOB
7827781931,9559801010,01-09-2024 00:00:00,Online Refund,ARL,KMB,RB,01-09-2024 00:00:00,0:0:0,725559848358,159332,9107571687816,7424156803872,,383.14,383.14,0,0,0,0,0,0,0,0,ARL/KMB/Online Refund/9559801010,Credit Adjustment,DRC_20240402_83.CSV,0,,0,,,,,,U2,PAY,9063434563617789242,9341525098169245068,,93491996083331,KMB,KMB,e0cd1092dbd45b6e1fde641d,,DRC,501,5429,UMOB
7403971631,6385801017,01-09-2024 00:00:00,Complaint Raise,SBL,KTP,RB,01-09-2024 00:00:00,0:0:0,304495275157,159332,9897338844938,7685281716221,,692.10,692.10,0,0,0,0,0,0,0,0,SBL/KTP/Complaint Raise/6385801017,UPI,DRC_20240402_83.CSV,0,,0,,,,,,U2,PAY,9038458533250016765,9328055910913205167,,93296295295746,KTP,KTP,dd7f69db8f0412b143498ce5,,TCC,U008,4474,UMOB
7057969220,6203194334,01-09-2024 00:00:00,Credit Adjustment,SBL,HDF,RR,01-09-2024 00:00:00,0:0:0,832722217118,159332,9617496334812,7541288453421,,232.30,232.30,0,0,0,0,0,0,0,0,SBL/HDF/Credit Adjustment/6203194334,Credit Adjustment,DRC_20240402_83.CSV,0,,0,,,,,,U2,PAY,9041003429859761114,9316766502391260964,,93759047829302,HDF,HDF,c6ce1bbff5acef6adaa43e75,,PR2C,103,7284,UMOB
2278832075,5093853401,01-09-2024 00:00:00,Re-presentment Raise,SBL,YBS,0,01-09-2024 00:00:00,0:0:0,489590652619,159332,9300427370238,7957367904331,,547.99,547.99,0,0,0,0,0,0,0,0,SBL/YBS/Re-presentment Raise/5093853401,Credit Adjustment,DRC_20240402_83.CSV,0,,0,,,,,,U2,COLLECT,9027248444723411138,9323006820320078647,,93449666135223,YBS,YBS,1f68d3cdcf32b7ed4bfcc95a,,RRC,501,1531,UMOB
1410415080,0088929844,01-09-2024 00:00:00,Wrong Credit Chargeback Raise,FBL,KTP,RB,01-09-2024 00:00:00,0:0:0,613623404191,159332,9484512016555,7782452997492,,398.02,398.02,0,0,0,0,0,0,0,0,FBL/KTP/Wrong Credit Chargeback Raise/0088929844,RET,DRC_20240402_83.CSV,0,,0,,,,,,U2,COLLECT,9032090411990548903,9376707784089962326,,93813707075862,KTP,KTP,7c32dbcbb1643bfaecdb0d1e,,RRC,501,3331,UMOB
5047070830,5279351121,01-09-2024 00:00:00,Fraud Chargeback Representment,CNB,PNB,0,01-09-2024 00:00:00,0:0:0,273709568333,159332,9185637311533,7115897817032,,537.18,537.18,0,0,0,0,0,0,0,0,CNB/PNB/Fraud Chargeback Representment/5279351121,UPI,DRC_20240402_83.CSV,0,,0,,,,,,U2,COLLECT,9057252415960610728,9303660156862658687,,93806341700141,PNB,PNB,92236cf9fefdd4dfa9cf91eb,,TCC,108,5637,IDIR
2212866722,2247180865,01-09-2024 00:00:00,Wrong Credit Chargeback Acceptance,SBL,KVB,RR,01-09-2024 00:00:00,0:0:0,200619244490,159332,9709842618237,7705059831326,,492.31,492.31,0,0,0,0,0,0,0,0,SBL/KVB/Wrong Credit Chargeback Acceptance/2247180865,DRC,DRC_20240402_83.CSV,0,,0,,,,,,U2,PAY,9027799592753119786,9362264744025476711,,93761050331083,KVB,KVB,7d05cba2c2acdcefab1a466e,,PR2C,103,1722,UMOB
4292824874,2046171323,01-09-2024 00:00:00,Differed Re-presentment Raise,SBL,CBI,RR,01-09-2024 00:00:00,0:0:0,840628610828,159332,9378800049856,7289249899325,,991.16,991.16,0,0,0,0,0,0,0,0,SBL/CBI/Differed Re-presentment Raise/2046171323,TCC,DRC_20240402_83.CSV,0,,0,,,,,,U2,PAY,9082153092539046524,9324674266144771715,,93140790567367,CBI,CBI,b925b0b9875d6eeba5ffc6e1,,DRC,109,3146,IDIR
1389662372,7248491377,01-09-2024 00:00:00,Complaint Raise,SBL,BOB,R9,01-09-2024 00:00:00,0:0:0,766637542727,159332,9975125623790,7653917280112,,840.59,840.59,0,0,0,0,0,0,0,0,SBL/BOB/Complaint Raise/7248491377,UPI,DRC_20240402_83.CSV,0,,0,,,,,,U2,PAY,9000284361998386515,9303800820505871065,,93136446033794,BOB,BOB,90a7cfd2e1619bec400adad0,,PBRB,102,9911,UMOB
8097710374,2730250267,01-09-2024 00:00:00,Fraud Chargeback Raise,BOB,FIB,RB,01-09-2024 00:00:00,0:0:0,580843990943,159332,9088145377570,7304616244801,,742.65,742.65,0,0,0,0,0,0,0,0,BOB/FIB/Fraud Chargeback Raise/2730250267,DRC,DRC_20240402_83.CSV,0,,0,,,,,,U2,PAY,9048377106897729381,9318712482171148055,,93126577550514,FIB,FIB,2fdfe96b3ad8c80bef8c6b7e,,PBRB,U010,7290,IDIR
4463289779,7647487226,01-09-2024 00:00:00,Fraud Chargeback Raise,SBL,ICI,0,01-09-2024 00:00:00,0:0:0,732855408490,159332,9949605007567,7528964659586,,924.72,924.72,0,0,0,0,0,0,0,0,SBL/ICI/Fraud Chargeback Raise/7647487226,TCC,DRC_20240402_83.CSV,0,,0,,,,,,U2,PAY,9023502576254378038,9356103751385276274,,93622374179762,ICI,ICI,fe5ecdcec2cdaadcc1ab17a2,,PBRB,501,5263,UMOB
4863360267,9242306482,01-09-2024 00:00:00,Wrong Credit Chargeback Raise,SBL,YES,0,01-09-2024 00:00:00,0:0:0,979489717519,159332,9430413591451,7803210100275,,148.71,148.71,0,0,0,0,0,0,0,0,SBL/YES/Wrong Credit Chargeback Raise/9242306482,RET,DRC_20240402_83.CSV,0,,0,,,,,,U2,COLLECT,9079465506679161521,9335467236820300831,,93240291248246,YES,YES,c604d6be830cd665be73ddd6,,TCC,U010,3559,UMOB
0412989670,3249203358,01-09-2024 00:00:00,Refund Reversal Confirmation,SBL,BOI,R9,01-09-2024 00:00:00,0:0:0,634449250523,159332,9493487115408,7255797031821,,82.70,82.70,0,0,0,0,0,0,0,0,SBL/BOI/Refund Reversal Confirmation/3249203358,RET,DRC_20240402_83.CSV,0,,0,,,,,,U2,PAY,9009735527690189949,9302936134525348234,,93375913423116,BOI,BOI,9c90db3f2aa2a42d6a18e5f5,,RRC,103,2378,UMOB
5433607097,2401703923,01-09-2024 00:00:00,RET,PNB,YES,R9,01-09-2024 00:00:00,0:0:0,259247255799,159332,9412359852166,7289442710356,,844.50,844.50,0,0,0,0,0,0,0,0,PNB/YES/RET/2401703923,TCC,DRC_20240402_83.CSV,0,,0,,,,,,U2,PAY,9095932337580771511,9348983785352348871,,93290059669078,YES,YES,dc193cce35ad3a9be2dd8769,,TCC,104,3314,UMOB
6804298532,6157050526,01-09-2024 00:00:00,Wrong Credit Chargeback Raise,SBL,KVB,R9,01-09-2024 00:00:00,0:0:0,423970733060,159332,9242464613381,7982639689674,,292.88,292.88,0,0,0,0,0,0,0,0,SBL/KVB/Wrong Credit Chargeback Raise/6157050526,RET,DRC_20240402_83.CSV,0,,0,,,,,,U2,PAY,9095603102161886014,9397113957257680842,,93636315260777,KVB,KVB,fca44c7acc1603c97edb5e3e,,DRC,103,0243,UMOB
8286135807,2983986101,01-09-2024 00:00:00,Credit Adjustment,SBL,IPB,R9,01-09-2024 00:00:00,0:0:0,477845333207,159332,9500941644265,7324811833696,,998.42,998.42,0,0,0,0,0,0,0,0,SBL/IPB/Credit Adjustment/2983986101,TCC,DRC_20240402_83.CSV,0,,0,,,,,,U2,PAY,9077374528038160744,9359165645306668319,,93415895436070,IPB,IPB,4eed3f3be8a6d02ee6295bcf,,PBRB,U008,1796,UMOB
5994202574,0482547237,01-09-2024 00:00:00,Differed Re-presentment Raise,SBL,CBI,0,01-09-2024 00:00:00,0:0:0,616407431978,159332,9591213607655,7783939693211,,281.40,281.40,0,0,0,0,0,0,0,0,SBL/CBI/Differed Re-presentment Raise/0482547237,DRC,DRC_20240402_83.CSV,0,,0,,,,,,U2,COLLECT,9040342718105390743,9339019699379375041,,93856736945609,CBI,CBI,f6ac452d2d55a3fd8bcdc751,,RRC,501,1591,IDIR
7398320262,5049168193,01-09-2024 00:00:00,Fraud Chargeback Representment,SBL,APP,0,01-09-2024 00:00:00,0:0:0,797146862132,159332,9828575791845,7232046071067,,976.73,976.73,0,0,0,0,0,0,0,0,SBL/APP/Fraud Chargeback Representment/5049168193,RET,DRC_20240402_83.CSV,0,,0,,,,,,U2,COLLECT,9080595778885444003,9398713139096815396,,93156515488220,APP,APP,3b14944ed98eb79a4da97c63,,TCC,102,2006,IDIR
2896400487,9801945463,01-09-2024 00:00:00,Differed Re-presentment Raise,SBL,BOM,0,01-09-2024 00:00:00,0:0:0,312127858964,159332,9531109049043,7816462420068,,284.95,284.95,0,0,0,0,0,0,0,0,SBL/BOM/Differed Re-presentment Raise/9801945463,UPI,DRC_20240402_83.CSV,0,,0,,,,,,U2,COLLECT,9073969808332764958,9338939976866792699,,93304815672475,BOM,BOM,aa99126cddff7ada8a214a67,,PR2C,108,7601,IDIR
7798456321,7030591304,01-09-2024 00:00:00,Wrong credit Representment,SBL,YOM,0,01-09-2024 00:00:00,0:0:0,824062039925,159332,9993631384956,7266802869723,,491.69,491.69,0,0,0,0,0,0,0,0,SBL/YOM/Wrong credit Representment/7030591304,Credit Adjustment,DRC_20240402_83.CSV,0,,0,,,,,,U2,PAY,9010042636477515113,9354891969317111784,,93023680225397,YOM,YOM,f36c2c63746bc0ebfef50acc,,PBRB,U008,1473,UMOB
8792786488,8907456378,01-09-2024 00:00:00,TCC,SBL,IIB,RB,01-09-2024 00:00:00,0:0:0,902537858040,159332,9860039830181,7843651038635,,386.88,386.88,0,0,0,0,0,0,0,0,SBL/IIB/TCC/8907456378,Credit Adjustment,DRC_20240402_83.CSV,0,,0,,,,,,U2,PAY,9031071792772007469,9304121954563243693,,93251248155238,IIB,IIB,cdad1cc00effc934d79b1a9a,,PR2C,501,2592,IDIR
0237312904,1096996150,01-09-2024 00:00:00,Chargeback Acceptance,SBL,BOI,0,01-09-2024 00:00:00,0:0:0,532144745886,159332,9966044153102,7361275070387,,807.14,807.14,0,0,0,0,0,0,0,0,SBL/BOI/Chargeback Acceptance/1096996150,RET,DRC_20240402_83.CSV,0,,0,,,,,,U2,COLLECT,9080673961265935825,9317709325383503994,,93644860139292,BOI,BOI,afb0c80ee2d7f93d46a4e48d,,DRC,104,4191,IDIR
7176378961,8062964392,01-09-2024 00:00:00,Re-presentment Raise,SBL,INB,R9,01-09-2024 00:00:00,0:0:0,482776755601,159332,9228488727709,7423097138545,,931.27,931.27,0,0,0,0,0,0,0,0,SBL/INB/Re-presentment Raise/8062964392,TCC,DRC_20240402_83.CSV,0,,0,,,,,,U2,PAY,9063028478743396452,9327858918777174034,,93719902952362,INB,INB,fe41ae65df3e0d890b1a7c55,,PBRB,109,3545,UMOB
3859868117,0538151703,01-09-2024 00:00:00,Refund Reversal Confirmation,INB,SIB,RB,01-09-2024 00:00:00,0:0:0,857495622320,159332,9459470902591,7860852531465,,34.60,34.60,0,0,0,0,0,0,0,0,INB/SIB/Refund Reversal Confirmation/0538151703,RET,DRC_20240402_83.CSV,0,,0,,,,,,U2,PAY,9024872250091082371,9366281117965378574,,93404921482158,SIB,SIB,869ac8ab1dc5b29adce55ee9,,DRC,103,9244,UMOB
1138874546,8067407312,01-09-2024 00:00:00,Complaint Raise,SBL,ARL,0,01-09-2024 00:00:00,0:0:0,744218438718,159332,9328309132761,7554584967237,,481.05,481.05,0,0,0,0,0,0,0,0,SBL/ARL/Complaint Raise/8067407312,TCC,DRC_20240402_83.CSV,0,,0,,,,,,U2,PAY,9061334371445995602,9373931973118571414,,93910875441165,ARL,ARL,a12bdfeb559f9e0df9a28268,,PBRB,108,2130,UMOB
9492093256,8799791328,01-09-2024 00:00:00,Wrong Credit Chargeback Acceptance,SBL,KTP,RB,01-09-2024 00:00:00,0:0:0,289083436018,159332,9243625898528,7048182662360,,94.34,94.34,0,0,0,0,0,0,0,0,SBL/KTP/Wrong Credit Chargeback Acceptance/8799791328,UPI,DRC_20240402_83.CSV,0,,0,,,,,,U2,PAY,9001539526165896581,9303985338788020200,,93520183963804,KTP,KTP,05fcfd5e2cfb5ccee9a0ea63,,RRC,U008,0684,IDIR
7307816578,7148633192,01-09-2024 00:00:00,Debit Reversal Confirmation,SBL,BOM,R9,01-09-2024 00:00:00,0:0:0,478547983205,159332,9824453293718,7402513983537,,662.44,662.44,0,0,0,0,0,0,0,0,SBL/BOM/Debit Reversal Confirmation/7148633192,DRC,DRC_20240402_83.CSV,0,,0,,,,,,U2,PAY,9074151625963943058,9329588507800811776,,93763603014924,BOM,BOM,54bfd7cf6e04ebfbe1f9faf5,,DRC,102,8493,IDIR
4134928170,7997911134,01-09-2024 00:00:00,Online Refund,SBL,YES,RR,01-09-2024 00:00:00,0:0:0,509373632604,159332,9270356395440,7383013460438,,89.96,89.96,0,0,0,0,0,0,0,0,SBL/YES/Online Refund/7997911134,UPI,DRC_20240402_83.CSV,0,,0,,,,,,U2,COLLECT,9069979076794437830,9399311057043168240,,93948953710146,YES,YES,560bae6c6fdf7ec530b7c57a,,RRC,102,3513,UMOB
8210532786,7311102765,01-09-2024 00:00:00,Differed Re-presentment Raise,SBL,KMB,RR,01-09-2024 00:00:00,0:0:0,535004974705,159332,9004433655535,7042517850731,,931.33,931.33,0,0,0,0,0,0,0,0,SBL/KMB/Differed Re-presentment Raise/7311102765,DRC,DRC_20240402_83.CSV,0,,0,,,,,,U2,PAY,9025274054308634718,9380055008736154059,,93397132118242,KMB,KMB,6312f1d6bf3e83dbdafbf5d9,,TCC,U008,5394,UMOB
1713295622,8823915870,01-09-2024 00:00:00,Response to Complaint,YES,KMB,0,01-09-2024 00:00:00,0:0:0,983330747883,159332,9036497221152,7608427700603,,497.78,497.78,0,0,0,0,0,0,0,0,YES/KMB/Response to Complaint/8823915870,UPI,DRC_20240402_83.CSV,0,,0,,,,,,U2,PAY,9080061984210879949,9378428191205740943,,93964908151191,KMB,KMB,f1fa4cf56b5a5c568ed3cef0,,DRC,104,6289,IDIR
4040046146,5204670304,01-09-2024 00:00:00,Wrong Credit Chargeback Raise,APP,YJU,0,01-09-2024 00:00:00,0:0:0,914306019021,159332,9450874675697,7288860592773,,365.16,365.16,0,0,0,0,0,0,0,0,APP/YJU/Wrong Credit Chargeback Raise/5204670304,RET,DRC_20240402_83.CSV,0,,0,,,,,,U2,PAY,9023027815807432898,9352552652399409082,,93206125755326,YJU,YJU,e9eeb1fdffb30aa3ff2fc51b,,PR2C,104,3908,IDIR
4627503655,7698421352,01-09-2024 00:00:00,Debit Reversal Confirmation,GTI,BOI,RR,01-09-2024 00:00:00,0:0:0,111095021432,159332,9559910761037,7672138931126,,608.25,608.25,0,0,0,0,0,0,0,0,GTI/BOI/Debit Reversal Confirmation/7698421352,TCC,DRC_20240402_83.CSV,0,,0,,,,,,U2,PAY,9000677348588058520,9363463637787225611,,93371549012860,BOI,BOI,cbebedf2ecdcccfadaf5836a,,DRC,U010,1732,UMOB
0053614187,0572537677,01-09-2024 00:00:00,Complaint Raise,SBL,BOM,RR,01-09-2024 00:00:00,0:0:0,963940861331,159332,9099713180526,7056437035908,,277.46,277.46,0,0,0,0,0,0,0,0,SBL/BOM/Complaint Raise/0572537677,RET,DRC_20240402_83.CSV,0,,0,,,,,,U2,PAY,9047112135134278590,9382721498416027986,,93298360549244,BOM,BOM,8e8bcf3ff5cfe4caf7aaced3,,PR2C,501,7834,UMOB
9986802415,8057483056,01-09-2024 00:00:00,Online Refund,PNB,GTI,0,01-09-2024 00:00:00,0:0:0,538563066577,159332,9271258359237,7049503563781,,631.00,631.00,0,0,0,0,0,0,0,0,PNB/GTI/Online Refund/8057483056,RET,DRC_20240402_83.CSV,0,,0,,,,,,U2,COLLECT,9045094687040486504,9378167942251324024,,93850988653860,GTI,GTI,c66cb7860ebf6a8860cc7ce7,,DRC,103,9955,IDIR
7682277922,6757998680,01-09-2024 00:00:00,Chargeback Acceptance,SBL,GTI,R9,01-09-2024 00:00:00,0:0:0,661148482502,159332,9222720160524,7053674419549,,604.19,604.19,0,0,0,0,0,0,0,0,SBL/GTI/Chargeback Acceptance/6757998680,DRC,DRC_20240402_83.CSV,0,,0,,,,,,U2,PAY,9055028481848773736,9324923721951596962,,93525927327258,GTI,GTI,a0ac0bbb2ee9d0fd6ddbbdae,,DRC,103,8065,IDIR
4165869247,3776664423,01-09-2024 00:00:00,Credit Adjustment,SBL,IIB,0,01-09-2024 00:00:00,0:0:0,081070463731,159332,9760072055210,7332109195407,,922.71,922.71,0,0,0,0,0,0,0,0,SBL/IIB/Credit Adjustment/3776664423,RET,DRC_20240402_83.CSV,0,,0,,,,,,U2,PAY,9061091813810589806,9331362591556028150,,93928048926257,IIB,IIB,8ebeb7c8a18fa39cada43eee,,PR2C,109,4335,UMOB
1711365416,9606599117,01-09-2024 00:00:00,Chargeback Acceptance,SBL,BOM,RR,01-09-2024 00:00:00,0:0:0,668846144691,159332,9273128251727,7650989551294,,635.55,635.55,0,0,0,0,0,0,0,0,SBL/BOM/Chargeback Acceptance/9606599117,RET,DRC_20240402_83.CSV,0,,0,,,,,,U2,COLLECT,9028332754148886807,9346446532027641357,,93672255013259,BOM,BOM,214edb6f804fe36ae7ee625a,,PBRB,108,0201,UMOB
5593457363,3753407500,01-09-2024 00:00:00,Chargeback Acceptance,AXB,CBI,R9,01-09-2024 00:00:00,0:0:0,641450112113,159332,9485554371493,7475605899772,,598.85,598.85,0,0,0,0,0,0,0,0,AXB/CBI/Chargeback Acceptance/3753407500,Credit Adjustment,DRC_20240402_83.CSV,0,,0,,,,,,U2,COLLECT,9017015305819071494,9325224655415485941,,93165125503187,CBI,CBI,aceaacf8fc7f1b68ff0b7351,,PR2C,104,5850,UMOB
5046618620,2750827262,01-09-2024 00:00:00,Differed Re-presentment Raise,APP,YBS,RB,01-09-2024 00:00:00,0:0:0,181694092627,159332,9783657906990,7544565040106,,702.39,702.39,0,0,0,0,0,0,0,0,APP/YBS/Differed Re-presentment Raise/2750827262,TCC,DRC_20240402_83.CSV,0,,0,,,,,,U2,PAY,9031114575395297096,9394278750873340967,,93121851917194,YBS,YBS,6aae93fcfb83b863ef9e7764,,RRC,108,8870,UMOB
5889390557,9907346667,01-09-2024 00:00:00,Re-presentment Raise,SBL,FBL,0,01-09-2024 00:00:00,0:0:0,039605742662,159332,9496298104502,7879216212431,,52.06,52.06,0,0,0,0,0,0,0,0,SBL/FBL/Re-presentment Raise/9907346667,RET,DRC_20240402_83.CSV,0,,0,,,,,,U2,PAY,9052302923499900416,9391458336810484294,,93793020798727,FBL,FBL,bc1ca7da86a05a8b474d6fed,,RRC,501,9241,UMOB
4248816834,7188049708,01-09-2024 00:00:00,Debit Reversal Confirmation,IPB,PNB,R9,01-09-2024 00:00:00,0:0:0,767522187863,159332,9460939266672,7766007517936,,656.85,656.85,0,0,0,0,0,0,0,0,IPB/PNB/Debit Reversal Confirmation/7188049708,Credit Adjustment,DRC_20240402_83.CSV,0,,0,,,,,,U2,PAY,9044013144820095191,9371395427823896802,,93215121358924,PNB,PNB,fbd7d1bedad8c655ea6131ab,,PBRB,U008,8127,IDIR
2297109285,1214245210,01-09-2024 00:00:00,Refund Reversal Confirmation,SBL,MBK,R9,01-09-2024 00:00:00,0:0:0,256479930585,159332,9188463025302,7711943138848,,367.13,367.13,0,0,0,0,0,0,0,0,SBL/MBK/Refund Reversal Confirmation/1214245210,Credit Adjustment,DRC_20240402_83.CSV,0,,0,,,,,,U2,COLLECT,9037605543067925135,9369993559851924500,,93748879866772,MBK,MBK,f7ca62beec86fbf2b754b1e0,,DRC,104,2945,UMOB
2660184750,5507416035,01-09-2024 00:00:00,TCC,FBL,KVB,0,01-09-2024 00:00:00,0:0:0,999484293348,159332,9262113245835,7142964901112,,623.48,623.48,0,0,0,0,0,0,0,0,FBL/KVB/TCC/5507416035,TCC,DRC_20240402_83.CSV,0,,0,,,,,,U2,PAY,9024576230762080974,9364712299182509856,,93105033295114,KVB,KVB,4966faffeeeab34b9a30fade,,RRC,102,0104,IDIR
3393068821,1302858321,01-09-2024 00:00:00,Chargeback Acceptance,SBL,APP,RR,01-09-2024 00:00:00,0:0:0,056027332831,159332,9292514446141,7959307052767,,765.99,765.99,0,0,0,0,0,0,0,0,SBL/APP/Chargeback Acceptance/1302858321,UPI,DRC_20240402_83.CSV,0,,0,,,,,,U2,PAY,9070258833865338121,9334552851455136044,,93677342882458,APP,APP,fead68e1bf44cdffa3be35ac,,RRC,501,7171,UMOB
7254486027,2128976299,01-09-2024 00:00:00,TCC,SBL,IOB,RR,01-09-2024 00:00:00,0:0:0,496051545850,159332,9587283115692,7619987955398,,716.73,716.73,0,0,0,0,0,0,0,0,SBL/IOB/TCC/2128976299,TCC,DRC_20240402_83.CSV,0,,0,,,,,,U2,PAY,9095136099949594811,9396564595742975897,,93665467800897,IOB,IOB,c6bff2e161eafb8be68f6014,,PR2C,501,6280,IDIR
9824729401,3921557372,01-09-2024 00:00:00,Credit Adjustment,SBL,SBI,RR,01-09-2024 00:00:00,0:0:0,147120194257,159332,9630674918315,7836177607148,,79.08,79.08,0,0,0,0,0,0,0,0,SBL/SBI/Credit Adjustment/3921557372,RET,DRC_20240402_83.CSV,0,,0,,,,,,U2,PAY,9021157986235870569,9310508798760110995,,93366418887510,SBI,SBI,af15a1a1f2924eb7a8ba2a21,,TCC,104,1804,IDIR
9675297903,6274018726,01-09-2024 00:00:00,Differed Re-presentment Raise,SBL,BOM,RR,01-09-2024 00:00:00,0:0:0,475367087977,159332,9775896080492,7272248491641,,216.64,216.64,0,0,0,0,0,0,0,0,SBL/BOM/Differed Re-presentment Raise/6274018726,UPI,DRC_20240402_83.CSV,0,,0,,,,,,U2,PAY,9004643704894152932,9370532995674658189,,93137753855102,BOM,BOM,ec7053dcb0f52ac7b377b02f,,TCC,U010,2163,UMOB
3650053611,8513050768,01-09-2024 00:00:00,Response to Complaint,SBL,BDN,RB,01-09-2024 00:00:00,0:0:0,163740175204,159332,9865499365245,7633253153936,,548.73,548.73,0,0,0,0,0,0,0,0,SBL/BDN/Response to Complaint/8513050768,Credit Adjustment,DRC_20240402_83.CSV,0,,0,,,,,,U2,COLLECT,9084792449027260150,9361129425422940638,,93497965333566,BDN,BDN,fcbad17abfe3cf45d17b7bfa,,TCC,U008,3558,IDIR
6159929999,2764548741,01-09-2024 00:00:00,Differed Chargeback Raise,SBL,IDB,R9,01-09-2024 00:00:00,0:0:0,271541158357,159332,9204800899706,7964628161321,,67.92,67.92,0,0,0,0,0,0,0,0,SBL/IDB/Differed Chargeback Raise/2764548741,Credit Adjustment,DRC_20240402_83.CSV,0,,0,,,,,,U2,PAY,9051597493820378010,9318275057572170132,,93648040294386,IDB,IDB,cda2a9eeee05f90b2a1ef77d,,PBRB,501,0225,IDIR
6283931528,1074604287,01-09-2024 00:00:00,TCC,CNB,IPB,RB,01-09-2024 00:00:00,0:0:0,635895194869,159332,9727324447813,7712644182599,,408.37,408.37,0,0,0,0,0,0,0,0,CNB/IPB/TCC/1074604287,TCC,DRC_20240402_83.CSV,0,,0,,,,,,U2,PAY,9039617514430034875,9375341001373672340,,93005590805009,IPB,IPB,3cb5804efedabbfe17bfabcc,,PBRB,104,9825,UMOB
7883361692,0803187973,01-09-2024 00:00:00,Online Refund,SBL,KVB,0,01-09-2024 00:00:00,0:0:0,745915662038,159332,9823417344969,7176084748736,,559.89,559.89,0,0,0,0,0,0,0,0,SBL/KVB/Online Refund/0803187973,Credit Adjustment,DRC_20240402_83.CSV,0,,0,,,,,,U2,COLLECT,9017741644968571970,9363449545934161880,,93017366560167,KVB,KVB,47df5d270aaddec57cb1bbdf,,TCC,108,9393,IDIR
5237778993,6723195225,01-09-2024 00:00:00,Chargeback Acceptance,SBL,IPB,RB,01-09-2024 00:00:00,0:0:0,124442161908,159332,9783998631275,7674645174321,,531.13,531.13,0,0,0,0,0,0,0,0,SBL/IPB/Chargeback Acceptance/6723195225,Credit Adjustment,DRC_20240402_83.CSV,0,,0,,,,,,U2,COLLECT,9014811103714797864,9328607791338595277,,93921521501611,IPB,IPB,5e7a1ad0f0a2bfcd0cb6af4e,,TCC,501,1072,UMOB
9119657058,9861618290,01-09-2024 00:00:00,RET,SBL,HDF,0,01-09-2024 00:00:00,0:0:0,149806603220,159332,9092824713294,7941353966447,,230.43,230.43,0,0,0,0,0,0,0,0,SBL/HDF/RET/9861618290,DRC,DRC_20240402_83.CSV,0,,0,,,,,,U2,PAY,9048184965648571655,9328603533658815597,,93668611929367,HDF,HDF,e16e4ecdccb2afcc3ef653a1,,PR2C,102,9703,UMOB
2947068160,3837403767,01-09-2024 00:00:00,Wrong Credit Chargeback Acceptance,SBL,ICI,0,01-09-2024 00:00:00,0:0:0,494826880822,159332,9955612053189,7241800206242,,540.54,540.54,0,0,0,0,0,0,0,0,SBL/ICI/Wrong Credit Chargeback Acceptance/3837403767,UPI,DRC_20240402_83.CSV,0,,0,,,,,,U2,PAY,9046869855953509933,9360747018135068795,,93039944979071,ICI,ICI,39c0d3afc5e469ae93bbd1b5,,DRC,U008,2321,IDIR
0240602531,2581277216,01-09-2024 00:00:00,Chargeback Acceptance,FBL,APP,0,01-09-2024 00:00:00,0:0:0,756906295143,159332,9034555085385,7393524176029,,758.22,758.22,0,0,0,0,0,0,0,0,FBL/APP/Chargeback Acceptance/2581277216,TCC,DRC_20240402_83.CSV,0,,0,,,,,,U2,PAY,9023953620975311292,9308225921359836891,,93638632686605,APP,APP,ecca9f65aadcc0bc03a5f9fc,,PR2C,U008,1310,UMOB
6186542292,8541077071,01-09-2024 00:00:00,Wrong Credit Chargeback Raise,SBL,IPB,RR,01-09-2024 00:00:00,0:0:0,402239419099,159332,9845287291610,7351265784513,,873.94,873.94,0,0,0,0,0,0,0,0,SBL/IPB/Wrong Credit Chargeback Raise/8541077071,UPI,DRC_20240402_83.CSV,0,,0,,,,,,U2,COLLECT,9080724869871948351,9341723155016015596,,93501058928588,IPB,IPB,4f5f4cdad242c424d70dc0b3,,PBRB,102,8859,UMOB
9585602893,6547892588,01-09-2024 00:00:00,Response to Complaint,SBL,IOB,RR,01-09-2024 00:00:00,0:0:0,792984422733,159332,9298239146307,7228581745421,,496.55,496.55,0,0,0,0,0,0,0,0,SBL/IOB/Response to Complaint/6547892588,UPI,DRC_20240402_83.CSV,0,,0,,,,,,U2,PAY,9061524191220832445,9316925659777542351,,93134406386674,IOB,IOB,72c1ebb24efd3d9b1bbe39aa,,RRC,104,0915,UMOB
3788233288,3633987501,01-09-2024 00:00:00,Complaint Raise,YBS,YES,RR,01-09-2024 00:00:00,0:0:0,052010685251,159332,9027380721936,7118225579748,,927.18,927.18,0,0,0,0,0,0,0,0,YBS/YES/Complaint Raise/3633987501,UPI,DRC_20240402_83.CSV,0,,0,,,,,,U2,PAY,9053656362359315223,9334440862508908569,,93808612177825,YES,YES,842fbcdd05705ccd6743b6ba,,PR2C,109,8463,UMOB
5374338631,8367666013,01-09-2024 00:00:00,Online Refund,SBL,KTP,R9,01-09-2024 00:00:00,0:0:0,360476396036,159332,9898432350195,7734821644878,,0.47,0.47,0,0,0,0,0,0,0,0,SBL/KTP/Online Refund/8367666013,RET,DRC_20240402_83.CSV,0,,0,,,,,,U2,COLLECT,9023200842852955578,9315532109736765178,,93321869388371,KTP,KTP,dcd3e142f85b8a28ca9eb153,,TCC,108,1208,IDIR
4184724391,7380900980,01-09-2024 00:00:00,Chargeback Raise,SBL,IOB,RB,01-09-2024 00:00:00,0:0:0,071181347381,159332,9176461055255,7633345791948,,980.54,980.54,0,0,0,0,0,0,0,0,SBL/IOB/Chargeback Raise/7380900980,DRC,DRC_20240402_83.CSV,0,,0,,,,,,U2,PAY,9040067574844732360,9379560438094825100,,93176226977675,IOB,IOB,ce8caa0fbfcbaba9bc652c71,,TCC,102,1362,UMOB
1221262250,5939970792,01-09-2024 00:00:00,Fraud Chargeback Raise,SBL,YJU,R9,01-09-2024 00:00:00,0:0:0,840955541848,159332,9784235257866,7852467474338,,125.62,125.62,0,0,0,0,0,0,0,0,SBL/YJU/Fraud Chargeback Raise/5939970792,RET,DRC_20240402_83.CSV,0,,0,,,,,,U2,COLLECT,9023403180259460567,9371197461208857611,,93844721040760,YJU,YJU,f78a9cffd13ea0af72a9b26a,,PR2C,102,7667,IDIR
3355856497,9294397096,01-09-2024 00:00:00,Differed Chargeback Raise,SBL,IOB,RB,01-09-2024 00:00:00,0:0:0,053944963067,159332,9688201607386,7659183647589,,840.98,840.98,0,0,0,0,0,0,0,0,SBL/IOB/Differed Chargeback Raise/9294397096,RET,DRC_20240402_83.CSV,0,,0,,,,,,U2,COLLECT,9018242314503315839,9359224311463706357,,93343984401430,IOB,IOB,4f7cea91ae5d5de5bfdeafbd,,RRC,U008,6441,UMOB
7594657875,4683437280,01-09-2024 00:00:00,Credit Adjustment,BOB,APP,RB,01-09-2024 00:00:00,0:0:0,910072355247,159332,9651109445591,7104441149684,,807.00,807.00,0,0,0,0,0,0,0,0,BOB/APP/Credit Adjustment/4683437280,UPI,DRC_20240402_83.CSV,0,,0,,,,,,U2,COLLECT,9017538288896106610,9301931912396970276,,93783053125686,APP,APP,4febc64a78cfc2bbedc1d358,,DRC,501,2274,IDIR
5067390556,9552615358,01-09-2024 00:00:00,Differed Chargeback Raise,SBL,YES,RR,01-09-2024 00:00:00,0:0:0,392353261605,159332,9259333391369,7604023358066,,664.62,664.62,0,0,0,0,0,0,0,0,SBL/YES/Differed Chargeback Raise/9552615358,DRC,DRC_20240402_83.CSV,0,,0,,,,,,U2,PAY,9099295225893159496,9311882475553101385,,93887690681095,YES,YES,6a1e40cf8fc37cc740ffd980,,RRC,103,5831,IDIR
9877465802,7069192924,01-09-2024 00:00:00,Differed Chargeback Raise,SBL,SIB,R9,01-09-2024 00:00:00,0:0:0,917261780203,159332,9958768119718,7192197804737,,408.43,408.43,0,0,0,0,0,0,0,0,SBL/SIB/Differed Chargeback Raise/7069192924,Credit Adjustment,DRC_20240402_83.CSV,0,,0,,,,,,U2,PAY,9044982162680262867,9393461387116541035,,93631231830827,SIB,SIB,bca138afdcc9208d9bc2f9df,,TCC,109,5545,IDIR
0101027804,4635566347,01-09-2024 00:00:00,TCC,AXB,KTP,RB,01-09-2024 00:00:00,0:0:0,786673889338,159332,9193394236257,7558513763006,,989.65,989.65,0,0,0,0,0,0,0,0,AXB/KTP/TCC/4635566347,Credit Adjustment,DRC_20240402_83.CSV,0,,0,,,,,,U2,PAY,9086086738741048740,9317409641433038575,,93703475023605,KTP,KTP,286de7895aff9dda07dfee86,,PR2C,108,9628,IDIR
1122194140,4112773263,01-09-2024 00:00:00,Differed Chargeback Raise,SBL,MBK,RR,01-09-2024 00:00:00,0:0:0,583608236385,159332,9544403913147,7730076107771,,536.29,536.29,0,0,0,0,0,0,0,0,SBL/MBK/Differed Chargeback Raise/4112773263,UPI,DRC_20240402_83.CSV,0,,0,,,,,,U2,COLLECT,9010091537393157477,9363865213056952629,,93230393427522,MBK,MBK,fb7fbacab8ef5c6fad46c1e7,,TCC,501,8478,IDIR
9332167251,0636144906,01-09-2024 00:00:00,Complaint Raise,SBL,SIB,RR,01-09-2024 00:00:00,0:0:0,602802673090,159332,9437235504897,7208789846625,,300.28,300.28,0,0,0,0,0,0,0,0,SBL/SIB/Complaint Raise/0636144906,UPI,DRC_20240402_83.CSV,0,,0,,,,,,U2,COLLECT,9012834959591777649,9309711458948859634,,93056767590861,SIB,SIB,b45fc40baffebbe0da6fdfbc,,DRC,U010,7410,IDIR
4555482839,4641196964,01-09-2024 00:00:00,Complaint Raise,SBL,SBI,RR,01-09-2024 00:00:00,0:0:0,939381170587,159332,9562816500761,7108504801190,,362.20,362.20,0,0,0,0,0,0,0,0,SBL/SBI/Complaint Raise/4641196964,RET,DRC_20240402_83.CSV,0,,0,,,,,,U2,PAY,9012144763307910355,9355259240961693943,,93842362335855,SBI,SBI,acc1ffd7d5e1ffebcc7bfcea,,DRC,102,9506,UMOB
4479526973,6625949911,01-09-2024 00:00:00,Online Refund,SBL,KVB,RR,01-09-2024 00:00:00,0:0:0,436992450471,159332,9709574445370,7102290481725,,684.88,684.88,0,0,0,0,0,0,0,0,SBL/KVB/Online Refund/6625949911,Credit Adjustment,DRC_20240402_83.CSV,0,,0,,,,,,U2,COLLECT,9017475682682328509,9342551228677495829,,93642719347986,KVB,KVB,a09c41b4372ae9df7eef7c11,,DRC,108,2940,IDIR
5149141353,9680472831,01-09-2024 00:00:00,Refund Reversal Confirmation,SBL,SBI,0,01-09-2024 00:00:00,0:0:0,900337063709,159332,9508808968768,7274527783020,,702.34,702.34,0,0,0,0,0,0,0,0,SBL/SBI/Refund Reversal Confirmation/9680472831,UPI,DRC_20240402_83.CSV,0,,0,,,,,,U2,PAY,9057973494844242597,9332124151824315194,,93439278093988,SBI,SBI,42da5fa29b6dae7c3ed521eb,,DRC,108,1486,UMOB
6887654838,8319844892,01-09-2024 00:00:00,Fraud Chargeback Representment,SBL,ICI,RB,01-09-2024 00:00:00,0:0:0,354447861569,159332,9513205649922,7867420776851,,319.98,319.98,0,0,0,0,0,0,0,0,SBL/ICI/Fraud Chargeback Representment/8319844892,DRC,DRC_20240402_83.CSV,0,,0,,,,,,U2,COLLECT,9071769054789785138,9344448930807947365,,93812414703353,ICI,ICI,1b2d8f5d6fbf2e1278cf8af5,,PBRB,U010,5781,UMOB
6163036332,1980342527,01-09-2024 00:00:00,Re-presentment Raise,BOB,UOB,0,01-09-2024 00:00:00,0:0:0,020020516134,159332,9527545873625,7296888749040,,736.49,736.49,0,0,0,0,0,0,0,0,BOB/UOB/Re-presentment Raise/1980342527,Credit Adjustment,DRC_20240402_83.CSV,0,,0,,,,,,U2,COLLECT,9035264888174040500,9350780657124061672,,93763172475055,UOB,UOB,a6ac4fc3b42c2cefaefce1ab,,DRC,U008,9370,IDIR
2599453506,7135741273,01-09-2024 00:00:00,Wrong Credit Chargeback Raise,SBL,INB,R9,01-09-2024 00:00:00,0:0:0,239226336193,159332,9143851545066,7202123371689,,113.10,113.10,0,0,0,0,0,0,0,0,SBL/INB/Wrong Credit Chargeback Raise/7135741273,TCC,DRC_20240402_83.CSV,0,,0,,,,,,U2,PAY,9000196057989841063,9393746066985908910,,93633553281742,INB,INB,01bfcf50a3ff82bde0d9a74a,,DRC,109,9743,IDIR
1513968476,7353367246,01-09-2024 00:00:00,Re-presentment Raise,SBL,PNB,0,01-09-2024 00:00:00,0:0:0,582241563217,159332,9007994298832,7476058898770,,43.76,43.76,0,0,0,0,0,0,0,0,SBL/PNB/Re-presentment Raise/7353367246,UPI,DRC_20240402_83.CSV,0,,0,,,,,,U2,COLLECT,9017990302910417307,9344906042017718764,,93834194736189,PNB,PNB,0cdc8d2701e5c4f9bd7d3b0b,,TCC,U008,8798,IDIR
7818178820,8128809370,01-09-2024 00:00:00,TCC,SBL,YOM,R9,01-09-2024 00:00:00,0:0:0,855199954179,159332,9726452368481,7024577100565,,835.25,835.25,0,0,0,0,0,0,0,0,SBL/YOM/TCC/8128809370,DRC,DRC_20240402_83.CSV,0,,0,,,,,,U2,COLLECT,9042731908314267580,9364691249987582708,,93923401770156,YOM,YOM,3c5eb4cbbe139b5dcc2deeef,,RRC,102,8799,IDIR
3493253397,2091845868,01-09-2024 00:00:00,Complaint Raise,CNB,KMB,R9,01-09-2024 00:00:00,0:0:0,512062565350,159332,9767948518050,7036340529825,,405.29,405.29,0,0,0,0,0,0,0,0,CNB/KMB/Complaint Raise/2091845868,RET,DRC_20240402_83.CSV,0,,0,,,,,,U2,COLLECT,9046227697399470090,9360002214750200417,,93341555498162,KMB,KMB,cdf18cdcded4a1b8cf601e4c,,DRC,U008,4420,UMOB
4578844322,3570809920,01-09-2024 00:00:00,RET,SBL,BDN,RR,01-09-2024 00:00:00,0:0:0,611682986721,159332,9522125694493,7973780324396,,940.75,940.75,0,0,0,0,0,0,0,0,SBL/BDN/RET/3570809920,UPI,DRC_20240402_83.CSV,0,,0,,,,,,U2,COLLECT,9046114508663998347,9364115165055886381,,93142843412227,BDN,BDN,a3f2054fe029c0acdbeba65e,,PBRB,104,6042,IDIR
2051663690,6561216529,01-09-2024 00:00:00,Re-presentment Raise,SBL,CBI,RR,01-09-2024 00:00:00,0:0:0,939383486373,159332,9227152123446,7168433144859,,113.80,113.80,0,0,0,0,0,0,0,0,SBL/CBI/Re-presentment Raise/6561216529,UPI,DRC_20240402_83.CSV,0,,0,,,,,,U2,PAY,9000997440201777523,9396137110877136943,,93272154305505,CBI,CBI,4c6cb0ec5fd81ee91f4fce2a,,RRC,104,1212,IDIR
4597938187,7323232305,01-09-2024 00:00:00,Wrong Credit Chargeback Raise,SBL,IIB,RR,01-09-2024 00:00:00,0:0:0,413508388243,159332,9784639067488,7128155191565,,442.84,442.84,0,0,0,0,0,0,0,0,SBL/IIB/Wrong Credit Chargeback Raise/7323232305,UPI,DRC_20240402_83.CSV,0,,0,,,,,,U2,PAY,9091940120107545277,9334053877736818926,,93811023895942,IIB,IIB,992bb5ece86aef9cb5b2b3ae,,TCC,102,4938,IDIR
3307355213,6546971938,01-09-2024 00:00:00,Wrong Credit Chargeback Acceptance,SBL,HDF,RR,01-09-2024 00:00:00,0:0:0,241856284867,159332,9389060883936,7073407715700,,721.59,721.59,0,0,0,0,0,0,0,0,SBL/HDF/Wrong Credit Chargeback Acceptance/6546971938,Credit Adjustment,DRC_20240402_83.CSV,0,,0,,,,,,U2,COLLECT,9015861804739222031,9350785475176988885,,93346495056102,HDF,HDF,fd12e46ac0d1c6b4a38ecce5,,RRC,108,2284,IDIR
4558237298,6647235159,01-09-2024 00:00:00,Fraud Chargeback Representment,PNB,INB,RR,01-09-2024 00:00:00,0:0:0,002760115899,159332,9186700723937,7983278142518,,759.00,759.00,0,0,0,0,0,0,0,0,PNB/INB/Fraud Chargeback Representment/6647235159,UPI,DRC_20240402_83.CSV,0,,0,,,,,,U2,PAY,9016964104795025047,9311117207980106635,,93258197058173,INB,INB,8f6c9db6d582dc5ce3b8ae2c,,PBRB,104,9986,UMOB
3472094357,0673929312,01-09-2024 00:00:00,Fraud Chargeback Raise,SBL,IDB,RB,01-09-2024 00:00:00,0:0:0,279457898577,159332,9490725410051,7192843241732,,641.96,641.96,0,0,0,0,0,0,0,0,SBL/IDB/Fraud Chargeback Raise/0673929312,TCC,DRC_20240402_83.CSV,0,,0,,,,,,U2,PAY,9027353433060745340,9336713119875170192,,93457448348455,IDB,IDB,faed625a777efe1bbbcebd4b,,TCC,109,0793,UMOB
3924957229,8593068778,01-09-2024 00:00:00,Wrong Credit Chargeback Raise,SBL,GTI,RB,01-09-2024 00:00:00,0:0:0,257293568924,159332,9597097817657,7049594450607,,759.88,759.88,0,0,0,0,0,0,0,0,SBL/GTI/Wrong Credit Chargeback Raise/8593068778,RET,DRC_20240402_83.CSV,0,,0,,,,,,U2,COLLECT,9067333171134169960,9382827203763169629,,93943923714536,GTI,GTI,7b9a4ead9fbacaaf2eecebb4,,TCC,102,6630,IDIR
1298237732,8399797359,01-09-2024 00:00:00,Credit Adjustment,YES,YBS,RB,01-09-2024 00:00:00,0:0:0,707079399171,159332,9405553696308,7563886997855,,475.50,475.50,0,0,0,0,0,0,0,0,YES/YBS/Credit Adjustment/8399797359,UPI,DRC_20240402_83.CSV,0,,0,,,,,,U2,COLLECT,9010104957595859715,9380999352767325404,,93429479227903,YBS,YBS,7abaf32c00396cc447ff13eb,,RRC,501,7144,IDIR
9143844754,6234145831,01-09-2024 00:00:00,Fraud Chargeback Raise,SBL,IPB,RB,01-09-2024 00:00:00,0:0:0,294195624836,159332,9262799406698,7049129381256,,637.11,637.11,0,0,0,0,0,0,0,0,SBL/IPB/Fraud Chargeback Raise/6234145831,TCC,DRC_20240402_83.CSV,0,,0,,,,,,U2,PAY,9082726333333101729,9348954115202586680,,93197999069932,IPB,IPB,b61e0ff5093bd7f0bab7c90a,,DRC,102,5108,IDIR
6425336500,2848969916,01-09-2024 00:00:00,Differed Re-presentment Raise,SBL,KVB,R9,01-09-2024 00:00:00,0:0:0,857370977305,159332,9965671424054,7014604146813,,263.36,263.36,0,0,0,0,0,0,0,0,SBL/KVB/Differed Re-presentment Raise/2848969916,RET,DRC_20240402_83.CSV,0,,0,,,,,,U2,PAY,9015644564091752592,9393003378403290290,,93352488832596,KVB,KVB,929f2bef8eb49ac95d003dee,,PBRB,U010,7783,UMOB
3292766876,8097772143,01-09-2024 00:00:00,Credit Adjustment,SBL,SBI,0,01-09-2024 00:00:00,0:0:0,207695554665,159332,9603041884411,7745708954769,,877.14,877.14,0,0,0,0,0,0,0,0,SBL/SBI/Credit Adjustment/8097772143,RET,DRC_20240402_83.CSV,0,,0,,,,,,U2,COLLECT,9055127400641527685,9306635425691460096,,93987943335343,SBI,SBI,8723cad108ccce9a4efe5c36,,PBRB,102,8654,IDIR
3713897255,5214025961,01-09-2024 00:00:00,Debit Reversal Confirmation,SBL,HDF,R9,01-09-2024 00:00:00,0:0:0,451148544849,159332,9492531576229,7613575014911,,15.41,15.41,0,0,0,0,0,0,0,0,SBL/HDF/Debit Reversal Confirmation/5214025961,TCC,DRC_20240402_83.CSV,0,,0,,,,,,U2,COLLECT,9024961651335751017,9364300315068301518,,93097677747629,HDF,HDF,907fcd8c1e08abcfffb8b969,,DRC,U008,5069,IDIR
0030683701,5513708885,01-09-2024 00:00:00,Wrong Credit Chargeback Acceptance,IIB,YOM,RB,01-09-2024 00:00:00,0:0:0,707576401318,159332,9927690196371,7048688038798,,675.53,675.53,0,0,0,0,0,0,0,0,IIB/YOM/Wrong Credit Chargeback Acceptance/5513708885,DRC,DRC_20240402_83.CSV,0,,0,,,,,,U2,PAY,9007608493983941962,9332857370350201055,,93042994569464,YOM,YOM,dbcffcd0bd28d29e8cad2885,,PBRB,108,6473,UMOB
0850303388,4798905700,01-09-2024 00:00:00,Online Refund,YES,SBI,0,01-09-2024 00:00:00,0:0:0,725367880413,159332,9393513821106,7617936328752,,797.57,797.57,0,0,0,0,0,0,0,0,YES/SBI/Online Refund/4798905700,UPI,DRC_20240402_83.CSV,0,,0,,,,,,U2,PAY,9057586758448384811,9365169112394409865,,93917406714721,SBI,SBI,453d290dbd9e8d6a2ba87b7f,,DRC,U008,4836,UMOB
6098918338,0471546086,01-09-2024 00:00:00,Fraud Chargeback Raise,SBL,BDN,0,01-09-2024 00:00:00,0:0:0,377551224609,159332,9232902555098,7226875531113,,64.96,64.96,0,0,0,0,0,0,0,0,SBL/BDN/Fraud Chargeback Raise/0471546086,UPI,DRC_20240402_83.CSV,0,,0,,,,,,U2,COLLECT,9072714748656295734,9381992301379793953,,93700500791495,BDN,BDN,ba08af687b9b40ca7090733d,,DRC,104,3431,IDIR
3388898867,3374865840,01-09-2024 00:00:00,TCC,SBL,KMB,RB,01-09-2024 00:00:00,0:0:0,201078687137,159332,9422729628615,7455291379539,,4.95,4.95,0,0,0,0,0,0,0,0,SBL/KMB/TCC/3374865840,TCC,DRC_20240402_83.CSV,0,,0,,,,,,U2,PAY,9090366615433043084,9368950794848995617,,93660840319365,KMB,KMB,a6db3b7f44a9c8cc53fc95b6,,DRC,103,2345,IDIR
4359015749,6579278619,01-09-2024 00:00:00,Re-presentment Raise,SBL,ARL,RR,01-09-2024 00:00:00,0:0:0,890362696040,159332,9641629862863,7644409003268,,769.73,769.73,0,0,0,0,0,0,0,0,SBL/ARL/Re-presentment Raise/6579278619,RET,DRC_20240402_83.CSV,0,,0,,,,,,U2,PAY,9037881413497919401,9335100342521492890,,93300515221812,ARL,ARL,fcb42f7dcf2394e3b1c16f28,,DRC,109,5076,UMOB
7814064392,4055582956,01-09-2024 00:00:00,Wrong Credit Chargeback Acceptance,INB,ARL,RR,01-09-2024 00:00:00,0:0:0,206507434743,159332,9870081163084,7622482923492,,472.56,472.56,0,0,0,0,0,0,0,0,INB/ARL/Wrong Credit Chargeback Acceptance/4055582956,RET,DRC_20240402_83.CSV,0,,0,,,,,,U2,PAY,9022215821326949638,9361695379197264575,,93430404804529,ARL,ARL,c1bce2d8e9dd3b643fe11033,,TCC,501,0968,UMOB
7221884174,2161995991,01-09-2024 00:00:00,Refund Reversal Confirmation,SBL,FIB,RR,01-09-2024 00:00:00,0:0:0,958628892540,159332,9134984707866,7681524832217,,880.94,880.94,0,0,0,0,0,0,0,0,SBL/FIB/Refund Reversal Confirmation/2161995991,Credit Adjustment,DRC_20240402_83.CSV,0,,0,,,,,,U2,PAY,9050650581678269190,9366965073806922274,,93607714813080,FIB,FIB,3b57cfd6f9fe5d8caf5b1040,,DRC,U008,4818,IDIR
1097959061,5600189443,01-09-2024 00:00:00,Fraud Chargeback Representment,SBL,IOB,RR,01-09-2024 00:00:00,0:0:0,598172371068,159332,9468995961861,7899754850773,,1.31,1.31,0,0,0,0,0,0,0,0,SBL/IOB/Fraud Chargeback Representment/5600189443,RET,DRC_20240402_83.CSV,0,,0,,,,,,U2,COLLECT,9035865828007722126,9384122908604894042,,93890479973518,IOB,IOB,1afe2c7efd3fea9ec5e492da,,TCC,501,5995,UMOB
8117925721,5129130163,01-09-2024 00:00:00,Re-presentment Raise,SBL,IDB,0,01-09-2024 00:00:00,0:0:0,141654398848,159332,9643858139101,7212057507945,,870.32,870.32,0,0,0,0,0,0,0,0,SBL/IDB/Re-presentment Raise/5129130163,Credit Adjustment,DRC_20240402_83.CSV,0,,0,,,,,,U2,PAY,9040262040830364265,9335138036842726931,,93784948732919,IDB,IDB,66ddbc3f8255e706da90afcf,,TCC,U010,5048,IDIR
5924853851,2725293271,01-09-2024 00:00:00,Fraud Chargeback Raise,SBL,GTI,0,01-09-2024 00:00:00,0:0:0,643755136521,159332,9282522434547,7834654675959,,178.80,178.80,0,0,0,0,0,0,0,0,SBL/GTI/Fraud Chargeback Raise/2725293271,UPI,DRC_20240402_83.CSV,0,,0,,,,,,U2,PAY,9003317079621785092,9316995022018042042,,93929094333969,GTI,GTI,dace8c5eadf7fb0cc7a61a46,,RRC,501,5887,IDIR
8276445034,3883893983,01-09-2024 00:00:00,TCC,UOB,INB,RB,01-09-2024 00:00:00,0:0:0,694620589455,159332,9561973809554,7826466031172,,0.72,0.72,0,0,0,0,0,0,0,0,UOB/INB/TCC/3883893983,RET,DRC_20240402_83.CSV,0,,0,,,,,,U2,COLLECT,9085347947907254575,9394400867326972103,,93848200275016,INB,INB,ac2f3d5a982ccc3e9dbaade2,,PR2C,104,2761,UMOB
2817186410,7978246218,01-09-2024 00:00:00,Re-presentment Raise,SBL,KTP,R9,01-09-2024 00:00:00,0:0:0,577789615449,159332,9677010092311,7073362942139,,4.37,4.37,0,0,0,0,0,0,0,0,SBL/KTP/Re-presentment Raise/7978246218,DRC,DRC_20240402_83.CSV,0,,0,,,,,,U2,PAY,9036194630443088424,9388245985814037031,,93034253286881,KTP,KTP,ffd37eafce231e3ed620dbcb,,RRC,U008,3232,IDIR
1507066627,8847865383,01-09-2024 00:00:00,Fraud Chargeback Raise,GTI,SBI,R9,01-09-2024 00:00:00,0:0:0,468412826178,159332,9977680640918,7709081044133,,822.26,822.26,0,0,0,0,0,0,0,0,GTI/SBI/Fraud Chargeback Raise/8847865383,DRC,DRC_20240402_83.CSV,0,,0,,,,,,U2,PAY,9022303624884742202,9372926306175863561,,93809667160476,SBI,SBI,bbfed01fe03cbfff39afd0ca,,RRC,501,3034,UMOB
4609997790,8754747088,01-09-2024 00:00:00,Online Refund,SBL,ARL,R9,01-09-2024 00:00:00,0:0:0,282508545306,159332,9925752192132,7248160349437,,335.97,335.97,0,0,0,0,0,0,0,0,SBL/ARL/Online Refund/8754747088,TCC,DRC_20240402_83.CSV,0,,0,,,,,,U2,PAY,9030354165224216778,9385230615599186098,,93731470615169,ARL,ARL,f631d0a525a66941c47e3eea,,PBRB,U008,2688,IDIR
4727723944,4212844487,01-09-2024 00:00:00,Wrong Credit Chargeback Acceptance,SBL,ICI,RR,01-09-2024 00:00:00,0:0:0,556060249926,159332,9793684651593,7303613148959,,257.70,257.70,0,0,0,0,0,0,0,0,SBL/ICI/Wrong Credit Chargeback Acceptance/4212844487,UPI,DRC_20240402_83.CSV,0,,0,,,,,,U2,COLLECT,9001425520194577295,9308494471422360064,,93351729758347,ICI,ICI,1a8f58acae963c734e3ba6dc,,PR2C,104,1370,IDIR
1669980852,4675889317,01-09-2024 00:00:00,Re-presentment Raise,SBL,BOM,R9,01-09-2024 00:00:00,0:0:0,412327865786,159332,9843102721954,7337720472234,,787.60,787.60,0,0,0,0,0,0,0,0,SBL/BOM/Re-presentment Raise/4675889317,DRC,DRC_20240402_83.CSV,0,,0,,,,,,U2,PAY,9033704342591746813,9380756215180460059,,93393750858998,BOM,BOM,7ec7c26341e9c5c84f7164de,,RRC,U010,1236,IDIR
2870445499,1270120101,01-09-2024 00:00:00,Fraud Chargeback Representment,HDF,SIB,RR,01-09-2024 00:00:00,0:0:0,001656164039,159332,9156645641391,7311764629556,,884.70,884.70,0,0,0,0,0,0,0,0,HDF/SIB/Fraud Chargeback Representment/1270120101,DRC,DRC_20240402_83.CSV,0,,0,,,,,,U2,COLLECT,9023580307842562620,9336962416525295723,,93607859621047,SIB,SIB,eaaa4f749e6dcafaebaabb00,,PBRB,U008,3216,UMOB
5958329683,0459567082,01-09-2024 00:00:00,Re-presentment Raise,SBL,BDN,RR,01-09-2024 00:00:00,0:0:0,840091032427,159332,9755733872188,7338444533804,,16.41,16.41,0,0,0,0,0,0,0,0,SBL/BDN/Re-presentment Raise/0459567082,RET,DRC_20240402_83.CSV,0,,0,,,,,,U2,PAY,9068330313130936300,9379474084162866599,,93968185965339,BDN,BDN,beffac8b021be8cedeac4def,,RRC,104,0762,IDIR
4564888547,3113589653,01-09-2024 00:00:00,Debit Reversal Confirmation,BOB,HDF,0,01-09-2024 00:00:00,0:0:0,791192514070,159332,9144855108640,7230446630268,,127.03,127.03,0,0,0,0,0,0,0,0,BOB/HDF/Debit Reversal Confirmation/3113589653,Credit Adjustment,DRC_20240402_83.CSV,0,,0,,,,,,U2,PAY,9083165653364203786,9335872412703200132,,93071666808007,HDF,HDF,ce5de6308a62474d1af8d3ae,,PR2C,501,9829,IDIR
9659995968,0606768550,01-09-2024 00:00:00,Re-presentment Raise,SBL,APP,RR,01-09-2024 00:00:00,0:0:0,516194599415,159332,9846122482890,7743386651322,,258.74,258.74,0,0,0,0,0,0,0,0,SBL/APP/Re-presentment Raise/0606768550,UPI,DRC_20240402_83.CSV,0,,0,,,,,,U2,PAY,9019271996115979327,9393751682632040151,,93250203598219,APP,APP,dd3bfaef3c5dc7a9c5baefce,,RRC,103,4722,IDIR
4395805196,7503509843,01-09-2024 00:00:00,Refund Reversal Confirmation,SBL,BOM,RB,01-09-2024 00:00:00,0:0:0,978980551066,159332,9168377521399,7405296219179,,526.03,526.03,0,0,0,0,0,0,0,0,SBL/BOM/Refund Reversal Confirmation/7503509843,TCC,DRC_20240402_83.CSV,0,,0,,,,,,U2,PAY,9093533257383874975,9331997807307505947,,93941789454972,BOM,BOM,c408fd1fc848c1fbc49dd8b8,,TCC,104,9183,IDIR
8938809815,1432707397,01-09-2024 00:00:00,Fraud Chargeback Representment,CNB,CBI,RR,01-09-2024 00:00:00,0:0:0,291902888144,159332,9624455871448,7136142998227,,501.18,501.18,0,0,0,0,0,0,0,0,CNB/CBI/Fraud Chargeback Representment/1432707397,TCC,DRC_20240402_83.CSV,0,,0,,,,,,U2,PAY,9082392682621794322,9331942138656904123,,93501866730288,CBI,CBI,658e0e204e1e66ee4ff3ff8a,,PR2C,108,4189,UMOB
3057069014,9249064869,01-09-2024 00:00:00,Differed Chargeback Raise,SBL,CBI,0,01-09-2024 00:00:00,0:0:0,740590407772,159332,9231907439547,7227572668634,,132.04,132.04,0,0,0,0,0,0,0,0,SBL/CBI/Differed Chargeback Raise/9249064869,Credit Adjustment,DRC_20240402_83.CSV,0,,0,,,,,,U2,PAY,9019910694939852967,9355946916058641710,,93846198997252,CBI,CBI,cb77e0e8a006c8e835ebb3d6,,PBRB,U008,0516,UMOB
0547129138,6807625033,01-09-2024 00:00:00,Re-presentment Raise,SBL,CBI,R9,01-09-2024 00:00:00,0:0:0,754211014588,159332,9970437312507,7754912356572,,129.52,129.52,0,0,0,0,0,0,0,0,SBL/CBI/Re-presentment Raise/6807625033,Credit Adjustment,DRC_20240402_83.CSV,0,,0,,,,,,U2,COLLECT,9042959645428093275,9357192193805223832,,93451043450127,CBI,CBI,2ebc2e093c1e7b6d20edb58a,,DRC,109,7405,IDIR
5608863856,2806757203,01-09-2024 00:00:00,Differed Re-presentment Raise,YJU,IOB,RR,01-09-2024 00:00:00,0:0:0,078191546922,159332,9012136513809,7861401155084,,2.69,2.69,0,0,0,0,0,0,0,0,YJU/IOB/Differed Re-presentment Raise/2806757203,TCC,DRC_20240402_83.CSV,0,,0,,,,,,U2,PAY,9090685102060721374,9313300756665581477,,93690592989195,IOB,IOB,fbb4b5dec77e6aedfc4b2e33,,DRC,108,0923,UMOB
0344717536,6511953141,01-09-2024 00:00:00,TCC,KMB,PNB,R9,01-09-2024 00:00:00,0:0:0,229500581795,159332,9052545719422,7929901154150,,245.15,245.15,0,0,0,0,0,0,0,0,KMB/PNB/TCC/6511953141,UPI,DRC_20240402_83.CSV,0,,0,,,,,,U2,PAY,9005084620585707494,9391307458143299933,,93566783215594,PNB,PNB,69eb1cca11c73da1cca05fba,,TCC,501,1289,IDIR
8596752692,9191423433,01-09-2024 00:00:00,Re-presentment Raise,ARL,IDC,0,01-09-2024 00:00:00,0:0:0,153522298911,159332,9264803922210,7055935216469,,721.93,721.93,0,0,0,0,0,0,0,0,ARL/IDC/Re-presentment Raise/9191423433,UPI,DRC_20240402_83.CSV,0,,0,,,,,,U2,PAY,9004797146585738181,9341612867447264557,,93119550036268,IDC,IDC,bad1bbfcac07eee52dd0364c,,TCC,U008,5444,IDIR
3737337322,0315290637,01-09-2024 00:00:00,Wrong Credit Chargeback Raise,APP,YBS,R9,01-09-2024 00:00:00,0:0:0,283887138730,159332,9339058968377,7172992771327,,752.58,752.58,0,0,0,0,0,0,0,0,APP/YBS/Wrong Credit Chargeback Raise/0315290637,Credit Adjustment,DRC_20240402_83.CSV,0,,0,,,,,,U2,PAY,9096488446675837820,9349312275816210461,,93448381892799,YBS,YBS,d84cefddf5befdfb83d6c732,,TCC,501,2338,UMOB
1115867259,5327244259,01-09-2024 00:00:00,Fraud Chargeback Representment,SBL,KMB,RR,01-09-2024 00:00:00,0:0:0,980141415880,159332,9740312914755,7814426148754,,981.74,981.74,0,0,0,0,0,0,0,0,SBL/KMB/Fraud Chargeback Representment/5327244259,RET,DRC_20240402_83.CSV,0,,0,,,,,,U2,PAY,9089900948993598737,9375574197514351361,,93136773183632,KMB,KMB,c72f5109aa5ac6effb3b33e1,,RRC,U008,7850,IDIR
2814117498,1423139651,01-09-2024 00:00:00,Wrong Credit Chargeback Acceptance,IPB,SBI,0,01-09-2024 00:00:00,0:0:0,003772009918,159332,9824291876358,7449364019019,,211.27,211.27,0,0,0,0,0,0,0,0,IPB/SBI/Wrong Credit Chargeback Acceptance/1423139651,UPI,DRC_20240402_83.CSV,0,,0,,,,,,U2,PAY,9086634310599270202,9321975435185130021,,93008929832682,SBI,SBI,cfddd58491f9ceb63d9a0960,,PR2C,U010,2810,IDIR
9043601499,1262939802,01-09-2024 00:00:00,TCC,SBL,MBK,RB,01-09-2024 00:00:00,0:0:0,148327231392,159332,9377158439708,7364407171340,,952.60,952.60,0,0,0,0,0,0,0,0,SBL/MBK/TCC/1262939802,RET,DRC_20240402_83.CSV,0,,0,,,,,,U2,PAY,9008863265610416106,9338736913141538447,,93848340325515,MBK,MBK,1ce3dd8f9ed2b9c1f4d3eaf1,,PBRB,109,4007,IDIR
9309729548,1583123754,01-09-2024 00:00:00,Online Refund,SBL,IDC,RR,01-09-2024 00:00:00,0:0:0,547397223335,159332,9186852839157,7665251426546,,9.62,9.62,0,0,0,0,0,0,0,0,SBL/IDC/Online Refund/1583123754,UPI,DRC_20240402_83.CSV,0,,0,,,,,,U2,PAY,9090967819335780749,9308081338007397966,,93185841005088,IDC,IDC,e2f03fdc9c35a7783fce22bf,,DRC,103,2114,UMOB
1436441089,2702606943,01-09-2024 00:00:00,Debit Reversal Confirmation,SBL,CBI,R9,01-09-2024 00:00:00,0:0:0,800579206233,159332,9223021191429,7944166863426,,818.58,818.58,0,0,0,0,0,0,0,0,SBL/CBI/Debit Reversal Confirmation/2702606943,UPI,DRC_20240402_83.CSV,0,,0,,,,,,U2,COLLECT,9014078269770545913,9377692033697596858,,93322781760857,CBI,CBI,461d7a56cfab6348ae642f5a,,DRC,U008,2918,IDIR
0160637754,1212512128,01-09-2024 00:00:00,Fraud Chargeback Raise,SBL,YES,RB,01-09-2024 00:00:00,0:0:0,903008271060,159332,9354567794163,7066478368768,,30.35,30.35,0,0,0,0,0,0,0,0,SBL/YES/Fraud Chargeback Raise/1212512128,Credit Adjustment,DRC_20240402_83.CSV,0,,0,,,,,,U2,COLLECT,9088057993333681268,9350263216371335462,,93160723969885,YES,YES,1ae9c6c3b044e4eead9ff1eb,,TCC,102,5544,IDIR
2972187149,8735247160,01-09-2024 00:00:00,Fraud Chargeback Representment,SBL,UOB,R9,01-09-2024 00:00:00,0:0:0,344171641159,159332,9787527349110,7640126963163,,996.91,996.91,0,0,0,0,0,0,0,0,SBL/UOB/Fraud Chargeback Representment/8735247160,RET,DRC_20240402_83.CSV,0,,0,,,,,,U2,PAY,9069892422718983139,9349396656097334809,,93571118461669,UOB,UOB,2fcc93beccfac2e3d76ddebb,,PR2C,104,8884,UMOB
9250594051,5250877055,01-09-2024 00:00:00,Fraud Chargeback Raise,SBL,UCO,RR,01-09-2024 00:00:00,0:0:0,501317456905,159332,9287213801517,7506521235582,,306.14,306.14,0,0,0,0,0,0,0,0,SBL/UCO/Fraud Chargeback Raise/5250877055,RET,DRC_20240402_83.CSV,0,,0,,,,,,U2,PAY,9096060355748917935,9349389682091356514,,93415913449633,UCO,UCO,17aaedba484c2c41813f5187,,PR2C,104,8605,IDIR
5081473732,4621327153,01-09-2024 00:00:00,Online Refund,SBL,SIB,RR,01-09-2024 00:00:00,0:0:0,052898649289,159332,9826850752513,7977084806159,,859.61,859.61,0,0,0,0,0,0,0,0,SBL/SIB/Online Refund/4621327153,UPI,DRC_20240402_83.CSV,0,,0,,,,,,U2,PAY,9036784415312255355,9375428295173930773,,93805192630015,SIB,SIB,11bca08f9dab8fcade81fadc,,RRC,104,5038,UMOB
4629572239,4419610262,01-09-2024 00:00:00,Complaint Raise,CNB,MBK,0,01-09-2024 00:00:00,0:0:0,024114038007,159332,9507608626430,7230375255658,,55.10,55.10,0,0,0,0,0,0,0,0,CNB/MBK/Complaint Raise/4419610262,DRC,DRC_20240402_83.CSV,0,,0,,,,,,U2,COLLECT,9058432710565760840,9335894298942086342,,93416880778360,MBK,MBK,af3a292cef0e9f5fb4aaccee,,PR2C,501,6403,UMOB
4449613028,1401991073,01-09-2024 00:00:00,Complaint Raise,SBL,CBI,R9,01-09-2024 00:00:00,0:0:0,653324909854,159332,9759592218336,7233825892716,,665.25,665.25,0,0,0,0,0,0,0,0,SBL/CBI/Complaint Raise/1401991073,DRC,DRC_20240402_83.CSV,0,,0,,,,,,U2,PAY,9054454312473916591,9366827217069494994,,93971186423535,CBI,CBI,bbffeb037d0ed3c5b8acde7d,,TCC,108,7907,UMOB
7615241428,9890535809,01-09-2024 00:00:00,Response to Complaint,INB,UOB,RB,01-09-2024 00:00:00,0:0:0,205052578498,159332,9023185091939,7562008801840,,150.50,150.50,0,0,0,0,0,0,0,0,INB/UOB/Response to Complaint/9890535809,UPI,DRC_20240402_83.CSV,0,,0,,,,,,U2,PAY,9010255093802624949,9324461298429443798,,93945165893682,UOB,UOB,ea2280d130a57f31eded6ee6,,PR2C,109,6636,IDIR
4440514171,9298345470,01-09-2024 00:00:00,TCC,YBS,PNB,RR,01-09-2024 00:00:00,0:0:0,260389492032,159332,9914192124487,7657827634583,,162.01,162.01,0,0,0,0,0,0,0,0,YBS/PNB/TCC/9298345470,UPI,DRC_20240402_83.CSV,0,,0,,,,,,U2,COLLECT,9047873404715617728,9310414739477032890,,93833951344451,PNB,PNB,dfabf7fb1ada77fd2be1258d,,PR2C,108,3729,UMOB
4058143342,7274161952,01-09-2024 00:00:00,Chargeback Acceptance,BOB,YOM,RR,01-09-2024 00:00:00,0:0:0,807313251087,159332,9679311710552,7668395981006,,355.29,355.29,0,0,0,0,0,0,0,0,BOB/YOM/Chargeback Acceptance/7274161952,UPI,DRC_20240402_83.CSV,0,,0,,,,,,U2,PAY,9081719055942579236,9388196201636420984,,93191966884878,YOM,YOM,1a86b10defc5825e0abcb6e5,,PBRB,108,1221,UMOB
6279890142,6109004731,01-09-2024 00:00:00,RET,SBI,HDF,0,01-09-2024 00:00:00,0:0:0,242896076063,159332,9814247425949,7317637878657,,518.39,518.39,0,0,0,0,0,0,0,0,SBI/HDF/RET/6109004731,RET,DRC_20240402_83.CSV,0,,0,,,,,,U2,PAY,9025064061577380486,9356532474285723370,,93969711527551,HDF,HDF,1ba3eccc3ac0c96ae9bcad0f,,DRC,109,8394,UMOB
2122881035,6192837944,01-09-2024 00:00:00,Debit Reversal Confirmation,SBL,IDC,RR,01-09-2024 00:00:00,0:0:0,276492274038,159332,9738121047096,7186648399144,,146.37,146.37,0,0,0,0,0,0,0,0,SBL/IDC/Debit Reversal Confirmation/6192837944,TCC,DRC_20240402_83.CSV,0,,0,,,,,,U2,COLLECT,9016362815440071233,9366755508277114850,,93851784010917,IDC,IDC,cb152d304af4e49daed4dc90,,DRC,U008,7574,IDIR
1353387265,0685830846,01-09-2024 00:00:00,Response to Complaint,SBL,BOB,0,01-09-2024 00:00:00,0:0:0,406476734221,159332,9417542688189,7604540957193,,80.53,80.53,0,0,0,0,0,0,0,0,SBL/BOB/Response to Complaint/0685830846,TCC,DRC_20240402_83.CSV,0,,0,,,,,,U2,PAY,9001428845677579650,9363662591606881082,,93403564951385,BOB,BOB,ae9b8ff74e8abf6efa2ee451,,DRC,U008,6152,UMOB
3410617241,9178268791,01-09-2024 00:00:00,Chargeback Raise,UOB,APP,RB,01-09-2024 00:00:00,0:0:0,640039815891,159332,9974656885156,7617655097284,,101.42,101.42,0,0,0,0,0,0,0,0,UOB/APP/Chargeback Raise/9178268791,Credit Adjustment,DRC_20240402_83.CSV,0,,0,,,,,,U2,COLLECT,9027045900394979134,9322633631568800594,,93803140285973,APP,APP,91f40ccbb2fbb1fc93df57de,,TCC,U008,4514,IDIR
1936681447,0082158670,01-09-2024 00:00:00,RET,GTI,KVB,R9,01-09-2024 00:00:00,0:0:0,661696761188,159332,9711410496831,7778383736998,,920.76,920.76,0,0,0,0,0,0,0,0,GTI/KVB/RET/0082158670,RET,DRC_20240402_83.CSV,0,,0,,,,,,U2,COLLECT,9085462249181745198,9326385238364278205,,93591801862465,KVB,KVB,62ce6faecc0c460bc93bdaba,,PBRB,102,1824,IDIR
0999152703,3282907309,01-09-2024 00:00:00,Re-presentment Raise,SBL,IPB,RB,01-09-2024 00:00:00,0:0:0,852489532522,159332,9770183577466,7728804928582,,368.08,368.08,0,0,0,0,0,0,0,0,SBL/IPB/Re-presentment Raise/3282907309,DRC,DRC_20240402_83.CSV,0,,0,,,,,,U2,PAY,9076521288727642991,9304023734522881971,,93369946439384,IPB,IPB,a5fcf1ebf07b4ee8b25274a4,,PR2C,103,3967,UMOB
4508314398,5803810846,01-09-2024 00:00:00,Wrong Credit Chargeback Acceptance,ARL,IIB,RB,01-09-2024 00:00:00,0:0:0,154397744696,159332,9116596654748,7926815485079,,557.26,557.26,0,0,0,0,0,0,0,0,ARL/IIB/Wrong Credit Chargeback Acceptance/5803810846,TCC,DRC_20240402_83.CSV,0,,0,,,,,,U2,PAY,9046666139222870989,9369397089606233590,,93619348526445,IIB,IIB,fa41dbeea2eb6d2d3aaaddcb,,TCC,U008,3491,IDIR
4106943540,4507725070,01-09-2024 00:00:00,Wrong credit Representment,HDF,IOB,RB,01-09-2024 00:00:00,0:0:0,232417801141,159332,9433837942373,7121928670186,,655.17,655.17,0,0,0,0,0,0,0,0,HDF/IOB/Wrong credit Representment/4507725070,UPI,DRC_20240402_83.CSV,0,,0,,,,,,U2,PAY,9010352290211942128,9326420455608349982,,93984765820870,IOB,IOB,bac56f4dfe9af885dd4f83ef,,TCC,102,0677,IDIR
2488250553,1460913052,01-09-2024 00:00:00,Response to Complaint,SBL,UCO,RR,01-09-2024 00:00:00,0:0:0,167826762004,159332,9169672876271,7219559769945,,92.98,92.98,0,0,0,0,0,0,0,0,SBL/UCO/Response to Complaint/1460913052,UPI,DRC_20240402_83.CSV,0,,0,,,,,,U2,PAY,9073253999042567198,9354108108877739452,,93414023365937,UCO,UCO,efe9b1a9a44ba00efca5962a,,RRC,104,9831,IDIR
2579311930,2676826929,01-09-2024 00:00:00,Credit Adjustment,SBL,HDF,R9,01-09-2024 00:00:00,0:0:0,343255686573,159332,9545067219190,7332071382918,,407.15,407.15,0,0,0,0,0,0,0,0,SBL/HDF/Credit Adjustment/2676826929,DRC,DRC_20240402_83.CSV,0,,0,,,,,,U2,COLLECT,9095977083928814969,9330276428226588402,,93877032070582,HDF,HDF,c2fcbfff20257bfedfaca59d,,DRC,104,2837,IDIR
4758143143,0982796831,01-09-2024 00:00:00,Debit Reversal Confirmation,UOB,AXB,RB,01-09-2024 00:00:00,0:0:0,730227572979,159332,9668662139428,7332184368418,,336.05,336.05,0,0,0,0,0,0,0,0,UOB/AXB/Debit Reversal Confirmation/0982796831,RET,DRC_20240402_83.CSV,0,,0,,,,,,U2,PAY,9016230513019965633,9372189539048099941,,93044449520846,AXB,AXB,3c330371ed6cefe442e11763,,RRC,102,1867,IDIR
3860417022,5059676705,01-09-2024 00:00:00,Re-presentment Raise,SBL,IDB,RR,01-09-2024 00:00:00,0:0:0,750343338545,159332,9270719635131,7274801743425,,336.24,336.24,0,0,0,0,0,0,0,0,SBL/IDB/Re-presentment Raise/5059676705,Credit Adjustment,DRC_20240402_83.CSV,0,,0,,,,,,U2,COLLECT,9067747272917291624,9397893216976359024,,93370009805414,IDB,IDB,d6d1bfd5ecec3aab71bb23f8,,DRC,U010,7317,IDIR
6173071678,8357696922,01-09-2024 00:00:00,Differed Re-presentment Raise,SBL,BDN,RB,01-09-2024 00:00:00,0:0:0,382519385354,159332,9154470090749,7755475905410,,455.41,455.41,0,0,0,0,0,0,0,0,SBL/BDN/Differed Re-presentment Raise/8357696922,TCC,DRC_20240402_83.CSV,0,,0,,,,,,U2,PAY,9041763148463900295,9387440908912024340,,93870902358297,BDN,BDN,ddd1c882d8d6e60d31ff63cb,,DRC,U010,3685,IDIR
8481614264,2988999211,01-09-2024 00:00:00,Debit Reversal Confirmation,SBL,PNB,RR,01-09-2024 00:00:00,0:0:0,442576931912,159332,9479045320139,7805115292564,,624.51,624.51,0,0,0,0,0,0,0,0,SBL/PNB/Debit Reversal Confirmation/2988999211,Credit Adjustment,DRC_20240402_83.CSV,0,,0,,,,,,U2,PAY,9081345528000661471,9379824266304038592,,93822883890006,PNB,PNB,b5bbb7b7bff52edbd6ae63cb,,PBRB,104,6714,IDIR
3583723214,4801318119,01-09-2024 00:00:00,Re-presentment Raise,BOB,INB,R9,01-09-2024 00:00:00,0:0:0,303065074512,159332,9605865479037,7577859447175,,140.66,140.66,0,0,0,0,0,0,0,0,BOB/INB/Re-presentment Raise/4801318119,UPI,DRC_20240402_83.CSV,0,,0,,,,,,U2,PAY,9040223471742310488,9393330729040266335,,93923567555165,INB,INB,42b6f722e3d0d5a09accc92c,,RRC,104,1842,UMOB
4585922615,9197616604,01-09-2024 00:00:00,Wrong Credit Chargeback Raise,IIB,ICI,RB,01-09-2024 00:00:00,0:0:0,966937868098,159332,9681442602976,7296635216718,,38.48,38.48,0,0,0,0,0,0,0,0,IIB/ICI/Wrong Credit Chargeback Raise/9197616604,UPI,DRC_20240402_83.CSV,0,,0,,,,,,U2,PAY,9025850546336630417,9337656288318310282,,93306258880122,ICI,ICI,ce5b5627214c9bc765c1eb47,,PBRB,103,9720,UMOB
1349429183,9221252488,01-09-2024 00:00:00,Chargeback Raise,SBL,FBL,R9,01-09-2024 00:00:00,0:0:0,483628330314,159332,9936737217795,7513588443970,,614.64,614.64,0,0,0,0,0,0,0,0,SBL/FBL/Chargeback Raise/9221252488,RET,DRC_20240402_83.CSV,0,,0,,,,,,U2,PAY,9052515996519363481,9302531792649096237,,93385104128547,FBL,FBL,e8be03d1a0985a7b5c8780d2,,PR2C,U008,0776,UMOB
9067766764,9783630455,01-09-2024 00:00:00,Fraud Chargeback Raise,YES,YBS,RR,01-09-2024 00:00:00,0:0:0,207975792702,159332,9962501448970,7217906238375,,952.83,952.83,0,0,0,0,0,0,0,0,YES/YBS/Fraud Chargeback Raise/9783630455,RET,DRC_20240402_83.CSV,0,,0,,,,,,U2,PAY,9046179852525832604,9345265831737338424,,93120638983969,YBS,YBS,d64d6e8eacea14caf92a1ee7,,PBRB,U008,2811,IDIR
5084987899,8494440582,01-09-2024 00:00:00,Wrong Credit Chargeback Raise,HDF,IPB,RB,01-09-2024 00:00:00,0:0:0,357066976593,159332,9011216194689,7752830277837,,726.08,726.08,0,0,0,0,0,0,0,0,HDF/IPB/Wrong Credit Chargeback Raise/8494440582,UPI,DRC_20240402_83.CSV,0,,0,,,,,,U2,PAY,9001570803344292656,9377240682118220499,,93182941805197,IPB,IPB,1fb4a6fecb6af9cdefa1de5a,,PBRB,108,8870,IDIR
1109393773,5346673925,01-09-2024 00:00:00,Response to Complaint,SBL,PNB,RB,01-09-2024 00:00:00,0:0:0,381808586491,159332,9666649041725,7329146769943,,702.25,702.25,0,0,0,0,0,0,0,0,SBL/PNB/Response to Complaint/5346673925,TCC,DRC_20240402_83.CSV,0,,0,,,,,,U2,COLLECT,9031672980809330891,9331146905259891633,,93072813545320,PNB,PNB,c4fea2a4a8ae8ee84ac2aadd,,RRC,103,5563,UMOB
9557392245,7198006812,01-09-2024 00:00:00,Wrong Credit Chargeback Raise,SBL,KVB,0,01-09-2024 00:00:00,0:0:0,406952371382,159332,9995700993619,7585483550302,,109.38,109.38,0,0,0,0,0,0,0,0,SBL/KVB/Wrong Credit Chargeback Raise/7198006812,TCC,DRC_20240402_83.CSV,0,,0,,,,,,U2,COLLECT,9081163818397220119,9357036988419371755,,93213217141283,KVB,KVB,afdcbf0f057deddd0714f8fe,,RRC,U010,6396,IDIR
7552408119,3246710011,01-09-2024 00:00:00,Differed Re-presentment Raise,SBL,IOB,RR,01-09-2024 00:00:00,0:0:0,464581980280,159332,9707966681615,7242062624654,,781.16,781.16,0,0,0,0,0,0,0,0,SBL/IOB/Differed Re-presentment Raise/3246710011,TCC,DRC_20240402_83.CSV,0,,0,,,,,,U2,COLLECT,9093257908047459318,9350744416463654406,,93966985451509,IOB,IOB,aff7899cec87844f7d05fd9d,,PR2C,104,9430,UMOB
7175413123,4893908900,01-09-2024 00:00:00,Chargeback Raise,SBL,FBL,RB,01-09-2024 00:00:00,0:0:0,990667126791,159332,9695606783102,7370676943236,,670.70,670.70,0,0,0,0,0,0,0,0,SBL/FBL/Chargeback Raise/4893908900,DRC,DRC_20240402_83.CSV,0,,0,,,,,,U2,PAY,9095797759862376801,9352012420496472852,,93315294140921,FBL,FBL,2b9dd6bfb674e93f4ef4c6bb,,TCC,102,8194,UMOB
1707697810,0552240722,01-09-2024 00:00:00,Response to Complaint,PNB,MBK,RR,01-09-2024 00:00:00,0:0:0,253360945921,159332,9772196925839,7241657464723,,768.05,768.05,0,0,0,0,0,0,0,0,PNB/MBK/Response to Complaint/0552240722,RET,DRC_20240402_83.CSV,0,,0,,,,,,U2,PAY,9072290507463268116,9315816589072203070,,93548323031328,MBK,MBK,f5ea91a9edbaecab1bec24cb,,TCC,104,5575,UMOB
6724743926,7779415243,01-09-2024 00:00:00,Complaint Raise,SBL,BOM,RR,01-09-2024 00:00:00,0:0:0,740420331569,159332,9563213016095,7983668513500,,280.37,280.37,0,0,0,0,0,0,0,0,SBL/BOM/Complaint Raise/7779415243,TCC,DRC_20240402_83.CSV,0,,0,,,,,,U2,COLLECT,9084596351925004287,9361041268179447712,,93217246350467,BOM,BOM,ddee8a331d523c30ccc1ed3a,,PR2C,501,2740,UMOB
5186510857,9577322072,01-09-2024 00:00:00,Wrong Credit Chargeback Raise,SBL,PNB,0,01-09-2024 00:00:00,0:0:0,047670232429,159332,9474645566545,7724222320458,,599.05,599.05,0,0,0,0,0,0,0,0,SBL/PNB/Wrong Credit Chargeback Raise/9577322072,DRC,DRC_20240402_83.CSV,0,,0,,,,,,U2,COLLECT,9000110851896291248,9338724666236207521,,93627822159276,PNB,PNB,bb9299b10f5fcee4a9fdeeba,,DRC,108,6050,UMOB
2170314140,7640310395,01-09-2024 00:00:00,Chargeback Raise,SBL,FBL,RB,01-09-2024 00:00:00,0:0:0,599101734451,159332,9144598373121,7020844943208,,487.07,487.07,0,0,0,0,0,0,0,0,SBL/FBL/Chargeback Raise/7640310395,TCC,DRC_20240402_83.CSV,0,,0,,,,,,U2,COLLECT,9004102539106063203,9396658085039709292,,93200908293384,FBL,FBL,6ed8b8a9decc4daed6d1fb2c,,PR2C,U010,7694,UMOB
3465700307,4113399645,01-09-2024 00:00:00,Online Refund,SBL,MBK,R9,01-09-2024 00:00:00,0:0:0,625173751302,159332,9222713079079,7453208867056,,69.87,69.87,0,0,0,0,0,0,0,0,SBL/MBK/Online Refund/4113399645,TCC,DRC_20240402_83.CSV,0,,0,,,,,,U2,PAY,9083401936712879198,9393581225676790245,,93399856144294,MBK,MBK,65f4982aca05347a3862d502,,PBRB,U010,0980,IDIR
1029572136,1135945078,01-09-2024 00:00:00,Online Refund,YJU,BOI,R9,01-09-2024 00:00:00,0:0:0,609869565674,159332,9992223348595,7395622734449,,429.69,429.69,0,0,0,0,0,0,0,0,YJU/BOI/Online Refund/1135945078,DRC,DRC_20240402_83.CSV,0,,0,,,,,,U2,PAY,9063835905930829595,9305840882275378450,,93861608340278,BOI,BOI,a7e979ad6b6b2fbfacbd0fe6,,PR2C,U010,3296,UMOB
6350563515,9935139940,01-09-2024 00:00:00,Fraud Chargeback Representment,SBL,YJU,0,01-09-2024 00:00:00,0:0:0,399384187653,159332,9249019085365,7811112463353,,570.24,570.24,0,0,0,0,0,0,0,0,SBL/YJU/Fraud Chargeback Representment/9935139940,TCC,DRC_20240402_83.CSV,0,,0,,,,,,U2,COLLECT,9013863267830915320,9301121032853128025,,93269966995653,YJU,YJU,12cd9ecdf3a8ac6dd62f719b,,DRC,U008,8365,IDIR
6134438780,8479133081,01-09-2024 00:00:00,TCC,FBL,IPB,R9,01-09-2024 00:00:00,0:0:0,202400967199,159332,9682581350880,7719943399686,,826.48,826.48,0,0,0,0,0,0,0,0,FBL/IPB/TCC/8479133081,UPI,DRC_20240402_83.CSV,0,,0,,,,,,U2,COLLECT,9063040502159426442,9313837578417032227,,93251058670812,IPB,IPB,5bba534cc9db4b2c8b83c8ca,,TCC,U010,6004,IDIR
1220691959,6850223306,01-09-2024 00:00:00,Wrong Credit Chargeback Raise,SBL,UOB,RB,01-09-2024 00:00:00,0:0:0,206031604974,159332,9351143083485,7139450784198,,766.18,766.18,0,0,0,0,0,0,0,0,SBL/UOB/Wrong Credit Chargeback Raise/6850223306,UPI,DRC_20240402_83.CSV,0,,0,,,,,,U2,COLLECT,9008734793940545665,9329868027827899890,,93786335183569,UOB,UOB,2cf1cbe4c4ecce93bd6ee0ac,,TCC,108,6150,IDIR
0503254151,4194302270,01-09-2024 00:00:00,Response to Complaint,SBL,SIB,RB,01-09-2024 00:00:00,0:0:0,722854620110,159332,9174633749837,7356249785368,,767.56,767.56,0,0,0,0,0,0,0,0,SBL/SIB/Response to Complaint/4194302270,DRC,DRC_20240402_83.CSV,0,,0,,,,,,U2,COLLECT,9014512147881141908,9319230398860710660,,93664779059588,SIB,SIB,dea9bff9a4a8bcabeb60a5f9,,DRC,108,1156,IDIR
1783188491,2163690049,01-09-2024 00:00:00,Fraud Chargeback Representment,PNB,INB,R9,01-09-2024 00:00:00,0:0:0,438487879310,159332,9460476618367,7959974126677,,536.72,536.72,0,0,0,0,0,0,0,0,PNB/INB/Fraud Chargeback Representment/2163690049,RET,DRC_20240402_83.CSV,0,,0,,,,,,U2,PAY,9017371039806081250,9377474024704147420,,93013152813452,INB,INB,987ae41cabc615319e3e5fea,,PR2C,108,5621,UMOB
5304627868,6879504677,01-09-2024 00:00:00,Online Refund,SBL,KTP,RR,01-09-2024 00:00:00,0:0:0,612154559177,159332,9588283379884,7511611157914,,333.31,333.31,0,0,0,0,0,0,0,0,SBL/KTP/Online Refund/6879504677,UPI,DRC_20240402_83.CSV,0,,0,,,,,,U2,COLLECT,9082351356865688998,9365488380305809796,,93868040764068,KTP,KTP,e1afd011bbcceeef5791cb5d,,PR2C,104,4163,UMOB
4184883165,5245036581,01-09-2024 00:00:00,Refund Reversal Confirmation,SBL,KTP,R9,01-09-2024 00:00:00,0:0:0,721490797407,159332,9449420895407,7289548247819,,322.39,322.39,0,0,0,0,0,0,0,0,SBL/KTP/Refund Reversal Confirmation/5245036581,TCC,DRC_20240402_83.CSV,0,,0,,,,,,U2,PAY,9052297869662134936,9384502840298616645,,93615394400156,KTP,KTP,ad0a257ef2a6e4357da2dd9c,,DRC,108,1964,UMOB
9867640109,7895485644,01-09-2024 00:00:00,Re-presentment Raise,SBL,YBS,R9,01-09-2024 00:00:00,0:0:0,015771536594,159332,9143032630436,7337703697779,,378.11,378.11,0,0,0,0,0,0,0,0,SBL/YBS/Re-presentment Raise/7895485644,DRC,DRC_20240402_83.CSV,0,,0,,,,,,U2,PAY,9034852021391490488,9316107319852829722,,93910018768114,YBS,YBS,0f3b8fab21eee2d8cbcb8f04,,RRC,103,9651,UMOB
5331617685,3515776120,01-09-2024 00:00:00,Complaint Raise,SBL,KMB,R9,01-09-2024 00:00:00,0:0:0,068062851414,159332,9622797302006,7392544410160,,164.81,164.81,0,0,0,0,0,0,0,0,SBL/KMB/Complaint Raise/3515776120,Credit Adjustment,DRC_20240402_83.CSV,0,,0,,,,,,U2,COLLECT,9049547123593243331,9375139833531418170,,93331612283749,KMB,KMB,da4fe7646daa10eb95cb3dca,,TCC,109,3280,UMOB
6672555467,5348163801,01-09-2024 00:00:00,Response to Complaint,SBL,YJU,R9,01-09-2024 00:00:00,0:0:0,606727692648,159332,9535550436369,7966840466171,,585.98,585.98,0,0,0,0,0,0,0,0,SBL/YJU/Response to Complaint/5348163801,UPI,DRC_20240402_83.CSV,0,,0,,,,,,U2,PAY,9041493122435188823,9392827519159867202,,93410886186230,YJU,YJU,cba6c6c8ba4bfdafdc09ba71,,PR2C,U008,0874,UMOB
0929087873,9241306213,01-09-2024 00:00:00,RET,SBL,PNB,R9,01-09-2024 00:00:00,0:0:0,519076518813,159332,9551829566922,7331241245350,,177.18,177.18,0,0,0,0,0,0,0,0,SBL/PNB/RET/9241306213,Credit Adjustment,DRC_20240402_83.CSV,0,,0,,,,,,U2,PAY,9061525931405160428,9343673778233914689,,93087963654806,PNB,PNB,b54e0fbfcef2d54c9bd21aeb,,PBRB,108,8638,UMOB
8108213566,8648847470,01-09-2024 00:00:00,Online Refund,SBL,APP,R9,01-09-2024 00:00:00,0:0:0,812016154536,159332,9221539939109,7170465335542,,745.90,745.90,0,0,0,0,0,0,0,0,SBL/APP/Online Refund/8648847470,DRC,DRC_20240402_83.CSV,0,,0,,,,,,U2,COLLECT,9068876764265838843,9361898648887913446,,93422209064685,APP,APP,a20210de6f580f73af330be4,,DRC,103,1191,IDIR
2636301804,3400362330,01-09-2024 00:00:00,Differed Chargeback Raise,SBL,AXB,R9,01-09-2024 00:00:00,0:0:0,433231427868,159332,9748348531990,7492285620971,,740.99,740.99,0,0,0,0,0,0,0,0,SBL/AXB/Differed Chargeback Raise/3400362330,Credit Adjustment,DRC_20240402_83.CSV,0,,0,,,,,,U2,COLLECT,9023293563442335907,9384487282902823574,,93514652640589,AXB,AXB,c47ce719e72a1fec12309efe,,DRC,U010,5195,IDIR
6519887196,9822472552,01-09-2024 00:00:00,Debit Reversal Confirmation,SBL,AXB,RR,01-09-2024 00:00:00,0:0:0,328829477070,159332,9860410154079,7838218810461,,542.49,542.49,0,0,0,0,0,0,0,0,SBL/AXB/Debit Reversal Confirmation/9822472552,Credit Adjustment,DRC_20240402_83.CSV,0,,0,,,,,,U2,COLLECT,9046381335093765373,9397559935177642664,,93365096767875,AXB,AXB,a5ebd5e0b4efab5b0baf1e4c,,RRC,108,1667,IDIR
9553721213,7378873236,01-09-2024 00:00:00,Wrong Credit Chargeback Raise,SBL,KMB,R9,01-09-2024 00:00:00,0:0:0,353340904402,159332,9640235754739,7720810467817,,580.32,580.32,0,0,0,0,0,0,0,0,SBL/KMB/Wrong Credit Chargeback Raise/7378873236,UPI,DRC_20240402_83.CSV,0,,0,,,,,,U2,PAY,9061139855081829372,9358693067985717047,,93161580515185,KMB,KMB,dd3e0fea8eae003bebab8ffc,,DRC,104,7393,IDIR
4166952894,7713775013,01-09-2024 00:00:00,Credit Adjustment,SBL,SBI,RB,01-09-2024 00:00:00,0:0:0,063399746270,159332,9746325429625,7115449553876,,185.65,185.65,0,0,0,0,0,0,0,0,SBL/SBI/Credit Adjustment/7713775013,UPI,DRC_20240402_83.CSV,0,,0,,,,,,U2,COLLECT,9053780471059148249,9336866766523118277,,93202147410644,SBI,SBI,74470d0226c6bb386ea1377c,,PR2C,U010,6365,IDIR
4652279970,5343066598,01-09-2024 00:00:00,Wrong credit Representment,BOI,SIB,R9,01-09-2024 00:00:00,0:0:0,014955645710,159332,9382610217219,7158851149743,,83.26,83.26,0,0,0,0,0,0,0,0,BOI/SIB/Wrong credit Representment/5343066598,TCC,DRC_20240402_83.CSV,0,,0,,,,,,U2,COLLECT,9031457483991219704,9327280191650403491,,93233692769003,SIB,SIB,e16d1b7d7039355f2aa97273,,RRC,U008,9054,UMOB
2252460834,4861154164,01-09-2024 00:00:00,Wrong Credit Chargeback Acceptance,SBL,YJU,RB,01-09-2024 00:00:00,0:0:0,955954649258,159332,9614377489252,7664966672819,,649.71,649.71,0,0,0,0,0,0,0,0,SBL/YJU/Wrong Credit Chargeback Acceptance/4861154164,RET,DRC_20240402_83.CSV,0,,0,,,,,,U2,PAY,9012387513236318076,9306156355014585430,,93892272817517,YJU,YJU,a127ba04ef3ffaacbd4a4acd,,TCC,109,8094,UMOB
7750110478,5320083588,01-09-2024 00:00:00,Differed Chargeback Raise,SBL,IPB,R9,01-09-2024 00:00:00,0:0:0,731029928629,159332,9403761770002,7156206366116,,424.38,424.38,0,0,0,0,0,0,0,0,SBL/IPB/Differed Chargeback Raise/5320083588,TCC,DRC_20240402_83.CSV,0,,0,,,,,,U2,COLLECT,9053819608041471722,9338799986402852050,,93988997607143,IPB,IPB,5f9efce1a9601bbae5bdf4ab,,PBRB,109,3767,IDIR
4420421927,6578082441,01-09-2024 00:00:00,RET,YES,BOM,R9,01-09-2024 00:00:00,0:0:0,611326843585,159332,9853955578207,7194085226366,,709.50,709.50,0,0,0,0,0,0,0,0,YES/BOM/RET/6578082441,UPI,DRC_20240402_83.CSV,0,,0,,,,,,U2,PAY,9073119523527271542,9395819260951736455,,93343495811016,BOM,BOM,a93d76cdd52a16c8ad6afeaa,,TCC,108,7736,UMOB
8217297905,1315921167,01-09-2024 00:00:00,Chargeback Acceptance,SBL,IIB,RR,01-09-2024 00:00:00,0:0:0,072680234015,159332,9396045698150,7541984108552,,504.32,504.32,0,0,0,0,0,0,0,0,SBL/IIB/Chargeback Acceptance/1315921167,DRC,DRC_20240402_83.CSV,0,,0,,,,,,U2,COLLECT,9015570974070525913,9313345623249156890,,93937467907363,IIB,IIB,53215de5ca70fe4cdcf9a296,,PBRB,108,4904,IDIR
6853686311,2414214167,01-09-2024 00:00:00,Re-presentment Raise,SBL,HDF,RB,01-09-2024 00:00:00,0:0:0,107348375356,159332,9201904685592,7613703399882,,12.41,12.41,0,0,0,0,0,0,0,0,SBL/HDF/Re-presentment Raise/2414214167,DRC,DRC_20240402_83.CSV,0,,0,,,,,,U2,PAY,9029546796254619230,9347413398621444107,,93723567422615,HDF,HDF,9f659d78ce90c85bceebdf4a,,RRC,U010,7270,UMOB
0502515521,2744997931,01-09-2024 00:00:00,Credit Adjustment,INB,BDN,RR,01-09-2024 00:00:00,0:0:0,259391359474,159332,9246881535602,7619500145197,,612.98,612.98,0,0,0,0,0,0,0,0,INB/BDN/Credit Adjustment/2744997931,UPI,DRC_20240402_83.CSV,0,,0,,,,,,U2,PAY,9001758049025214958,9302137698412373913,,93395426435639,BDN,BDN,bfe92ed1b185fa38fb390eba,,DRC,109,8707,IDIR
7870502548,6243214357,01-09-2024 00:00:00,Fraud Chargeback Representment,YJU,IDB,R9,01-09-2024 00:00:00,0:0:0,994299673774,159332,9802191676805,7984610292433,,448.18,448.18,0,0,0,0,0,0,0,0,YJU/IDB/Fraud Chargeback Representment/6243214357,UPI,DRC_20240402_83.CSV,0,,0,,,,,,U2,PAY,9088510298408433333,9315945231542909156,,93577073678523,IDB,IDB,e8e9bd3c1aea1f76b2bf80fd,,TCC,U010,4092,UMOB
7904118417,4852506429,01-09-2024 00:00:00,Refund Reversal Confirmation,YES,HDF,R9,01-09-2024 00:00:00,0:0:0,572141171923,159332,9443737589949,7375080850132,,899.77,899.77,0,0,0,0,0,0,0,0,YES/HDF/Refund Reversal Confirmation/4852506429,TCC,DRC_20240402_83.CSV,0,,0,,,,,,U2,PAY,9005833789086309252,9305098990415457740,,93811210299261,HDF,HDF,6b6e2543ecb6a4b82daaa966,,TCC,U008,7899,UMOB
6940385548,8603162594,01-09-2024 00:00:00,TCC,SBL,ARL,0,01-09-2024 00:00:00,0:0:0,284759849955,159332,9314818480103,7967156243583,,426.67,426.67,0,0,0,0,0,0,0,0,SBL/ARL/TCC/8603162594,TCC,DRC_20240402_83.CSV,0,,0,,,,,,U2,COLLECT,9082060363495586268,9334564394102060248,,93546872150748,ARL,ARL,0cffba4d30dda64f930dbd63,,PR2C,109,5764,UMOB
1116868761,4522293933,01-09-2024 00:00:00,Response to Complaint,SBL,FIB,RR,01-09-2024 00:00:00,0:0:0,974601751741,159332,9523784600585,7922706829164,,248.47,248.47,0,0,0,0,0,0,0,0,SBL/FIB/Response to Complaint/4522293933,DRC,DRC_20240402_83.CSV,0,,0,,,,,,U2,PAY,9099212305952152038,9346712517322786231,,93370974327932,FIB,FIB,aa7f12c0a08e87a2eff5c013,,DRC,501,1920,UMOB
3285000758,1766222766,01-09-2024 00:00:00,TCC,SBL,IDC,RR,01-09-2024 00:00:00,0:0:0,549685352058,159332,9967245577642,7506253023332,,937.09,937.09,0,0,0,0,0,0,0,0,SBL/IDC/TCC/1766222766,UPI,DRC_20240402_83.CSV,0,,0,,,,,,U2,PAY,9078580843840112077,9356639796726304632,,93574963413324,IDC,IDC,b4dcca2cad6c304be6fcdbb1,,DRC,109,3331,IDIR
0217506880,2249878936,01-09-2024 00:00:00,Wrong Credit Chargeback Acceptance,SBL,IDB,0,01-09-2024 00:00:00,0:0:0,400521387831,159332,9168625354219,7594288259073,,478.13,478.13,0,0,0,0,0,0,0,0,SBL/IDB/Wrong Credit Chargeback Acceptance/2249878936,UPI,DRC_20240402_83.CSV,0,,0,,,,,,U2,COLLECT,9079376416238100174,9325808258590386709,,93954285949572,IDB,IDB,e6fbbffc63a3711d5b8528ed,,RRC,102,3471,IDIR
3070351850,0671309075,01-09-2024 00:00:00,Differed Chargeback Raise,INB,IPB,RR,01-09-2024 00:00:00,0:0:0,924407416742,159332,9832150509646,7059011666991,,297.42,297.42,0,0,0,0,0,0,0,0,INB/IPB/Differed Chargeback Raise/0671309075,DRC,DRC_20240402_83.CSV,0,,0,,,,,,U2,PAY,9092934648271614323,9382857929316211638,,93536213744098,IPB,IPB,023f1cee10e878ceb1f8bdf4,,RRC,108,7426,UMOB
2006675829,6346948348,01-09-2024 00:00:00,Online Refund,SBL,UOB,RR,01-09-2024 00:00:00,0:0:0,086513083711,159332,9692530150186,7659415439874,,774.26,774.26,0,0,0,0,0,0,0,0,SBL/UOB/Online Refund/6346948348,TCC,DRC_20240402_83.CSV,0,,0,,,,,,U2,COLLECT,9040703508929177000,9317808511153901408,,93080222129632,UOB,UOB,fba993b1faaf334cca442fae,,PBRB,104,9402,IDIR
1296561357,5836533232,01-09-2024 00:00:00,Re-presentment Raise,SBL,IDC,R9,01-09-2024 00:00:00,0:0:0,852316755550,159332,9863565482972,7600750668460,,699.88,699.88,0,0,0,0,0,0,0,0,SBL/IDC/Re-presentment Raise/5836533232,RET,DRC_20240402_83.CSV,0,,0,,,,,,U2,COLLECT,9022164312067235865,9335181364405867874,,93719824648413,IDC,IDC,9c86daa8d27ad78e646e406d,,DRC,501,3509,UMOB
9962143370,8492796777,01-09-2024 00:00:00,Re-presentment Raise,SBL,CNB,0,01-09-2024 00:00:00,0:0:0,216974878960,159332,9544507080286,7135015151481,,162.90,162.90,0,0,0,0,0,0,0,0,SBL/CNB/Re-presentment Raise/8492796777,Credit Adjustment,DRC_20240402_83.CSV,0,,0,,,,,,U2,PAY,9073847203512982450,9393706856588251289,,93282016609591,CNB,CNB,750656331dbe38c7aca9646b,,PBRB,U008,4530,IDIR
3952242854,9176306739,01-09-2024 00:00:00,Debit Reversal Confirmation,SBL,YJU,RB,01-09-2024 00:00:00,0:0:0,390217357759,159332,9100868112122,7374489200798,,192.39,192.39,0,0,0,0,0,0,0,0,SBL/YJU/Debit Reversal Confirmation/9176306739,TCC,DRC_20240402_83.CSV,0,,0,,,,,,U2,COLLECT,9005422545918712428,9365888270942400703,,93343790941300,YJU,YJU,a97f1f20a61c92315aa8f67c,,TCC,108,2930,IDIR
1357698303,3535747934,01-09-2024 00:00:00,Differed Re-presentment Raise,SBL,YES,RR,01-09-2024 00:00:00,0:0:0,340578234538,159332,9379902239203,7426590642785,,996.18,996.18,0,0,0,0,0,0,0,0,SBL/YES/Differed Re-presentment Raise/3535747934,TCC,DRC_20240402_83.CSV,0,,0,,,,,,U2,PAY,9089981381073862303,9363650350338773887,,93695218873759,YES,YES,7c9487b4a362c6f3cde0840b,,PBRB,108,7200,UMOB
4157150967,3689345106,01-09-2024 00:00:00,Chargeback Acceptance,SBL,GTI,RB,01-09-2024 00:00:00,0:0:0,212459827459,159332,9865442745209,7426318380733,,821.82,821.82,0,0,0,0,0,0,0,0,SBL/GTI/Chargeback Acceptance/3689345106,RET,DRC_20240402_83.CSV,0,,0,,,,,,U2,COLLECT,9069298289081507996,9362897999143227127,,93693560621770,GTI,GTI,45f430eeebdbda0a4fadd8ee,,PR2C,501,8247,IDIR
1567420368,4647226860,01-09-2024 00:00:00,Chargeback Acceptance,SBL,IPB,RR,01-09-2024 00:00:00,0:0:0,770662297840,159332,9681294730616,7276083170373,,75.80,75.80,0,0,0,0,0,0,0,0,SBL/IPB/Chargeback Acceptance/4647226860,Credit Adjustment,DRC_20240402_83.CSV,0,,0,,,,,,U2,COLLECT,9016970786212737681,9352053667356460949,,93147280520819,IPB,IPB,fb7ad2adfdaba52cdd4b2f7c,,DRC,U010,0815,UMOB
7469712433,0022976992,01-09-2024 00:00:00,Differed Chargeback Raise,SBL,INB,RR,01-09-2024 00:00:00,0:0:0,265314680921,159332,9790856205402,7201801961196,,114.45,114.45,0,0,0,0,0,0,0,0,SBL/INB/Differed Chargeback Raise/0022976992,RET,DRC_20240402_83.CSV,0,,0,,,,,,U2,PAY,9034118158432024245,9314891161636086192,,93528352631912,INB,INB,2b6c76a80d882cd7bafcdd64,,PR2C,109,3642,UMOB
4242909803,8582128596,01-09-2024 00:00:00,Fraud Chargeback Raise,SBL,CBI,RB,01-09-2024 00:00:00,0:0:0,122155968896,159332,9935957637565,7417375734185,,847.33,847.33,0,0,0,0,0,0,0,0,SBL/CBI/Fraud Chargeback Raise/8582128596,UPI,DRC_20240402_83.CSV,0,,0,,,,,,U2,PAY,9090107216392246838,9391243153777370516,,93008827565580,CBI,CBI,8eecdafc57b3c62d4d290b81,,DRC,104,2368,UMOB
9328428637,8758961061,01-09-2024 00:00:00,Response to Complaint,SBL,MBK,RR,01-09-2024 00:00:00,0:0:0,843459843247,159332,9077490489361,7276986726356,,343.87,343.87,0,0,0,0,0,0,0,0,SBL/MBK/Response to Complaint/8758961061,UPI,DRC_20240402_83.CSV,0,,0,,,,,,U2,PAY,9025370203287168971,9309662881348047561,,93945495986143,MBK,MBK,36d4324e9ad4a03fb67c1efb,,PR2C,U008,1094,IDIR
1325519717,4744961119,01-09-2024 00:00:00,Fraud Chargeback Representment,IIB,BOB,0,01-09-2024 00:00:00,0:0:0,741571903517,159332,9432927912184,7172867020056,,196.02,196.02,0,0,0,0,0,0,0,0,IIB/BOB/Fraud Chargeback Representment/4744961119,RET,DRC_20240402_83.CSV,0,,0,,,,,,U2,PAY,9088450577255634166,9313742415727843461,,93945031238135,BOB,BOB,c68faa5001cfe09d24e767b8,,PBRB,103,2483,UMOB
4200187216,8080856703,01-09-2024 00:00:00,Chargeback Raise,SBL,CBI,RB,01-09-2024 00:00:00,0:0:0,611976510149,159332,9760107658594,7889627413706,,300.30,300.30,0,0,0,0,0,0,0,0,SBL/CBI/Chargeback Raise/8080856703,TCC,DRC_20240402_83.CSV,0,,0,,,,,,U2,PAY,9037924982657266273,9325795733780328715,,93903741580288,CBI,CBI,2bbbf416aecfbb4e20de4c5f,,PBRB,104,9073,IDIR
1790374290,5461962058,01-09-2024 00:00:00,Wrong credit Representment,YJU,INB,0,01-09-2024 00:00:00,0:0:0,064446191387,159332,9596967237787,7482360693520,,487.57,487.57,0,0,0,0,0,0,0,0,YJU/INB/Wrong credit Representment/5461962058,DRC,DRC_20240402_83.CSV,0,,0,,,,,,U2,COLLECT,9025284216868929320,9306999959259120569,,93386710467327,INB,INB,dfa5a3ad48fafe6ef1dcfaa8,,TCC,102,0930,UMOB
2929651884,7201337128,01-09-2024 00:00:00,Wrong Credit Chargeback Raise,SBL,MBK,RR,01-09-2024 00:00:00,0:0:0,882003782658,159332,9996496716968,7639721206953,,503.29,503.29,0,0,0,0,0,0,0,0,SBL/MBK/Wrong Credit Chargeback Raise/7201337128,DRC,DRC_20240402_83.CSV,0,,0,,,,,,U2,COLLECT,9097869079813785022,9347749816713087811,,93238940681929,MBK,MBK,c207e525cc75e0d4ce07969c,,PR2C,109,6387,UMOB
6820122201,8070661920,01-09-2024 00:00:00,Differed Re-presentment Raise,SBL,BDN,0,01-09-2024 00:00:00,0:0:0,988004785495,159332,9608077451200,7852377224818,,992.93,992.93,0,0,0,0,0,0,0,0,SBL/BDN/Differed Re-presentment Raise/8070661920,DRC,DRC_20240402_83.CSV,0,,0,,,,,,U2,COLLECT,9093072031015624231,9395087667424365424,,93745833857494,BDN,BDN,dd465ecbb4fe11e94aafd9ec,,DRC,109,3394,IDIR
1704575488,9691152156,01-09-2024 00:00:00,Refund Reversal Confirmation,ARL,BOB,0,01-09-2024 00:00:00,0:0:0,009412622469,159332,9355329036157,7052359595408,,196.66,196.66,0,0,0,0,0,0,0,0,ARL/BOB/Refund Reversal Confirmation/9691152156,UPI,DRC_20240402_83.CSV,0,,0,,,,,,U2,PAY,9094432187162893082,9397279240900064278,,93958067980145,BOB,BOB,4b5bfa5a0e61cfa9b8da7ad2,,TCC,108,5513,IDIR
2621689164,2479746405,01-09-2024 00:00:00,Wrong Credit Chargeback Acceptance,BOB,AXB,RB,01-09-2024 00:00:00,0:0:0,833870959982,159332,9844233645157,7538230822888,,409.82,409.82,0,0,0,0,0,0,0,0,BOB/AXB/Wrong Credit Chargeback Acceptance/2479746405,UPI,DRC_20240402_83.CSV,0,,0,,,,,,U2,PAY,9032745804789320752,9325039199026218747,,93538785598582,AXB,AXB,45bbddcf54b95ffdb731cf4b,,DRC,U010,8371,UMOB
3800273767,5785142208,01-09-2024 00:00:00,Online Refund,SBL,IOB,0,01-09-2024 00:00:00,0:0:0,662811096976,159332,9310493475453,7122104050599,,111.60,111.60,0,0,0,0,0,0,0,0,SBL/IOB/Online Refund/5785142208,UPI,DRC_20240402_83.CSV,0,,0,,,,,,U2,PAY,9005253207092065668,9372455881885476855,,93866399882951,IOB,IOB,64e0ab05e6cd3e4fdba16490,,PR2C,501,5532,UMOB
7941614129,8413922534,01-09-2024 00:00:00,Complaint Raise,SBL,BOM,R9,01-09-2024 00:00:00,0:0:0,373580201513,159332,9370152514161,7569339998072,,14.23,14.23,0,0,0,0,0,0,0,0,SBL/BOM/Complaint Raise/8413922534,Credit Adjustment,DRC_20240402_83.CSV,0,,0,,,,,,U2,PAY,9025849584805265837,9366874476007052594,,93305418445448,BOM,BOM,a8b585eaeb96beeb2410ee6e,,RRC,104,5366,IDIR
8983841614,7933565011,01-09-2024 00:00:00,Refund Reversal Confirmation,SBL,YOM,0,01-09-2024 00:00:00,0:0:0,257558097211,159332,9513834266663,7133972151012,,124.93,124.93,0,0,0,0,0,0,0,0,SBL/YOM/Refund Reversal Confirmation/7933565011,Credit Adjustment,DRC_20240402_83.CSV,0,,0,,,,,,U2,COLLECT,9096803755496915801,9378155277931420553,,93508949785929,YOM,YOM,ae89aab751914e25aa3a9bc3,,PR2C,501,3457,IDIR
7645093019,2054860048,01-09-2024 00:00:00,Chargeback Raise,SBL,APP,R9,01-09-2024 00:00:00,0:0:0,774977775827,159332,9961079276290,7197651168890,,908.14,908.14,0,0,0,0,0,0,0,0,SBL/APP/Chargeback Raise/2054860048,TCC,DRC_20240402_83.CSV,0,,0,,,,,,U2,PAY,9030897681570576715,9394263291180722552,,93817555169015,APP,APP,a8cdab2b9bb674b9baef3b55,,DRC,102,7957,UMOB
3262525389,6649598728,01-09-2024 00:00:00,Differed Chargeback Raise,SBL,YOM,R9,01-09-2024 00:00:00,0:0:0,876209560406,159332,9643535326003,7518017211670,,968.62,968.62,0,0,0,0,0,0,0,0,SBL/YOM/Differed Chargeback Raise/6649598728,Credit Adjustment,DRC_20240402_83.CSV,0,,0,,,,,,U2,PAY,9070692792996518315,9376302770133624790,,93401017255543,YOM,YOM,ac8dfec681994aced61caa43,,PBRB,104,7798,UMOB
8880833615,8389331869,01-09-2024 00:00:00,Re-presentment Raise,YJU,HDF,0,01-09-2024 00:00:00,0:0:0,912948380748,159332,9879918839667,7194107603431,,781.54,781.54,0,0,0,0,0,0,0,0,YJU/HDF/Re-presentment Raise/8389331869,DRC,DRC_20240402_83.CSV,0,,0,,,,,,U2,COLLECT,9043809239998911110,9378203806212350410,,93513227145073,HDF,HDF,24afaaa64408bbedc2377a9e,,TCC,109,7835,UMOB
9201986632,8764368237,01-09-2024 00:00:00,Response to Complaint,SBL,KTP,R9,01-09-2024 00:00:00,0:0:0,503238372679,159332,9437719495823,7802068796421,,637.86,637.86,0,0,0,0,0,0,0,0,SBL/KTP/Response to Complaint/8764368237,Credit Adjustment,DRC_20240402_83.CSV,0,,0,,,,,,U2,COLLECT,9059197977053688851,9360446569646129645,,93077796261637,KTP,KTP,c44a3eeba5f9a29c7f7dcfeb,,TCC,U008,5980,UMOB
0488828132,5376657025,01-09-2024 00:00:00,TCC,SBL,IIB,RB,01-09-2024 00:00:00,0:0:0,693254757676,159332,9910627189116,7525193812412,,440.28,440.28,0,0,0,0,0,0,0,0,SBL/IIB/TCC/5376657025,TCC,DRC_20240402_83.CSV,0,,0,,,,,,U2,PAY,9071270576404489545,9398891098789311455,,93469443170645,IIB,IIB,2df9f6a0beabbdce621146c7,,TCC,U008,6620,IDIR
7371836623,8004821396,01-09-2024 00:00:00,Fraud Chargeback Representment,SBL,SBI,RR,01-09-2024 00:00:00,0:0:0,338376605634,159332,9455699526176,7901148270366,,659.46,659.46,0,0,0,0,0,0,0,0,SBL/SBI/Fraud Chargeback Representment/8004821396,Credit Adjustment,DRC_20240402_83.CSV,0,,0,,,,,,U2,PAY,9010717043230632989,9384255948318498263,,93908764958282,SBI,SBI,415a104d44c2ff4ec333f3ec,,PR2C,102,9270,UMOB
5468459633,6266161220,01-09-2024 00:00:00,Credit Adjustment,SBL,BOM,R9,01-09-2024 00:00:00,0:0:0,834631344750,159332,9269522819957,7653757915415,,76.58,76.58,0,0,0,0,0,0,0,0,SBL/BOM/Credit Adjustment/6266161220,UPI,DRC_20240402_83.CSV,0,,0,,,,,,U2,PAY,9065825502254227381,9324140536370471637,,93908916574673,BOM,BOM,baadd554cde3d03b5afbdbe4,,PR2C,U010,7961,UMOB
9786682233,3372451946,01-09-2024 00:00:00,Online Refund,SBL,UOB,R9,01-09-2024 00:00:00,0:0:0,105546116119,159332,9870895495291,7293199726699,,4.76,4.76,0,0,0,0,0,0,0,0,SBL/UOB/Online Refund/3372451946,Credit Adjustment,DRC_20240402_83.CSV,0,,0,,,,,,U2,PAY,9005535990161089075,9323462603808790975,,93210184483911,UOB,UOB,7a3e8e9f9c8314dbfbd6d76b,,TCC,109,5181,IDIR
9181773776,2641875960,01-09-2024 00:00:00,Response to Complaint,SBL,BOM,R9,01-09-2024 00:00:00,0:0:0,798719209805,159332,9800367420754,7578603607660,,303.33,303.33,0,0,0,0,0,0,0,0,SBL/BOM/Response to Complaint/2641875960,RET,DRC_20240402_83.CSV,0,,0,,,,,,U2,PAY,9045637671086674075,9353495563512365766,,93818813106744,BOM,BOM,efc2fca8dd59dc2b2c32e8ee,,TCC,U008,9015,UMOB
1453336321,0991253479,01-09-2024 00:00:00,Differed Chargeback Raise,SBL,UOB,RB,01-09-2024 00:00:00,0:0:0,203777085296,159332,9499772090141,7012054408811,,21.12,21.12,0,0,0,0,0,0,0,0,SBL/UOB/Differed Chargeback Raise/0991253479,UPI,DRC_20240402_83.CSV,0,,0,,,,,,U2,PAY,9058086196967103605,9335086199001755797,,93159211041315,UOB,UOB,be59a9d3ea51aace7ccffd64,,RRC,501,7561,IDIR
6248092111,1215793641,01-09-2024 00:00:00,Chargeback Acceptance,SBL,INB,RB,01-09-2024 00:00:00,0:0:0,080088909935,159332,9803320841043,7198515848033,,846.82,846.82,0,0,0,0,0,0,0,0,SBL/INB/Chargeback Acceptance/1215793641,DRC,DRC_20240402_83.CSV,0,,0,,,,,,U2,COLLECT,9039200964915500725,9355211222913307591,,93945578307464,INB,INB,1eb1d6e06ad4dcff1b5eadc9,,PR2C,U008,6872,UMOB
7292441237,4944928561,01-09-2024 00:00:00,Response to Complaint,SBL,KVB,RR,01-09-2024 00:00:00,0:0:0,647265289442,159332,9840015967442,7151094969588,,219.87,219.87,0,0,0,0,0,0,0,0,SBL/KVB/Response to Complaint/4944928561,UPI,DRC_20240402_83.CSV,0,,0,,,,,,U2,COLLECT,9002918156777890220,9333512515154842628,,93497661803062,KVB,KVB,f9b20c7debaf4afa768bd79d,,PR2C,501,3412,UMOB
9548870173,0743315217,01-09-2024 00:00:00,Debit Reversal Confirmation,ARL,IDC,RR,01-09-2024 00:00:00,0:0:0,802857219933,159332,9709253319927,7188085875369,,849.74,849.74,0,0,0,0,0,0,0,0,ARL/IDC/Debit Reversal Confirmation/0743315217,TCC,DRC_20240402_83.CSV,0,,0,,,,,,U2,COLLECT,9091023106863318893,9370612890350957279,,93610300613208,IDC,IDC,1b4fd434efcb0cdfb9c106b5,,RRC,U010,8875,IDIR
1777550267,8055977027,01-09-2024 00:00:00,Chargeback Raise,BOI,FIB,RB,01-09-2024 00:00:00,0:0:0,876778135202,159332,9739975800109,7957273804431,,364.57,364.57,0,0,0,0,0,0,0,0,BOI/FIB/Chargeback Raise/8055977027,UPI,DRC_20240402_83.CSV,0,,0,,,,,,U2,PAY,9097375152761398699,9347700805029923379,,93787926213389,FIB,FIB,a6bceba5af46a5fabdee7b3f,,PBRB,109,9541,UMOB
6752969213,3707228736,01-09-2024 00:00:00,Complaint Raise,SBL,IPB,RB,01-09-2024 00:00:00,0:0:0,180481817884,159332,9466157607505,7768820315666,,152.55,152.55,0,0,0,0,0,0,0,0,SBL/IPB/Complaint Raise/3707228736,DRC,DRC_20240402_83.CSV,0,,0,,,,,,U2,PAY,9065688274200382638,9353131419330552393,,93257195588982,IPB,IPB,61217119efe99dacb1f2eeb6,,DRC,109,7155,UMOB
9343643536,8822312777,01-09-2024 00:00:00,Complaint Raise,SBL,IIB,R9,01-09-2024 00:00:00,0:0:0,030308681414,159332,9106161449833,7556601289060,,331.49,331.49,0,0,0,0,0,0,0,0,SBL/IIB/Complaint Raise/8822312777,Credit Adjustment,DRC_20240402_83.CSV,0,,0,,,,,,U2,PAY,9037821498936486865,9309446145047220232,,93480840552464,IIB,IIB,ad0e3a0d88be668e66bdda15,,PR2C,108,8842,IDIR
1814468723,3287600691,01-09-2024 00:00:00,Differed Chargeback Raise,SBL,INB,RR,01-09-2024 00:00:00,0:0:0,811808830656,159332,9447398713711,7909075900068,,281.36,281.36,0,0,0,0,0,0,0,0,SBL/INB/Differed Chargeback Raise/3287600691,TCC,DRC_20240402_83.CSV,0,,0,,,,,,U2,PAY,9039598489637752372,9367380921806348565,,93468703839891,INB,INB,adc042e9bf75bbebb077d65c,,PR2C,501,9208,UMOB
4452343375,7875716776,01-09-2024 00:00:00,Credit Adjustment,SBL,YJU,RB,01-09-2024 00:00:00,0:0:0,577910532209,159332,9587120411150,7799183976617,,940.55,940.55,0,0,0,0,0,0,0,0,SBL/YJU/Credit Adjustment/7875716776,RET,DRC_20240402_83.CSV,0,,0,,,,,,U2,PAY,9043137273846953377,9324344016391209703,,93283108710984,YJU,YJU,a85af7a4b7b2bcc1a4ee0e9d,,PBRB,109,2515,IDIR
7812025822,3843991467,01-09-2024 00:00:00,Re-presentment Raise,YES,SBI,0,01-09-2024 00:00:00,0:0:0,066361706339,159332,9394111214570,7089892429353,,249.84,249.84,0,0,0,0,0,0,0,0,YES/SBI/Re-presentment Raise/3843991467,TCC,DRC_20240402_83.CSV,0,,0,,,,,,U2,PAY,9036702089991892592,9316115535356087069,,93369780178471,SBI,SBI,2b5eb0ac21034b1edcfd4e1e,,PR2C,102,1930,IDIR
5460893735,6876046170,01-09-2024 00:00:00,Credit Adjustment,SBL,INB,0,01-09-2024 00:00:00,0:0:0,318627575438,159332,9946059586492,7599880770662,,521.08,521.08,0,0,0,0,0,0,0,0,SBL/INB/Credit Adjustment/6876046170,RET,DRC_20240402_83.CSV,0,,0,,,,,,U2,COLLECT,9004698847529382719,9323889327706621071,,93229561843504,INB,INB,4ebbf0fff02df3b33d1f4efc,,TCC,109,5645,IDIR
9302624231,6170391298,01-09-2024 00:00:00,Refund Reversal Confirmation,SBL,BDN,RR,01-09-2024 00:00:00,0:0:0,417976895827,159332,9111863429604,7251878536405,,270.90,270.90,0,0,0,0,0,0,0,0,SBL/BDN/Refund Reversal Confirmation/6170391298,DRC,DRC_20240402_83.CSV,0,,0,,,,,,U2,PAY,9006464750365601916,9313060637488657705,,93302000813216,BDN,BDN,f88c55b7d7b5db887aaeadfb,,PBRB,U008,1501,IDIR
3006411217,7301931646,01-09-2024 00:00:00,Credit Adjustment,SBL,KMB,RB,01-09-2024 00:00:00,0:0:0,411333952119,159332,9630603509813,7483918431090,,930.18,930.18,0,0,0,0,0,0,0,0,SBL/KMB/Credit Adjustment/7301931646,Credit Adjustment,DRC_20240402_83.CSV,0,,0,,,,,,U2,COLLECT,9068636026663458368,9388199390098632397,,93679210825620,KMB,KMB,5f29ad6d9a2fde3bed490afb,,DRC,109,6964,IDIR
8780129158,5520078394,01-09-2024 00:00:00,Debit Reversal Confirmation,SBL,BOM,R9,01-09-2024 00:00:00,0:0:0,404228010494,159332,9557675219766,7482742275151,,822.80,822.80,0,0,0,0,0,0,0,0,SBL/BOM/Debit Reversal Confirmation/5520078394,Credit Adjustment,DRC_20240402_83.CSV,0,,0,,,,,,U2,PAY,9049794119571991391,9336316131361412002,,93839949130960,BOM,BOM,2bef53fd82610babdd3f062c,,DRC,501,7572,IDIR
5610283739,6682960586,01-09-2024 00:00:00,Online Refund,SBL,IPB,RB,01-09-2024 00:00:00,0:0:0,539037931643,159332,9210628472661,7248945637792,,639.86,639.86,0,0,0,0,0,0,0,0,SBL/IPB/Online Refund/6682960586,TCC,DRC_20240402_83.CSV,0,,0,,,,,,U2,PAY,9046325538542908363,9365514593004726479,,93534203225638,IPB,IPB,eeb37acab0bb445e9f89b028,,RRC,108,4286,IDIR
1109394374,5890476668,01-09-2024 00:00:00,Chargeback Raise,SBL,YJU,R9,01-09-2024 00:00:00,0:0:0,359815482711,159332,9689847770093,7195846005079,,746.63,746.63,0,0,0,0,0,0,0,0,SBL/YJU/Chargeback Raise/5890476668,UPI,DRC_20240402_83.CSV,0,,0,,,,,,U2,PAY,9067613422700435608,9307280212143749579,,93053444410492,YJU,YJU,bacd7866b4fcf27fab50f83c,,TCC,103,2236,UMOB
1255167509,9977329287,01-09-2024 00:00:00,Fraud Chargeback Representment,CNB,HDF,R9,01-09-2024 00:00:00,0:0:0,543644994792,159332,9943129682916,7572540638737,,379.24,379.24,0,0,0,0,0,0,0,0,CNB/HDF/Fraud Chargeback Representment/9977329287,TCC,DRC_20240402_83.CSV,0,,0,,,,,,U2,PAY,9035097277066887919,9364764067710707010,,93250259706229,HDF,HDF,da8ccbde741c36aee7f4cc99,,PR2C,501,7398,IDIR
7519005388,6601550991,01-09-2024 00:00:00,Chargeback Raise,SBL,KVB,R9,01-09-2024 00:00:00,0:0:0,118997378104,159332,9346836882327,7076083208614,,733.84,733.84,0,0,0,0,0,0,0,0,SBL/KVB/Chargeback Raise/6601550991,RET,DRC_20240402_83.CSV,0,,0,,,,,,U2,PAY,9032101108731122744,9399458886976251308,,93728052089268,KVB,KVB,efc55271ddeea8d2803bc9c4,,TCC,104,1569,IDIR
3634318923,9688259909,01-09-2024 00:00:00,Refund Reversal Confirmation,BOB,BOM,R9,01-09-2024 00:00:00,0:0:0,345526805151,159332,9386512510750,7089325336584,,580.60,580.60,0,0,0,0,0,0,0,0,BOB/BOM/Refund Reversal Confirmation/9688259909,DRC,DRC_20240402_83.CSV,0,,0,,,,,,U2,PAY,9066365818371495515,9396608810904661818,,93589862805944,BOM,BOM,f304dba1bcea22de7e65d018,,DRC,U008,2400,UMOB
5910481694,5439716011,01-09-2024 00:00:00,Credit Adjustment,SBL,IPB,RB,01-09-2024 00:00:00,0:0:0,859277719207,159332,9734806229141,7318780325792,,806.80,806.80,0,0,0,0,0,0,0,0,SBL/IPB/Credit Adjustment/5439716011,Credit Adjustment,DRC_20240402_83.CSV,0,,0,,,,,,U2,PAY,9008959193845293904,9381031688344784371,,93688873082564,IPB,IPB,096caaffc63f184a8e87d4cc,,PBRB,501,4161,IDIR
4178477200,9804661228,01-09-2024 00:00:00,TCC,ICI,ARL,0,01-09-2024 00:00:00,0:0:0,182816984832,159332,9775503608715,7853572793405,,695.59,695.59,0,0,0,0,0,0,0,0,ICI/ARL/TCC/9804661228,DRC,DRC_20240402_83.CSV,0,,0,,,,,,U2,COLLECT,9034162451934261123,9351404676124099298,,93294980815419,ARL,ARL,b017c7acb8f081bcc6e6f2ca,,RRC,103,8220,IDIR
5842075500,5008928562,01-09-2024 00:00:00,Re-presentment Raise,SBL,YOM,R9,01-09-2024 00:00:00,0:0:0,564283148251,159332,9248286056293,7505648964642,,213.82,213.82,0,0,0,0,0,0,0,0,SBL/YOM/Re-presentment Raise/5008928562,RET,DRC_20240402_83.CSV,0,,0,,,,,,U2,PAY,9000726635411115344,9363562418037091188,,93379492265459,YOM,YOM,424ccc3b5ca486fe7bd1c398,,DRC,501,3111,IDIR
1861767701,4802955642,01-09-2024 00:00:00,Refund Reversal Confirmation,ARL,AXB,RR,01-09-2024 00:00:00,0:0:0,581489401017,159332,9440345476470,7241953379829,,8.49,8.49,0,0,0,0,0,0,0,0,ARL/AXB/Refund Reversal Confirmation/4802955642,UPI,DRC_20240402_83.CSV,0,,0,,,,,,U2,PAY,9014304497455711885,9345835908814967235,,93039951177667,AXB,AXB,ac62ecf7ccc3108fabf5dd43,,RRC,109,5767,IDIR
5993575071,7666136666,01-09-2024 00:00:00,Online Refund,SBL,BOM,R9,01-09-2024 00:00:00,0:0:0,717021438258,159332,9287341931820,7714361096254,,342.32,342.32,0,0,0,0,0,0,0,0,SBL/BOM/Online Refund/7666136666,Credit Adjustment,DRC_20240402_83.CSV,0,,0,,,,,,U2,PAY,9087473701794474662,9321594035571383065,,93966228344947,BOM,BOM,1190d9f2ffc54d6f56ec5939,,DRC,U008,8448,IDIR
8711814035,4143137024,01-09-2024 00:00:00,Differed Chargeback Raise,SBL,BOB,0,01-09-2024 00:00:00,0:0:0,384231740914,159332,9588118415869,7924284033070,,661.27,661.27,0,0,0,0,0,0,0,0,SBL/BOB/Differed Chargeback Raise/4143137024,TCC,DRC_20240402_83.CSV,0,,0,,,,,,U2,COLLECT,9001050288391762284,9347481033864819728,,93648001412274,BOB,BOB,2fce35abcedcc45df3bc4fe6,,DRC,501,0967,IDIR
0783604064,9666480660,01-09-2024 00:00:00,Differed Chargeback Raise,AXB,BOI,RB,01-09-2024 00:00:00,0:0:0,562642327487,159332,9606513871661,7360577982910,,834.44,834.44,0,0,0,0,0,0,0,0,AXB/BOI/Differed Chargeback Raise/9666480660,Credit Adjustment,DRC_20240402_83.CSV,0,,0,,,,,,U2,PAY,9051398698724852014,9373519562263727810,,93113987114662,BOI,BOI,ca9d4e0d937e9e8a3abf6f18,,PBRB,U010,1330,IDIR
9534973875,9886172484,01-09-2024 00:00:00,Fraud Chargeback Representment,CNB,UCO,0,01-09-2024 00:00:00,0:0:0,819416357913,159332,9108105952143,7414649465148,,700.58,700.58,0,0,0,0,0,0,0,0,CNB/UCO/Fraud Chargeback Representment/9886172484,DRC,DRC_20240402_83.CSV,0,,0,,,,,,U2,PAY,9002096132346947273,9348517825293414317,,93944148000414,UCO,UCO,1ffc79ebbd265b4b30dfec03,,PR2C,U008,2772,IDIR
4744621661,9275416548,01-09-2024 00:00:00,Fraud Chargeback Representment,SBL,MBK,RB,01-09-2024 00:00:00,0:0:0,202748422431,159332,9346099305090,7847193997560,,541.23,541.23,0,0,0,0,0,0,0,0,SBL/MBK/Fraud Chargeback Representment/9275416548,UPI,DRC_20240402_83.CSV,0,,0,,,,,,U2,PAY,9075007665988993831,9335995284309045100,,93219830971630,MBK,MBK,9b30b9eeaa4edfffe1a849e6,,RRC,501,4490,IDIR
1313006001,7431521588,01-09-2024 00:00:00,Differed Chargeback Raise,IPB,UOB,0,01-09-2024 00:00:00,0:0:0,953056678358,159332,9760895203606,7447683003525,,306.93,306.93,0,0,0,0,0,0,0,0,IPB/UOB/Differed Chargeback Raise/7431521588,Credit Adjustment,DRC_20240402_83.CSV,0,,0,,,,,,U2,COLLECT,9089177155874732964,9358866237120047589,,93374717329275,UOB,UOB,08e6b67cc7de0f3f324f6856,,RRC,109,2759,IDIR
6357637028,8643176606,01-09-2024 00:00:00,Response to Complaint,SBL,UOB,0,01-09-2024 00:00:00,0:0:0,058469913901,159332,9756851357597,7818723184495,,957.52,957.52,0,0,0,0,0,0,0,0,SBL/UOB/Response to Complaint/8643176606,UPI,DRC_20240402_83.CSV,0,,0,,,,,,U2,PAY,9039593606561051698,9332286975813264841,,93850605054304,UOB,UOB,b5a22bc219f1666cbe9f5196,,PBRB,U008,6137,IDIR
8313414922,7366995783,01-09-2024 00:00:00,Wrong Credit Chargeback Acceptance,SBL,BOM,R9,01-09-2024 00:00:00,0:0:0,995699185518,159332,9729536278262,7134074304201,,666.78,666.78,0,0,0,0,0,0,0,0,SBL/BOM/Wrong Credit Chargeback Acceptance/7366995783,DRC,DRC_20240402_83.CSV,0,,0,,,,,,U2,PAY,9040391578394963500,9385285443433789435,,93588038945090,BOM,BOM,d4390c881aeabdf9e38ef58e,,TCC,104,9744,IDIR
0776383963,3643320686,01-09-2024 00:00:00,Wrong Credit Chargeback Acceptance,SBL,FIB,RR,01-09-2024 00:00:00,0:0:0,372111246995,159332,9392224681931,7237813980124,,297.48,297.48,0,0,0,0,0,0,0,0,SBL/FIB/Wrong Credit Chargeback Acceptance/3643320686,UPI,DRC_20240402_83.CSV,0,,0,,,,,,U2,PAY,9089569886129462279,9388063620602297728,,93034319456120,FIB,FIB,dbd4413e27bcab3bee4f17ab,,TCC,104,3753,IDIR
2388735008,8797969960,01-09-2024 00:00:00,Debit Reversal Confirmation,INB,SBI,RR,01-09-2024 00:00:00,0:0:0,516840809093,159332,9403703539457,7623267906717,,353.08,353.08,0,0,0,0,0,0,0,0,INB/SBI/Debit Reversal Confirmation/8797969960,TCC,DRC_20240402_83.CSV,0,,0,,,,,,U2,PAY,9075050189329143916,9369346909114498048,,93983367182036,SBI,SBI,abcef0fe5fb15eb1c3ae4471,,DRC,104,8785,UMOB
2521545533,0978060340,01-09-2024 00:00:00,Fraud Chargeback Raise,APP,PNB,R9,01-09-2024 00:00:00,0:0:0,345582731685,159332,9516219879119,7983826476749,,768.04,768.04,0,0,0,0,0,0,0,0,APP/PNB/Fraud Chargeback Raise/0978060340,UPI,DRC_20240402_83.CSV,0,,0,,,,,,U2,PAY,9055655457387186767,9357936106196760237,,93257562112673,PNB,PNB,8bf0aecadbf98a3be6bd2e26,,DRC,U008,0420,UMOB
0689032886,4734118098,01-09-2024 00:00:00,Wrong Credit Chargeback Acceptance,SBL,UOB,RR,01-09-2024 00:00:00,0:0:0,134245020048,159332,9601288271563,7812762073456,,424.36,424.36,0,0,0,0,0,0,0,0,SBL/UOB/Wrong Credit Chargeback Acceptance/4734118098,RET,DRC_20240402_83.CSV,0,,0,,,,,,U2,PAY,9029751421834243998,9367872288029453806,,93649757536205,UOB,UOB,5d755baed228c8c135bcdaa5,,TCC,U008,9526,IDIR
3374519603,9897881491,01-09-2024 00:00:00,Chargeback Acceptance,SBL,IIB,0,01-09-2024 00:00:00,0:0:0,017695127607,159332,9802173131753,7299741940160,,706.26,706.26,0,0,0,0,0,0,0,0,SBL/IIB/Chargeback Acceptance/9897881491,UPI,DRC_20240402_83.CSV,0,,0,,,,,,U2,PAY,9005035034917281523,9397612010084583471,,93344971650774,IIB,IIB,def82a6a3a0e6cf6918b53e1,,TCC,501,0672,UMOB
4089305125,3079644880,01-09-2024 00:00:00,Refund Reversal Confirmation,SBL,APP,RB,01-09-2024 00:00:00,0:0:0,275332833229,159332,9602653840965,7005967550247,,633.11,633.11,0,0,0,0,0,0,0,0,SBL/APP/Refund Reversal Confirmation/3079644880,TCC,DRC_20240402_83.CSV,0,,0,,,,,,U2,COLLECT,9066638954439384235,9395461035614612181,,93394743196529,APP,APP,1ee79d0e7e9bfaa7a4adda02,,RRC,U008,4169,IDIR
7009063779,4013322622,01-09-2024 00:00:00,Complaint Raise,SBL,UOB,R9,01-09-2024 00:00:00,0:0:0,730261034796,159332,9895827865722,7152233922814,,197.16,197.16,0,0,0,0,0,0,0,0,SBL/UOB/Complaint Raise/4013322622,DRC,DRC_20240402_83.CSV,0,,0,,,,,,U2,PAY,9055100396588372687,9399716677446907022,,93034450404832,UOB,UOB,c75ac23f864e622bb11faeab,,PBRB,104,6088,UMOB
2741359366,5625020394,01-09-2024 00:00:00,Online Refund,YJU,BOM,RB,01-09-2024 00:00:00,0:0:0,868708230605,159332,9298974451598,7466078376578,,245.32,245.32,0,0,0,0,0,0,0,0,YJU/BOM/Online Refund/5625020394,Credit Adjustment,DRC_20240402_83.CSV,0,,0,,,,,,U2,PAY,9073776363071827160,9323066389408497545,,93162570863663,BOM,BOM,eaf0cf68ffa1e0eab07deb09,,RRC,103,5625,UMOB
4555131547,9793350648,01-09-2024 00:00:00,Chargeback Raise,SBL,INB,R9,01-09-2024 00:00:00,0:0:0,066817191887,159332,9801689422428,7751505294964,,425.05,425.05,0,0,0,0,0,0,0,0,SBL/INB/Chargeback Raise/9793350648,Credit Adjustment,DRC_20240402_83.CSV,0,,0,,,,,,U2,PAY,9029978864703018959,9310290877120384929,,93958196198216,INB,INB,efa4b5df18d1a103ce90b3ea,,PBRB,104,6925,UMOB
4848068106,1463155463,01-09-2024 00:00:00,Wrong Credit Chargeback Acceptance,SBL,YBS,R9,01-09-2024 00:00:00,0:0:0,257917032044,159332,9903049965443,7318495074769,,810.37,810.37,0,0,0,0,0,0,0,0,SBL/YBS/Wrong Credit Chargeback Acceptance/1463155463,Credit Adjustment,DRC_20240402_83.CSV,0,,0,,,,,,U2,COLLECT,9070377973181313870,9387738697213865573,,93712463936758,YBS,YBS,2e54c04f93dfaaedd0d70dee,,DRC,109,9715,UMOB
1904092241,0593566760,01-09-2024 00:00:00,Differed Chargeback Raise,SBL,BOB,RB,01-09-2024 00:00:00,0:0:0,265944776819,159332,9321973045039,7288229873477,,824.28,824.28,0,0,0,0,0,0,0,0,SBL/BOB/Differed Chargeback Raise/0593566760,TCC,DRC_20240402_83.CSV,0,,0,,,,,,U2,PAY,9091228474367147577,9352429384585067213,,93445620294979,BOB,BOB,d8a1e426f387b8aeec36e8e5,,RRC,108,4916,IDIR
9115730104,2975850443,01-09-2024 00:00:00,Wrong Credit Chargeback Raise,BOB,APP,RB,01-09-2024 00:00:00,0:0:0,549615203396,159332,9485571204644,7373574179195,,880.14,880.14,0,0,0,0,0,0,0,0,BOB/APP/Wrong Credit Chargeback Raise/2975850443,UPI,DRC_20240402_83.CSV,0,,0,,,,,,U2,PAY,9055479233513797975,9399307562104349795,,93224151182683,APP,APP,d420f2f317401a054048091a,,DRC,108,6231,IDIR
5165968546,3035850758,01-09-2024 00:00:00,Wrong Credit Chargeback Acceptance,SBL,UCO,R9,01-09-2024 00:00:00,0:0:0,454483856480,159332,9961742039583,7406607647890,,390.54,390.54,0,0,0,0,0,0,0,0,SBL/UCO/Wrong Credit Chargeback Acceptance/3035850758,UPI,DRC_20240402_83.CSV,0,,0,,,,,,U2,PAY,9079642311454120615,9309125779344587909,,93618928631894,UCO,UCO,b9dae6ecb4fcc7bd1fa7c1ef,,DRC,109,2335,IDIR
3015416572,7790958347,01-09-2024 00:00:00,Complaint Raise,SBL,HDF,RR,01-09-2024 00:00:00,0:0:0,503648293090,159332,9538168807167,7700317049387,,734.58,734.58,0,0,0,0,0,0,0,0,SBL/HDF/Complaint Raise/7790958347,DRC,DRC_20240402_83.CSV,0,,0,,,,,,U2,PAY,9056151668614327154,9350657133374395826,,93104317288809,HDF,HDF,2bfb258dacb603becc452e40,,RRC,109,9712,UMOB
6057687129,6360357541,01-09-2024 00:00:00,Complaint Raise,SBL,IOB,RB,01-09-2024 00:00:00,0:0:0,740423585754,159332,9734391002993,7558585154309,,359.55,359.55,0,0,0,0,0,0,0,0,SBL/IOB/Complaint Raise/6360357541,RET,DRC_20240402_83.CSV,0,,0,,,,,,U2,PAY,9087209025515601628,9375204999907784447,,93481772654368,IOB,IOB,fda80d043ce8fd2864dccd00,,PR2C,104,2055,UMOB
1642328667,6239283531,01-09-2024 00:00:00,Differed Chargeback Raise,PNB,ICI,RR,01-09-2024 00:00:00,0:0:0,631878540548,159332,9280586185573,7315462140419,,887.46,887.46,0,0,0,0,0,0,0,0,PNB/ICI/Differed Chargeback Raise/6239283531,UPI,DRC_20240402_83.CSV,0,,0,,,,,,U2,COLLECT,9076875285124083348,9321427044700279147,,93024420768567,ICI,ICI,f27ddae1498fa27daddd747c,,PBRB,103,6043,IDIR
4635032012,0930180867,01-09-2024 00:00:00,Differed Chargeback Raise,SBL,APP,RB,01-09-2024 00:00:00,0:0:0,896969205647,159332,9684248472958,7962835487510,,875.27,875.27,0,0,0,0,0,0,0,0,SBL/APP/Differed Chargeback Raise/0930180867,RET,DRC_20240402_83.CSV,0,,0,,,,,,U2,PAY,9007193388373708210,9399101624508254735,,93056690402704,APP,APP,5c4bef07d94e5cffb9bde25c,,RRC,108,7266,IDIR
6638115080,3536701960,01-09-2024 00:00:00,Chargeback Acceptance,ICI,YES,R9,01-09-2024 00:00:00,0:0:0,522503241696,159332,9141515307127,7939805178135,,479.25,479.25,0,0,0,0,0,0,0,0,ICI/YES/Chargeback Acceptance/3536701960,UPI,DRC_20240402_83.CSV,0,,0,,,,,,U2,COLLECT,9066796988039189992,9393669712123526263,,93032789948182,YES,YES,f0b3a6bf9a8ae2559bd1934d,,PBRB,U010,5858,UMOB
7732122416,0050161309,01-09-2024 00:00:00,Complaint Raise,SBL,BOM,RB,01-09-2024 00:00:00,0:0:0,547812361644,159332,9304906106304,7965779924570,,592.60,592.60,0,0,0,0,0,0,0,0,SBL/BOM/Complaint Raise/0050161309,RET,DRC_20240402_83.CSV,0,,0,,,,,,U2,COLLECT,9005806248103793887,9392264940902338512,,93731176496046,BOM,BOM,ad433ddfd331bbc2d0cacf08,,RRC,108,1174,UMOB
6403877796,3933609708,01-09-2024 00:00:00,Complaint Raise,SBL,INB,R9,01-09-2024 00:00:00,0:0:0,686078744050,159332,9646052575358,7982879610442,,834.58,834.58,0,0,0,0,0,0,0,0,SBL/INB/Complaint Raise/3933609708,TCC,DRC_20240402_83.CSV,0,,0,,,,,,U2,PAY,9085086048171784152,9321784826172433679,,93309279558210,INB,INB,31f1c7f147f0814db3b7a03c,,PR2C,102,6502,UMOB
1532090509,9607853162,01-09-2024 00:00:00,Chargeback Acceptance,SBL,BOB,RB,01-09-2024 00:00:00,0:0:0,366895909246,159332,9888091433319,7848037202166,,200.74,200.74,0,0,0,0,0,0,0,0,SBL/BOB/Chargeback Acceptance/9607853162,TCC,DRC_20240402_83.CSV,0,,0,,,,,,U2,COLLECT,9009321538690828498,9340256962191348440,,93257985552529,BOB,BOB,fa689aba1f8ac8a7fbc73177,,RRC,109,8171,UMOB
6487497092,5473889091,01-09-2024 00:00:00,Fraud Chargeback Raise,ARL,ARL,R9,01-09-2024 00:00:00,0:0:0,325198721199,159332,9899979350884,7847568713525,,537.94,537.94,0,0,0,0,0,0,0,0,ARL/ARL/Fraud Chargeback Raise/5473889091,TCC,DRC_20240402_83.CSV,0,,0,,,,,,U2,COLLECT,9096035410185208978,9325500736954074314,,93806588137801,ARL,ARL,aefa04cfef49491dbac5b11e,,PBRB,102,1601,UMOB
4225100207,1417692979,01-09-2024 00:00:00,TCC,CNB,YES,RB,01-09-2024 00:00:00,0:0:0,012867450707,159332,9238533954847,7754027946855,,678.64,678.64,0,0,0,0,0,0,0,0,CNB/YES/TCC/1417692979,DRC,DRC_20240402_83.CSV,0,,0,,,,,,U2,COLLECT,9025044956035949406,9321309470295405414,,93429855458230,YES,YES,0ddb1eca33a00f9bdecdbfbf,,PR2C,108,3699,IDIR
8361373616,7162950564,01-09-2024 00:00:00,Complaint Raise,SBL,BDN,RR,01-09-2024 00:00:00,0:0:0,220984266685,159332,9784868977836,7818435731625,,553.71,553.71,0,0,0,0,0,0,0,0,SBL/BDN/Complaint Raise/7162950564,TCC,DRC_20240402_83.CSV,0,,0,,,,,,U2,PAY,9094167230279858219,9306930565394592969,,93811058820296,BDN,BDN,3ecbff31c8bd2e14f8df1d2e,,PBRB,109,5391,UMOB
1324035767,0632818638,01-09-2024 00:00:00,Fraud Chargeback Raise,INB,FBL,RB,01-09-2024 00:00:00,0:0:0,585542763909,159332,9077697317229,7696608685752,,131.21,131.21,0,0,0,0,0,0,0,0,INB/FBL/Fraud Chargeback Raise/0632818638,RET,DRC_20240402_83.CSV,0,,0,,,,,,U2,COLLECT,9024576621206453354,9393831964443982803,,93338412322165,FBL,FBL,31d3ed2b58f05af2e75aeb8c,,TCC,U010,7658,IDIR
3175066833,0165952499,01-09-2024 00:00:00,Fraud Chargeback Representment,SBL,INB,RR,01-09-2024 00:00:00,0:0:0,775241382225,159332,9855644950545,7196776451696,,184.77,184.77,0,0,0,0,0,0,0,0,SBL/INB/Fraud Chargeback Representment/0165952499,TCC,DRC_20240402_83.CSV,0,,0,,,,,,U2,COLLECT,9030367975145069050,9397521394555573583,,93107150245656,INB,INB,10cf0dba545c935dafef06aa,,TCC,U010,2841,IDIR
3000778078,2864773950,01-09-2024 00:00:00,Fraud Chargeback Raise,INB,SBI,RB,01-09-2024 00:00:00,0:0:0,867308585875,159332,9440852301793,7575182800754,,802.70,802.70,0,0,0,0,0,0,0,0,INB/SBI/Fraud Chargeback Raise/2864773950,UPI,DRC_20240402_83.CSV,0,,0,,,,,,U2,PAY,9001950633448287573,9344645838734231709,,93454022202865,SBI,SBI,21c9aabdc2d6cbebe12a6d7f,,RRC,103,2784,UMOB
8954909380,2352404137,01-09-2024 00:00:00,Fraud Chargeback Raise,SBL,FIB,RB,01-09-2024 00:00:00,0:0:0,954261968341,159332,9984950190008,7683205085087,,545.09,545.09,0,0,0,0,0,0,0,0,SBL/FIB/Fraud Chargeback Raise/2352404137,UPI,DRC_20240402_83.CSV,0,,0,,,,,,U2,PAY,9062087293324391368,9356559226153638366,,93171747277041,FIB,FIB,2e6495aed07a0ef6b59efb47,,DRC,102,5088,UMOB
4386851841,7319729738,01-09-2024 00:00:00,Differed Re-presentment Raise,SBL,YJU,R9,01-09-2024 00:00:00,0:0:0,761549050185,159332,9653754424624,7190380968238,,770.44,770.44,0,0,0,0,0,0,0,0,SBL/YJU/Differed Re-presentment Raise/7319729738,TCC,DRC_20240402_83.CSV,0,,0,,,,,,U2,PAY,9067618446686914605,9398346748668735506,,93640490312729,YJU,YJU,83e9f70ab27ca1ffed10fd11,,PBRB,U010,2251,IDIR
7989662312,8320992745,01-09-2024 00:00:00,Online Refund,SBL,UCO,RR,01-09-2024 00:00:00,0:0:0,734259644778,159332,9850108787237,7845282811573,,185.43,185.43,0,0,0,0,0,0,0,0,SBL/UCO/Online Refund/8320992745,Credit Adjustment,DRC_20240402_83.CSV,0,,0,,,,,,U2,PAY,9094926106820960095,9375890331883406181,,93008239030629,UCO,UCO,b077c16e96fe6a4d08d589f8,,DRC,501,6852,UMOB
2457956597,4836593401,01-09-2024 00:00:00,Complaint Raise,KMB,INB,RR,01-09-2024 00:00:00,0:0:0,826947801443,159332,9604279381705,7637356366711,,416.48,416.48,0,0,0,0,0,0,0,0,KMB/INB/Complaint Raise/4836593401,RET,DRC_20240402_83.CSV,0,,0,,,,,,U2,PAY,9065206869189088280,9338921117740458711,,93608798708771,INB,INB,f4bed2eccc95406841f1eaba,,PR2C,U010,7368,IDIR
7008040225,4827823341,01-09-2024 00:00:00,Complaint Raise,HDF,BDN,RR,01-09-2024 00:00:00,0:0:0,616654077709,159332,9360474553859,7421046478610,,660.94,660.94,0,0,0,0,0,0,0,0,HDF/BDN/Complaint Raise/4827823341,UPI,DRC_20240402_83.CSV,0,,0,,,,,,U2,COLLECT,9002266907580035489,9313741890854925533,,93638185461126,BDN,BDN,4acdb6bc1e3ae80195aedfcd,,PBRB,102,3445,IDIR
4144943122,7315354949,01-09-2024 00:00:00,Credit Adjustment,SBL,IIB,RB,01-09-2024 00:00:00,0:0:0,328584219521,159332,9637776480571,7418125103565,,947.00,947.00,0,0,0,0,0,0,0,0,SBL/IIB/Credit Adjustment/7315354949,TCC,DRC_20240402_83.CSV,0,,0,,,,,,U2,PAY,9093075259482070469,9333529332145872939,,93459144371872,IIB,IIB,af4c45f5e47cac0ca8de7aea,,PR2C,109,1298,UMOB
4720711450,1778175077,01-09-2024 00:00:00,Fraud Chargeback Raise,ICI,CBI,RB,01-09-2024 00:00:00,0:0:0,122465993626,159332,9620895593192,7652927450622,,144.06,144.06,0,0,0,0,0,0,0,0,ICI/CBI/Fraud Chargeback Raise/1778175077,UPI,DRC_20240402_83.CSV,0,,0,,,,,,U2,PAY,9074208062388595797,9349578555127087576,,93545795351536,CBI,CBI,cc8188d68165d5f20deed153,,DRC,108,2522,IDIR
2146328950,5757359086,01-09-2024 00:00:00,Response to Complaint,AXB,BOM,0,01-09-2024 00:00:00,0:0:0,627617261659,159332,9023159541216,7366354825673,,74.93,74.93,0,0,0,0,0,0,0,0,AXB/BOM/Response to Complaint/5757359086,UPI,DRC_20240402_83.CSV,0,,0,,,,,,U2,COLLECT,9019934831197095237,9366718646954932358,,93308216548372,BOM,BOM,5ba9931453db67ad83c32e74,,DRC,501,9834,UMOB
6207387850,6910265036,01-09-2024 00:00:00,Complaint Raise,SBL,KVB,RB,01-09-2024 00:00:00,0:0:0,477369086115,159332,9073274726094,7136729707753,,229.84,229.84,0,0,0,0,0,0,0,0,SBL/KVB/Complaint Raise/6910265036,DRC,DRC_20240402_83.CSV,0,,0,,,,,,U2,COLLECT,9073352318152183335,9345442393650232937,,93364030840116,KVB,KVB,17f76fd0b09ab8e3dcc23ede,,RRC,108,5999,IDIR
2073090839,7709428339,01-09-2024 00:00:00,Wrong Credit Chargeback Acceptance,SBL,ARL,R9,01-09-2024 00:00:00,0:0:0,240655303789,159332,9319850409754,7835203760857,,761.30,761.30,0,0,0,0,0,0,0,0,SBL/ARL/Wrong Credit Chargeback Acceptance/7709428339,RET,DRC_20240402_83.CSV,0,,0,,,,,,U2,COLLECT,9022920055385274361,9370854524641795274,,93730420178733,ARL,ARL,644746c16cb5f9e6997fa623,,PR2C,103,6379,UMOB
1374897654,9643951532,01-09-2024 00:00:00,Re-presentment Raise,SBL,CNB,RR,01-09-2024 00:00:00,0:0:0,213605935284,159332,9747380657675,7034358983902,,277.65,277.65,0,0,0,0,0,0,0,0,SBL/CNB/Re-presentment Raise/9643951532,RET,DRC_20240402_83.CSV,0,,0,,,,,,U2,COLLECT,9033325510760419303,9343313426383234471,,93991177599147,CNB,CNB,28d0f86a58df1a6653e4daba,,PBRB,501,6201,UMOB
5698298983,0560305115,01-09-2024 00:00:00,Differed Chargeback Raise,SBL,YJU,RB,01-09-2024 00:00:00,0:0:0,439924296679,159332,9890024265829,7575271843005,,435.91,435.91,0,0,0,0,0,0,0,0,SBL/YJU/Differed Chargeback Raise/0560305115,DRC,DRC_20240402_83.CSV,0,,0,,,,,,U2,PAY,9072372096594605927,9340125396909447677,,93459066555103,YJU,YJU,4a6863eca17ecebe1cfaaf4f,,PR2C,103,6968,UMOB
2382616444,8982501797,01-09-2024 00:00:00,RET,SBL,IDB,RB,01-09-2024 00:00:00,0:0:0,308478191002,159332,9813100910135,7861448282423,,484.40,484.40,0,0,0,0,0,0,0,0,SBL/IDB/RET/8982501797,RET,DRC_20240402_83.CSV,0,,0,,,,,,U2,PAY,9028061762133314306,9362610806920559585,,93403237152018,IDB,IDB,8d22adc8bcfc4e26e350f6bd,,PBRB,102,4570,UMOB
5578198744,2968129180,01-09-2024 00:00:00,Response to Complaint,SBL,SBI,0,01-09-2024 00:00:00,0:0:0,260600214839,159332,9517256465576,7269424138623,,711.46,711.46,0,0,0,0,0,0,0,0,SBL/SBI/Response to Complaint/2968129180,RET,DRC_20240402_83.CSV,0,,0,,,,,,U2,PAY,9083219972728586636,9355047483032916164,,93036269652076,SBI,SBI,151d6edc0e78bdef3f1e7d4a,,PR2C,102,8936,IDIR
7184040187,8998196956,01-09-2024 00:00:00,Differed Re-presentment Raise,APP,AXB,R9,01-09-2024 00:00:00,0:0:0,089613365322,159332,9936793406617,7520832040892,,305.46,305.46,0,0,0,0,0,0,0,0,APP/AXB/Differed Re-presentment Raise/8998196956,RET,DRC_20240402_83.CSV,0,,0,,,,,,U2,PAY,9064071163519364403,9361900482114309501,,93351591647433,AXB,AXB,0c5a9131cebceccc4a9fc1be,,PBRB,109,5324,IDIR
0023561825,5105466141,01-09-2024 00:00:00,Differed Chargeback Raise,KMB,SIB,R9,01-09-2024 00:00:00,0:0:0,062507437704,159332,9111086099751,7564322913905,,81.14,81.14,0,0,0,0,0,0,0,0,KMB/SIB/Differed Chargeback Raise/5105466141,DRC,DRC_20240402_83.CSV,0,,0,,,,,,U2,PAY,9087791630266585270,9369374890779609607,,93155444409879,SIB,SIB,f402011daafc4040fba97413,,TCC,103,9788,IDIR
1022357018,7481372199,01-09-2024 00:00:00,Wrong credit Representment,SBL,IDB,R9,01-09-2024 00:00:00,0:0:0,967751446862,159332,9457520451184,7292312329626,,72.73,72.73,0,0,0,0,0,0,0,0,SBL/IDB/Wrong credit Representment/7481372199,UPI,DRC_20240402_83.CSV,0,,0,,,,,,U2,PAY,9026976600920323697,9343683330447916843,,93807311616960,IDB,IDB,1b58f669c3db3cfd2cae4bfc,,DRC,108,7205,UMOB
7868726448,9379732191,01-09-2024 00:00:00,Differed Re-presentment Raise,IPB,UOB,0,01-09-2024 00:00:00,0:0:0,533394240887,159332,9828617097349,7412544326096,,996.71,996.71,0,0,0,0,0,0,0,0,IPB/UOB/Differed Re-presentment Raise/9379732191,Credit Adjustment,DRC_20240402_83.CSV,0,,0,,,,,,U2,COLLECT,9017832145368642030,9399065591478478285,,93231323261493,UOB,UOB,2a9564c3bbedd0bae94a1fdb,,RRC,109,0682,IDIR
6286618770,2315577887,01-09-2024 00:00:00,Complaint Raise,SBL,AXB,RB,01-09-2024 00:00:00,0:0:0,967451761795,159332,9689484688076,7889132494872,,895.32,895.32,0,0,0,0,0,0,0,0,SBL/AXB/Complaint Raise/2315577887,RET,DRC_20240402_83.CSV,0,,0,,,,,,U2,PAY,9021367793082894619,9380915233908596594,,93581816509972,AXB,AXB,7bc0a0ea77ef90dfee8cbb63,,TCC,109,1264,UMOB
5310108927,8523994162,01-09-2024 00:00:00,Wrong Credit Chargeback Acceptance,SBL,UCO,R9,01-09-2024 00:00:00,0:0:0,766010619682,159332,9520475233350,7301805368695,,605.20,605.20,0,0,0,0,0,0,0,0,SBL/UCO/Wrong Credit Chargeback Acceptance/8523994162,UPI,DRC_20240402_83.CSV,0,,0,,,,,,U2,COLLECT,9068525360195788078,9317372727724232221,,93673295255120,UCO,UCO,1a84ab5e22eec3ff23a32bb7,,DRC,108,8007,IDIR
6188286467,0841815925,01-09-2024 00:00:00,TCC,SBL,ARL,0,01-09-2024 00:00:00,0:0:0,318834154452,159332,9792619563222,7268072791891,,872.60,872.60,0,0,0,0,0,0,0,0,SBL/ARL/TCC/0841815925,UPI,DRC_20240402_83.CSV,0,,0,,,,,,U2,PAY,9087417969000000411,9396166253361768829,,93343237407404,ARL,ARL,2cac41af321527da55ddb725,,DRC,U008,8180,IDIR
7232315529,9171782743,01-09-2024 00:00:00,Fraud Chargeback Representment,SBL,AXB,RR,01-09-2024 00:00:00,0:0:0,060305788411,159332,9542994065736,7381104068664,,600.05,600.05,0,0,0,0,0,0,0,0,SBL/AXB/Fraud Chargeback Representment/9171782743,TCC,DRC_20240402_83.CSV,0,,0,,,,,,U2,COLLECT,9026935138118083993,9373171832908220529,,93009851968546,AXB,AXB,2fa2c30b6e5b0fb13e921109,,PR2C,109,1276,UMOB
4068911257,9462845512,01-09-2024 00:00:00,Chargeback Raise,BOI,IDC,RR,01-09-2024 00:00:00,0:0:0,679985462985,159332,9357109649535,7243359418740,,853.25,853.25,0,0,0,0,0,0,0,0,BOI/IDC/Chargeback Raise/9462845512,RET,DRC_20240402_83.CSV,0,,0,,,,,,U2,PAY,9003902135994184237,9312648449648125091,,93411942748306,IDC,IDC,95aaee66876dbc8c3bcadbea,,DRC,U010,7841,UMOB
4032718639,8313483276,01-09-2024 00:00:00,Refund Reversal Confirmation,SBL,MBK,0,01-09-2024 00:00:00,0:0:0,078871521916,159332,9956401885793,7055217130908,,588.59,588.59,0,0,0,0,0,0,0,0,SBL/MBK/Refund Reversal Confirmation/8313483276,UPI,DRC_20240402_83.CSV,0,,0,,,,,,U2,PAY,9072548026078881487,9369949361631483074,,93162435542862,MBK,MBK,de67cc02b912acecceece34e,,PBRB,501,7897,UMOB
4033693241,8548313236,01-09-2024 00:00:00,Wrong Credit Chargeback Raise,AXB,IDB,R9,01-09-2024 00:00:00,0:0:0,520296985578,159332,9536465725539,7590927839285,,315.66,315.66,0,0,0,0,0,0,0,0,AXB/IDB/Wrong Credit Chargeback Raise/8548313236,Credit Adjustment,DRC_20240402_83.CSV,0,,0,,,,,,U2,COLLECT,9060693581722483370,9362100029819444161,,93307161469819,IDB,IDB,fcbc8bef2fbacbbbc8b7c9da,,RRC,102,9922,UMOB
6905933192,8035588948,01-09-2024 00:00:00,Wrong Credit Chargeback Raise,SBL,APP,R9,01-09-2024 00:00:00,0:0:0,745935237170,159332,9338040381612,7169584380712,,32.81,32.81,0,0,0,0,0,0,0,0,SBL/APP/Wrong Credit Chargeback Raise/8035588948,Credit Adjustment,DRC_20240402_83.CSV,0,,0,,,,,,U2,PAY,9071408142539689119,9388603643315578484,,93971888636592,APP,APP,80eb64fce09deccbbdbeb3e2,,PBRB,501,2083,IDIR
5579565909,4784054818,01-09-2024 00:00:00,Wrong Credit Chargeback Acceptance,SBL,MBK,R9,01-09-2024 00:00:00,0:0:0,513644566057,159332,9683117539378,7631697152752,,642.06,642.06,0,0,0,0,0,0,0,0,SBL/MBK/Wrong Credit Chargeback Acceptance/4784054818,Credit Adjustment,DRC_20240402_83.CSV,0,,0,,,,,,U2,COLLECT,9048341749236643006,9360015219813680677,,93481766794961,MBK,MBK,89b0a91b0a77c71eb57e2275,,PBRB,102,1996,IDIR
3874194262,6950952084,01-09-2024 00:00:00,Response to Complaint,SBL,YJU,RR,01-09-2024 00:00:00,0:0:0,430833782192,159332,9975124970090,7415435139637,,297.15,297.15,0,0,0,0,0,0,0,0,SBL/YJU/Response to Complaint/6950952084,TCC,DRC_20240402_83.CSV,0,,0,,,,,,U2,PAY,9028690651292783540,9380215762059626736,,93102965999381,YJU,YJU,4ac09e39edb864e3cedfb5be,,PBRB,108,8450,IDIR
1666970257,7891367707,01-09-2024 00:00:00,Chargeback Raise,SBL,IDC,RB,01-09-2024 00:00:00,0:0:0,632266549300,159332,9070067769373,7399462100675,,371.64,371.64,0,0,0,0,0,0,0,0,SBL/IDC/Chargeback Raise/7891367707,DRC,DRC_20240402_83.CSV,0,,0,,,,,,U2,PAY,9091345645309856306,9333912597441644695,,93861778554661,IDC,IDC,c3ac5b757ac4acaef4b9e2b0,,RRC,102,6059,UMOB
1069000543,8617584498,01-09-2024 00:00:00,Wrong credit Representment,KMB,YJU,R9,01-09-2024 00:00:00,0:0:0,014236391635,159332,9040145052867,7067671971591,,182.80,182.80,0,0,0,0,0,0,0,0,KMB/YJU/Wrong credit Representment/8617584498,DRC,DRC_20240402_83.CSV,0,,0,,,,,,U2,PAY,9029635883138484713,9300348420836496083,,93530750022701,YJU,YJU,1a4ea61f9a02c74bbdfcb498,,PBRB,U008,3218,IDIR
6231372719,9785110791,01-09-2024 00:00:00,Wrong credit Representment,SBL,IIB,R9,01-09-2024 00:00:00,0:0:0,461586199429,159332,9999398315167,7746345727558,,528.65,528.65,0,0,0,0,0,0,0,0,SBL/IIB/Wrong credit Representment/9785110791,Credit Adjustment,DRC_20240402_83.CSV,0,,0,,,,,,U2,PAY,9005768286137597174,9311065909681595865,,93051916843209,IIB,IIB,2becc62d1b60f6a692371422,,PR2C,109,0199,IDIR
6698915794,5536637613,01-09-2024 00:00:00,Wrong Credit Chargeback Raise,SBL,FIB,RR,01-09-2024 00:00:00,0:0:0,033230453599,159332,9091885416912,7449228636436,,606.35,606.35,0,0,0,0,0,0,0,0,SBL/FIB/Wrong Credit Chargeback Raise/5536637613,Credit Adjustment,DRC_20240402_83.CSV,0,,0,,,,,,U2,PAY,9019932447575690217,9350235256122233335,,93656063185425,FIB,FIB,f8abad8b45dfa3eb0d0e127e,,RRC,109,8239,UMOB
6385890105,8783103083,01-09-2024 00:00:00,Response to Complaint,SBL,MBK,R9,01-09-2024 00:00:00,0:0:0,757360052156,159332,9648018629802,7136454318180,,602.28,602.28,0,0,0,0,0,0,0,0,SBL/MBK/Response to Complaint/8783103083,RET,DRC_20240402_83.CSV,0,,0,,,,,,U2,PAY,9094733307667376696,9336960998464702261,,93707188519054,MBK,MBK,bdc3eed3fe4ced70d8cd76b8,,PR2C,501,5542,UMOB
3716113896,7604939143,01-09-2024 00:00:00,Credit Adjustment,SBL,YJU,R9,01-09-2024 00:00:00,0:0:0,651591296853,159332,9837632969022,7264221573663,,969.48,969.48,0,0,0,0,0,0,0,0,SBL/YJU/Credit Adjustment/7604939143,UPI,DRC_20240402_83.CSV,0,,0,,,,,,U2,COLLECT,9062533704925362290,9333925584177231728,,93299543422026,YJU,YJU,9e600cf5ea0e714ae31b6807,,DRC,102,6159,IDIR
9656645648,5442940958,01-09-2024 00:00:00,Differed Chargeback Raise,SBL,YOM,RR,01-09-2024 00:00:00,0:0:0,727112974298,159332,9119256355211,7904344088760,,183.08,183.08,0,0,0,0,0,0,0,0,SBL/YOM/Differed Chargeback Raise/5442940958,DRC,DRC_20240402_83.CSV,0,,0,,,,,,U2,PAY,9088948212509564065,9301723635749994460,,93615966317690,YOM,YOM,d6bffaf2dc93bd189aa38c5c,,PR2C,U010,4345,UMOB
8602968977,0789035971,01-09-2024 00:00:00,Complaint Raise,APP,SIB,0,01-09-2024 00:00:00,0:0:0,236470045789,159332,9450546561365,7341960295875,,944.30,944.30,0,0,0,0,0,0,0,0,APP/SIB/Complaint Raise/0789035971,UPI,DRC_20240402_83.CSV,0,,0,,,,,,U2,COLLECT,9066437949514220908,9371226756973586242,,93362065510062,SIB,SIB,de237b0c1d5e97e8d7b8460d,,PR2C,103,1460,UMOB
0742708433,7382150679,01-09-2024 00:00:00,Wrong credit Representment,SBL,YES,RB,01-09-2024 00:00:00,0:0:0,679145999159,159332,9471236961234,7096947619783,,296.56,296.56,0,0,0,0,0,0,0,0,SBL/YES/Wrong credit Representment/7382150679,UPI,DRC_20240402_83.CSV,0,,0,,,,,,U2,COLLECT,9019656093334850807,9304951871217363824,,93679398378278,YES,YES,8f40e9df8ea2cfdfc1fdeda1,,PBRB,103,5522,UMOB
8902286043,0359913128,01-09-2024 00:00:00,Wrong credit Representment,SBL,FIB,RR,01-09-2024 00:00:00,0:0:0,239517157082,159332,9940753864857,7460812640624,,252.05,252.05,0,0,0,0,0,0,0,0,SBL/FIB/Wrong credit Representment/0359913128,UPI,DRC_20240402_83.CSV,0,,0,,,,,,U2,PAY,9034208749874069324,9399196166111519710,,93323727615962,FIB,FIB,928da2f1dd194aaf8a8add7d,,TCC,102,3802,IDIR
0713084863,4884776100,01-09-2024 00:00:00,Wrong Credit Chargeback Raise,ICI,IOB,RR,01-09-2024 00:00:00,0:0:0,151617987738,159332,9782134143145,7452299526895,,568.95,568.95,0,0,0,0,0,0,0,0,ICI/IOB/Wrong Credit Chargeback Raise/4884776100,TCC,DRC_20240402_83.CSV,0,,0,,,,,,U2,COLLECT,9081485623071405555,9387358529273032455,,93762336723829,IOB,IOB,dcc7807957cfb1b1d6cea1e7,,PR2C,108,8233,UMOB
8667681556,9532948888,01-09-2024 00:00:00,TCC,FBL,BOM,RB,01-09-2024 00:00:00,0:0:0,060060950760,159332,9070457835642,7107064338840,,249.22,249.22,0,0,0,0,0,0,0,0,FBL/BOM/TCC/9532948888,Credit Adjustment,DRC_20240402_83.CSV,0,,0,,,,,,U2,COLLECT,9000178077430414931,9306069090617425240,,93541802855371,BOM,BOM,b2690f7419c7dfca79c7418f,,PR2C,U008,2502,UMOB
8998992137,4193586561,01-09-2024 00:00:00,Wrong Credit Chargeback Raise,SBL,ICI,RB,01-09-2024 00:00:00,0:0:0,007531813493,159332,9619304674580,7688358474014,,770.77,770.77,0,0,0,0,0,0,0,0,SBL/ICI/Wrong Credit Chargeback Raise/4193586561,TCC,DRC_20240402_83.CSV,0,,0,,,,,,U2,PAY,9056225292634714159,9325587855888301965,,93895245647682,ICI,ICI,4acafdce8fc2b9922f61a2ac,,DRC,501,5097,UMOB
0185050819,2119097360,01-09-2024 00:00:00,Wrong Credit Chargeback Acceptance,SBL,IOB,R9,01-09-2024 00:00:00,0:0:0,258611895372,159332,9409435290428,7740053626041,,443.58,443.58,0,0,0,0,0,0,0,0,SBL/IOB/Wrong Credit Chargeback Acceptance/2119097360,TCC,DRC_20240402_83.CSV,0,,0,,,,,,U2,PAY,9043393062620734630,9387281319506983308,,93027705245237,IOB,IOB,7cfce00ccb05dc8821aba73e,,PR2C,U010,4852,IDIR
1255814428,5499823136,01-09-2024 00:00:00,Differed Chargeback Raise,AXB,BOM,RB,01-09-2024 00:00:00,0:0:0,118039635865,159332,9643495004200,7458791712692,,101.95,101.95,0,0,0,0,0,0,0,0,AXB/BOM/Differed Chargeback Raise/5499823136,DRC,DRC_20240402_83.CSV,0,,0,,,,,,U2,PAY,9032708369419840296,9378575087471673956,,93631179733774,BOM,BOM,e17deb3f9bc3aea6cdb6e10c,,DRC,102,5130,UMOB
1949213633,5374918881,01-09-2024 00:00:00,Re-presentment Raise,SBL,FIB,R9,01-09-2024 00:00:00,0:0:0,181446518457,159332,9048415085154,7192295631976,,7.72,7.72,0,0,0,0,0,0,0,0,SBL/FIB/Re-presentment Raise/5374918881,UPI,DRC_20240402_83.CSV,0,,0,,,,,,U2,COLLECT,9030755181946482404,9349767719541010645,,93967504825363,FIB,FIB,45e9fc98cd8ab91dadb4a4cd,,PR2C,U010,2376,UMOB
1121077988,6423621936,01-09-2024 00:00:00,Differed Chargeback Raise,YES,BOM,RB,01-09-2024 00:00:00,0:0:0,551315049816,159332,9801284218289,7990023395668,,97.27,97.27,0,0,0,0,0,0,0,0,YES/BOM/Differed Chargeback Raise/6423621936,TCC,DRC_20240402_83.CSV,0,,0,,,,,,U2,PAY,9099217889561997193,9344373115752814976,,93364237616319,BOM,BOM,eeaccab296d3d7adc7e3efd0,,PBRB,108,5990,UMOB
