NPCI_TXN_TYPE,NPCI_STATUS,TXNID,RRN,NPCI_CODE,DATE,TIME,AMOUNT,A,B,C,D,PSP,E,PAYER_VPA,F,MCC,PAYEE_VPA,G,H,I,J,K,L,M,N
TX,U2,a15ba49582c894c8bbcfd82d,524523320562,RB,090224,055709,31021,,1,1,0,HDF,0,Verdie_Wolf45@rapl,IDC,5411,finopay.bulkstore@timecosmos,SMB,SBM2321311,1,26153697877,CNB,BOM8928573,2,24695239343
TX,U2,04aba9ce3e6c55f6cc22bea8,847828810904,Z7,090224,222249,9409,,1,1,0,KMB,0,Tyrique_Nienow@okicici,BOB,5814,razorpay.vegetarian@timecosmos,SMB,SBM4166502,1,26440056690,IPB,FBL8277183,2,56656538656
TX,U2,ca477a6c905309b15abb859d,500425617014,Z9,090224,063709,15957,,1,1,0,FBL,0,Enos.Koelpin@okhdfcbank,BOM,5411,finopay.marketplace@timecosmos,SMB,SBM9019141,1,57442946154,KTP,IDC8964186,2,53743689918
TX,U2,df7edccd3ee15edeeb4f0e11,071865000788,Z7,090224,150717,26933,,1,1,0,IIB,0,Aliya.Donnelly@axisb,IOB,5411,finopay.dailygrocer@timecosmos,SMB,SBM3792792,1,88882098941,YES,IDB9932491,2,30598325203
TX,U2,063fbfee58ccc16e228a0eaa,141969567094,Z7,090224,213847,60736,,1,1,0,IOB,0,Joannie.Johnston@axl,SIB,5816,airpay.scooter@timecosmos,SMB,SBM1431866,1,09395131763,UCO,UCO7974971,2,90029687220
TX,U2,7dcc41d36ce6eaf44b2adb80,652493580849,00,090224,161825,98858,,1,1,0,FIB,0,Bernice_Ullrich@abfspay,APP,5814,razorpay.dessert@timecosmos,SMB,SBM7104693,1,27490005968,BDN,IPB4000957,2,33006639856
TX,U2,582adf13c31df3dbf0aa8f9e,693243442169,0,090224,161702,92124,,1,1,0,HDF,0,Micheal_Lebsack2@abfspay,UCO,5411,finopay.bulkstore@timecosmos,SMB,SBM5969460,1,77016083588,FBL,CNB5271843,2,33227581751
TX,U2,80bdf64f7e5fa47ecad7be6f,151729897584,0,090224,024200,4931,,1,1,0,AXB,0,Otho84@rapl,KVB,5814,razorpay.burger@timecosmos,SMB,SBM9105914,1,82801188155,CNB,BOI1543545,2,17075746983
TX,U2,75bcf9bee116da8ec38d260f,673040671952,Z7,090224,115929,34915,,1,1,0,YOM,0,Cecil.Shanahan23@apl,FIB,5814,razorpay.vegetarian@timecosmos,SMB,SBM3394822,1,54054473070,BOI,UOB5430475,2,96834376794
TX,U2,bae75e37dff4488dfeaa56c5,283822260607,00,090224,022624,52245,,1,1,0,SBI,0,Odie27@oksbi,YJU,5816,airpay.car@timecosmos,SMB,SBM0577498,1,75886209850,SIB,IIB3024596,2,84181496821
TX,U2,4fd7891db3819f2eb9719dee,540548904522,Z9,090224,061200,45839,,1,1,0,SBI,0,Dee_Kertzmann89@abfspay,YBS,5814,razorpay.tacos@timecosmos,SMB,SBM3067410,1,21493477356,CBI,KMB8886460,2,30777232132
TX,U2,ffbaf28e47eb42babbe38b32,462438850866,0,090224,151406,70830,,1,1,0,YOM,0,Amelie70@axisb,YJU,5814,razorpay.vegetarian@timecosmos,SMB,SBM3893062,1,31682851864,IIB,MBK1812707,2,28948282035
TX,U2,346c1ad8c9ff8cccdbfc5ffb,781903614048,RB,090224,103945,4074,,1,1,0,FIB,0,Okey_Mertz6@apl,APP,4814,jiopay.cable@timecosmos,SMB,SBM6254646,1,01678748583,YBS,IDB3757785,2,56442186500
TX,U2,90e2b96efcfed873c52b0b59,448230773001,Z9,090224,101018,52979,,1,1,0,GTI,0,Ellen_Mante49@axisb,BDN,4814,jiopay.wireless@timecosmos,SMB,SBM0715133,1,42026499009,BDN,IIB6997346,2,79602157380
TX,U2,bb7d56a0e6e52ec439fc1be5,379532951445,Z7,090224,234249,66437,,1,1,0,IDB,0,Dillon73@yesg,IPB,4814,jiopay.fiber@timecosmos,SMB,SBM1809006,1,01376944477,BOM,MBK5270069,2,51743570568
TX,U2,8ebb4cfcd827cedabdc46fd5,288011734230,Z7,090224,074751,79508,,1,1,0,SIB,0,Carmela.Roob25@apl,BDN,4722,tripay.escape@timecosmos,SMB,SBM0539011,1,82579035424,BOI,KTP7061414,2,81474111114
TX,U2,a80e480de106b3ba7fb5bfa8,969515575668,RB,090224,235447,22871,,1,1,0,BDN,0,Jacynthe.Strosin@oksbi,UCO,5816,airpay.helmet@timecosmos,SMB,SBM2228048,1,03923065109,CNB,YES1766441,2,47121357938
TX,U2,eb66e949bed6071f226ea4c2,327738663416,00,090224,045626,2123,,1,1,0,FIB,0,Daron56@rapl,PNB,5814,razorpay.dessert@timecosmos,SMB,SBM0362555,1,19312507136,ARL,SBI1855900,2,56314912236
TX,U2,e63b36f91d012f7fafa013fb,697987414011,RB,090224,194939,40285,,1,1,0,YOM,0,Lydia68@idfcbank,APP,4814,jiopay.fiber@timecosmos,SMB,SBM1761573,1,16563014086,FIB,ARL0867681,2,39553556308
TX,U2,cf80f6b21cca29fabfccafcd,580875549936,Z9,090224,150021,42463,,1,1,0,HDF,0,Catharine_Ondricka@abfspay,IPB,5814,razorpay.pizza@timecosmos,SMB,SBM3973013,1,16870241247,PNB,YBS0615278,2,92704599044
TX,U2,e7c24d7feb6c22eeff8b2ef6,803277859783,Z7,090224,234210,14904,,1,1,0,PNB,0,Dallin.Wolf@idfcbank,KMB,4722,tripay.adventure@timecosmos,SMB,SBM6271771,1,42858089700,YBS,SIB9829770,2,44208226402
TX,U2,469c2b16acaacd70fcd8d0ac,930627822000,RB,090224,103730,11411,,1,1,0,YBS,0,Malvina23@axisb,HDF,5411,finopay.bulkstore@timecosmos,SMB,SBM0320723,1,77810908314,CNB,GTI2956914,2,78798781826
TX,U2,bce51c9a37d495dae2410048,828806456949,0,090224,021009,42558,,1,1,0,UCO,0,Lelia78@fkaxis,MBK,4722,tripay.globetrot@timecosmos,SMB,SBM9668146,1,89046636182,BOM,ARL4186285,2,34584405460
TX,U2,3069fde058dc2aa1b2cffb73,227614496175,RB,090224,200707,88182,,1,1,0,INB,0,Roy95@okicici,IDC,4814,jiopay.wireless@timecosmos,SMB,SBM5738189,1,91500804360,YOM,IPB4728027,2,37711051191
TX,U2,1ac625da3bb2786d7c608f7c,930009872058,RB,090224,230307,13380,,1,1,0,FIB,0,Milo39@okhdfcbank,UOB,5814,razorpay.vegetarian@timecosmos,SMB,SBM3798050,1,91565669570,SBI,CNB1571830,2,68617050646
TX,U2,3c81c5e6433fe9d2fc4d258f,752115050494,Z7,090224,050255,34747,,1,1,0,CNB,0,Gerry42@abfspay,SIB,5411,finopay.freshmart@timecosmos,SMB,SBM5257284,1,02804306722,BOB,ICI0513596,2,44947053359
TX,U2,7b7bf97458baee5bdbefc27c,638357886106,Z9,090224,225655,21307,,1,1,0,KVB,0,Karianne.Jacobi90@icici,BOM,4814,jiopay.wireless@timecosmos,SMB,SBM9749103,1,24411631090,KTP,GTI5241357,2,74793754696
TX,U2,3ecc25cbc6d36affe7ec10ba,741936008373,0,090224,234848,24227,,1,1,0,ARL,0,Earline.Blick@idfcbank,CNB,5814,razorpay.vegetarian@timecosmos,SMB,SBM6465042,1,11641007330,PNB,KVB7543251,2,27482706065
TX,U2,4ad3d3fac1d4c64933c63687,165929353297,RB,090224,023854,42602,,1,1,0,UCO,0,Brennan49@axisb,YES,5816,airpay.truck@timecosmos,SMB,SBM0775430,1,70308319556,BOI,IOB1592514,2,56680238577
TX,U2,306399d870e9f63e4fa99ff0,136896244562,00,090224,091753,60524,,1,1,0,GTI,0,Americo99@apl,YOM,4814,jiopay.broadband@timecosmos,SMB,SBM7102885,1,38641664291,BOM,BOM7863990,2,19516458787
TX,U2,e2306ed18c9476bcffed0783,026051545978,RB,090224,210411,7527,,1,1,0,IOB,0,Orie.Legros@apl,YES,5411,finopay.foodland@timecosmos,SMB,SBM2636323,1,13315469878,YBS,GTI7155285,2,05828247070
TX,U2,9af14fd18cf089e1fd9fedba,191620948350,00,090224,155618,60045,,1,1,0,IPB,0,Johnnie_Breitenberg61@abfspay,KVB,5814,razorpay.soup@timecosmos,SMB,SBM0883774,1,56116669045,YOM,KMB2708347,2,69335932337
TX,U2,b54fbb0ddcee561b1bc7b406,289448273660,0,090224,083607,60493,,1,1,0,ARL,0,Gabe.Stroman@idfcbank,SBI,5411,finopay.organic@timecosmos,SMB,SBM0809590,1,97225690664,HDF,SBI1235644,2,24166521975
TX,U2,fcacfd66724c2271cb3c49b9,403367137807,Z9,090224,034001,23304,,1,1,0,MBK,0,Kiley13@ybl,YBS,5814,razorpay.pizza@timecosmos,SMB,SBM5721400,1,94640559874,IIB,APP1390854,2,07743540552
TX,U2,94db6dc98eddf4cdef6de0c6,863138337784,Z9,090224,020431,12143,,1,1,0,YBS,0,Arnulfo_Kub40@oksbi,FIB,4722,tripay.tour@timecosmos,SMB,SBM6247896,1,74738302037,UCO,ICI7933813,2,24027744803
TX,U2,ca6ce3ff19dc31d2da3b7a4e,217678013816,00,090224,005936,44705,,1,1,0,ICI,0,Dorthy_Thompson@paytm,UOB,5411,finopay.town@timecosmos,SMB,SBM1354571,1,83853803035,IIB,CNB3420115,2,11909707050
TX,U2,2fc330c6f36afcc7baee5ed6,707916284035,Z7,090224,085311,71867,,1,1,0,FBL,0,Jared_Sauer@paytm,BOB,4814,jiopay.broadband@timecosmos,SMB,SBM0982436,1,57615810024,UCO,HDF1823892,2,12841263691
TX,U2,168b99c53f83bdb252ca5acd,674736452162,00,090224,043428,88392,,1,1,0,BOI,0,Cydney_Treutel@oksbi,UOB,5411,finopay.greenbasket@timecosmos,SMB,SBM7546859,1,73071822079,KTP,SBI9526133,2,56016828660
TX,U2,7fc2aca776ffe7dda8171bcb,613781067350,Z9,090224,103824,47064,,1,1,0,YBS,0,Obie.Mueller@rapl,CBI,5411,finopay.greenbasket@timecosmos,SMB,SBM3568240,1,51184298533,BOI,IPB3839670,2,16902740235
TX,U2,60d6e2d48accec3da3d30cfa,084507649540,RB,090224,181011,51230,,1,1,0,BOM,0,Dayna66@okicici,CNB,4722,tripay.escape@timecosmos,SMB,SBM9407441,1,44503260541,APP,BOM5427959,2,66766059539
TX,U2,b02726db7b0e4a4014fd1fd1,825730751011,RB,090224,231506,13604,,1,1,0,YBS,0,Gaetano.Smitham@axisb,HDF,5814,razorpay.sushi@timecosmos,SMB,SBM5295802,1,12724510658,YBS,IDB4104331,2,05187129053
TX,U2,e81e01c5b0f9616a89cc1f2d,881967521291,00,090224,235257,69738,,1,1,0,AXB,0,Ron_Swaniawski31@icici,UOB,5816,airpay.drone@timecosmos,SMB,SBM6268951,1,63772583580,BOB,IPB3538070,2,94996324511
TX,U2,e299f8dca1afbb868ce5d4eb,821253302733,Z9,090224,220539,91504,,1,1,0,SBI,0,Hayden.Schroeder14@paytm,BOI,4814,jiopay.voip@timecosmos,SMB,SBM8169005,1,03759390910,MBK,YOM2894011,2,54885974879
TX,U2,ceed25bd6faaa57fc0e0bee8,102609568665,Z7,090224,135422,37143,,1,1,0,BOB,0,Payton_Langworth72@timecosmos,GTI,5814,razorpay.steak@timecosmos,SMB,SBM1151854,1,53393465247,BOB,YBS0249976,2,88144026976
TX,U2,3aa4dddedef5f0ce2f744696,789407827434,00,090224,155733,13078,,1,1,0,SIB,0,Makenna.Schamberger@apl,APP,5814,razorpay.pasta@timecosmos,SMB,SBM1231015,1,01056655033,IIB,HDF4792491,2,03346458070
TX,U2,bcd82f56c8871dd94f638874,342269703205,Z9,090224,064751,52054,,1,1,0,BOB,0,Alysha_Renner@ybl,KVB,5814,razorpay.soup@timecosmos,SMB,SBM6574001,1,28290872982,IDB,AXB0367099,2,20674865038
TX,U2,6ff5ce1a45c28cd789ba597d,254761366549,0,090224,102537,87232,,1,1,0,HDF,0,Drake60@fkaxis,KMB,5814,razorpay.tacos@timecosmos,SMB,SBM3108517,1,62428286941,YES,PNB7748466,2,62793442457
TX,U2,ebf29cf9f37802cbdb21fcc4,177805618640,Z7,090224,210205,12783,,1,1,0,ICI,0,Ricardo.Hartmann25@oksbi,UCO,5814,razorpay.tacos@timecosmos,SMB,SBM7034657,1,38341581758,GTI,MBK8480091,2,43097283706
TX,U2,bd3ce81be28fc91a4b3fbedd,179645771217,0,090224,184413,93369,,1,1,0,YJU,0,Mac.Luettgen38@fkaxis,SBI,4814,jiopay.convergence@timecosmos,SMB,SBM3191986,1,09314133902,BOI,MBK5281705,2,03621303476
TX,U2,8dbbfb5ddea2a7a638ca5ccc,421283178316,Z9,090224,085218,54504,,1,1,0,GTI,0,Lindsay_Beatty@axisb,HDF,5816,airpay.helmet@timecosmos,SMB,SBM7890125,1,75321381657,FBL,SIB0746327,2,43782739149
TX,U2,8ac4cf525469c292f0def43c,243359398390,RB,090224,143519,74345,,1,1,0,YBS,0,Derrick.Mohr@idfcbank,SBI,5816,airpay.car@timecosmos,SMB,SBM9988222,1,30164852193,FBL,UOB9434373,2,66390167786
TX,U2,dd2b520b3074a7dfa1d01b9f,258880211009,0,090224,101632,42932,,1,1,0,IDB,0,Adrain25@okaxis,KMB,4722,tripay.wander@timecosmos,SMB,SBM1614822,1,62185255008,YBS,BOM4908773,2,54080972731
TX,U2,82dfffe1bfd90f618cbac539,130311837428,Z7,090224,074935,60445,,1,1,0,CNB,0,Emma.OConner72@axl,BOM,5814,razorpay.tacos@timecosmos,SMB,SBM2301280,1,16680381951,BOM,HDF8875436,2,97243344993
TX,U2,59fdbffc2aee6fa93d7edde7,174841997265,0,090224,015556,38411,,1,1,0,AXB,0,Stan.Wunsch@axisb,YJU,5411,finopay.corner@timecosmos,SMB,SBM4852549,1,11343843410,CBI,PNB7899876,2,52449652791
TX,U2,0ff03911ccbea497f70d5ad9,849367216182,0,090224,011542,55841,,1,1,0,PNB,0,Daphnee80@paytm,GTI,5411,finopay.corner@timecosmos,SMB,SBM1576593,1,23374835290,IDB,SIB6961980,2,63840715821
TX,U2,d800e7a03bd3a7cacffc1fec,005009924578,Z7,090224,010427,54263,,1,1,0,AXB,0,Julien_Wehner67@okicici,APP,5411,finopay.town@timecosmos,SMB,SBM3349331,1,89715609665,KTP,YJU1053875,2,06965235911
TX,U2,b63faaf28b7aa0a330eb938f,864559933619,Z9,090224,061236,82417,,1,1,0,CNB,0,Carlotta_Zieme@paytm,INB,4722,tripay.wander@timecosmos,SMB,SBM9358305,1,23153460600,IIB,CNB6245189,2,44294384172
TX,U2,c21fedccba618daafd2d1fd9,174555731947,0,090224,000451,35255,,1,1,0,ICI,0,Zoe_Torphy18@yapl,PNB,4814,jiopay.mobile@timecosmos,SMB,SBM8327115,1,25255912668,CBI,KTP8326256,2,95661608319
TX,U2,2f9b3b1121d5f94fc5e06edb,957073957503,Z7,090224,122459,12728,,1,1,0,FIB,0,Imani.Bins88@timecosmos,UCO,5814,razorpay.dessert@timecosmos,SMB,SBM7224412,1,75996968836,UCO,IIB1074851,2,03243396979
TX,U2,be4fa8a0f2db49ca74cc416d,193282574764,Z9,090224,003303,83059,,1,1,0,IPB,0,Isadore.Turcotte88@okaxis,BOB,5816,airpay.scooter@timecosmos,SMB,SBM0057830,1,31775391088,CBI,BOI8518728,2,34490282284
TX,U2,5b09fcf2bdafeaaca1bd47dd,294996504432,0,090224,073538,65565,,1,1,0,BOI,0,Dax81@paytm,FBL,4814,jiopay.wireless@timecosmos,SMB,SBM0640143,1,93319902294,YES,AXB7983179,2,47809477888
TX,U2,df3a91fb10b7f5af65de1f84,562473801977,0,090224,074343,8044,,1,1,0,INB,0,Lillian.Jaskolski@paytm,YOM,5411,finopay.organic@timecosmos,SMB,SBM2826391,1,51135804092,APP,BOI3416570,2,79420505275
TX,U2,9cef4caae8e976cfedebe107,957092307551,Z9,090224,045559,29594,,1,1,0,YBS,0,Antonio.Kessler@axisb,AXB,4722,tripay.vacation@timecosmos,SMB,SBM0657888,1,90708284362,KTP,UOB3654954,2,55806160656
TX,U2,fb3f8bf9c69b60befdeafe52,629376606178,00,090224,032034,74820,,1,1,0,KTP,0,Courtney_Lesch80@idfcbank,KTP,5816,airpay.robot@timecosmos,SMB,SBM9895544,1,75438642176,IDB,GTI9982325,2,62897182110
TX,U2,dc7a78a0baee51a0f90f45ae,499374363451,00,090224,123545,45956,,1,1,0,HDF,0,Jeremie.Rau17@ybl,ICI,4814,jiopay.fiber@timecosmos,SMB,SBM9443992,1,52254801992,SBI,AXB8017075,2,58878599919
TX,U2,7bdb52c7c8eb6bb76d972c76,371191490642,Z7,090224,093850,30236,,1,1,0,KMB,0,Fabian42@oksbi,UCO,4722,tripay.adventure@timecosmos,SMB,SBM7848663,1,77690471490,PNB,YOM8338134,2,53891928110
TX,U2,a8e1eac4ddb5cbd8b519bbaa,427061838705,00,090224,122626,60341,,1,1,0,SBI,0,Robert_Koepp45@yesg,PNB,5814,razorpay.pasta@timecosmos,SMB,SBM1088318,1,20842101409,GTI,FBL4549212,2,01173931184
TX,U2,e745fe7ecffaaf636cac8fff,586908717326,00,090224,151650,92489,,1,1,0,YJU,0,Anna.Abbott10@yesg,IDB,5411,finopay.greenbasket@timecosmos,SMB,SBM2906202,1,91684688068,MBK,INB7275008,2,85005184270
TX,U2,16dfc8fc2b5bef6ccbcf7a35,619349374984,RB,090224,215357,43597,,1,1,0,IPB,0,Quinten.Welch@yesg,KMB,5411,finopay.town@timecosmos,SMB,SBM1194372,1,30876000843,INB,APP4641480,2,25499150860
TX,U2,abbcdf8cb268ca3b5aa645ff,414104675685,0,090224,010556,96339,,1,1,0,IDB,0,Larue4@fkaxis,IOB,4814,jiopay.satellite@timecosmos,SMB,SBM6002448,1,25155538741,IDC,IDB7057580,2,02340165844
TX,U2,2c0fc6b5af5b3e1cb8beac4c,650687555967,0,090224,113606,84963,,1,1,0,YOM,0,Flavio.OKeefe@axl,KTP,5411,finopay.organic@timecosmos,SMB,SBM2144048,1,29027129355,YOM,BOB9325694,2,97683943279
TX,U2,9ffbfa98a3b1937383defaf0,623217345987,Z7,090224,223243,33140,,1,1,0,YBS,0,Jane_Dooley@axl,ICI,5411,finopay.bulkstore@timecosmos,SMB,SBM8756839,1,04743741969,IDB,BOI6348363,2,94497645014
TX,U2,e8fdef96548b80fd39e26d0f,582823290304,00,090224,120058,97129,,1,1,0,MBK,0,Edwardo.Jones@rapl,CBI,5411,finopay.foodland@timecosmos,SMB,SBM2976147,1,40527777130,IOB,BOM0495992,2,24239306621
TX,U2,2fcaa3b168bc6ae1ccbd3ec9,363975094005,Z7,090224,080908,26407,,1,1,0,BOI,0,Allen_Kuvalis59@yesg,KVB,5411,finopay.marketplace@timecosmos,SMB,SBM1097364,1,50739135628,SIB,GTI9474852,2,46335223705
TX,U2,7debef0ea3bead9f80f9c5e7,247835610666,0,090224,094826,46182,,1,1,0,BDN,0,Aurore_Macejkovic-DuBuque@rapl,IPB,4814,jiopay.convergence@timecosmos,SMB,SBM7469954,1,05473254417,BOM,YOM7227782,2,60101366279
TX,U2,bef0d0b3fd86fef7aeec8bba,263720629394,00,090224,141804,80908,,1,1,0,YOM,0,Jayde26@axisb,SIB,5816,airpay.truck@timecosmos,SMB,SBM4412393,1,45699515046,BOI,KVB3937389,2,42106374824
TX,U2,46caf7eae5159dfec78a8d98,231193396978,RB,090224,151227,8862,,1,1,0,SBI,0,Shad.Sawayn@yapl,IOB,4722,tripay.wander@timecosmos,SMB,SBM7713995,1,42836412771,KTP,HDF7183964,2,26356067918
TX,U2,0ee66fadb3883cbcab2d1f11,111450397842,Z9,090224,014918,23883,,1,1,0,YES,0,Trey16@okhdfcbank,BOM,5411,finopay.corner@timecosmos,SMB,SBM1921995,1,65201710355,IDB,CNB5917603,2,72436860232
TX,U2,ead21db2bc6b22bc4f4bb8d1,536320771093,Z7,090224,211929,30304,,1,1,0,CNB,0,Giovani77@paytm,YOM,4814,jiopay.data@timecosmos,SMB,SBM1262899,1,11304374306,UOB,BOB8053136,2,11664843266
TX,U2,d26afb0c2787b4ff5098da99,942004474139,RB,090224,091932,87913,,1,1,0,FBL,0,Leanna_Blick@okicici,IPB,5816,airpay.scooter@timecosmos,SMB,SBM8708431,1,19666789052,AXB,AXB5944652,2,39232332569
TX,U2,de9ceee3f2f6ceaae4a159e3,468391534056,Z7,090224,172145,5184,,1,1,0,ICI,0,Jermain40@okicici,ARL,5816,airpay.helmet@timecosmos,SMB,SBM4994763,1,66715536775,YJU,KMB8726858,2,59419295567
TX,U2,e39cae4736ab29641f3abd2c,470120373783,00,090224,014348,74325,,1,1,0,AXB,0,Osvaldo_Corwin@abfspay,ARL,4814,jiopay.internet@timecosmos,SMB,SBM5083934,1,48198729575,UOB,IIB0964602,2,54160980324
TX,U2,dcea1d6f67dc682bcebe79c1,371117448410,Z7,090224,062504,30808,,1,1,0,UCO,0,Iliana_Vandervort@axl,SBI,5814,razorpay.sushi@timecosmos,SMB,SBM1172394,1,01113370543,FBL,INB9918758,2,48273540648
TX,U2,c85fd0e67bf2bd63ca72a4d6,380572982043,00,090224,223848,12023,,1,1,0,YES,0,Katelynn.Emmerich67@okhdfcbank,HDF,5411,finopay.marketplace@timecosmos,SMB,SBM8443420,1,54179102244,BOB,YOM8667594,2,87821203438
TX,U2,7df49a8699ca60efe277a4e4,397123911377,00,090224,203005,86456,,1,1,0,KMB,0,Kole.Carroll@yapl,BOM,5814,razorpay.sushi@timecosmos,SMB,SBM3659497,1,42452499945,FBL,GTI0834685,2,00862571704
TX,U2,8bff1c5c4d00fa0f698bbb87,030014635151,Z9,090224,133500,47268,,1,1,0,KMB,0,Maybelle49@okhdfcbank,MBK,5814,razorpay.vegetarian@timecosmos,SMB,SBM7890733,1,85524822869,GTI,FIB0233258,2,92456825895
TX,U2,c131ffba3b13b3b49aceaee6,358396301159,00,090224,171656,44128,,1,1,0,UCO,0,Modesto69@okhdfcbank,UCO,4814,jiopay.data@timecosmos,SMB,SBM8248726,1,84556117214,IIB,BOM8965419,2,81473837894
TX,U2,fe230a543ef9db35ff21abd6,395778290073,00,090224,094651,70940,,1,1,0,ARL,0,Angelita_Moen12@timecosmos,KTP,5411,finopay.foodland@timecosmos,SMB,SBM3016221,1,37274154516,IPB,BOI2486676,2,70388077235
TX,U2,c6f6edcda0182f6d176ec9cf,859637982341,RB,090224,155649,6786,,1,1,0,BDN,0,Nils6@ybl,PNB,5411,finopay.town@timecosmos,SMB,SBM4565091,1,36740237978,MBK,SBI7204972,2,89584232401
TX,U2,06fba5b3baba1bfcccbbb2c8,758212138803,RB,090224,031021,58632,,1,1,0,HDF,0,Dena.Bosco@okaxis,ICI,4814,jiopay.broadband@timecosmos,SMB,SBM3543052,1,82863502637,INB,BOI5561774,2,62245749219
TX,U2,adeccc573b5a3f8debcf04cd,167897495215,0,090224,101921,91712,,1,1,0,YBS,0,Kaitlyn.Prohaska88@rapl,FIB,5816,airpay.scooter@timecosmos,SMB,SBM4247849,1,61329602455,KTP,SBI3242281,2,75489883645
TX,U2,5e8acbdd36117fee5ffaebc2,013787562559,RB,090224,134520,94810,,1,1,0,APP,0,Tatyana.Goodwin73@idfcbank,INB,5411,finopay.town@timecosmos,SMB,SBM0290977,1,89328696517,UOB,INB7746757,2,99519644333
TX,U2,af43102eebcadfe7f693c7fe,957083172458,RB,090224,131318,98776,,1,1,0,YJU,0,Madisen.Haag59@abfspay,BOM,5814,razorpay.pizza@timecosmos,SMB,SBM2832297,1,21304140546,SBI,YBS9712380,2,97085735127
TX,U2,8c948e6051aff7dd0d883ef4,103978510975,Z7,090224,100943,91700,,1,1,0,ICI,0,Francis53@paytm,YOM,4722,tripay.expedition@timecosmos,SMB,SBM5328373,1,53537191683,YBS,HDF4007659,2,03483701572
TX,U2,d1ce6e2b6e2f10fcd8d61a61,379155656942,00,090224,205512,29297,,1,1,0,KVB,0,Claude4@okicici,BOM,4814,jiopay.internet@timecosmos,SMB,SBM1970716,1,35333912000,BOM,BOM8497284,2,19251415298
TX,U2,ccf26984be8d6e3523dd0ceb,730896735760,0,090224,210205,64095,,1,1,0,APP,0,Deshawn.Conroy@yesg,GTI,5411,finopay.dailygrocer@timecosmos,SMB,SBM8894523,1,01446852815,KMB,ICI7388076,2,22748822452
TX,U2,fb95eaf2c9df514bb9ecc9fa,007412442946,00,090224,183825,80007,,1,1,0,YES,0,Jaycee.Ullrich-Blanda@ybl,ICI,5411,finopay.bulkstore@timecosmos,SMB,SBM8675413,1,21977363542,CNB,UOB6614910,2,24349887178
TX,U2,48afde6afaecb81ada9e5eed,775115721839,00,090224,212230,80632,,1,1,0,YES,0,Antonette_Langosh@fkaxis,IOB,5411,finopay.dailygrocer@timecosmos,SMB,SBM6318570,1,48370048770,KTP,IDB7510035,2,57554056190
TX,U2,bdaaebba75e6d3b371df2239,225723850527,Z7,090224,082804,60633,,1,1,0,IPB,0,Vida62@apl,KTP,4722,tripay.expedition@timecosmos,SMB,SBM7841822,1,81983502399,YES,CNB6337829,2,75310604869
TX,U2,ebd5a53d51c96ba07bed65da,143853742990,0,090224,224225,29578,,1,1,0,APP,0,Jeffery_Rath@icici,ICI,5816,airpay.boat@timecosmos,SMB,SBM9862565,1,96005103492,YBS,BOM3665322,2,32445444451
TX,U2,5d371396d668249368ffdde4,167384118510,RB,090224,031544,66509,,1,1,0,IPB,0,Jabari.Grimes94@okaxis,YES,5816,airpay.submarine@timecosmos,SMB,SBM7530665,1,60567191881,KMB,IDB3236165,2,84446760662
TX,U2,ce8a8ced7c422f72908b4ee3,721902399334,0,090224,231708,96007,,1,1,0,KMB,0,Shanel.Osinski@timecosmos,YES,5816,airpay.drone@timecosmos,SMB,SBM6710791,1,84278555669,PNB,YES7780184,2,27813427777
TX,U2,0a17cdcca13f7a0e6b978859,051990151416,0,090224,004233,82858,,1,1,0,BOM,0,Garrison.Schuster29@rapl,MBK,5411,finopay.marketplace@timecosmos,SMB,SBM8030786,1,34855423908,BOM,UOB0243498,2,83881060416
TX,U2,291abf9df1087a30efa0ec75,259389059568,00,090224,182052,68339,,1,1,0,FIB,0,Rogelio_Reichel@okaxis,BOB,4814,jiopay.voip@timecosmos,SMB,SBM4634302,1,86487812611,CNB,BOM6281271,2,02111400168
TX,U2,f2f17aceaa6ad5eb4eed023a,932168762388,Z7,090224,075653,36362,,1,1,0,YOM,0,Stephon_Hamill23@ybl,IOB,5816,airpay.airplane@timecosmos,SMB,SBM9244561,1,01461549222,BOM,KTP4125259,2,26998074263
TX,U2,a63ccfcea28eea2c2817bf27,162434394896,RB,090224,105608,41103,,1,1,0,IDB,0,Leanne73@timecosmos,GTI,5816,airpay.scooter@timecosmos,SMB,SBM4655917,1,52867690897,KMB,BOM4703330,2,23356706688
TX,U2,237eadfdab4cccbbfa3c7fc3,293067386114,RB,090224,133845,709,,1,1,0,AXB,0,Deanna21@idfcbank,CNB,5814,razorpay.pasta@timecosmos,SMB,SBM4183664,1,96086873928,CBI,ARL0326787,2,61803735933
TX,U2,fdbca696b59bc7cad9e0e9ce,824614335855,00,090224,222620,66746,,1,1,0,BOI,0,Trevor.Adams88@okhdfcbank,APP,5411,finopay.bulkstore@timecosmos,SMB,SBM4154444,1,33574596706,YOM,YOM8863815,2,00269836221
TX,U2,48ad366fee48cfcdeed298a9,263917026703,00,090224,071022,94838,,1,1,0,SIB,0,Wallace63@rapl,YJU,5814,razorpay.salad@timecosmos,SMB,SBM3512861,1,23978884346,IPB,BOI9174176,2,25584623257
TX,U2,39aee9d1bb07cf8146a0dc8d,078430899735,Z7,090224,101413,21571,,1,1,0,MBK,0,Finn39@axl,MBK,5816,airpay.robot@timecosmos,SMB,SBM1304879,1,19593609055,ICI,BOB1021965,2,84027548698
TX,U2,ca61635fecf3bfe49c66c4b0,929457739474,Z9,090224,051437,10169,,1,1,0,APP,0,Camila.Powlowski@axisb,BOM,5814,razorpay.sushi@timecosmos,SMB,SBM6043402,1,61487332375,PNB,MBK1703272,2,63704277087
TX,U2,c876dccaca50faafa34e5f7a,226263953974,RB,090224,151402,99274,,1,1,0,SBI,0,Jabari.Gusikowski@timecosmos,BOM,5814,razorpay.dessert@timecosmos,SMB,SBM7995632,1,52916456935,YBS,GTI7928442,2,00827275750
TX,U2,50e9dfdb1b738e02f93f13b8,299851094303,RB,090224,064957,65350,,1,1,0,HDF,0,Daphney.Homenick@yapl,IPB,5411,finopay.freshmart@timecosmos,SMB,SBM2327437,1,85738436429,CNB,FBL0442697,2,83624183019
TX,U2,eaae2a46558b2e3d4afd3bcf,748673249430,00,090224,031723,68734,,1,1,0,UCO,0,Bette_Kemmer@apl,PNB,5816,airpay.airplane@timecosmos,SMB,SBM7816258,1,56691173361,UOB,BOM6229769,2,44212690614
TX,U2,e3f4a51fcb901fbad35f3a6d,988545349610,RB,090224,030817,82913,,1,1,0,IPB,0,Mya94@abfspay,IDB,5816,airpay.car@timecosmos,SMB,SBM2973189,1,21677205999,IIB,KMB8214918,2,15521693715
TX,U2,11f3c74951b28eeaafc9d0e0,521497864645,RB,090224,031318,97948,,1,1,0,INB,0,Charley.Ryan56@rapl,PNB,4814,jiopay.voip@timecosmos,SMB,SBM7192731,1,02256950995,BDN,AXB7073006,2,96716073659
TX,U2,f0ece05ddefb0de02a6aacbb,621972125663,0,090224,085838,71382,,1,1,0,KVB,0,Bridgette.Hilll86@timecosmos,UOB,5816,airpay.drone@timecosmos,SMB,SBM3938322,1,73074341591,IDC,IIB1281711,2,57644228280
TX,U2,2ca4d4baefd1acddb2fd2fe9,599395721199,Z9,090224,020220,73394,,1,1,0,KVB,0,Evert.Satterfield@fkaxis,ARL,5411,finopay.marketplace@timecosmos,SMB,SBM0099047,1,07225971777,ICI,BOI2291653,2,25722314481
TX,U2,828db9d583586b18f8ed67cc,294342632722,0,090224,112111,11925,,1,1,0,APP,0,Uriah77@paytm,YOM,4722,tripay.expedition@timecosmos,SMB,SBM8821380,1,86238875853,INB,UOB3788800,2,50422629135
TX,U2,c4ddbdf3cecd8d7ede9a78da,082042927929,0,090224,165906,86564,,1,1,0,YJU,0,Annette_Pacocha35@abfspay,PNB,5816,airpay.helmet@timecosmos,SMB,SBM7422415,1,02614482039,KVB,BDN7989419,2,51188475180
TX,U2,207e04d5e776b06c8dbbbc1d,124341160279,RB,090224,224809,23791,,1,1,0,MBK,0,Sunny36@icici,IOB,4722,tripay.vacation@timecosmos,SMB,SBM9105180,1,95387768289,IDC,CBI4361421,2,89511132336
TX,U2,a3ac5f47babb981cdced84b4,127372064939,00,090224,150519,39117,,1,1,0,SIB,0,Kay60@idfcbank,IOB,5814,razorpay.salad@timecosmos,SMB,SBM9983724,1,91741344077,BOM,BOM5283814,2,50501371441
TX,U2,daf2ea7c11aacaa4951daae1,481022072139,Z7,090224,042916,18939,,1,1,0,BOM,0,Rosanna29@axl,UOB,4722,tripay.adventure@timecosmos,SMB,SBM7289830,1,91037096446,BOI,IDB7831397,2,33801619654
TX,U2,44caa37f351075b80fbcb8cc,176919272231,0,090224,130814,39550,,1,1,0,YES,0,Jevon68@apl,UCO,5411,finopay.corner@timecosmos,SMB,SBM0158670,1,28766056123,CBI,FIB9617398,2,77605318987
TX,U2,fdbb599bfa3b2bf80c30fe76,971013119129,00,090224,125727,9613,,1,1,0,AXB,0,Maddison_Emmerich@abfspay,BOM,4722,tripay.getaway@timecosmos,SMB,SBM0561495,1,26240796176,KMB,KTP1793615,2,43571273753
TX,U2,7a8aa67cf5b4124f8ff2fefd,589729273605,RB,090224,133916,46338,,1,1,0,UCO,0,Julius_Donnelly44@icici,YBS,4814,jiopay.fiber@timecosmos,SMB,SBM0697931,1,20285102513,YJU,YOM8180353,2,24063910691
TX,U2,cd418d4cc1cffacfbdeafbee,990277906522,RB,090224,123722,52242,,1,1,0,IPB,0,Vivien20@axisb,IPB,4722,tripay.destinations@timecosmos,SMB,SBM3936129,1,91558588431,MBK,IDC7144102,2,88286629228
TX,U2,f96b80efcfe7ec28bddbedb8,033737208660,Z9,090224,203554,9278,,1,1,0,HDF,0,Giles.Gutkowski44@abfspay,IPB,5816,airpay.submarine@timecosmos,SMB,SBM5775922,1,23391075814,APP,BOM0196298,2,58037037335
TX,U2,23dcd3dae0bfa8cd46eaf08a,444705339319,RB,090224,150236,63055,,1,1,0,BDN,0,Dana.Kozey@ybl,YOM,4722,tripay.expedition@timecosmos,SMB,SBM9323015,1,30941325601,IDC,IOB2721893,2,77528175571
TX,U2,8bd1e57fe92fafc7c0b639f7,550065051518,00,090224,225617,68810,,1,1,0,UCO,0,Millie_Prohaska@axisb,BOB,4814,jiopay.wireless@timecosmos,SMB,SBM4851195,1,89583753381,YJU,SBI8905823,2,47496439642
TX,U2,eb51fbbf7d05fb1bc318ba2e,965399602252,Z9,090224,220558,1356,,1,1,0,INB,0,Elyse_Harris@timecosmos,GTI,5411,finopay.corner@timecosmos,SMB,SBM3659528,1,35065381219,BOI,FIB3438620,2,43984744575
TX,U2,d701acb01b9e7a7904e74030,582977589605,RB,090224,090322,74446,,1,1,0,GTI,0,Tracy_Marks@idfcbank,HDF,4814,jiopay.cable@timecosmos,SMB,SBM1391291,1,09799043537,ICI,KVB1574604,2,68308753018
TX,U2,d5c16cbc3b0ec5fbaa17eee4,563971521015,RB,090224,190225,79345,,1,1,0,BDN,0,Juanita.Bernhard23@yapl,UOB,5814,razorpay.dessert@timecosmos,SMB,SBM3965148,1,24414913419,UCO,UOB0121330,2,47846494897
TX,U2,fabeadfce7efbaff78263b54,813008014510,00,090224,192321,70028,,1,1,0,BDN,0,Anita2@yesg,BOM,5816,airpay.bike@timecosmos,SMB,SBM8251582,1,74334553974,BOM,GTI2852090,2,26059909845
TX,U2,efbdb9fb4ade729affcfa0c0,257600209637,Z9,090224,153503,15465,,1,1,0,INB,0,Cassandre.Waelchi@timecosmos,IDB,5411,finopay.town@timecosmos,SMB,SBM5477498,1,72783430007,IIB,IIB3739769,2,46148652528
TX,U2,fae63026adac3ad63507e047,399674156289,Z7,090224,204302,49831,,1,1,0,FIB,0,George33@rapl,UCO,4722,tripay.expedition@timecosmos,SMB,SBM0421465,1,85461292769,UCO,KVB0357869,2,82925047708
TX,U2,3c7dee813cf9dabbfa00cc57,202249261318,0,090224,211651,74686,,1,1,0,UOB,0,Domenick.Ruecker54@ybl,IPB,5816,airpay.boat@timecosmos,SMB,SBM7247840,1,89035447113,IIB,BOM2258762,2,12591640339
TX,U2,25da9ce2d6dbec098ff00a00,952551955782,Z9,090224,105419,97004,,1,1,0,KMB,0,Marlen_Bernhard5@abfspay,IDB,5411,finopay.foodland@timecosmos,SMB,SBM5689980,1,72789887345,UOB,KVB9489345,2,96878304613
TX,U2,2ffaed4bc219e5f3e6ddc5cf,307595625755,0,090224,113553,94006,,1,1,0,ARL,0,Viola_Abbott80@rapl,ICI,4722,tripay.getaway@timecosmos,SMB,SBM6244211,1,28108784620,YES,IDB3036487,2,57281990038
TX,U2,793b92fcbeef8f8ecaace3cb,031299017468,0,090224,231725,87897,,1,1,0,CBI,0,Coy43@yapl,HDF,4814,jiopay.internet@timecosmos,SMB,SBM6000783,1,70701834697,FBL,CNB6959805,2,48691395233
TX,U2,cefb820e09dc64e04cfb6e43,957203444139,Z7,090224,162835,84250,,1,1,0,UOB,0,Jody_Tromp@ybl,YOM,4722,tripay.destinations@timecosmos,SMB,SBM8593543,1,19137552209,KMB,SBI8276094,2,51071122364
TX,U2,c77dc88bce2641b85dfef965,158105807154,0,090224,065825,10284,,1,1,0,MBK,0,Destini.Hauck66@axl,INB,4814,jiopay.cable@timecosmos,SMB,SBM0716912,1,99148605035,ICI,KMB7690374,2,20614859656
TX,U2,a9fe0165ababeeae82b5bc6e,997442810175,RB,090224,142251,50311,,1,1,0,IOB,0,Sanford.Wolff@abfspay,IOB,5814,razorpay.tacos@timecosmos,SMB,SBM0471115,1,86627392209,BOM,KTP1717207,2,90565393810
TX,U2,bcb5fffcde5f0242ddee1bf5,574527947338,Z9,090224,090220,83938,,1,1,0,YES,0,Clay.Daniel64@fkaxis,APP,5816,airpay.robot@timecosmos,SMB,SBM8552432,1,98070011594,YBS,MBK7384950,2,96932137963
TX,U2,9fd679c2ffff06c1fae32ccf,700569006327,Z7,090224,051802,93737,,1,1,0,FBL,0,Brooklyn.Koepp91@rapl,SBI,5814,razorpay.pizza@timecosmos,SMB,SBM9329453,1,09565057045,HDF,UOB0305747,2,61780778840
TX,U2,936aad4cad7df0cfd8decbb4,650353093410,00,090224,113445,77707,,1,1,0,INB,0,Leda49@yesg,FIB,4722,tripay.adventure@timecosmos,SMB,SBM1558098,1,27579477734,HDF,CBI6747988,2,32383650175
TX,U2,13eff7d5b23f1eed6ed49dce,852371124592,0,090224,184540,22754,,1,1,0,SIB,0,Erika_Pollich97@abfspay,KVB,4722,tripay.vacation@timecosmos,SMB,SBM1475468,1,87810444550,IDB,YJU4192823,2,64139965485
TX,U2,eefbe07c983ddee240d3b3fa,880369573797,Z9,090224,061645,78884,,1,1,0,BOI,0,Hanna_Cremin91@ybl,BOB,4722,tripay.expedition@timecosmos,SMB,SBM4261546,1,83713409593,KTP,KTP7471797,2,98315420224
TX,U2,06db4dd32abea3158dc9a98c,372213470676,0,090224,002346,15648,,1,1,0,YBS,0,Ramon.Bernhard-Pouros@rapl,IOB,5816,airpay.helmet@timecosmos,SMB,SBM3984185,1,09856334894,FIB,YES3689159,2,70443842021
TX,U2,a0ece18dbcfecc3c9c4feaaf,138868591326,0,090224,184339,55441,,1,1,0,ARL,0,Jamarcus_Sanford68@abfspay,IDC,4814,jiopay.voip@timecosmos,SMB,SBM4503014,1,91542011402,FIB,HDF3794300,2,12113274058
TX,U2,d718abaceadbf0c4e365fda4,689363452077,Z7,090224,081549,71592,,1,1,0,BOM,0,Maureen.Heathcote51@axl,BOB,4722,tripay.vacation@timecosmos,SMB,SBM4974523,1,62396412146,INB,AXB2127773,2,93913476384
TX,U2,0ffa77c58144dbc8ce3ccd5c,170667579550,RB,090224,013956,6005,,1,1,0,KTP,0,Triston26@axl,UOB,5814,razorpay.soup@timecosmos,SMB,SBM1668211,1,48450340855,IIB,IIB9222632,2,06734854379
TX,U2,ef9bbb8a757bd1e9cec5fbdf,886151908161,00,090224,085444,16461,,1,1,0,KVB,0,Genoveva.Rosenbaum8@icici,KVB,5816,airpay.helmet@timecosmos,SMB,SBM0708909,1,15448607331,GTI,IDB5789038,2,58080380054
TX,U2,8026d90cd810fccb85c13dd8,525690346323,00,090224,135721,93426,,1,1,0,CBI,0,Modesta_Klein@abfspay,IDC,5816,airpay.drone@timecosmos,SMB,SBM8516685,1,10314542834,IDC,ARL0927694,2,90999569807
TX,U2,d921da13faae2dccc1ca1c3a,552675270943,00,090224,093547,50521,,1,1,0,FBL,0,Vincenzo69@idfcbank,IDB,5411,finopay.freshmart@timecosmos,SMB,SBM9234772,1,67232688734,YOM,APP6978954,2,20679919628
TX,U2,19484b798db408ac5b571404,390464675135,0,090224,034039,17330,,1,1,0,BOM,0,Dena_Glover@ybl,APP,5411,finopay.town@timecosmos,SMB,SBM5947486,1,31759127390,IIB,KVB3267164,2,86467938397
TX,U2,d2faa861f314f98f43cd1357,467027429677,00,090224,231306,77633,,1,1,0,KMB,0,Sydnee_Howe68@yesg,BDN,5411,finopay.timecosmosrite@timecosmos,SMB,SBM9604602,1,93123967463,BOB,AXB0085538,2,78864250049
TX,U2,7fe1b0fabd0fcc9dd007ea0a,015359330538,00,090224,160827,19626,,1,1,0,ARL,0,Marisa.Schowalter15@oksbi,PNB,5814,razorpay.steak@timecosmos,SMB,SBM8389870,1,71461114751,YJU,YOM9629121,2,66445060655
TX,U2,d3e81ea223718eddd9b0e8fc,289931560324,Z9,090224,010134,87344,,1,1,0,MBK,0,Griffin_Ratke@idfcbank,SIB,5816,airpay.truck@timecosmos,SMB,SBM3677220,1,68908681800,GTI,BOB7957121,2,04345552604
TX,U2,7bee697faab99a83c8fa6d4c,298982546501,Z9,090224,112626,24682,,1,1,0,CBI,0,Michele.Maggio@okhdfcbank,UCO,5411,finopay.greenbasket@timecosmos,SMB,SBM1401105,1,51697168775,SIB,MBK0534769,2,67501066837
TX,U2,caf3f1965ace3fa893a495cc,883562104245,RB,090224,014402,98480,,1,1,0,YBS,0,Ray_Considine@oksbi,CNB,4722,tripay.expedition@timecosmos,SMB,SBM1626471,1,48182506507,YJU,FIB9732184,2,61218214100
TX,U2,fe37a84c03c336e49511e2d7,199796896825,RB,090224,055930,85761,,1,1,0,KMB,0,Magali.Cormier17@fkaxis,YES,4722,tripay.vacation@timecosmos,SMB,SBM9254488,1,82560551680,PNB,YBS8837085,2,47203403137
TX,U2,4cd74b00e5327d24edfa7173,298477178727,00,090224,205907,12594,,1,1,0,GTI,0,Rosalinda.Cronin@yapl,BOI,4814,jiopay.broadband@timecosmos,SMB,SBM0469983,1,29467052357,FBL,IDB5019539,2,81526406384
TX,U2,48a9fa8e5df97756bd5d4fcf,058132653850,Z7,090224,065001,49826,,1,1,0,CNB,0,Jayce.Bins35@apl,CBI,5411,finopay.dailygrocer@timecosmos,SMB,SBM4252093,1,53881169260,HDF,YJU8266910,2,80898789702
TX,U2,34cc99c6cab6efa9c0f6b4bc,028343161364,Z7,090224,121014,75756,,1,1,0,IOB,0,Damion.Corwin81@idfcbank,MBK,5814,razorpay.dessert@timecosmos,SMB,SBM5859958,1,86967154118,IPB,CNB4706443,2,68169281281
TX,U2,3aeefd0ef79ab8cfc0f127d3,865694897052,00,090224,034407,93310,,1,1,0,UCO,0,Vivianne.Collins@idfcbank,YES,5816,airpay.boat@timecosmos,SMB,SBM6548491,1,07683380030,IPB,SIB0425960,2,28981177086
TX,U2,c729fdf294a418e1183fce2e,732365166190,0,090224,071410,26326,,1,1,0,IOB,0,Gerda3@okicici,CNB,5816,airpay.car@timecosmos,SMB,SBM8069082,1,10769592263,BOI,INB9195568,2,74932917626
TX,U2,b65e3fcaf3fdc077cb3922cf,499688254638,Z9,090224,103825,29815,,1,1,0,CNB,0,Mallory.Welch96@okaxis,BOM,4814,jiopay.cable@timecosmos,SMB,SBM3564611,1,12700814135,IPB,AXB4118171,2,47938689995
TX,U2,f8057f3b41c659f0c44de35d,237356368199,Z9,090224,163231,6316,,1,1,0,SBI,0,Tania58@timecosmos,BOI,4814,jiopay.fiber@timecosmos,SMB,SBM6267109,1,06640690267,CBI,IDC5530443,2,99854213235
TX,U2,586d558acf8bb0e8851b1bc0,213134143140,RB,090224,075329,30404,,1,1,0,IPB,0,Hubert41@abfspay,ICI,4722,tripay.destinations@timecosmos,SMB,SBM8340415,1,23964891834,CNB,GTI1186070,2,22241419363
TX,U2,a38cdcffaec60e5e7088c8e5,187594667798,0,090224,212144,97530,,1,1,0,MBK,0,Janet.McKenzie@ybl,APP,4814,jiopay.data@timecosmos,SMB,SBM1426603,1,01493998266,BOI,SIB7739529,2,81957462023
TX,U2,8c5e7d1adcccac1b11cdca5d,278520547569,Z7,090224,190416,88379,,1,1,0,IOB,0,Kellen46@ybl,IPB,5411,finopay.bulkstore@timecosmos,SMB,SBM9030795,1,74536923492,PNB,ICI8705287,2,94057278335
TX,U2,c3ea876a5cfdeeff0eccddff,636428221513,Z7,090224,094432,27487,,1,1,0,YBS,0,Sibyl_Dicki34@timecosmos,BOM,5816,airpay.car@timecosmos,SMB,SBM3792719,1,18153917994,IDC,BDN8244906,2,01784193785
TX,U2,d0b2bc10d2a8aad4ada098c6,247699409251,Z7,090224,023904,5395,,1,1,0,KMB,0,Summer.Medhurst@okicici,BOI,4814,jiopay.voip@timecosmos,SMB,SBM5353718,1,10676304434,SIB,BOB4172159,2,86164513758
TX,U2,2eebefbd0d66e7a6bfd41a3c,554479426824,RB,090224,164313,43558,,1,1,0,BDN,0,Madelyn_Towne@paytm,ICI,5814,razorpay.steak@timecosmos,SMB,SBM4561245,1,76054316010,APP,CBI6341773,2,07665300971
TX,U2,92e93689efe8b8daeb9acfab,981093859981,0,090224,110448,13536,,1,1,0,YJU,0,Aletha77@yapl,IDB,5411,finopay.greenbasket@timecosmos,SMB,SBM0474237,1,25518695139,UCO,CNB5162647,2,85716971226
TX,U2,a49b57dd2bd2c4f56cafbe49,973091042587,RB,090224,111625,81002,,1,1,0,BDN,0,Grayson.Schuppe92@rapl,ICI,5814,razorpay.steak@timecosmos,SMB,SBM7613461,1,26272193358,IPB,HDF2694508,2,80599446362
TX,U2,34e99ecdfed5fabfdb794cba,031652940797,Z9,090224,150250,90698,,1,1,0,CNB,0,Daron.Schaefer@abfspay,BOI,5816,airpay.robot@timecosmos,SMB,SBM8913734,1,00263524086,YJU,MBK2098461,2,78569170906
TX,U2,0ff1c2e73930decdb5c5a45e,696836134055,00,090224,131720,37152,,1,1,0,IOB,0,Alberto_Berge81@abfspay,HDF,4814,jiopay.broadband@timecosmos,SMB,SBM9139902,1,21903993158,MBK,BOI3139211,2,37672916674
TX,U2,0ba0ee6bb8fc1bc11c4dcdb3,712200915256,0,090224,014219,32754,,1,1,0,IDC,0,Kelsie_Treutel@yesg,GTI,4722,tripay.wander@timecosmos,SMB,SBM6726129,1,64419605731,APP,BOM3455003,2,36586121116
TX,U2,77d7065df2a69e2f964c4cf9,341108170621,Z7,090224,194443,37575,,1,1,0,MBK,0,Fletcher57@ybl,MBK,5816,airpay.scooter@timecosmos,SMB,SBM9266428,1,32167725680,YJU,IOB4620187,2,85624780653
TX,U2,5bccc889931b312411f0dfad,861219735143,Z7,090224,124620,92109,,1,1,0,YES,0,Graciela10@axisb,UCO,5411,finopay.dailygrocer@timecosmos,SMB,SBM7405588,1,43216460573,KMB,IIB6748201,2,16581738710
TX,U2,fb2be419f0ba30aec66a08ca,605230619413,RB,090224,212638,31967,,1,1,0,SBI,0,Rhiannon_Lang@ybl,BOB,5814,razorpay.soup@timecosmos,SMB,SBM3643086,1,63635302176,AXB,KMB6111772,2,63558375693
TX,U2,da8bc8ede6dce69db4d3ce9d,349857385193,Z9,090224,193315,71730,,1,1,0,YJU,0,Jackeline.Ankunding13@rapl,BOM,5816,airpay.scooter@timecosmos,SMB,SBM1479424,1,58734005584,IOB,IDB9157788,2,64043980435
TX,U2,12ff9bbca0b2faa91139e1b6,228122751240,Z7,090224,145050,49661,,1,1,0,GTI,0,Wyman.Russel@yesg,IPB,4722,tripay.escape@timecosmos,SMB,SBM6989038,1,44473311469,IOB,KMB3715406,2,20004972409
TX,U2,5baccd487dd47b5d909f9616,702499656783,0,090224,211739,92317,,1,1,0,FBL,0,Sabryna.Kirlin@okhdfcbank,HDF,4814,jiopay.convergence@timecosmos,SMB,SBM4966526,1,56154222710,ICI,SBI1057004,2,73807277755
TX,U2,48afa3723b6ee4c1722cfdc1,573126712250,00,090224,054246,17132,,1,1,0,IOB,0,Flossie47@timecosmos,INB,5411,finopay.marketplace@timecosmos,SMB,SBM8613130,1,69289041956,KTP,YES4406815,2,84649144289
TX,U2,db2bfd77aebca5bd48eaaf25,039898644665,Z9,090224,224537,71456,,1,1,0,BOM,0,Wilhelm.Adams52@axisb,ARL,4814,jiopay.cable@timecosmos,SMB,SBM9517962,1,49761321401,YJU,KTP3616327,2,80908645135
TX,U2,ef9e2febd8314dcad55a414b,382838159231,Z9,090224,110648,68326,,1,1,0,AXB,0,Maxine_Dicki40@okhdfcbank,KVB,5411,finopay.dailygrocer@timecosmos,SMB,SBM7306883,1,35242931882,MBK,KMB9669343,2,98683940354
TX,U2,8238cecf7062eaaeea6fbe6f,358064077251,RB,090224,151433,22270,,1,1,0,BDN,0,Amos58@rapl,YBS,5816,airpay.airplane@timecosmos,SMB,SBM9752035,1,91496052931,CBI,YES6016414,2,76062748716
TX,U2,81fbd0b8c5a3cac3b8ecc95c,709412020214,00,090224,152837,26840,,1,1,0,YES,0,Milford_Okuneva66@timecosmos,IPB,4814,jiopay.internet@timecosmos,SMB,SBM1713958,1,15907837917,INB,SIB8131586,2,08524192204
TX,U2,ff23cea29e11ebb0fe2a66a4,419260186430,0,090224,063710,26556,,1,1,0,ARL,0,Reanna83@yapl,IDC,5816,airpay.helmet@timecosmos,SMB,SBM1713398,1,35704379392,GTI,YJU7839294,2,66929496391
TX,U2,20b42bef8a3bc1db1ce4ede3,192871864779,Z9,090224,204217,22578,,1,1,0,YOM,0,Tyshawn_Simonis@icici,BOM,4722,tripay.globetrot@timecosmos,SMB,SBM7672730,1,68975876064,IDB,FIB4862103,2,57836988360
TX,U2,97642d3e0e8c3aaa45ac756d,736836240961,0,090224,234450,76054,,1,1,0,FBL,0,Roderick80@oksbi,ARL,4722,tripay.adventure@timecosmos,SMB,SBM3203113,1,00950436229,APP,IPB9307211,2,14348625073
TX,U2,67eb94e3f5adbcabdaef557d,412698853760,00,090224,072100,72597,,1,1,0,PNB,0,Queenie95@yapl,FIB,4814,jiopay.data@timecosmos,SMB,SBM5611215,1,19074477576,IDC,HDF7754916,2,49973259779
TX,U2,5ab7ee26891b583a2f4b3b27,521558903664,Z7,090224,124721,99451,,1,1,0,APP,0,Elna_Carroll@abfspay,KTP,4814,jiopay.convergence@timecosmos,SMB,SBM4059616,1,06682883616,BDN,UOB2940109,2,40149776102
TX,U2,17e911f4dbabdaf07f3b9b7b,208382617000,Z7,090224,215829,39441,,1,1,0,KVB,0,Billie65@ybl,SIB,4722,tripay.getaway@timecosmos,SMB,SBM1537659,1,67401376277,KVB,ICI2471065,2,17594232122
TX,U2,707e8cd9e12cea2bf0f4ce6b,263529699961,Z7,090224,181809,96624,,1,1,0,BOI,0,Karianne_Greenholt87@icici,KMB,4722,tripay.tour@timecosmos,SMB,SBM2438779,1,84131196834,INB,BOM1853855,2,36281208701
TX,U2,89c393ffeca7bb56c72be71a,020639214304,00,090224,180617,54520,,1,1,0,IDC,0,Christ88@ybl,IIB,5411,finopay.corner@timecosmos,SMB,SBM4038455,1,21012313381,AXB,FIB5803175,2,12776545263
TX,U2,83c1a9aa614f0bcbba7ec5be,788746999977,0,090224,200811,2846,,1,1,0,AXB,0,Stella_Block48@icici,BOM,4722,tripay.expedition@timecosmos,SMB,SBM0887260,1,37801845795,BDN,GTI8538872,2,18549438751
TX,U2,16ec8c3a54d5a78acf6f9d9d,007770616151,00,090224,092300,72365,,1,1,0,IIB,0,Elenora.Gleason74@okicici,CNB,5814,razorpay.tacos@timecosmos,SMB,SBM5367703,1,41137426958,CBI,UCO0618024,2,68100198120
TX,U2,e84cf2e1f7bcb75298cd3d83,649877269157,Z9,090224,101944,30897,,1,1,0,BOM,0,Jewel.Swift@fkaxis,BOM,4722,tripay.getaway@timecosmos,SMB,SBM0124018,1,46304213835,MBK,ICI6757969,2,11395538452
TX,U2,c6a9eee829eea2ce8cf16233,342052401244,00,090224,205205,36986,,1,1,0,SBI,0,Lon.Watsica99@yesg,GTI,5411,finopay.organic@timecosmos,SMB,SBM7226253,1,01160433082,KMB,KMB7873302,2,02819522008
TX,U2,4abed3b42dd9acbbfadd74ad,662966432768,Z9,090224,141133,27379,,1,1,0,IIB,0,Leif98@okhdfcbank,BOI,5814,razorpay.pizza@timecosmos,SMB,SBM0156168,1,01214083761,BOM,ICI2510923,2,43648683310
TX,U2,cd902ef79118162f83e5e60b,214395995343,0,090224,140846,16320,,1,1,0,IPB,0,Nannie.Kuhn@okicici,GTI,4814,jiopay.internet@timecosmos,SMB,SBM6165672,1,31935821653,AXB,YES8711012,2,44466712735
TX,U2,0bf27efeabed9f01684280bf,982473097915,Z9,090224,142708,81708,,1,1,0,ICI,0,Reyna_Steuber29@axisb,SIB,5411,finopay.organic@timecosmos,SMB,SBM5224249,1,88344873471,IPB,HDF8665360,2,30402554429
TX,U2,c4ca8ce0bff66a8ece23fcf7,032412931236,RB,090224,053000,90692,,1,1,0,SBI,0,Gabriella.Koepp36@okhdfcbank,KMB,4814,jiopay.cable@timecosmos,SMB,SBM2147771,1,71350729559,SBI,IOB1940678,2,85392260503
TX,U2,c72df8d0a0fef3fdd0737d25,223405571882,00,090224,072157,66546,,1,1,0,BOM,0,Greta_Dach59@paytm,CBI,5816,airpay.boat@timecosmos,SMB,SBM4383142,1,94401105625,AXB,UCO8535844,2,80812776432
TX,U2,aabea2e97fc6efad5acd93b4,588002463687,00,090224,044527,49516,,1,1,0,ICI,0,Emmet.OReilly29@axisb,UOB,5814,razorpay.dessert@timecosmos,SMB,SBM3894105,1,25559490824,IPB,KTP9607259,2,33037012186
TX,U2,ef7b9cd41884fcb5db479eef,726136557437,Z7,090224,152850,81047,,1,1,0,YBS,0,Rita_Boehm44@okaxis,FIB,4722,tripay.adventure@timecosmos,SMB,SBM5404401,1,34319224982,BOB,HDF0646959,2,66052824356
TX,U2,ae7c97dd5d6aaa92dc6cdf54,832645413706,00,090224,025544,4161,,1,1,0,GTI,0,Crystel48@okaxis,IIB,5411,finopay.organic@timecosmos,SMB,SBM2678181,1,82593425819,YBS,IPB7586355,2,53015076283
TX,U2,4d560ddf23ff392ca2eeaaab,747125054136,00,090224,154712,87398,,1,1,0,KTP,0,Corene66@idfcbank,IIB,5814,razorpay.sushi@timecosmos,SMB,SBM7479533,1,73731815844,FIB,BDN6611418,2,61657450938
TX,U2,dfbcfde5f8f15a53fd4f9d5f,471179155943,Z7,090224,210357,20055,,1,1,0,ICI,0,Trent17@yapl,KMB,5816,airpay.bike@timecosmos,SMB,SBM5326025,1,65966330319,BOM,UCO9287541,2,57434594510
TX,U2,42b21f1acfaeb363dfb9db7a,960169447312,0,090224,160000,39706,,1,1,0,UCO,0,Carolyn46@yapl,CNB,4814,jiopay.convergence@timecosmos,SMB,SBM7283665,1,62116218920,BOM,CBI2526658,2,87349599131
TX,U2,fda7cfb48179fd0a5bb05a02,252090868199,0,090224,173551,95049,,1,1,0,IIB,0,Camila_Mills@abfspay,ICI,4814,jiopay.broadband@timecosmos,SMB,SBM2582288,1,46842495054,BDN,BDN9908524,2,52607682491
TX,U2,bfffedd8e38da80b0a9dc863,540024858716,0,090224,035655,67125,,1,1,0,PNB,0,Pansy.Ortiz0@okhdfcbank,BOI,5814,razorpay.tacos@timecosmos,SMB,SBM8684315,1,90200991800,KTP,APP0087047,2,03022849506
TX,U2,bf2debbbedfae58792bb589c,916946304025,0,090224,224357,30302,,1,1,0,BDN,0,Clement_Hyatt85@paytm,YES,5411,finopay.town@timecosmos,SMB,SBM3793993,1,39619575871,APP,ICI1965268,2,00501354785
TX,U2,5ace43dd5d1c6293e1ed3fe8,810495748962,Z7,090224,004558,87210,,1,1,0,BOM,0,Giovani15@idfcbank,UOB,5814,razorpay.vegetarian@timecosmos,SMB,SBM9158655,1,25625757545,CBI,YJU1690371,2,81947866794
TX,U2,4aaaf040d9c8a8c3a183f0a5,627979543132,RB,090224,110332,3564,,1,1,0,BOM,0,Don.Schoen32@okaxis,PNB,5814,razorpay.steak@timecosmos,SMB,SBM3381288,1,46236899711,YES,CNB9840964,2,79970965818
TX,U2,cfe0fb9f4c31a7add32d27ad,892564105704,Z7,090224,042132,59139,,1,1,0,INB,0,Braulio_Gleason@okhdfcbank,BOM,4814,jiopay.cable@timecosmos,SMB,SBM0780672,1,63953438174,YOM,YBS1151966,2,87584564571
TX,U2,e2bae7d1ade6a844d6e0fd78,584274088504,RB,090224,015258,47214,,1,1,0,IDC,0,Amalia99@ybl,BDN,4814,jiopay.wireless@timecosmos,SMB,SBM3112087,1,39773079984,INB,IPB8940271,2,59117455865
TX,U2,a4cde24fb7e5eecf1a7fc2b8,202814199841,Z7,090224,183631,13982,,1,1,0,YJU,0,Ryley_Howell76@ybl,YJU,4722,tripay.explore@timecosmos,SMB,SBM2558455,1,18094485768,FIB,KTP4798114,2,03469974425
TX,U2,cb747d3925bc5afcbced920e,356438463944,0,090224,034502,65289,,1,1,0,YBS,0,Reynold.Hammes@abfspay,UOB,5816,airpay.airplane@timecosmos,SMB,SBM2591638,1,34600936722,ARL,BOI5579304,2,80508603530
TX,U2,05aae3a2bffb4ae960b5f194,707954018082,Z7,090224,215707,45511,,1,1,0,KVB,0,Talon_Hintz64@abfspay,CNB,5814,razorpay.vegetarian@timecosmos,SMB,SBM7120944,1,76124365621,KTP,PNB8508845,2,39692295351
TX,U2,472fd68f4de9db6dfd6ad649,578776875053,00,090224,050421,67026,,1,1,0,YES,0,Marisol.Grimes@paytm,CBI,5816,airpay.helmet@timecosmos,SMB,SBM6671016,1,06354648018,HDF,YES6834125,2,05382299140
TX,U2,6fbd8de24aea1acace8e8cae,402781031450,RB,090224,135939,11224,,1,1,0,YES,0,Flavio.Bernhard14@yesg,YBS,4814,jiopay.mobile@timecosmos,SMB,SBM9314130,1,32640913311,GTI,YJU1945831,2,36790019672
TX,U2,7f83903dfff4dcde3de637ce,002663750287,0,090224,222256,84301,,1,1,0,BOM,0,Addison_Sanford@rapl,IIB,5816,airpay.car@timecosmos,SMB,SBM7139818,1,58026243262,IDC,BOI2819532,2,79158122520
TX,U2,b7df3df795fd2e0e6bddeded,962878678048,Z7,090224,172250,2177,,1,1,0,ICI,0,Lew5@oksbi,YES,5411,finopay.town@timecosmos,SMB,SBM8149057,1,60559493316,IDC,YOM9954422,2,37108968663
TX,U2,1a4debcdfa1baf7fa74a1448,566957421530,Z9,090224,164324,84822,,1,1,0,FIB,0,Lincoln6@axl,SBI,4814,jiopay.internet@timecosmos,SMB,SBM1472127,1,84231854834,BOB,IOB9429967,2,11545807594
TX,U2,3e8ffa96f7d9a7d3e3fd6acd,871483066713,RB,090224,041359,7576,,1,1,0,BOI,0,Scotty_Macejkovic@axisb,BOM,5411,finopay.organic@timecosmos,SMB,SBM2970537,1,75611460395,BOB,UCO5329611,2,67332804147
TX,U2,e01bfff3fbddfcd6dac7dd28,109766645316,0,090224,002512,17629,,1,1,0,SBI,0,Addie_Weissnat10@rapl,PNB,4814,jiopay.convergence@timecosmos,SMB,SBM3963384,1,86368712057,HDF,IPB5533241,2,07169846862
TX,U2,b09e75dc08ffb8fde712b5ee,012704425690,Z7,090224,194816,65987,,1,1,0,UCO,0,Hulda_Kessler8@oksbi,BDN,5814,razorpay.tacos@timecosmos,SMB,SBM4095344,1,84311610077,SBI,FBL6131586,2,53509529410
TX,U2,437c36c02bd2efcae6a24d4a,230375128491,Z9,090224,075012,6055,,1,1,0,FIB,0,Veda.Corkery@abfspay,UOB,5816,airpay.helmet@timecosmos,SMB,SBM8075659,1,43967793519,MBK,KVB2451767,2,34454843100
TX,U2,cdc8ceb61039782b6b3da9f5,118458826582,Z9,090224,065930,61464,,1,1,0,BOI,0,Horace.Keebler23@abfspay,IIB,5411,finopay.marketplace@timecosmos,SMB,SBM4905798,1,55815541547,CNB,BOI8805200,2,63637816260
TX,U2,30de7b9831b833ebd52dfe14,418675240172,Z9,090224,124245,25593,,1,1,0,BOB,0,Webster.Marvin-Lynch11@icici,BDN,5816,airpay.submarine@timecosmos,SMB,SBM0784675,1,36038683283,CNB,IDC2348853,2,37686490211
TX,U2,ee36c51e844b583c07e5da9f,115193809365,Z9,090224,040413,12462,,1,1,0,IPB,0,Dallas.Weber34@abfspay,KMB,4722,tripay.adventure@timecosmos,SMB,SBM5449885,1,76474906912,FBL,KVB9817808,2,42714765682
TX,U2,1f28fe5a6f4bd7a65abf4cc2,596945549803,0,090224,212432,25787,,1,1,0,YES,0,Reina58@oksbi,UCO,4722,tripay.vacation@timecosmos,SMB,SBM7051346,1,06939027692,CBI,CNB5419769,2,17578462699
TX,U2,ceff9447ca375cde3eebddeb,655400340141,Z9,090224,075410,52098,,1,1,0,IDC,0,Edmund80@yapl,KTP,5411,finopay.dailygrocer@timecosmos,SMB,SBM3174794,1,31090840781,YBS,SBI1257580,2,80922984049
TX,U2,2b5519bc9953525fbec76eaa,754178124215,RB,090224,134619,20153,,1,1,0,IIB,0,Alfred23@ybl,BOI,5411,finopay.corner@timecosmos,SMB,SBM3814945,1,14659152616,SIB,IOB7644336,2,28207727742
TX,U2,122ac09c3d19fd761f7c770f,469869845288,Z7,090224,102838,26574,,1,1,0,YBS,0,Matilda30@okaxis,MBK,4814,jiopay.mobile@timecosmos,SMB,SBM9786231,1,87775399851,IIB,GTI6333422,2,34847581168
TX,U2,2ed80ada0430cefa2fb84ae0,454464853698,0,090224,052651,90733,,1,1,0,IPB,0,Keegan_Blick25@axisb,FIB,4722,tripay.expedition@timecosmos,SMB,SBM2665341,1,07030584873,BOB,BOB3265549,2,53204790676
TX,U2,eb9b5aabf3f8c86c811f7a65,948463836213,RB,090224,155334,17565,,1,1,0,GTI,0,Herta.Keebler66@axisb,YBS,5411,finopay.freshmart@timecosmos,SMB,SBM6158826,1,54995446683,GTI,ICI2789779,2,94147738124
TX,U2,ccc4c1298aadee266f5cf5fd,970096906092,Z7,090224,024123,60041,,1,1,0,GTI,0,Creola_Medhurst@fkaxis,BDN,4814,jiopay.mobile@timecosmos,SMB,SBM2924164,1,06372045440,ICI,CBI6220805,2,23116282822
TX,U2,b82121130b36157ad39bddcf,984544516308,RB,090224,041233,67601,,1,1,0,IOB,0,Tamara.Schuppe@rapl,INB,4814,jiopay.wireless@timecosmos,SMB,SBM0803549,1,54383503953,GTI,IDB3151593,2,40150881615
TX,U2,ad1c42ea4e2ff3dd4f03ed37,425724380278,Z7,090224,023839,33546,,1,1,0,YOM,0,Roosevelt69@ybl,CBI,5816,airpay.boat@timecosmos,SMB,SBM4712679,1,33242863661,IPB,KTP6659935,2,92048630101
TX,U2,8b287d7f6d9af9ef4f1d50ec,166691312924,RB,090224,155945,53067,,1,1,0,INB,0,Ewald_Schmitt@axisb,BOI,5814,razorpay.steak@timecosmos,SMB,SBM9205521,1,96230766842,SIB,UOB4099163,2,78954758824
TX,U2,c5ba5ecda63bba3446eff319,631823656071,00,090224,010309,38157,,1,1,0,IPB,0,Myles.Ritchie47@okhdfcbank,KTP,4814,jiopay.fiber@timecosmos,SMB,SBM8990244,1,76365131247,BOM,GTI1471718,2,28563963053
TX,U2,cf456357e46b1fe2917d8b84,731772586705,RB,090224,073721,79435,,1,1,0,YOM,0,Janae.Rowe30@axl,MBK,4814,jiopay.broadband@timecosmos,SMB,SBM5254356,1,87546800486,SIB,SIB3768031,2,43704758012
TX,U2,eea07345c1becaf0c6018cac,420704231044,Z9,090224,032533,980,,1,1,0,APP,0,Gonzalo40@axl,BDN,5411,finopay.marketplace@timecosmos,SMB,SBM3757349,1,17718926434,IOB,FBL6151565,2,60181850322
TX,U2,8ef7f6746166fbe02a38b5cf,263035707710,RB,090224,103417,50672,,1,1,0,GTI,0,Wayne76@timecosmos,KTP,5816,airpay.truck@timecosmos,SMB,SBM2898311,1,56723890610,ICI,YOM1446918,2,50086063374
TX,U2,d7ef216bfcf1b2b9be794b0e,662771556623,Z7,090224,115403,1460,,1,1,0,FIB,0,Larry_Koepp@okhdfcbank,IIB,4722,tripay.destinations@timecosmos,SMB,SBM0634734,1,47048512592,BOM,KMB9083191,2,06211492052
TX,U2,cddcb7ea0030eee1e9edd31e,627213775348,RB,090224,133957,44676,,1,1,0,IDC,0,Raquel.Kovacek10@axisb,IOB,5814,razorpay.dessert@timecosmos,SMB,SBM4935549,1,82741107551,KVB,AXB7538434,2,52901978513
TX,U2,87efedfaaf17dbad19320ee2,157970884194,Z9,090224,125342,22818,,1,1,0,YES,0,Rolando_Gutmann40@axl,AXB,5411,finopay.timecosmosrite@timecosmos,SMB,SBM3934712,1,02714370573,ARL,BDN2408258,2,17414079661
TX,U2,f27f8c9bcb5b7ceafeac2fa1,252309969337,0,090224,135050,64700,,1,1,0,BOB,0,Elisha.Balistreri@fkaxis,BOI,4722,tripay.expedition@timecosmos,SMB,SBM3760041,1,42620202323,IDC,ICI9766893,2,04146492592
TX,U2,c6868508cab071c4f140fdb8,682850879205,00,090224,023818,70037,,1,1,0,IDB,0,Alf_Bednar@paytm,KTP,5814,razorpay.steak@timecosmos,SMB,SBM8298675,1,57213214599,CNB,APP8147316,2,71559201240
TX,U2,e4b3622719ce9e8b830e9741,865573365359,00,090224,153804,28371,,1,1,0,HDF,0,Breana50@abfspay,KMB,5411,finopay.marketplace@timecosmos,SMB,SBM3664747,1,61419836512,IPB,IIB4732731,2,68571263823
TX,U2,232081aaf9927c4c7d634bee,424348827689,RB,090224,235239,88713,,1,1,0,FIB,0,Kaya.Emmerich20@rapl,YBS,4722,tripay.vacation@timecosmos,SMB,SBM9783931,1,18047121087,IDC,BDN6676917,2,12017541315
TX,U2,5b13bff5b60580fa0bcbc4eb,784045830566,Z9,090224,163616,68164,,1,1,0,IDB,0,Vivianne.Rogahn@abfspay,KTP,4722,tripay.escape@timecosmos,SMB,SBM7812787,1,05229843378,INB,FBL7468784,2,52562416144
TX,U2,cd33b20baf0a7c13015fd439,207176446901,00,090224,092041,45085,,1,1,0,SIB,0,Sheila.White6@icici,ARL,5816,airpay.bike@timecosmos,SMB,SBM8970725,1,33345275575,UCO,AXB7111992,2,01978040655
TX,U2,e3d6a2bfbad8ccd897dd67cd,371372039248,Z7,090224,174957,81881,,1,1,0,SIB,0,Levi_Kemmer@axl,HDF,5814,razorpay.vegetarian@timecosmos,SMB,SBM9168520,1,13658252095,IDC,IOB2731099,2,89655392253
TX,U2,5dcd6bd3a90b93ecb51b3eb2,072521262149,Z9,090224,205700,19874,,1,1,0,IIB,0,Josie_Lindgren20@timecosmos,BDN,4722,tripay.wander@timecosmos,SMB,SBM3053143,1,42385021678,UOB,ICI9512599,2,77030043714
TX,U2,3f60ccec08fffd223d5e8ff7,714180493692,0,090224,151132,75353,,1,1,0,FBL,0,Jacynthe6@oksbi,ARL,5814,razorpay.salad@timecosmos,SMB,SBM4499351,1,37135898210,FIB,UCO1840707,2,33794710854
TX,U2,acdf3d5b7a867c62f5ab3f05,229609257485,Z7,090224,115755,48241,,1,1,0,KMB,0,Virginie48@ybl,KTP,4722,tripay.expedition@timecosmos,SMB,SBM3847158,1,71720648629,MBK,IPB9700086,2,11790754407
TX,U2,9f225a678a296d0eeda14ea8,561858630475,00,090224,234603,20741,,1,1,0,IDC,0,Ludwig81@abfspay,KMB,5411,finopay.town@timecosmos,SMB,SBM2339405,1,55254923548,IPB,KMB4773693,2,84076147724
TX,U2,ee53cc316e3c2d1f9dfedd73,605728826651,RB,090224,014306,58951,,1,1,0,BDN,0,Jakayla_OConner70@oksbi,YJU,5411,finopay.dailygrocer@timecosmos,SMB,SBM8274762,1,91792441206,UOB,YJU4250143,2,72696738440
TX,U2,ecb9576b3ffa8cd12ee7cdb9,950291066425,RB,090224,043448,23191,,1,1,0,YJU,0,Julius.Kessler11@apl,IDC,5816,airpay.bike@timecosmos,SMB,SBM7973476,1,78761836179,KTP,BOI6341511,2,70581759025
TX,U2,5eb7c77a7420f1b70aafcf78,744328537469,Z9,090224,100326,32392,,1,1,0,IDB,0,Janice_Emard19@abfspay,KTP,5411,finopay.organic@timecosmos,SMB,SBM8235456,1,90971189119,YES,HDF0439172,2,08659557041
TX,U2,e8cbbd3cea72d4acfcb13dab,251882410435,Z9,090224,144733,95818,,1,1,0,AXB,0,Telly_Jenkins2@yesg,GTI,5816,airpay.helmet@timecosmos,SMB,SBM6933744,1,23811020408,BOM,YBS4787080,2,15842558663
TX,U2,fdb99cc34fd4880efc8cda8f,130555384068,RB,090224,144859,81210,,1,1,0,BOI,0,Penelope.Gleason@fkaxis,MBK,5814,razorpay.tacos@timecosmos,SMB,SBM0633342,1,98364227179,UOB,YES9864142,2,06931874086
TX,U2,44fb021f8d5a8a1f79ffeadc,960390072144,Z9,090224,143405,7977,,1,1,0,UOB,0,Braden74@yapl,HDF,5411,finopay.dailygrocer@timecosmos,SMB,SBM4444498,1,17397785934,FBL,APP2339403,2,62536939396
TX,U2,d2e8ac6da390913dda3d6fea,244464706933,RB,090224,134123,69822,,1,1,0,YBS,0,Heather.Conroy@okicici,KTP,5814,razorpay.steak@timecosmos,SMB,SBM6551293,1,04852662196,HDF,CNB8020716,2,62979962290
TX,U2,aae2894be7edab6aa1f4b06b,551034636578,Z7,090224,064247,15976,,1,1,0,ICI,0,Lila.Kertzmann78@yesg,ICI,4814,jiopay.cable@timecosmos,SMB,SBM1135977,1,03444240730,GTI,YES5015007,2,65698266268
TX,U2,7fb7e4cf5a4fdb6bee3d6906,893834410201,RB,090224,112510,87661,,1,1,0,BDN,0,Dortha4@rapl,IOB,5814,razorpay.burger@timecosmos,SMB,SBM0292363,1,00485680908,IDB,ICI9768096,2,66387365733
TX,U2,6802d9ec98d3af6a0e1e3ac8,138192233885,0,090224,003708,62805,,1,1,0,SBI,0,Deion_Olson@rapl,KMB,5814,razorpay.steak@timecosmos,SMB,SBM8589810,1,92365469244,GTI,ARL0302934,2,61938457814
TX,U2,64341c560d0ecb5343ccece6,348744129722,RB,090224,185659,9940,,1,1,0,FBL,0,Robert.Harvey@okhdfcbank,CBI,5816,airpay.drone@timecosmos,SMB,SBM2350130,1,26843544901,IOB,IDC2826080,2,65171085178
TX,U2,6bbc9ae2c9ccfc5ed80cf932,827858446761,Z9,090224,035432,68970,,1,1,0,IDB,0,Mack40@yapl,YJU,5816,airpay.truck@timecosmos,SMB,SBM4881633,1,02504651567,BOM,IIB5271457,2,19414854197
TX,U2,e28d1bb11671225efefe0ad0,275137918195,0,090224,222349,66155,,1,1,0,APP,0,Jessyca.Kerluke@idfcbank,HDF,4722,tripay.adventure@timecosmos,SMB,SBM3671109,1,58804046352,PNB,PNB1037184,2,32527536775
TX,U2,7ca473c3f4a060eadf031b1b,154480628528,Z9,090224,011421,24891,,1,1,0,SIB,0,Bryana8@yapl,IDC,5816,airpay.airplane@timecosmos,SMB,SBM8733795,1,37397138523,KVB,FIB0059663,2,78028272198
TX,U2,b96d7536d7686eb9b6ddea03,047815774881,Z9,090224,040807,75181,,1,1,0,HDF,0,Brady.Conn@timecosmos,MBK,5411,finopay.dailygrocer@timecosmos,SMB,SBM9383536,1,90086140085,BOM,BDN5602536,2,10424856013
TX,U2,e484e498ca2fade365deea46,876289430118,0,090224,015755,84068,,1,1,0,SBI,0,Camille_McDermott@okaxis,SBI,4722,tripay.tour@timecosmos,SMB,SBM7789906,1,79699694639,KTP,GTI5858933,2,34900721973
TX,U2,a20f2a9d5e181ca0d9af9e0d,795443682980,00,090224,232419,79210,,1,1,0,IIB,0,Bernita51@axisb,BOB,5814,razorpay.dessert@timecosmos,SMB,SBM9598608,1,00015167880,FIB,KMB2065319,2,88764983725
TX,U2,82d9c01bf6814a35e3b8290b,612395485273,0,090224,032948,45644,,1,1,0,ARL,0,Rhianna98@idfcbank,KMB,4722,tripay.getaway@timecosmos,SMB,SBM7265464,1,50214903595,APP,YJU7839614,2,57466225289
TX,U2,cd4c142f55a8cf2a8db8cf5c,497160854283,0,090224,222314,14588,,1,1,0,YOM,0,Dudley_Herman75@okicici,UOB,5816,airpay.bike@timecosmos,SMB,SBM0689620,1,73556896963,IDC,BOI8531027,2,32295895319
TX,U2,eaccc2eaf0eafde299f36d70,683500207231,Z9,090224,140730,44732,,1,1,0,PNB,0,Oda.Wilkinson72@ybl,IIB,4814,jiopay.mobile@timecosmos,SMB,SBM8524674,1,12994024067,UCO,UCO9286761,2,44239591298
TX,U2,f9d7fed93489a8ee258e89aa,723085808719,Z9,090224,044528,94903,,1,1,0,YJU,0,Raina19@timecosmos,IPB,5814,razorpay.vegetarian@timecosmos,SMB,SBM7886024,1,40566777477,FIB,HDF1850581,2,27317034602
TX,U2,a121893fc226f6fdf655b40c,706573397197,0,090224,122016,40213,,1,1,0,IOB,0,Gerardo.Brakus33@oksbi,YBS,4814,jiopay.cable@timecosmos,SMB,SBM9727875,1,45349781583,YOM,AXB7259819,2,08137979434
TX,U2,852ad56204de7e2f5eed8671,517164203693,Z7,090224,080524,95942,,1,1,0,MBK,0,Jaycee26@timecosmos,IPB,5411,finopay.corner@timecosmos,SMB,SBM2861598,1,09510501584,CBI,GTI2131648,2,02871625160
TX,U2,aeb3b7e71c17fa3d59fbedeb,098166413969,Z9,090224,075631,69560,,1,1,0,BOM,0,Julia_Kuvalis30@axisb,ARL,5411,finopay.marketplace@timecosmos,SMB,SBM5852988,1,06068556648,PNB,CNB4076947,2,46815606591
TX,U2,0e9e6451b59af35bb5d7aedc,011577279601,RB,090224,180141,51536,,1,1,0,IDB,0,Roel.Nienow67@fkaxis,FBL,5411,finopay.freshmart@timecosmos,SMB,SBM4871603,1,42788380118,PNB,IIB8293442,2,11478318731
TX,U2,e7e0643703d6cc38fb49cb7d,022055130054,00,090224,151703,96266,,1,1,0,SBI,0,Queenie.Sawayn@oksbi,ARL,5411,finopay.marketplace@timecosmos,SMB,SBM1071571,1,82381128918,IDB,IIB7303370,2,67376216699
TX,U2,a1d3e9bbbfe15ce59ebbabd1,053691656365,RB,090224,130100,33721,,1,1,0,KVB,0,Victoria77@yapl,YBS,5814,razorpay.pasta@timecosmos,SMB,SBM0486576,1,87851460631,KMB,HDF7954671,2,50835972597
TX,U2,5d8207b94e9ce252be263fae,250789792187,0,090224,164540,11292,,1,1,0,IDB,0,Hanna68@rapl,YOM,5814,razorpay.tacos@timecosmos,SMB,SBM7817982,1,03422256077,YJU,MBK1974375,2,29643274423
TX,U2,f2ad9cdba4aa6eb9bed36fef,000235580493,RB,090224,151951,23168,,1,1,0,PNB,0,Breanna_Frami-Witting@axisb,IIB,4814,jiopay.voip@timecosmos,SMB,SBM0156335,1,06504370313,YES,IDC7190074,2,06746842232
TX,U2,4aade04ae524abd6707c8ccf,033018892922,0,090224,070615,41923,,1,1,0,INB,0,Pansy54@yesg,YES,4814,jiopay.internet@timecosmos,SMB,SBM3500481,1,42931005720,ARL,BOM4527568,2,13112001604
TX,U2,ccd2df0a9d72f46aac71cfe4,640404945449,Z9,090224,045521,46392,,1,1,0,KMB,0,Lavon_Zieme@paytm,PNB,5411,finopay.organic@timecosmos,SMB,SBM1213091,1,49783792489,PNB,YES1087275,2,72161091857
TX,U2,6eab0fc47eaaa9b9caf7e3bd,201461843672,Z7,090224,131829,66126,,1,1,0,AXB,0,Oda.Daniel61@okicici,IDB,4722,tripay.vacation@timecosmos,SMB,SBM7814460,1,09588570253,KVB,MBK5088066,2,60129993708
TX,U2,6be61baecf4e85a266cf8c7d,430504312957,Z7,090224,150345,34732,,1,1,0,SBI,0,Maxwell.Cartwright49@timecosmos,ICI,4722,tripay.vacation@timecosmos,SMB,SBM5000448,1,97780318660,MBK,BOB2407884,2,73482784075
TX,U2,f53d0fc661fec3af905679c0,500326738479,RB,090224,054803,10808,,1,1,0,ICI,0,Damian.Kerluke@okhdfcbank,IDC,4722,tripay.destinations@timecosmos,SMB,SBM0003959,1,44179343954,IIB,IDC7327651,2,08192266564
TX,U2,6aacd5daaaed0ce21fb4ecc4,796221205694,0,090224,220058,79956,,1,1,0,BOI,0,Sonia.Bergnaum5@yapl,YBS,4814,jiopay.broadband@timecosmos,SMB,SBM3039279,1,12768374715,BOM,IDC7863400,2,43676127697
TX,U2,8aa39db67f6791c0ff8e487b,969270732191,Z7,090224,011400,50940,,1,1,0,FBL,0,Jordy.Stehr@abfspay,UCO,5816,airpay.airplane@timecosmos,SMB,SBM6006592,1,30034228146,CBI,IIB6697146,2,74960487696
TX,U2,e769ce30f326dce946daccab,813217011886,00,090224,085228,97045,,1,1,0,YJU,0,Alfred.Schmeler@axisb,IPB,5411,finopay.corner@timecosmos,SMB,SBM4151373,1,89478217475,AXB,YBS4445749,2,85390229661
TX,U2,5bfb368b1adb4efcecbfcc8e,900329354083,Z7,090224,092850,72649,,1,1,0,INB,0,Joany55@axl,IOB,5411,finopay.organic@timecosmos,SMB,SBM0958422,1,18986028082,IDB,PNB0592008,2,01712425251
TX,U2,503dadec3f54acaa21a93500,723709656364,0,090224,163415,57210,,1,1,0,BOI,0,Jeramy40@rapl,CNB,5816,airpay.boat@timecosmos,SMB,SBM0951884,1,84951778902,IDC,IDC1214838,2,59190736051
TX,U2,ccd07e95fa448a9a00bd4766,978671345757,Z9,090224,021408,4202,,1,1,0,YBS,0,Elwyn_Crona@yesg,INB,5411,finopay.timecosmosrite@timecosmos,SMB,SBM4651171,1,03055763809,AXB,YBS1629044,2,69306483561
TX,U2,c4deb22a7accbf0e7f9f6eed,944149599492,00,090224,120110,401,,1,1,0,PNB,0,Josh.Orn@abfspay,IDB,4722,tripay.getaway@timecosmos,SMB,SBM3372262,1,13482893535,MBK,APP1301423,2,67030921334
TX,U2,a4ad14f72fdde6bd908d1517,900940304001,RB,090224,004942,96373,,1,1,0,IDC,0,Rickie_Kohler48@okaxis,UCO,4814,jiopay.internet@timecosmos,SMB,SBM7356154,1,31987801484,INB,BOM4640453,2,94423573629
TX,U2,0ecbe986abe94ad1a1a11df8,086212949883,0,090224,033629,28534,,1,1,0,YOM,0,Ottis_McDermott@okicici,ARL,5814,razorpay.dessert@timecosmos,SMB,SBM0033853,1,08718739531,ARL,FBL4604226,2,91443929041
TX,U2,ecb1137687883fd7282ef8c7,091022821428,0,090224,014904,93390,,1,1,0,BOB,0,Carli.Padberg83@abfspay,KVB,4722,tripay.globetrot@timecosmos,SMB,SBM3010108,1,33147436031,GTI,BOB6772059,2,85167158375
TX,U2,60b5bf61eda8be5dca2fb675,057950334815,0,090224,234813,69311,,1,1,0,BOI,0,Gloria35@timecosmos,GTI,4814,jiopay.voip@timecosmos,SMB,SBM1385338,1,68952616660,KVB,IOB9968450,2,69849171079
TX,U2,c9e7aee4b7b8ecca5b3ccab9,901565611864,0,090224,164008,63696,,1,1,0,AXB,0,Bernard0@yesg,UOB,4722,tripay.explore@timecosmos,SMB,SBM2680767,1,85111321020,KTP,BOI7020355,2,16185244545
TX,U2,b9fd53f2a3dffbc761becf70,082923911708,RB,090224,060704,86915,,1,1,0,IDB,0,Ubaldo43@okicici,YJU,5814,razorpay.steak@timecosmos,SMB,SBM0219850,1,37370133365,YBS,UCO0410072,2,61290617042
TX,U2,0a1d1f6fac7654ff84fd4da8,675898668512,0,090224,144843,52263,,1,1,0,KVB,0,Rosendo.Bechtelar@abfspay,INB,5814,razorpay.tacos@timecosmos,SMB,SBM2837828,1,54083655708,IDB,YJU5625012,2,46618992414
TX,U2,da486304da04cee42d6e4f7f,889300704378,0,090224,201751,25143,,1,1,0,ICI,0,Trey_Kihn@oksbi,GTI,5814,razorpay.pasta@timecosmos,SMB,SBM5484416,1,37273259504,ARL,BOM4551339,2,48742521072
TX,U2,8fcfe8cfa8cbec39e9e9dad5,342708999368,Z9,090224,091325,19283,,1,1,0,BDN,0,Katelynn_Hudson@oksbi,KVB,4814,jiopay.cable@timecosmos,SMB,SBM1423358,1,63906518825,MBK,UCO8379840,2,69219151143
TX,U2,9ca67e3d88131e1b28a7195e,824906793143,RB,090224,214731,60764,,1,1,0,KVB,0,Kellen1@abfspay,AXB,5411,finopay.organic@timecosmos,SMB,SBM0591079,1,53163758143,PNB,MBK3628010,2,81396107986
TX,U2,e2db7b4996bbf88b86bb2bb0,757476117865,00,090224,085119,16032,,1,1,0,KVB,0,Nya6@apl,FBL,5816,airpay.bike@timecosmos,SMB,SBM9436316,1,19784307751,IDC,IOB8161885,2,13098293355
TX,U2,a2abe35573d0c6fcaa48dd3e,582428617456,Z7,090224,011024,19057,,1,1,0,SIB,0,Jacklyn_Prohaska@abfspay,FIB,5814,razorpay.tacos@timecosmos,SMB,SBM5167718,1,32505243804,KTP,IDC9887725,2,30410106156
TX,U2,efdb91de450b6fc4d5a1ca7c,374180401028,0,090224,004151,45704,,1,1,0,HDF,0,Estevan88@axl,UCO,5411,finopay.organic@timecosmos,SMB,SBM9866605,1,45608775684,BOB,MBK1596974,2,83354411380
TX,U2,d50e845ccd35bf5d5b4b2211,749367325604,0,090224,015717,28264,,1,1,0,CNB,0,Johnson_Ledner-Koss@fkaxis,YJU,5816,airpay.airplane@timecosmos,SMB,SBM4223348,1,30623043969,YJU,BDN6299574,2,77086646959
TX,U2,1b6da9d9ed1b67bd7d2d29bd,595218671681,00,090224,205922,60949,,1,1,0,AXB,0,Ethelyn_Renner51@rapl,YES,5814,razorpay.sushi@timecosmos,SMB,SBM6064399,1,28253375729,MBK,IOB3255973,2,45782509225
TX,U2,bed016cf3dd93cf0a1cacb9a,804249026725,00,090224,120608,46423,,1,1,0,GTI,0,Zechariah28@axisb,IIB,5816,airpay.submarine@timecosmos,SMB,SBM4059734,1,42476869372,KTP,BOB0754580,2,09438758034
TX,U2,dabc70a532830aaac99a7bbd,408961981061,RB,090224,043307,77680,,1,1,0,IDC,0,Kristofer87@apl,KTP,5816,airpay.submarine@timecosmos,SMB,SBM3948323,1,28698442302,IPB,FIB7316454,2,13795861857
TX,U2,e75c20f288ace0e020dfdd7e,306459856558,0,090224,154314,77384,,1,1,0,INB,0,Carolina_Tillman90@okicici,APP,5816,airpay.helmet@timecosmos,SMB,SBM4950748,1,74339421189,YES,CNB1954911,2,04448613928
TX,U2,d2b8cc26739ead3d6fd5c27c,863053997911,Z7,090224,021237,84916,,1,1,0,YES,0,Dovie.Durgan@abfspay,YOM,4814,jiopay.cable@timecosmos,SMB,SBM9776424,1,33463573228,YBS,ARL8510514,2,51296357533
TX,U2,4eeb3c1d5efc79cccaf887c6,621610912947,Z9,090224,191117,61296,,1,1,0,SBI,0,Garrett.Marvin85@timecosmos,KVB,4814,jiopay.mobile@timecosmos,SMB,SBM1355532,1,25722624006,ARL,IDB9977949,2,46497375276
TX,U2,acef6a26a3edefd4dab9ed93,929150355764,Z7,090224,093008,69090,,1,1,0,YJU,0,Kylie71@abfspay,SBI,4814,jiopay.internet@timecosmos,SMB,SBM8487891,1,95121106528,MBK,CNB7515470,2,28789657144
TX,U2,5ba7efaf23b2acde2748a5a8,362046881347,Z9,090224,205125,19763,,1,1,0,YBS,0,Leora_Volkman@okicici,SIB,4722,tripay.globetrot@timecosmos,SMB,SBM4707034,1,64403458438,PNB,CBI9186983,2,09681954197
TX,U2,a08e22e996bf8cd2ada5e8fc,814253695887,Z9,090224,234341,92481,,1,1,0,KMB,0,Orlando.Kshlerin8@abfspay,YJU,4814,jiopay.internet@timecosmos,SMB,SBM7423333,1,02468830908,APP,CBI8972555,2,09941956823
TX,U2,d5e00cf4820fdb92b46d03ee,225563275571,Z7,090224,175628,22366,,1,1,0,BOM,0,Janessa_Altenwerth@yesg,BOI,5816,airpay.airplane@timecosmos,SMB,SBM8846009,1,31161934732,BOB,YJU0801146,2,92931615846
TX,U2,56390667d43ae28e31dda1bc,562739673201,Z7,090224,232135,96237,,1,1,0,APP,0,Edmund_McGlynn@okhdfcbank,SBI,5411,finopay.foodland@timecosmos,SMB,SBM7710562,1,37394169215,KMB,UOB8217725,2,85190132877
TX,U2,6aba0a9401f65acea04ef278,140948105640,00,090224,194159,30452,,1,1,0,IDB,0,Jayme_Reilly@okhdfcbank,IOB,5816,airpay.drone@timecosmos,SMB,SBM7910513,1,06181331149,ICI,BOB1012523,2,62240107607
TX,U2,df5f5cbc0e6bfd9467dba375,646001133067,Z9,090224,193438,77107,,1,1,0,KTP,0,Yvette_Brakus@yapl,IOB,5411,finopay.marketplace@timecosmos,SMB,SBM9177348,1,51215855770,ICI,SIB6823416,2,68452725868
TX,U2,eb348f4fdf77400c198546bd,305022188747,RB,090224,085849,61348,,1,1,0,IPB,0,Wilburn_Witting@paytm,HDF,5814,razorpay.dessert@timecosmos,SMB,SBM4539822,1,68415088381,FBL,BDN5464416,2,65567586435
TX,U2,6bb1d7d8dc858e1ce0500dec,275329711246,00,090224,225407,28311,,1,1,0,APP,0,Betsy56@idfcbank,KTP,4722,tripay.destinations@timecosmos,SMB,SBM3164912,1,29957783687,UCO,SIB7701340,2,93164984883
TX,U2,63c802e2c5fae2eebcb6d0f4,874254462058,00,090224,024052,6534,,1,1,0,YES,0,Jadon71@abfspay,AXB,5814,razorpay.sushi@timecosmos,SMB,SBM2614681,1,77192696141,IIB,KVB7419364,2,92428536599
TX,U2,feff1cae22febf38ad2f7b77,453909953645,Z9,090224,025836,65615,,1,1,0,YOM,0,Julius_Kling@axisb,UCO,5814,razorpay.sushi@timecosmos,SMB,SBM2445331,1,27315417026,YOM,CNB4320408,2,04895106217
TX,U2,3cd2d62bd6a41adcadd2ab50,475614305503,00,090224,050426,77538,,1,1,0,BOM,0,Kayden_Kovacek7@icici,YOM,4814,jiopay.wireless@timecosmos,SMB,SBM0037391,1,58293931501,YBS,YOM8250517,2,41504026846
TX,U2,bcb7bd15e89f3dacde473eae,290880736483,Z7,090224,061854,6531,,1,1,0,YJU,0,Wilburn52@okaxis,IDB,5816,airpay.helmet@timecosmos,SMB,SBM2644665,1,53166374730,KVB,CNB8355313,2,56255708118
TX,U2,db01f20acfac55d7a208b0e4,128424730148,Z9,090224,203126,89919,,1,1,0,ARL,0,Fernando.Kunde@ybl,ICI,5816,airpay.helmet@timecosmos,SMB,SBM1083743,1,87314177819,FIB,YJU9875836,2,43622016161
TX,U2,9eacfbae41bcd1c6ac7ecd1b,288572743313,00,090224,162117,5540,,1,1,0,BOB,0,Lucinda70@oksbi,IOB,4722,tripay.vacation@timecosmos,SMB,SBM6242921,1,79945114269,ICI,IDB9585469,2,24463634805
TX,U2,11aafe0dcefa77baf0c84517,525516314129,00,090224,172032,91221,,1,1,0,IDC,0,Abby_Jaskolski@oksbi,YOM,5411,finopay.organic@timecosmos,SMB,SBM5234772,1,67159512096,YES,INB6261028,2,49568991928
TX,U2,3fca36b6fadb2dffdefe7bf6,018711977309,0,090224,084512,91529,,1,1,0,APP,0,Madilyn_Franecki@idfcbank,APP,4814,jiopay.fiber@timecosmos,SMB,SBM8141330,1,76107934908,AXB,UCO9177356,2,15228113909
TX,U2,55cfbb9dccaeea1d5cb2dd20,458157333852,Z7,090224,113956,71382,,1,1,0,BOI,0,Vidal10@icici,YOM,5411,finopay.freshmart@timecosmos,SMB,SBM7722416,1,88752662778,BOM,CNB6464500,2,83080594211
TX,U2,5db4fb4eecde9ca5dcafd294,192383109197,RB,090224,093037,4950,,1,1,0,IIB,0,Lambert.Cummerata7@timecosmos,BOB,5814,razorpay.burger@timecosmos,SMB,SBM2350086,1,91155802245,BOM,KVB6642550,2,49808071203
TX,U2,acc285abd20ea4e9d919cd1a,492892654676,RB,090224,131155,16144,,1,1,0,SIB,0,Scotty.Emard40@fkaxis,HDF,4814,jiopay.voip@timecosmos,SMB,SBM6688536,1,01603148000,FBL,IIB5836153,2,49701794353
TX,U2,cdf86b2ed05b33b386d75e60,455249529247,Z9,090224,064512,4933,,1,1,0,ICI,0,Wade.Halvorson16@oksbi,GTI,5816,airpay.drone@timecosmos,SMB,SBM5548747,1,54932110631,BOM,KVB6285572,2,05629193080
TX,U2,9ca6ccca6ac6d8800c11aab4,477153727122,0,090224,230256,5051,,1,1,0,KVB,0,Santina.Russel@yapl,KVB,5411,finopay.organic@timecosmos,SMB,SBM8635168,1,27905108567,MBK,APP7768559,2,07095822516
TX,U2,fba502ed8cc73a34c83aeff4,887245364430,0,090224,235235,2152,,1,1,0,SBI,0,Austyn.Leuschke23@apl,ICI,5814,razorpay.steak@timecosmos,SMB,SBM8901538,1,60632835801,YBS,BOB3144629,2,76606117108
TX,U2,99a1adea8aab0fbeedaa987e,661582410387,00,090224,210303,14220,,1,1,0,BDN,0,Oral_Spinka@fkaxis,SBI,4722,tripay.wander@timecosmos,SMB,SBM9370586,1,16339967161,INB,IPB5158004,2,98545826070
TX,U2,fe6910eae93d9ba1f2b0adbe,518881247306,RB,090224,043735,69076,,1,1,0,YBS,0,Blanca15@yapl,SIB,5814,razorpay.burger@timecosmos,SMB,SBM3638513,1,67973995639,ARL,IIB3941231,2,33994242991
TX,U2,09bb3dd0bbad58a0b8f72bee,870708292496,0,090224,012138,62061,,1,1,0,KVB,0,Flavio.Brown26@okaxis,KTP,5814,razorpay.burger@timecosmos,SMB,SBM9083564,1,52933605526,HDF,KVB8832042,2,36957916925
TX,U2,1f58d5acdadcc1185a824bac,792800044359,Z7,090224,171221,49143,,1,1,0,BOI,0,Keith_Rowe@icici,PNB,5814,razorpay.pasta@timecosmos,SMB,SBM7543698,1,54782161841,IDB,CNB8684927,2,72196402690
TX,U2,df5af3f2f8adbea6f55dceeb,970465302503,0,090224,021723,35786,,1,1,0,YBS,0,Rhett_Crona@ybl,ICI,4814,jiopay.mobile@timecosmos,SMB,SBM1755131,1,00299656437,PNB,BOM0522368,2,16587163927
TX,U2,96bdedb890e5c7ff62b5beeb,818408799475,Z7,090224,174645,88770,,1,1,0,INB,0,Marilou_Kulas71@okicici,IPB,5816,airpay.helmet@timecosmos,SMB,SBM9188372,1,34898680811,MBK,YOM5979175,2,17533925180
TX,U2,c2cd4c4836e9ada6946ad32b,746635146047,00,090224,184702,4164,,1,1,0,SBI,0,Erica_Strosin73@yesg,KVB,5411,finopay.dailygrocer@timecosmos,SMB,SBM5792225,1,22137411652,CBI,YJU1230478,2,73733225794
TX,U2,acf455bab7d3c3e1e5bdbcdd,085109996648,Z7,090224,100301,24691,,1,1,0,YJU,0,Delilah.Gorczany81@timecosmos,BOB,5816,airpay.airplane@timecosmos,SMB,SBM3150585,1,59702598162,FIB,IIB8483072,2,40159893356
TX,U2,fe7b6bac09e1d5b2e9c0eecf,131545543301,Z7,090224,051217,40433,,1,1,0,IDC,0,Eugenia_Quigley4@icici,PNB,5814,razorpay.burger@timecosmos,SMB,SBM3182676,1,46506205562,IOB,BOM1140065,2,10060978489
TX,U2,ec21deaf84e7da68c4fcabe1,339417141197,00,090224,053710,44095,,1,1,0,MBK,0,Magnus_Huel39@yapl,YBS,4814,jiopay.fiber@timecosmos,SMB,SBM1174866,1,05871609460,YBS,AXB5758097,2,58295541715
TX,U2,534d93e9baefcc2fba101a3b,720883834365,0,090224,162134,98641,,1,1,0,YES,0,Henri.Bauch@fkaxis,FIB,4814,jiopay.mobile@timecosmos,SMB,SBM7894533,1,12064700014,YJU,ARL6810576,2,69126524206
TX,U2,e2db759a7f4f5f7f2fecd809,204694700428,0,090224,003523,39929,,1,1,0,FIB,0,Wilbert.Borer75@oksbi,YJU,5814,razorpay.sushi@timecosmos,SMB,SBM7505628,1,90699491039,SIB,UOB4744745,2,87670515600
TX,U2,bad8a97bc9f15ca651b77f6c,532859972878,00,090224,143854,80654,,1,1,0,CNB,0,Kennedy.Pfannerstill79@yesg,UCO,4722,tripay.globetrot@timecosmos,SMB,SBM5655864,1,18280506062,BDN,YBS7105893,2,82292024251
TX,U2,9d2debafaf6cc9ba128e2668,901437690747,Z9,090224,214240,8007,,1,1,0,FBL,0,Sadye92@ybl,IIB,4722,tripay.escape@timecosmos,SMB,SBM7363625,1,62950864853,PNB,KMB2227147,2,87901694252
TX,U2,34f5e805446dcf47bea7b00b,924523383738,Z9,090224,022915,48693,,1,1,0,UOB,0,Simone_Doyle@okhdfcbank,YJU,4814,jiopay.convergence@timecosmos,SMB,SBM0485831,1,67617346783,INB,CBI1070216,2,09522335295
TX,U2,84fa5ef1913e79a5498ed75b,578804881568,Z7,090224,175707,15576,,1,1,0,HDF,0,Franz_Bergstrom91@paytm,GTI,5411,finopay.bulkstore@timecosmos,SMB,SBM2776474,1,86279896161,INB,AXB9348338,2,27395431986
TX,U2,bcaf2671530c3b99c5c4dfa5,247712846702,0,090224,132330,70805,,1,1,0,HDF,0,Johann68@apl,INB,5816,airpay.helmet@timecosmos,SMB,SBM4164083,1,59061575626,KMB,GTI8959382,2,50403861524
TX,U2,f1faa163fad7cf5ed3285ef3,765890255065,0,090224,233659,4997,,1,1,0,KVB,0,Carmen55@timecosmos,ICI,4722,tripay.getaway@timecosmos,SMB,SBM6799686,1,60986744645,FBL,INB9393666,2,90559904570
TX,U2,4be7d6c2a1374f030a6c48db,001458888432,00,090224,192004,25982,,1,1,0,IDB,0,Herman_Bogisich@abfspay,IDB,5411,finopay.organic@timecosmos,SMB,SBM1516297,1,62540263249,IPB,YOM0415949,2,16780055312
TX,U2,4df2749a5fadf516decadd04,911657599596,00,090224,020504,10626,,1,1,0,CNB,0,Walton.Rice@icici,BOI,5816,airpay.helmet@timecosmos,SMB,SBM2723620,1,25977817712,FIB,HDF3445171,2,08692490647
TX,U2,5edaabe63fb9dddf4d6bbbef,776258748023,RB,090224,230029,62237,,1,1,0,KTP,0,Sylvan_McCullough@fkaxis,FIB,4722,tripay.expedition@timecosmos,SMB,SBM9545277,1,30144617156,FBL,IIB7646604,2,31292384866
TX,U2,65db54df7ebf0f8a302123ec,361610891893,0,090224,072815,16963,,1,1,0,FIB,0,Shayne.Rempel@fkaxis,GTI,4814,jiopay.wireless@timecosmos,SMB,SBM8210357,1,15100116135,KTP,SIB4720438,2,40392701820
TX,U2,6ecba96119fd6bbf2816abbe,607171158418,Z7,090224,153534,83822,,1,1,0,FBL,0,Laury2@axl,INB,5816,airpay.airplane@timecosmos,SMB,SBM7036492,1,86387512858,CNB,BOM3974416,2,37913853029
TX,U2,ad94e6d1f1f0b08a5caf7ae8,248791690523,Z9,090224,132942,95487,,1,1,0,CBI,0,Richard_Bednar79@ybl,YOM,5816,airpay.drone@timecosmos,SMB,SBM6365276,1,89807230053,INB,UOB6539610,2,39668602112
TX,U2,7efcd30a4ebc5c60ecb3bacf,552425839577,RB,090224,160444,4095,,1,1,0,MBK,0,Casper51@abfspay,CBI,5816,airpay.car@timecosmos,SMB,SBM7746902,1,73571562652,KMB,IOB5928427,2,16630431469
TX,U2,8f4f91ac51d05ea6fbde8bb3,030154290916,0,090224,190939,96950,,1,1,0,FBL,0,Cletus.Ferry89@oksbi,UOB,5816,airpay.bike@timecosmos,SMB,SBM0951734,1,26085022468,ICI,AXB5131253,2,77535732694
TX,U2,a99cf4ce6e7da0e66d3e7eca,195321016923,RB,090224,113557,67365,,1,1,0,HDF,0,Zena29@abfspay,PNB,4814,jiopay.data@timecosmos,SMB,SBM3320053,1,39342681392,GTI,PNB1989518,2,26837335240
TX,U2,ddeca49afc11fe9a9f97b730,358353306418,Z7,090224,044638,99704,,1,1,0,YES,0,Kurtis59@timecosmos,AXB,4722,tripay.explore@timecosmos,SMB,SBM5127382,1,35633660757,UOB,YES7599109,2,09836537149
TX,U2,f4f3ccfc39d18bc0a5ff7c7d,102366739491,Z7,090224,223559,36503,,1,1,0,BOB,0,Eugenia.Weimann@rapl,UCO,5816,airpay.airplane@timecosmos,SMB,SBM4119399,1,17434516657,IIB,GTI6807931,2,85237095937
TX,U2,a3a5e2ec1821d00e7fc1a2cc,908688996852,00,090224,043840,52569,,1,1,0,SBI,0,Tyra_Harvey@rapl,SIB,4814,jiopay.cable@timecosmos,SMB,SBM9483006,1,91500410076,IOB,IOB6693746,2,45290140502
TX,U2,d70df8ae5daafe401e76bff1,589386780968,0,090224,195357,12922,,1,1,0,BDN,0,Dudley65@rapl,CBI,5816,airpay.truck@timecosmos,SMB,SBM2129956,1,15388826683,YES,YJU7299627,2,21218957474
TX,U2,f1cdd5af8745eaf2e12ef966,498716984264,Z7,090224,194905,23096,,1,1,0,AXB,0,Elias.Willms@timecosmos,UOB,5816,airpay.robot@timecosmos,SMB,SBM2912357,1,62592888428,YBS,INB4594503,2,05276150497
TX,U2,a3e78ecd0b810fd176a3f46a,704315357706,RB,090224,044645,36022,,1,1,0,KVB,0,Tierra55@abfspay,KMB,5814,razorpay.pasta@timecosmos,SMB,SBM2405626,1,10745519695,IPB,IDC2930517,2,38733601959
TX,U2,bebb5ada91599c3fbb9b8ee4,358589682352,0,090224,163040,35003,,1,1,0,UOB,0,Abel.Hackett91@timecosmos,YJU,4722,tripay.explore@timecosmos,SMB,SBM4032899,1,77753599320,FIB,IOB6104814,2,56020051863
TX,U2,4de5a2c468bab9b7afcb23ec,052138354258,0,090224,081715,47770,,1,1,0,UOB,0,Madeline11@axisb,MBK,5816,airpay.robot@timecosmos,SMB,SBM6475189,1,48737721324,CBI,ICI7332841,2,10308048700
TX,U2,d958c4b61edcce89cbe2cd78,129721502374,RB,090224,142219,68772,,1,1,0,BOM,0,Loy_Hand@okicici,SIB,5816,airpay.boat@timecosmos,SMB,SBM0434894,1,68361848036,CBI,PNB0934145,2,84019554701
TX,U2,c72484ab82552ce211c5cd3a,369543952030,RB,090224,235823,94853,,1,1,0,HDF,0,Mabelle.Monahan18@abfspay,FIB,4722,tripay.wander@timecosmos,SMB,SBM4274515,1,44259101818,YBS,KTP3975285,2,86511619271
TX,U2,3fee2d51b34fd6fa12daeefb,027810137525,Z9,090224,223845,18183,,1,1,0,BOM,0,Dewitt.Nikolaus@paytm,IIB,4722,tripay.destinations@timecosmos,SMB,SBM6119286,1,42311707279,YJU,IDB7950917,2,88187546856
TX,U2,0b2aa4c0790fe7e06813943a,837391555879,Z9,090224,142457,16685,,1,1,0,GTI,0,Philip_Klocko15@okhdfcbank,YJU,4722,tripay.vacation@timecosmos,SMB,SBM4042108,1,68349977046,IIB,BOB7254320,2,31529770137
TX,U2,615fb0cadeb74f87c22cf7c8,900967770174,RB,090224,231253,36926,,1,1,0,MBK,0,Isai_Abernathy53@oksbi,PNB,4722,tripay.globetrot@timecosmos,SMB,SBM6424911,1,64723859221,IDC,KVB7328710,2,15580579233
TX,U2,5dedeba30c9bdf9dfdd1e8fc,941737398984,00,090224,214736,70175,,1,1,0,YOM,0,Candida34@timecosmos,IOB,5411,finopay.corner@timecosmos,SMB,SBM5621160,1,55795818594,CBI,IDB7600042,2,37430086912
TX,U2,1fa102c65cafaff92c6e4f5d,756576822436,Z9,090224,214534,10153,,1,1,0,SIB,0,Alana_Stanton10@timecosmos,IIB,4722,tripay.adventure@timecosmos,SMB,SBM9942758,1,32565948741,KVB,AXB1686242,2,91155269317
TX,U2,9a25bde9d7be379f1d689c1e,585053458986,00,090224,010745,45515,,1,1,0,ARL,0,Kolby.Bogisich@paytm,BOM,5816,airpay.truck@timecosmos,SMB,SBM8882703,1,04607728571,GTI,IDB8549104,2,84198059142
TX,U2,3dcfbbdc5ebd30f8add0ea1e,438367661731,Z7,090224,103323,22664,,1,1,0,SIB,0,Rico.Konopelski54@abfspay,PNB,5816,airpay.submarine@timecosmos,SMB,SBM2065694,1,32201299863,BOB,PNB9070150,2,85098830912
TX,U2,8fbcfabdfc37ec57dbf4efd1,558963606347,0,090224,013911,16366,,1,1,0,BOM,0,Alana_Casper-Mayert78@timecosmos,BDN,5411,finopay.bulkstore@timecosmos,SMB,SBM2167181,1,93122758971,YES,FBL9662929,2,89495996600
TX,U2,c2fcae86cefebf5d7c218c00,865683176254,Z7,090224,205413,9098,,1,1,0,KMB,0,Ferne_Schaden@rapl,ICI,5816,airpay.robot@timecosmos,SMB,SBM1155899,1,07887687131,ARL,BOM3475701,2,32847440890
TX,U2,216bab3ae0ccefde85b6ab0d,815570685308,00,090224,045402,39194,,1,1,0,BOM,0,Darryl_Pagac75@okicici,YOM,4814,jiopay.mobile@timecosmos,SMB,SBM6307696,1,05423261515,BOM,IDB7370113,2,54853763526
TX,U2,b35be7c9934a5bfc162d6e84,957696678446,Z7,090224,232620,54193,,1,1,0,YES,0,Alexys.OConnell88@okhdfcbank,YES,4722,tripay.explore@timecosmos,SMB,SBM0017391,1,81517068549,KVB,YJU1040837,2,61679541367
TX,U2,9d3f8d468b2ce1ade78bdfba,969641628591,RB,090224,014624,66094,,1,1,0,FBL,0,Gabriel_Hoppe@idfcbank,BOM,4722,tripay.destinations@timecosmos,SMB,SBM2421688,1,65027540707,IPB,APP2848636,2,47556866930
TX,U2,7b07faf865a5550fce6ebbd4,895225127699,0,090224,041333,17377,,1,1,0,FBL,0,Yasmeen_Senger@paytm,IDB,4814,jiopay.broadband@timecosmos,SMB,SBM6762310,1,70621528218,IPB,KVB9404136,2,91188373877
TX,U2,548b4ca8e8779e69dcbec7d1,965136153524,00,090224,020239,37644,,1,1,0,GTI,0,Helmer3@abfspay,INB,4814,jiopay.fiber@timecosmos,SMB,SBM8472793,1,39856109646,IPB,AXB8961859,2,12258208240
TX,U2,c8db0bbb9a5bc6d04aa1c1fd,165971270740,Z9,090224,174748,59119,,1,1,0,IPB,0,Percival.Kozey-Ernser@abfspay,KTP,4814,jiopay.broadband@timecosmos,SMB,SBM1662377,1,42137405614,YBS,GTI5608779,2,81926033519
TX,U2,b60ad5c97317c86760ba412c,414350075249,0,090224,004439,48131,,1,1,0,KMB,0,Abraham.Yundt@abfspay,BOI,4722,tripay.destinations@timecosmos,SMB,SBM1002004,1,94637377404,KTP,YJU0877229,2,39276965838
TX,U2,cd7a6ea6fb62c91d7acd0df2,508906841080,RB,090224,144552,63231,,1,1,0,BOM,0,Haylie94@yesg,YJU,5814,razorpay.soup@timecosmos,SMB,SBM0684674,1,83431616453,BOB,CNB8966333,2,82990693996
TX,U2,128fcefb65ecbc76ed18cfef,237350802875,Z9,090224,101709,26313,,1,1,0,YOM,0,Margret.Schamberger@rapl,BOI,4722,tripay.wander@timecosmos,SMB,SBM0762867,1,99647174801,FIB,YOM0012002,2,10594867194
TX,U2,a9bcbfc6fe5632db650496cc,129406055466,0,090224,081014,45599,,1,1,0,BDN,0,Marisa2@yapl,HDF,5816,airpay.truck@timecosmos,SMB,SBM9136278,1,51595919275,SIB,ICI4440976,2,89951994992
TX,U2,ea9fe5d614ffd1bfecfa7e78,975903541034,RB,090224,044240,34517,,1,1,0,INB,0,Junior_Bartoletti@apl,AXB,5411,finopay.greenbasket@timecosmos,SMB,SBM5465939,1,95019324290,IOB,UOB2118184,2,98590201810
TX,U2,0ab17f876ad3a5cd84b1c2b6,879698811807,0,090224,084533,29249,,1,1,0,IIB,0,Karlee29@apl,SBI,5814,razorpay.tacos@timecosmos,SMB,SBM5407731,1,19603440886,UCO,YBS7344100,2,48810730404
TX,U2,309e3ae1f9ffa5adfaacf67f,761815861155,Z9,090224,070224,89460,,1,1,0,MBK,0,Daisy98@okaxis,BOB,5814,razorpay.burger@timecosmos,SMB,SBM8340872,1,75929322986,YJU,YBS9357841,2,03516726708
TX,U2,d7722f90c0dda9c2fd98bbff,384768574396,00,090224,090642,65137,,1,1,0,AXB,0,Alessia.Veum@abfspay,ICI,5814,razorpay.pasta@timecosmos,SMB,SBM7638227,1,01465736124,YJU,HDF6954933,2,40572412572
TX,U2,e00cf1b0ecb82dadce5ea6c7,987281407990,RB,090224,005240,12180,,1,1,0,YJU,0,Fatima.Jerde@axl,ICI,5814,razorpay.salad@timecosmos,SMB,SBM6472833,1,58949423662,KVB,ICI7034859,2,71890059710
TX,U2,f8145fb4cb5e2bd9706ebb63,561050046418,Z7,090224,194140,43454,,1,1,0,BOM,0,Bradly_Treutel@axl,PNB,5814,razorpay.burger@timecosmos,SMB,SBM4185206,1,64142804021,IOB,IPB2392178,2,24713339579
TX,U2,68aa1d8f9e7b933750e6b3cf,479484730627,Z7,090224,221027,7233,,1,1,0,BOB,0,Gillian.Schowalter77@okaxis,CNB,5816,airpay.car@timecosmos,SMB,SBM0650341,1,46758998917,MBK,ARL8405547,2,22777795448
TX,U2,53322bca6bdb00e178cd0baf,024502587715,00,090224,112138,59227,,1,1,0,UCO,0,Niko_Langworth25@yapl,FIB,5816,airpay.robot@timecosmos,SMB,SBM5092565,1,87329871368,CNB,IPB5966195,2,74157456442
TX,U2,d1de0fbf1f15579c38d4ed9c,229632680788,RB,090224,122016,57466,,1,1,0,APP,0,Hank55@timecosmos,KMB,4722,tripay.vacation@timecosmos,SMB,SBM6162032,1,81608641675,KMB,CNB9646624,2,20954453928
TX,U2,a8da87bbddbc30e282dcf5bf,285809064273,RB,090224,064820,6573,,1,1,0,BOI,0,Korbin.Jacobs@yesg,IDC,5411,finopay.foodland@timecosmos,SMB,SBM1456734,1,72990764154,YOM,KMB7073147,2,54233839465
TX,U2,bccb10a8e05c08fbfbf37ab3,887974215562,RB,090224,024808,87190,,1,1,0,GTI,0,Stacey_Turcotte-McDermott@okaxis,ARL,5816,airpay.robot@timecosmos,SMB,SBM1316633,1,63193168834,YJU,YJU2252867,2,95337964298
TX,U2,1a2ef78ab25910f52bd076de,804918141084,0,090224,162032,19223,,1,1,0,CNB,0,Hyman28@okaxis,KMB,4814,jiopay.voip@timecosmos,SMB,SBM5610729,1,09179847893,GTI,MBK2971797,2,86161844799
TX,U2,da0d9ebe0f139e76e1cac8ec,471237977160,Z7,090224,064343,68035,,1,1,0,YOM,0,Kaitlyn.Anderson70@axisb,IDB,4722,tripay.expedition@timecosmos,SMB,SBM8357653,1,22040155614,FBL,MBK5402171,2,89044360290
TX,U2,3cc2dbe96b65ce4bcceee092,558544401909,00,090224,054048,35954,,1,1,0,YOM,0,Loyal.McClure@icici,IDB,4814,jiopay.fiber@timecosmos,SMB,SBM5620080,1,09428686193,IDC,AXB2100521,2,42138343032
TX,U2,a1dd0fc9a47766584c14573b,241417884073,Z7,090224,122947,25138,,1,1,0,IOB,0,Freeda.Bauch16@okaxis,HDF,5816,airpay.drone@timecosmos,SMB,SBM1569640,1,12569754825,KTP,SIB5658420,2,12342019511
TX,U2,6b6fb1fe7ca3c80fbfc83ae1,463362627019,Z7,090224,191037,67179,,1,1,0,UOB,0,Wayne_Turcotte@oksbi,GTI,5816,airpay.boat@timecosmos,SMB,SBM5385220,1,10887458294,BOM,BDN2257385,2,28366264169
TX,U2,47dcee38cd583bbbdadd3eaa,586003825118,00,090224,151349,359,,1,1,0,IIB,0,Margarete_Crooks29@okhdfcbank,MBK,5411,finopay.marketplace@timecosmos,SMB,SBM1825351,1,02601409600,PNB,YBS0090579,2,58034270189
TX,U2,acfb449e4a8b7ebf0e8d1e5b,926324411172,00,090224,021801,35270,,1,1,0,GTI,0,Rosanna.Lubowitz@idfcbank,PNB,5411,finopay.bulkstore@timecosmos,SMB,SBM3611959,1,81134627729,BOI,UCO8711031,2,31699239265
TX,U2,fd75ece9cd6f9ecd3b5d1b24,774243596111,RB,090224,020839,35951,,1,1,0,BDN,0,Lonie_Mills@abfspay,SIB,4814,jiopay.data@timecosmos,SMB,SBM0051401,1,90252033572,GTI,KVB5535499,2,55783638659
TX,U2,a300ff6123dedfbfc7d76ef7,274632562974,00,090224,041750,7438,,1,1,0,SBI,0,Lucas80@okaxis,FIB,4722,tripay.vacation@timecosmos,SMB,SBM6093651,1,38413375781,CNB,KTP8750734,2,19478544456
TX,U2,51f1ffe6f7ce6f857e89fd5c,587457872670,0,090224,084918,25347,,1,1,0,APP,0,Joshuah57@axisb,UOB,4722,tripay.explore@timecosmos,SMB,SBM6298091,1,02500238524,APP,SIB7161094,2,18251497251
TX,U2,dd428870798f380b5848dca5,885628551913,RB,090224,213753,40048,,1,1,0,FBL,0,Julianne_Reichel@okhdfcbank,ARL,5816,airpay.bike@timecosmos,SMB,SBM7806145,1,99754734681,BOM,YBS5126823,2,62760351315
TX,U2,bccc1aac23d7c0696be591bf,557664814939,Z7,090224,073728,38155,,1,1,0,YBS,0,Otilia73@abfspay,AXB,5411,finopay.freshmart@timecosmos,SMB,SBM2121045,1,03537506818,APP,UCO6299603,2,40817624013
TX,U2,0efe4b52d5bf89cd943eadf7,746323874986,Z9,090224,101132,20713,,1,1,0,KVB,0,Dewitt.Glover69@axisb,BOM,4722,tripay.expedition@timecosmos,SMB,SBM5415162,1,03004792159,UCO,KMB2265172,2,98132563960
TX,U2,ec04ba1e18f9ee0a079a9ad6,369765043415,00,090224,060615,20125,,1,1,0,BOM,0,Rocio.Ebert@yesg,FBL,5816,airpay.bike@timecosmos,SMB,SBM8394207,1,25166477845,APP,BOI8444137,2,03200769121
TX,U2,7dffcdf5d753eddcbfa86c28,847666788837,00,090224,205409,31791,,1,1,0,CNB,0,Nelda46@paytm,BOB,5814,razorpay.vegetarian@timecosmos,SMB,SBM7342932,1,31959053460,KVB,KMB9656768,2,11767233680
TX,U2,ca743a1defacd2edae60b73f,527731619701,RB,090224,194425,18147,,1,1,0,IDC,0,Clarabelle_Walter77@okaxis,INB,5814,razorpay.tacos@timecosmos,SMB,SBM0351460,1,04732204281,KTP,YJU8094803,2,44120061824
TX,U2,1a1415c038e7f6aefee8022b,843385593918,Z9,090224,192727,58340,,1,1,0,INB,0,Jailyn.Fisher17@paytm,SIB,4814,jiopay.convergence@timecosmos,SMB,SBM1932164,1,42340555120,YES,BOM3114976,2,37450260465
TX,U2,67a3ceeba707b35cef4df1ea,386888508280,RB,090224,060249,42316,,1,1,0,UCO,0,Christine_Hilpert@okhdfcbank,ICI,5814,razorpay.tacos@timecosmos,SMB,SBM8612948,1,85085535094,UOB,GTI2421173,2,69852118628
TX,U2,038fcecac9b72a2a0d739fcb,184083367868,Z7,090224,000050,9685,,1,1,0,KTP,0,Adrian73@oksbi,APP,4722,tripay.vacation@timecosmos,SMB,SBM5710483,1,50169814523,FBL,UOB7757265,2,50176030272
TX,U2,41db10523bc21f4d9e1dcea7,560215139435,RB,090224,114247,73403,,1,1,0,UCO,0,Taya_Fisher85@okhdfcbank,ICI,4722,tripay.expedition@timecosmos,SMB,SBM8933734,1,55400993510,IDB,IDB0537915,2,35252330383
TX,U2,cb3d704ce6794c66ecaafbfd,979074089546,00,090224,213434,57130,,1,1,0,KVB,0,Cortez42@oksbi,BOB,5816,airpay.boat@timecosmos,SMB,SBM3048330,1,45367216724,CNB,INB6460619,2,09102263171
TX,U2,d4281d50ff9bc3dcdfdd08c7,657919220321,Z9,090224,231549,59025,,1,1,0,SBI,0,Faustino.Wiza33@okhdfcbank,KVB,5411,finopay.marketplace@timecosmos,SMB,SBM2277454,1,45168897238,AXB,YBS6149422,2,02598740866
TX,U2,e4e60ceed9aecfbc7dad5e6b,064420549398,Z7,090224,095607,23150,,1,1,0,GTI,0,Cade1@abfspay,GTI,4814,jiopay.internet@timecosmos,SMB,SBM6519965,1,85815553644,AXB,IDB0104503,2,81945898242
TX,U2,2dfa5bb5c7a9af39d8aec4a3,970418774557,Z9,090224,211811,65359,,1,1,0,IIB,0,Demarcus.Green@axisb,IPB,5411,finopay.dailygrocer@timecosmos,SMB,SBM3322254,1,64942222303,BOI,CBI9429763,2,48821031292
TX,U2,a8ba7b53fb87b1cb323cc904,459137557875,Z7,090224,145455,87895,,1,1,0,UOB,0,Floyd77@axl,BOB,5411,finopay.freshmart@timecosmos,SMB,SBM4862174,1,24604961386,IDB,SBI6759418,2,62928534115
TX,U2,7e8ce6fecd2cf6fa5faafbd5,012371641003,0,090224,181507,61059,,1,1,0,FBL,0,Lilla_Parker34@abfspay,IDB,5411,finopay.timecosmosrite@timecosmos,SMB,SBM7956156,1,50582478811,KTP,KMB7463544,2,92544614533
TX,U2,00ff4e09a9c6ea2877e6694c,997193790340,0,090224,041245,47128,,1,1,0,YJU,0,Eladio74@paytm,CNB,4722,tripay.getaway@timecosmos,SMB,SBM9190156,1,02477348445,IPB,YBS4196756,2,24363617977
TX,U2,38ed55a97fada37dd3c61e64,327049753812,0,090224,015704,59843,,1,1,0,YJU,0,Tremayne.Terry97@apl,IIB,5816,airpay.boat@timecosmos,SMB,SBM9220254,1,42184450919,MBK,SIB8354558,2,48293200804
TX,U2,6248d38fccb5c45efb3618e6,354945255954,Z7,090224,132059,12214,,1,1,0,IPB,0,Mikayla.White78@yesg,IDB,4814,jiopay.data@timecosmos,SMB,SBM4561405,1,14627336959,KVB,ICI3959095,2,68903497197
TX,U2,e282abf7ba254cebda556fd1,523887941995,RB,090224,081315,6848,,1,1,0,FIB,0,Earl_Senger27@okaxis,SIB,5814,razorpay.sushi@timecosmos,SMB,SBM4594903,1,93054123971,YOM,YBS7565412,2,48550644649
TX,U2,65a80f942c701023b0af8a2e,831001271536,0,090224,230934,2890,,1,1,0,BOM,0,Gregory_Hyatt21@timecosmos,APP,5411,finopay.foodland@timecosmos,SMB,SBM8488127,1,82392235725,GTI,IOB9608192,2,59441535205
TX,U2,dffdaa0bd06d0dc4fffaf07d,652167843470,00,090224,165625,90291,,1,1,0,UOB,0,Caesar.Kuhic@axisb,KMB,5816,airpay.boat@timecosmos,SMB,SBM1510708,1,06833417327,BOM,INB2431722,2,74264304313
TX,U2,ba7ebe0ede6c467e5fde50ff,256099259818,00,090224,112351,4848,,1,1,0,IIB,0,Tyrell82@okicici,APP,5814,razorpay.tacos@timecosmos,SMB,SBM2859044,1,53749588227,YBS,BOM0079346,2,03754035036
TX,U2,7cbebd730db4f99aa7f2eb6c,144407341806,RB,090224,041703,62581,,1,1,0,YOM,0,Efrain56@okaxis,UCO,5816,airpay.car@timecosmos,SMB,SBM4044687,1,59205279108,CNB,YES4289483,2,73547612557
TX,U2,ef2c6c2d4db6e8710c8cba7d,884930687590,0,090224,211130,96432,,1,1,0,BOM,0,Lilian.Stiedemann32@abfspay,SBI,5816,airpay.robot@timecosmos,SMB,SBM4055301,1,96781647083,SBI,HDF4702851,2,35923461402
TX,U2,a049b93d9a8bca5ac820674c,950968026259,RB,090224,083440,80832,,1,1,0,IOB,0,Gladys92@fkaxis,BOI,5816,airpay.car@timecosmos,SMB,SBM6911315,1,55806709701,IDB,BOM6661302,2,44387188563
TX,U2,6c62e6ef5639c60f0eacfcf1,089410365590,Z9,090224,054517,50078,,1,1,0,ICI,0,Aubree11@idfcbank,ICI,4814,jiopay.broadband@timecosmos,SMB,SBM3121191,1,42939657756,IIB,IPB8452732,2,53714663663
TX,U2,d5bfc4768ceff8bb97e0529b,092733240000,RB,090224,130034,47418,,1,1,0,IDB,0,Crystal_Kihn-Hermiston72@axisb,HDF,4814,jiopay.data@timecosmos,SMB,SBM5399292,1,82040684359,AXB,GTI4693489,2,08857026682
TX,U2,d1c9efd290945bb78ce9f5b6,860118485502,00,090224,052303,7338,,1,1,0,IIB,0,Moshe_Langworth5@okicici,BOM,4814,jiopay.data@timecosmos,SMB,SBM2735216,1,86011784684,APP,CBI2663977,2,46022942103
TX,U2,9eb4aaddb092b8e8be8724a8,958014558685,Z9,090224,124251,23137,,1,1,0,YBS,0,Mathilde_Murray@idfcbank,BDN,5816,airpay.submarine@timecosmos,SMB,SBM0277620,1,07927007624,CBI,IDB1471409,2,00968522124
TX,U2,bcb33aaf4dbcbb9e1e696ac8,903485260677,Z7,090224,104348,28487,,1,1,0,IIB,0,Shaylee.Leannon92@idfcbank,ARL,4814,jiopay.voip@timecosmos,SMB,SBM3048602,1,25335431780,IOB,BOM1293961,2,73875731250
TX,U2,3fc4cf250cd5aa2dae0a8af5,348927729127,Z7,090224,073544,73241,,1,1,0,FBL,0,Erica.Spinka@abfspay,FBL,5816,airpay.truck@timecosmos,SMB,SBM5128004,1,66335370305,BOM,YOM6020503,2,62936094609
TX,U2,0c4437eef21ddd20f26abdba,018206492600,Z7,090224,012053,80978,,1,1,0,BOI,0,Vivianne.Streich@paytm,IIB,5814,razorpay.sushi@timecosmos,SMB,SBM0846178,1,63939357744,BDN,YBS7207208,2,18745064106
TX,U2,8ccdef28ec7c1aba7d5ff2ec,528242206570,Z9,090224,141140,14625,,1,1,0,CBI,0,Ayla32@abfspay,GTI,4722,tripay.wander@timecosmos,SMB,SBM5284498,1,32296585859,BOM,UCO9680820,2,31269630962
TX,U2,37ebaee41eba7db5726dbdbb,660286380111,Z7,090224,190653,57244,,1,1,0,IPB,0,Salvatore60@fkaxis,CNB,4722,tripay.explore@timecosmos,SMB,SBM0641566,1,84326013920,ARL,YJU4165051,2,17663734375
TX,U2,9d6b7f150863db2fd9430962,235512762785,Z9,090224,191440,99507,,1,1,0,GTI,0,Blaise_Predovic@abfspay,BOI,5411,finopay.timecosmosrite@timecosmos,SMB,SBM4941136,1,24872021149,BOM,YES9152574,2,79849911508
TX,U2,871d6bcec0f1cb836637255a,253100798102,RB,090224,173937,72272,,1,1,0,KTP,0,Ryley.Ernser@idfcbank,CNB,4814,jiopay.mobile@timecosmos,SMB,SBM1213248,1,45740720377,INB,FIB3364723,2,94690048625
TX,U2,c01bba6284ba9b99568460db,201615753074,Z7,090224,011645,38730,,1,1,0,FIB,0,Elza.Corkery@apl,UCO,5411,finopay.timecosmosrite@timecosmos,SMB,SBM8438656,1,18104574248,CBI,BOB7253637,2,06751440319
TX,U2,de86ec4b9fa4eb6cafacfe88,821228201887,00,090224,132525,1824,,1,1,0,UOB,0,Jalon14@idfcbank,UCO,5411,finopay.freshmart@timecosmos,SMB,SBM7752472,1,36618802502,FIB,YBS2678560,2,71060024351
TX,U2,cba049ccd081addebe55beb9,878702983728,00,090224,163958,77744,,1,1,0,CBI,0,Elfrieda_Lakin81@ybl,BDN,5816,airpay.airplane@timecosmos,SMB,SBM3075353,1,16243065258,FBL,YOM9545106,2,52953987852
TX,U2,8cdcbcf8270d9514babacedd,979267874003,Z7,090224,090313,2843,,1,1,0,YOM,0,Brent_Stanton@axl,MBK,4814,jiopay.voip@timecosmos,SMB,SBM2001420,1,66514329174,APP,MBK0113676,2,13477709274
TX,U2,b5ca90548dd47b4bfcee0abe,169656521434,Z7,090224,235055,65047,,1,1,0,SIB,0,Anika.VonRueden82@fkaxis,BOI,5816,airpay.submarine@timecosmos,SMB,SBM4862418,1,65794591134,BOI,HDF5098255,2,69469935591
TX,U2,cd9d4d0c70cbc5bdac6eadf5,987712741127,0,090224,184826,97733,,1,1,0,UCO,0,Lucius.Ratke@abfspay,BOM,5411,finopay.town@timecosmos,SMB,SBM5710193,1,11929496357,SBI,GTI2603493,2,02663686612
TX,U2,02555bd13fd379e6e62f1fdc,535008523290,Z7,090224,150906,93199,,1,1,0,SBI,0,Josefa87@fkaxis,BOB,5411,finopay.foodland@timecosmos,SMB,SBM8770749,1,59562721799,INB,BDN7328796,2,25263693827
TX,U2,05cdbe5ca9fd4f178f8de6ea,463868782785,Z7,090224,021754,80867,,1,1,0,GTI,0,Velva.Bins-Swift55@paytm,APP,5816,airpay.car@timecosmos,SMB,SBM6573849,1,92981077024,IOB,IPB4001085,2,28535493843
TX,U2,70106f5ffbb3bdc9eb53a9ee,951212509524,RB,090224,035320,96621,,1,1,0,YJU,0,Marina79@rapl,SIB,5816,airpay.truck@timecosmos,SMB,SBM7936306,1,83117049151,IPB,BOI3970091,2,59910677270
TX,U2,c528da553fac3cf7f0f4e884,459064967243,Z7,090224,163506,67169,,1,1,0,PNB,0,Omer56@abfspay,AXB,5814,razorpay.pasta@timecosmos,SMB,SBM3040476,1,07677917765,ARL,PNB7878353,2,74159771799
TX,U2,612999620adeeaee60aed8ed,461173879328,0,090224,012458,5933,,1,1,0,BOB,0,Jack_Ledner78@okhdfcbank,IDC,4722,tripay.explore@timecosmos,SMB,SBM9152066,1,68107471462,BOM,BOM3382375,2,56203655842
TX,U2,9f3299f11d9b1d6ea8a7b89f,511396124015,00,090224,231740,98186,,1,1,0,MBK,0,Thelma.Larson39@idfcbank,MBK,5411,finopay.greenbasket@timecosmos,SMB,SBM8277946,1,20089112247,GTI,AXB1691537,2,79772680849
TX,U2,5b68df9f57e59134bd0d6afb,929229670526,Z7,090224,200524,97137,,1,1,0,IIB,0,Jerrell76@fkaxis,UCO,5411,finopay.dailygrocer@timecosmos,SMB,SBM6266513,1,81411443767,KMB,INB8014071,2,41958009460
TX,U2,fd6d1dc7e43fb09d8f9e8d57,620946116407,RB,090224,200848,90873,,1,1,0,SBI,0,Merritt_Satterfield80@timecosmos,BDN,5411,finopay.greenbasket@timecosmos,SMB,SBM4837310,1,09681821733,IDC,IDB5434090,2,96916221117
TX,U2,4dc3a1cc8d2afa889e2f0889,179877370388,0,090224,073026,72720,,1,1,0,FIB,0,Alisa_Macejkovic@idfcbank,ARL,5411,finopay.corner@timecosmos,SMB,SBM2307792,1,67408843479,KTP,MBK6411543,2,28507525934
TX,U2,bfca0f8ef76dbeaf1e9cad3f,648387320361,Z7,090224,150951,18991,,1,1,0,SBI,0,Alayna_Brekke-Toy@icici,MBK,5411,finopay.town@timecosmos,SMB,SBM5105411,1,30481077634,KTP,UOB9803202,2,22596964773
TX,U2,6cbac14eb94cc8bb9c82b409,795372138076,RB,090224,143637,54499,,1,1,0,IDC,0,Tony.Gerlach@axl,PNB,4722,tripay.wander@timecosmos,SMB,SBM0856224,1,91219600211,KTP,YOM4627426,2,98228753178
TX,U2,2b4c9e2dfaeeb6bc9200f4ed,262579653064,RB,090224,074434,28646,,1,1,0,KMB,0,Britney.Quitzon7@okaxis,ICI,4814,jiopay.wireless@timecosmos,SMB,SBM4974790,1,84675522492,UOB,HDF0804873,2,21197505856
TX,U2,0bb72b8e005cfedbacd265b4,534495987313,0,090224,213522,55310,,1,1,0,BOI,0,Rico.Satterfield51@yapl,CBI,4814,jiopay.convergence@timecosmos,SMB,SBM8964446,1,15254137021,YJU,IDC1195702,2,30292841690
TX,U2,19b51c23dd9cbc61f8bae6e9,209546827172,Z9,090224,051031,47961,,1,1,0,ICI,0,Leda.Altenwerth55@okhdfcbank,IPB,4722,tripay.wander@timecosmos,SMB,SBM0445614,1,14233557973,INB,BOI8483442,2,72471680587
TX,U2,51e003ce34cd3cc0bbb0bcae,607695715647,Z7,090224,213137,47900,,1,1,0,BOB,0,Isobel.Hettinger92@abfspay,IPB,5814,razorpay.dessert@timecosmos,SMB,SBM0941402,1,12422059596,ICI,AXB2072378,2,54081861290
TX,U2,3cfa4edffee2fb6a3749baca,859611665021,0,090224,085039,26425,,1,1,0,SIB,0,Felicity35@axl,HDF,5411,finopay.corner@timecosmos,SMB,SBM7580064,1,25316342746,YES,AXB5088113,2,22987165963
TX,U2,394eae90e079bafd1ee288fe,532455875155,00,090224,173019,53716,,1,1,0,CNB,0,Efren.Schuster@abfspay,BOI,5816,airpay.robot@timecosmos,SMB,SBM6514230,1,24571720331,APP,FIB7669810,2,18543720662
TX,U2,66ae7fa7cfca69363ddef3e9,288019931512,Z7,090224,190450,177,,1,1,0,BOB,0,Diana_Howell@yesg,IPB,4722,tripay.escape@timecosmos,SMB,SBM5621895,1,66755330906,CBI,UCO5216107,2,29844148572
TX,U2,f7f45fbfcbbdf2c26fdcf40d,359905389523,Z7,090224,224601,99199,,1,1,0,BDN,0,Marilie.Pouros24@ybl,ARL,5816,airpay.scooter@timecosmos,SMB,SBM8655892,1,02956988646,UOB,CBI1819266,2,21549549379
TX,U2,082cdd225d1c57cce2fe5ec5,265652301742,Z9,090224,204400,75098,,1,1,0,BDN,0,Chyna79@axisb,BOM,4722,tripay.explore@timecosmos,SMB,SBM8113386,1,17573234010,PNB,ICI9430207,2,26729420663
TX,U2,3d1bd43bfc6c49c5d98c054c,568513905621,RB,090224,190558,48865,,1,1,0,GTI,0,Leslie69@oksbi,YES,4814,jiopay.data@timecosmos,SMB,SBM1696261,1,63867522526,APP,SBI2730955,2,45202693163
TX,U2,b52badd78d0eae1a9cfdebea,162165589963,0,090224,005623,32807,,1,1,0,BDN,0,Nick_Hirthe84@axl,APP,4814,jiopay.cable@timecosmos,SMB,SBM1007748,1,11665992595,APP,ARL4513189,2,27190943830
TX,U2,dfaa70bffffe692fec6c3d1d,248659863377,00,090224,163837,87271,,1,1,0,INB,0,Antoinette_Mertz@rapl,FIB,4814,jiopay.mobile@timecosmos,SMB,SBM9040006,1,78902750022,SBI,IIB6166334,2,18409513389
TX,U2,aef826f1bcb8d3d04c0dddf2,401424324917,Z7,090224,194250,1349,,1,1,0,YBS,0,Kaylee_Fritsch-Dooley43@abfspay,FBL,4814,jiopay.broadband@timecosmos,SMB,SBM1324859,1,54892396825,CBI,UOB8732467,2,12265424336
TX,U2,f69b3a3e7cec9fbdc50ceee7,182186672286,Z9,090224,095222,92114,,1,1,0,HDF,0,Tina_Wolff@okicici,YOM,5814,razorpay.vegetarian@timecosmos,SMB,SBM4969188,1,00572021844,IDC,YOM3537048,2,11315281304
TX,U2,58f23c91c0a26b68f1ea4ad7,255545560128,00,090224,101915,9386,,1,1,0,IPB,0,Lucius_Kulas@apl,CBI,5816,airpay.bike@timecosmos,SMB,SBM7312353,1,32593430162,INB,UOB4952050,2,46336657145
TX,U2,ec2a8a3501ecf87292d3a1d1,055710319526,Z9,090224,112110,79687,,1,1,0,MBK,0,Destiny.Parker99@yapl,YJU,5411,finopay.timecosmosrite@timecosmos,SMB,SBM5850577,1,34052355286,IIB,INB8365495,2,10163437017
TX,U2,19a3c6fdbfcbebe6404be3fe,820432045671,00,090224,064310,82225,,1,1,0,YES,0,Sandra_Koch@okicici,YBS,5814,razorpay.burger@timecosmos,SMB,SBM7909279,1,84337414699,AXB,IPB2632448,2,14391998451
TX,U2,adffeaac8fa5f59bea93df0c,449332664344,RB,090224,223011,94163,,1,1,0,BOB,0,Guy43@axisb,FIB,5816,airpay.truck@timecosmos,SMB,SBM2288714,1,32713175095,ICI,IIB9576455,2,72277014888
TX,U2,de212c4fc08b85fa5dc44c09,206996726499,0,090224,002327,49616,,1,1,0,KTP,0,Maurine_Feest@timecosmos,ARL,5814,razorpay.dessert@timecosmos,SMB,SBM9009975,1,93384497682,APP,INB2517487,2,73035584975
TX,U2,fa9d70d1b7090be7bab96f7d,720489356421,Z9,090224,145513,11271,,1,1,0,HDF,0,Xzavier_Langworth34@okaxis,GTI,5411,finopay.greenbasket@timecosmos,SMB,SBM2147561,1,85745795110,BOM,SBI9586292,2,46916590840
TX,U2,be4d3b3564ce2813bc5d55bf,243252045331,Z9,090224,060403,91943,,1,1,0,PNB,0,Dell75@ybl,INB,4722,tripay.escape@timecosmos,SMB,SBM9499060,1,49631007759,BOM,KTP1621893,2,05532547528
TX,U2,2bf74bfabf7e1e269e8b1c72,155714456640,0,090224,163800,83028,,1,1,0,ICI,0,Ariel17@icici,SBI,5411,finopay.freshmart@timecosmos,SMB,SBM1156709,1,33688409942,IDB,FIB0438992,2,44024719840
TX,U2,b89f6d6f533fbd4f6bbfc4ec,233096220312,00,090224,013652,82018,,1,1,0,IDB,0,Nicole_Corwin88@oksbi,BOM,4722,tripay.getaway@timecosmos,SMB,SBM6846586,1,26235104806,IIB,IIB4319980,2,65414736216
TX,U2,988abd28ccb10aad242bce48,960970202150,0,090224,225408,44083,,1,1,0,IDB,0,Charity94@icici,APP,5816,airpay.drone@timecosmos,SMB,SBM1223476,1,98394783344,IDC,PNB5742063,2,46244540711
TX,U2,8d2041f653c6a9acc59a75cd,717222273987,RB,090224,221748,9446,,1,1,0,BOM,0,William_Rutherford8@okicici,KMB,5411,finopay.freshmart@timecosmos,SMB,SBM5637987,1,31286322778,APP,APP0733781,2,25513560398
TX,U2,b65336cd6403f93556253df1,507482178179,RB,090224,223124,98431,,1,1,0,YOM,0,Donald99@okaxis,UCO,5411,finopay.foodland@timecosmos,SMB,SBM9015575,1,51600889952,UOB,YBS1837505,2,08145084137
TX,U2,68c5b3eb473df1a98723a05d,300037794418,RB,090224,003645,26876,,1,1,0,FBL,0,Earnestine_Marvin66@oksbi,YJU,5816,airpay.truck@timecosmos,SMB,SBM4294574,1,52864829132,BOM,KTP2358024,2,66651938624
TX,U2,8fe65d218da94cbecce8efdf,104155739912,0,090224,183554,15659,,1,1,0,APP,0,Kari_Stiedemann@rapl,PNB,5816,airpay.car@timecosmos,SMB,SBM5518569,1,40938696535,CBI,SBI6735520,2,41364891828
TX,U2,a11bc8ecc9c0b916da1cce2c,514449534488,Z9,090224,145715,92427,,1,1,0,SIB,0,Demarcus.Mueller65@fkaxis,BOB,5814,razorpay.tacos@timecosmos,SMB,SBM6501086,1,43550338110,ICI,MBK1116775,2,67045340262
TX,U2,c7bd5e80af1c83bddd53f452,211944423187,Z7,090224,130157,44111,,1,1,0,YOM,0,Noelia_Dietrich@axisb,YBS,5411,finopay.town@timecosmos,SMB,SBM9564275,1,34009823927,KVB,INB5854430,2,67935386894
TX,U2,ac30dcdbdf8dd4ccbdaec9cb,164509438959,00,090224,160805,94770,,1,1,0,SBI,0,Cordia.Littel74@paytm,UOB,4722,tripay.explore@timecosmos,SMB,SBM6227431,1,62323539274,CNB,ICI9175771,2,47151873476
TX,U2,ecabca771cc7a7ec8a6aaa0a,630969067052,RB,090224,142423,35406,,1,1,0,CBI,0,Dell.Bauch57@abfspay,MBK,5816,airpay.car@timecosmos,SMB,SBM6074476,1,18041108814,KMB,YJU6832608,2,63282771103
TX,U2,56c6800f5886d77f56e451e6,154897305380,Z7,090224,130948,35485,,1,1,0,KVB,0,Hugh19@idfcbank,IDC,4814,jiopay.internet@timecosmos,SMB,SBM6160416,1,63737957218,INB,SIB2852300,2,67161400985
TX,U2,ca5a92afa3e9d7b16ceeafda,759746365938,RB,090224,134308,89969,,1,1,0,SBI,0,Ryann34@oksbi,FBL,4814,jiopay.data@timecosmos,SMB,SBM5063355,1,67209471447,BOB,KTP9014433,2,20027935033
TX,U2,bc5ddf9cdbcbe7b17efd7f1a,208629739654,Z7,090224,150816,18580,,1,1,0,IOB,0,Salvatore.Feeney@apl,APP,4814,jiopay.data@timecosmos,SMB,SBM4543064,1,67767104875,YES,MBK6127826,2,18332237237
TX,U2,07d5aacf26c3a792bb86ca0d,235571322652,00,090224,234219,47957,,1,1,0,CBI,0,Dagmar_Franecki@okhdfcbank,IPB,5816,airpay.bike@timecosmos,SMB,SBM1485284,1,57384501195,BOI,YOM2692501,2,44900397109
TX,U2,ccdd2f5dc3cd6bdd7afc4d6a,035110540468,Z9,090224,004419,13971,,1,1,0,BOI,0,Shaylee_Hagenes64@ybl,IDB,4722,tripay.escape@timecosmos,SMB,SBM4496405,1,28386319619,KTP,ICI5056374,2,88801333986
TX,U2,fef3b73bb14d69fb49ecb3e1,710905199454,RB,090224,195042,31158,,1,1,0,FIB,0,Florence96@idfcbank,ICI,5814,razorpay.pizza@timecosmos,SMB,SBM6866407,1,22320190114,UCO,KMB0727258,2,16737867740
TX,U2,247bfa2cfe88db257f63a4b7,833993957472,Z7,090224,143636,35718,,1,1,0,IOB,0,Erik32@yapl,BOI,5411,finopay.dailygrocer@timecosmos,SMB,SBM4131882,1,02536890977,FIB,YJU1485721,2,89437195506
TX,U2,bbfd1bd9fe91fec23b4a50ff,463295719969,Z7,090224,083116,35402,,1,1,0,INB,0,Valerie_Stark@idfcbank,GTI,4814,jiopay.internet@timecosmos,SMB,SBM5724544,1,09132429508,CBI,YBS9714981,2,94371301257
TX,U2,cb19ecdd9f75d6dbf648cf3e,784488659823,RB,090224,013014,14477,,1,1,0,KTP,0,Sylvia.Kessler@icici,KTP,5411,finopay.foodland@timecosmos,SMB,SBM6555232,1,72366429690,CBI,ARL3008421,2,17862861544
TX,U2,b0cbb6ccab0aad86d2c93fba,068700430332,00,090224,073324,74300,,1,1,0,YJU,0,Cullen63@axl,ARL,4722,tripay.tour@timecosmos,SMB,SBM7628157,1,58809949905,KVB,IIB8080796,2,65969145176
TX,U2,68bcae859b455d8fbe9d0a6b,433774937794,Z7,090224,052247,88731,,1,1,0,YJU,0,Torrance.Jacobs@apl,IIB,5814,razorpay.pasta@timecosmos,SMB,SBM7580688,1,17779403262,KTP,IPB6786338,2,32577749913
TX,U2,1adbf5fe4eabda3ce7ba7a2f,913277176881,Z9,090224,011638,26023,,1,1,0,BOB,0,Krystel.Stoltenberg@oksbi,APP,4814,jiopay.wireless@timecosmos,SMB,SBM8929238,1,43404469364,GTI,KTP6109567,2,48549149111
TX,U2,aeabebbd6aacb2af77abbe83,088237640113,RB,090224,081043,56568,,1,1,0,AXB,0,Marisol38@timecosmos,AXB,4814,jiopay.cable@timecosmos,SMB,SBM8646143,1,36006343685,KVB,PNB4467010,2,95298177203
TX,U2,ae0f714b959ebe66c7f48fc2,703217958763,0,090224,013908,7793,,1,1,0,FIB,0,Angelina35@icici,GTI,5816,airpay.airplane@timecosmos,SMB,SBM7906349,1,18324435471,APP,FBL4574109,2,65871508342
TX,U2,18edf8aac6a11e14b6546f4d,326825658097,0,090224,111639,28367,,1,1,0,INB,0,Deja62@paytm,KVB,5814,razorpay.tacos@timecosmos,SMB,SBM6259900,1,91802714512,BOM,BOM1894037,2,42312147431
TX,U2,ad0aa093e02a8b687108dc56,961738365851,RB,090224,063501,2082,,1,1,0,UCO,0,Christelle.Tillman@abfspay,APP,5816,airpay.robot@timecosmos,SMB,SBM8290600,1,42671216497,GTI,APP3421704,2,28947513956
TX,U2,f7d0f88b46b98bcaac3efa0a,141345915012,0,090224,115916,38240,,1,1,0,IPB,0,Arjun74@okaxis,GTI,5411,finopay.town@timecosmos,SMB,SBM3780424,1,48254828982,FBL,FBL8344936,2,53975425920
TX,U2,fdc60ab636deeaaa5efae633,855524125846,Z9,090224,082636,46207,,1,1,0,BOM,0,Andrew97@abfspay,ICI,5816,airpay.robot@timecosmos,SMB,SBM5707468,1,26400379600,IOB,PNB8022866,2,64655448273
TX,U2,7e592aa18abf17ec6aff35fd,974403265158,RB,090224,161413,55769,,1,1,0,MBK,0,Lottie.Jerde@timecosmos,INB,4722,tripay.wander@timecosmos,SMB,SBM9256347,1,41584513277,BOM,YES6613966,2,87059165707
TX,U2,cc8d24d1efab7de22e91cb03,067763881462,00,090224,050119,22929,,1,1,0,IIB,0,Annetta51@ybl,CNB,5816,airpay.boat@timecosmos,SMB,SBM2651242,1,54153608733,BOB,BOM9330402,2,67386867996
TX,U2,ce5b9c5c3dda07ca5c0be04e,688331313930,Z7,090224,120529,82010,,1,1,0,AXB,0,Enos.Purdy@icici,KVB,4814,jiopay.voip@timecosmos,SMB,SBM7137069,1,76619718161,UOB,IIB7096800,2,73747456288
TX,U2,b9aedac7faa1d0cbdd4dddd1,948753636771,Z7,090224,061628,66517,,1,1,0,IDC,0,Brittany_Lynch43@yesg,YJU,5814,razorpay.burger@timecosmos,SMB,SBM3883480,1,83943652554,UOB,INB0478750,2,70705587929
TX,U2,8fb14a9d88128fe0eaf4ea0f,766541088270,Z7,090224,102827,2966,,1,1,0,YOM,0,Heloise.Batz@okaxis,ICI,5816,airpay.bike@timecosmos,SMB,SBM0471941,1,44084745270,YOM,IDC9959163,2,63025031471
TX,U2,352f220eacc8dc55d697aae8,181920486042,Z9,090224,182738,12483,,1,1,0,SIB,0,Letitia.Labadie@axisb,BOI,4722,tripay.vacation@timecosmos,SMB,SBM5305440,1,93753414962,YOM,APP5215559,2,33589105214
TX,U2,6f5bc70a76baff91a7dafabc,685437758560,00,090224,220137,87479,,1,1,0,UOB,0,Dedric7@idfcbank,APP,5411,finopay.foodland@timecosmos,SMB,SBM2570539,1,93154598782,ARL,KMB0746234,2,03849454926
TX,U2,9d490563c955b6b2934e0ecd,732418758821,00,090224,085252,26403,,1,1,0,IDB,0,Ivah.Bayer63@fkaxis,KTP,5816,airpay.drone@timecosmos,SMB,SBM0508301,1,55925453360,KVB,KTP4327709,2,83160962248
TX,U2,25ce0dbd4aebbb09cc94d0cd,792973179871,RB,090224,140540,20894,,1,1,0,IDC,0,Joseph.Fritsch34@okhdfcbank,IIB,4722,tripay.wander@timecosmos,SMB,SBM7270984,1,86237138190,HDF,AXB1876022,2,19294435731
TX,U2,fdcc3fd77f1f4e2eb3b1bc38,748098929577,0,090224,000605,9533,,1,1,0,YJU,0,Hettie.Abernathy63@axl,ICI,4814,jiopay.voip@timecosmos,SMB,SBM2264945,1,47403665211,SBI,CBI3607706,2,75470068343
TX,U2,92883c6735d4cc7c2ba198de,244238279649,00,090224,063803,39723,,1,1,0,FIB,0,Antonetta_Hessel@timecosmos,UCO,5816,airpay.boat@timecosmos,SMB,SBM6139034,1,04775726198,CBI,BOM3589273,2,18048728688
TX,U2,a00b2a0a2ddffd3db82a7eae,160337393246,Z9,090224,064311,16509,,1,1,0,IIB,0,Henriette_Prohaska@okhdfcbank,IDB,5814,razorpay.pizza@timecosmos,SMB,SBM6525102,1,98300330239,HDF,FIB3868240,2,44738819454
TX,U2,8cd0fe2dd2e2ed88e10aecfc,224810640772,Z9,090224,072954,73103,,1,1,0,FIB,0,Emelie22@abfspay,YOM,5411,finopay.timecosmosrite@timecosmos,SMB,SBM4553537,1,33881187156,ICI,IPB3743579,2,48223346181
TX,U2,d283e06baf0b2ed949a5defb,616504140696,00,090224,064721,4051,,1,1,0,PNB,0,Daisha67@axisb,IPB,5411,finopay.foodland@timecosmos,SMB,SBM5857632,1,87961228398,BDN,KVB2912039,2,78366023161
TX,U2,1f848ab56df509fdaefea6c7,310765404380,RB,090224,002523,6145,,1,1,0,IPB,0,Kavon.Russel0@okicici,ARL,4814,jiopay.data@timecosmos,SMB,SBM0981240,1,76066826869,KMB,YBS8968160,2,92596449507
TX,U2,cbc7dcdce7da8eff7bff9fd2,467578967327,Z7,090224,063815,60683,,1,1,0,ARL,0,Kamille_Gutkowski@apl,KTP,4722,tripay.adventure@timecosmos,SMB,SBM4836382,1,60642228406,APP,IDC7846617,2,78362658531
TX,U2,c5ba3ca8c79efd6259caa0fe,623598244565,Z7,090224,185215,77025,,1,1,0,YBS,0,Harmony.Champlin@apl,KTP,4722,tripay.destinations@timecosmos,SMB,SBM5981159,1,79491576415,AXB,YJU5738993,2,95544021445
TX,U2,59fadfdf37a220a1dbf3eabb,892282875691,RB,090224,101215,40754,,1,1,0,ARL,0,Erwin47@timecosmos,BOI,5816,airpay.robot@timecosmos,SMB,SBM5897108,1,57320065958,ICI,CBI1638172,2,47525726888
TX,U2,bedd2b759deadbafb47f30a1,590221709755,0,090224,005049,44883,,1,1,0,FBL,0,Mackenzie.Jerde-Kling41@fkaxis,IDC,5411,finopay.corner@timecosmos,SMB,SBM0878754,1,47413131621,KMB,BOM9797300,2,04923822062
TX,U2,28e330ddcae19da03cd5a04c,735809203479,Z9,090224,120619,49850,,1,1,0,SBI,0,Theodora_Jaskolski12@okicici,FIB,5816,airpay.scooter@timecosmos,SMB,SBM5647292,1,14626639894,CNB,YES0671106,2,89286315954
TX,U2,d578cfeada2d020faa6dbf39,623264820835,00,090224,222324,44196,,1,1,0,ARL,0,Kareem.Simonis29@yapl,YJU,5411,finopay.corner@timecosmos,SMB,SBM6076899,1,03327069067,YOM,GTI5906949,2,98723061682
TX,U2,98207d84a8d0eddad96939cf,513874956010,RB,090224,121637,20560,,1,1,0,GTI,0,Brown67@abfspay,KVB,4722,tripay.getaway@timecosmos,SMB,SBM8741962,1,04218080308,IDC,IDB1117345,2,61272070401
TX,U2,0c9f8b4c8cabfcde42a624d7,229062987344,RB,090224,162553,11461,,1,1,0,HDF,0,Nyasia23@axisb,BOM,5411,finopay.corner@timecosmos,SMB,SBM2580530,1,90947763578,SIB,BOB5172271,2,10416686894
TX,U2,37e2a2e347c6c2fdad96ab8f,968395954680,Z7,090224,144146,40159,,1,1,0,YJU,0,Emory.McClure@paytm,PNB,5814,razorpay.pasta@timecosmos,SMB,SBM1839116,1,61206626470,YJU,MBK5437447,2,81794842197
TX,U2,acbea3fba06dcd54eaafb891,261659575745,Z9,090224,113926,44917,,1,1,0,YOM,0,Eva_Jast34@okicici,IPB,5816,airpay.submarine@timecosmos,SMB,SBM7972177,1,08045390101,CNB,FIB9158236,2,03853772835
TX,U2,ad16da96bb10d0ce5dd925d4,324263083436,00,090224,085726,18643,,1,1,0,SBI,0,Florencio59@idfcbank,FBL,4814,jiopay.broadband@timecosmos,SMB,SBM0078603,1,97881849441,UCO,IPB4106386,2,19190415165
TX,U2,c5adb8177f4c24abced86a13,080084070687,RB,090224,093140,95749,,1,1,0,ICI,0,Logan.Braun71@icici,YES,5814,razorpay.steak@timecosmos,SMB,SBM2703552,1,30776291319,FIB,INB8396580,2,97760100046
TX,U2,b789698ab82e3cf35acb6e48,120589391215,RB,090224,172401,29235,,1,1,0,INB,0,Amari_Abbott@yesg,UOB,5816,airpay.truck@timecosmos,SMB,SBM3390780,1,68165071354,INB,INB5193414,2,41415725466
TX,U2,04b19eeefdeee43d1955f87e,642553234755,00,090224,194907,25083,,1,1,0,IDB,0,Vivienne.Greenfelder6@yesg,BOM,4814,jiopay.broadband@timecosmos,SMB,SBM7914386,1,46938215035,GTI,ICI3358004,2,16555312105
TX,U2,a3dcce8ed2fcfbaf1b42c1b3,060409390840,0,090224,211759,75207,,1,1,0,BOB,0,Junius.Marvin34@ybl,CBI,5816,airpay.bike@timecosmos,SMB,SBM4927737,1,55194579864,SBI,IPB3913347,2,82929294630
TX,U2,eea8694d7b6fbba46caafe2b,536935744476,Z9,090224,150911,92667,,1,1,0,HDF,0,Gladyce_Langworth75@oksbi,ARL,5814,razorpay.sushi@timecosmos,SMB,SBM8626437,1,33917935687,APP,IOB6318204,2,85772188878
TX,U2,d4efefdceaef33c50aedfc6b,759474276089,Z9,090224,155659,99679,,1,1,0,YJU,0,Alec_Gutmann81@yapl,SIB,4722,tripay.destinations@timecosmos,SMB,SBM2773890,1,91078599669,FBL,BDN4728709,2,28206810503
TX,U2,d31a50bfd4db9faa91dd8948,083303851399,0,090224,131041,26283,,1,1,0,AXB,0,Estella17@okhdfcbank,BOB,4722,tripay.destinations@timecosmos,SMB,SBM4098004,1,95293679082,FBL,ICI9916303,2,52440687947
TX,U2,ecdac9e4828fc51dcc5ebbcc,891780724600,Z9,090224,052714,1621,,1,1,0,IDC,0,Lydia.Mueller40@yesg,UCO,5816,airpay.scooter@timecosmos,SMB,SBM5121787,1,95750241473,KTP,YES1813118,2,84220499631
TX,U2,f1e5e01bbc7f05909c751f61,524877752586,0,090224,185251,6576,,1,1,0,INB,0,Shany.Bailey@fkaxis,BOM,4814,jiopay.voip@timecosmos,SMB,SBM0259562,1,74830473965,UOB,IOB5057603,2,39988666998
TX,U2,e4ecefc2a3ebefae2bf3bd60,422432532671,Z9,090224,095933,12071,,1,1,0,KMB,0,Thea57@abfspay,APP,5816,airpay.drone@timecosmos,SMB,SBM2499916,1,30295264410,BOI,FIB3167808,2,24558027783
TX,U2,fc7f252bd7a4e75e0ecaff6f,713205528082,0,090224,190745,34242,,1,1,0,BOM,0,Vallie4@abfspay,APP,5411,finopay.marketplace@timecosmos,SMB,SBM3638653,1,86047889156,MBK,KTP2445103,2,69969984790
TX,U2,b934472e7ceedbc313b059c7,269693919732,Z7,090224,232253,59866,,1,1,0,ARL,0,Johann.Romaguera@oksbi,KMB,4814,jiopay.cable@timecosmos,SMB,SBM0380393,1,98653002817,FIB,IOB6670232,2,73922211697
TX,U2,bcce7ef4dca06fe8e99f4ddb,538880418618,RB,090224,134743,18557,,1,1,0,YBS,0,Amanda_Miller21@axl,KMB,4814,jiopay.satellite@timecosmos,SMB,SBM3060580,1,29759842395,MBK,GTI7569900,2,91328775364
TX,U2,8fe9a3755cda7edeba5ccaa9,011595188534,Z9,090224,172613,11223,,1,1,0,PNB,0,Shaun_Feest34@yesg,MBK,4814,jiopay.data@timecosmos,SMB,SBM6084703,1,90197227863,SBI,IIB4870644,2,15813420391
TX,U2,fc4d7cea2e03ef63bcedd4ff,663478970043,RB,090224,170738,1209,,1,1,0,ARL,0,Wilfred.Harber@timecosmos,INB,4814,jiopay.cable@timecosmos,SMB,SBM8724270,1,59157314419,BOM,BOB2408238,2,89416952669
TX,U2,3bdcce8a28cc238bb3bab48d,371762452209,RB,090224,041858,55994,,1,1,0,INB,0,Mozell8@okhdfcbank,CBI,4814,jiopay.cable@timecosmos,SMB,SBM0846677,1,64329451392,IPB,UOB9383417,2,94447191430
TX,U2,f30383e3d8b7cdb4b99b9bd7,234713421912,0,090224,160550,69250,,1,1,0,UOB,0,Augusta.Reinger18@yesg,BOB,5411,finopay.dailygrocer@timecosmos,SMB,SBM8637246,1,31727655919,SBI,YJU4583440,2,59806449679
TX,U2,bf7fe3dbf115d2bdd4d27396,713540444642,00,090224,133953,89393,,1,1,0,SIB,0,Anissa.Hagenes44@abfspay,KVB,4814,jiopay.voip@timecosmos,SMB,SBM1626442,1,28330782599,IPB,YBS1008459,2,07389275071
TX,U2,ddde7fc9ceeae1d7aeacf4bc,807929170654,Z7,090224,024526,10430,,1,1,0,CNB,0,German_Reilly@abfspay,CNB,5814,razorpay.sushi@timecosmos,SMB,SBM0463087,1,58967468979,ICI,IOB6517896,2,48838947859
TX,U2,6c54eb49aa3eb2ba7dbae6da,642679598748,Z9,090224,140615,18793,,1,1,0,BOM,0,Oceane.Stark20@fkaxis,ICI,5411,finopay.greenbasket@timecosmos,SMB,SBM0915350,1,12664747072,YBS,IDB7942519,2,22401376183
TX,U2,27d3ad4ceb9fedfe721ec7e8,882765498689,Z7,090224,095859,4672,,1,1,0,GTI,0,Kristian_Terry49@okaxis,IPB,5814,razorpay.steak@timecosmos,SMB,SBM1783447,1,69417680409,BOI,YJU9362200,2,60589453388
TX,U2,3ef04fcdaf71a1a53a7cc2bb,886331815924,Z7,090224,103723,44723,,1,1,0,IDC,0,Allan95@fkaxis,IPB,5814,razorpay.pasta@timecosmos,SMB,SBM4473919,1,52616949538,MBK,YJU4429753,2,21176991561
TX,U2,420bf2dfcdfb6bac9bfcfc16,820573229958,Z7,090224,214746,40754,,1,1,0,YOM,0,Ricky_Swaniawski@okaxis,IPB,5411,finopay.timecosmosrite@timecosmos,SMB,SBM9481149,1,19149422647,SBI,HDF1467844,2,08810299479
TX,U2,27045f5eb74c1e9f64f0b5ad,545566924792,Z9,090224,185425,35626,,1,1,0,ICI,0,August_Wolf@ybl,YJU,4814,jiopay.fiber@timecosmos,SMB,SBM0317292,1,55859150977,UOB,IDC2373755,2,11063583692
TX,U2,ec5a15cfb58edfbb193e46ec,530020106529,00,090224,192856,25674,,1,1,0,IDB,0,Thomas_Weber@apl,HDF,5814,razorpay.soup@timecosmos,SMB,SBM7285706,1,05111509263,YES,IIB9681645,2,84515873784
TX,U2,5ee96e1d1b96e903041feb0e,653198294114,Z7,090224,064008,77423,,1,1,0,KVB,0,Vernie89@okhdfcbank,KVB,5814,razorpay.tacos@timecosmos,SMB,SBM2366386,1,68290072560,BOI,KTP8846685,2,20675299805
TX,U2,e024cd73035b00dcff74eefc,267241653963,Z9,090224,064832,10765,,1,1,0,YJU,0,Lisette_Green77@apl,KVB,4814,jiopay.satellite@timecosmos,SMB,SBM9371829,1,07575250154,SIB,AXB0341042,2,58216593456
TX,U2,8deaaeaed489dc9cbfd5b035,888436407988,0,090224,090957,17877,,1,1,0,BOB,0,Aleen24@okicici,APP,5816,airpay.robot@timecosmos,SMB,SBM1822815,1,64635514188,IDC,FIB7709148,2,65494231918
TX,U2,d0d5c11a5bdb7bcc28c049c4,874030542434,Z7,090224,200851,86273,,1,1,0,HDF,0,Evelyn.Fritsch@yapl,ARL,5814,razorpay.pizza@timecosmos,SMB,SBM6536657,1,23510847729,KMB,KTP3679933,2,86543028787
TX,U2,12290dfdb0dfc6b3aeebb8e4,911356558319,Z9,090224,015614,52841,,1,1,0,BOM,0,Odie.Kuvalis@yapl,BOM,5814,razorpay.salad@timecosmos,SMB,SBM6955866,1,49546120037,KVB,BOB1254132,2,76360401640
TX,U2,ee5bfc2a003a20fc977ed5bc,703714891567,0,090224,130958,97509,,1,1,0,BOI,0,Robbie_Witting78@paytm,SBI,4722,tripay.tour@timecosmos,SMB,SBM3028580,1,77357728381,GTI,PNB0992887,2,00603177130
TX,U2,1a5176eed1169edf363ddeb0,157375351626,Z7,090224,051820,3243,,1,1,0,IOB,0,Garry34@fkaxis,PNB,4814,jiopay.voip@timecosmos,SMB,SBM5154478,1,77934898428,HDF,UCO2801410,2,29530679426
TX,U2,6bface7cbb07020ba58eaaa9,296548645689,Z7,090224,214114,11724,,1,1,0,AXB,0,Guiseppe20@axl,APP,5814,razorpay.burger@timecosmos,SMB,SBM9417165,1,46045341973,APP,BOB7314492,2,33900084966
TX,U2,059eedaced5dd1cf9e8fc205,100280457800,RB,090224,230631,85115,,1,1,0,PNB,0,Laurence4@okhdfcbank,KTP,5411,finopay.bulkstore@timecosmos,SMB,SBM6069940,1,13282571701,YOM,YOM9188386,2,80200412216
TX,U2,98a00e13ffbff0c93bd9ebfd,425106271907,RB,090224,135134,85547,,1,1,0,AXB,0,Jewel6@yapl,INB,5411,finopay.organic@timecosmos,SMB,SBM2584453,1,08605517826,IOB,AXB4115968,2,41166477593
TX,U2,bcf91d4ccfbbf657b967ef5c,863381605876,RB,090224,154855,40698,,1,1,0,FIB,0,Nelda52@apl,FIB,5816,airpay.truck@timecosmos,SMB,SBM0395644,1,40715384769,YBS,BOI2467656,2,54079878062
TX,U2,b4e70b4f5fedf5a798c37c22,359667505579,00,090224,041525,88103,,1,1,0,IPB,0,Kaela_Ebert@rapl,GTI,5816,airpay.airplane@timecosmos,SMB,SBM9732420,1,95375051191,PNB,AXB9561032,2,47249901686
TX,U2,a0dabf7abeacd5ae3991fd31,246677729227,Z7,090224,103711,92694,,1,1,0,SBI,0,Raegan.Heidenreich@yapl,YBS,4814,jiopay.data@timecosmos,SMB,SBM5372126,1,28752010666,CBI,CNB5286073,2,34731516144
TX,U2,a79df93e1fc0c6f80cd0fd02,347045884861,Z9,090224,114035,3924,,1,1,0,INB,0,Ciara.Quitzon@yapl,YOM,5816,airpay.truck@timecosmos,SMB,SBM1150131,1,41836968872,KVB,INB6663267,2,42173348275
TX,U2,0620d3dfef5dd177d2bee5be,777284693019,00,090224,035220,59969,,1,1,0,GTI,0,Tara.Funk50@axisb,AXB,5411,finopay.freshmart@timecosmos,SMB,SBM1212508,1,19680373704,IIB,KVB7727978,2,32672654709
TX,U2,ffdbc526b88ff883ccb5ec9d,281487345910,00,090224,181315,80889,,1,1,0,FBL,0,Jackeline.McDermott57@abfspay,GTI,5816,airpay.car@timecosmos,SMB,SBM3345717,1,89147102547,INB,YJU8346292,2,31962615137
TX,U2,5657ebd9fe60160024f1ca35,522008248205,Z9,090224,133314,17319,,1,1,0,IPB,0,Mackenzie.Satterfield@paytm,INB,4722,tripay.destinations@timecosmos,SMB,SBM8518928,1,48018461599,FIB,APP2550521,2,36973528507
TX,U2,a8fadc6f0e7ce43cebdf3fc2,003049137849,00,090224,130316,15518,,1,1,0,YJU,0,Miles.Wisoky50@rapl,BDN,5816,airpay.boat@timecosmos,SMB,SBM4175980,1,34765091539,ICI,INB0324446,2,73499552275
TX,U2,429e316dafa1b6ccbe5948d4,295077755675,Z7,090224,183709,94939,,1,1,0,UCO,0,Shayna.Prohaska64@okhdfcbank,IDB,5411,finopay.bulkstore@timecosmos,SMB,SBM9867194,1,28910703243,UCO,BOM1480789,2,56767637571
TX,U2,bdaae8bbfc35634167fbadfe,261047149127,00,090224,043659,88241,,1,1,0,YJU,0,Zachariah70@abfspay,BOI,4814,jiopay.broadband@timecosmos,SMB,SBM9447727,1,99013954586,HDF,SIB8383287,2,48712197026
TX,U2,ec52bbeefae2afb87337ae1b,219340334373,RB,090224,144521,46413,,1,1,0,KMB,0,Jarret_Spinka76@yapl,APP,5411,finopay.foodland@timecosmos,SMB,SBM2497054,1,45251734987,KMB,IOB5315279,2,66019982239
TX,U2,98baa37fa4c3accdaabc5f29,213316074518,Z9,090224,152006,4370,,1,1,0,IDB,0,Braden23@okaxis,BOI,5816,airpay.truck@timecosmos,SMB,SBM1223244,1,22138371084,YBS,MBK6257402,2,42708464974
TX,U2,d20ac6d981b4c66e647bd6e7,409031518768,Z7,090224,021257,46939,,1,1,0,FIB,0,Rosalia.Lynch@fkaxis,GTI,4722,tripay.destinations@timecosmos,SMB,SBM4815830,1,04201454878,CBI,IDB2318867,2,17732116606
TX,U2,0ed51c361ce0f6cdb6a257f7,329470130299,Z7,090224,225208,98645,,1,1,0,YBS,0,Nikki.Swift59@abfspay,APP,4722,tripay.globetrot@timecosmos,SMB,SBM8334973,1,28806457641,AXB,CBI9530392,2,35879934527
TX,U2,dc6a2c79aea4502b7f8c56db,819457877786,0,090224,143427,56868,,1,1,0,KTP,0,Rowena_Little52@apl,IOB,5814,razorpay.burger@timecosmos,SMB,SBM2480826,1,50508985936,APP,IPB5599915,2,61689333651
TX,U2,c00f1c7d7143c4c308fac36c,489894148577,0,090224,150526,62709,,1,1,0,IIB,0,Alyce_Terry@idfcbank,KVB,4722,tripay.explore@timecosmos,SMB,SBM7130557,1,91977567303,SBI,MBK2907130,2,21710559189
TX,U2,f7c6fdf1ebdef3bddec7051d,009170312528,RB,090224,204508,37421,,1,1,0,ARL,0,Alverta.Watsica-Muller39@fkaxis,UOB,4722,tripay.wander@timecosmos,SMB,SBM9550227,1,31036990618,SBI,ICI8274257,2,87858756402
TX,U2,0e3a36c8051d083d38fff8ef,429917151444,RB,090224,111916,95612,,1,1,0,UCO,0,Jody.Lebsack54@okhdfcbank,CBI,5816,airpay.airplane@timecosmos,SMB,SBM7072482,1,99729201192,BOI,KMB3241493,2,33246535962
TX,U2,ccdbd2e8aaabf95eccfe27d9,615672346675,RB,090224,211512,75811,,1,1,0,ARL,0,Kieran66@paytm,INB,5411,finopay.dailygrocer@timecosmos,SMB,SBM6961123,1,19013506710,FBL,KVB2254779,2,99550305196
TX,U2,8aa07fc995fcbec1fd2313b9,211939954962,0,090224,143445,89406,,1,1,0,BOM,0,Ellie.Mayer@timecosmos,YBS,5816,airpay.airplane@timecosmos,SMB,SBM4006403,1,59636781208,HDF,BDN5545918,2,24547481062
TX,U2,ac15d8e94f6dde640caa6b3c,337156719602,0,090224,215111,93400,,1,1,0,UCO,0,Luis_Russel@ybl,YBS,4814,jiopay.cable@timecosmos,SMB,SBM7951232,1,52320469760,SIB,IIB1023965,2,51438403807
TX,U2,c9c4da7ba8d4d4cf6bbbdd7e,101904495322,0,090224,005623,94782,,1,1,0,IPB,0,Mittie16@fkaxis,AXB,4814,jiopay.data@timecosmos,SMB,SBM3947564,1,32130545837,UOB,IIB5238401,2,56084987258
TX,U2,3df8d4fda0158b35ef9eeaca,526926708452,00,090224,143241,9202,,1,1,0,SIB,0,Missouri.Murray34@idfcbank,SBI,5816,airpay.boat@timecosmos,SMB,SBM5010140,1,22992745379,YES,YJU9324432,2,98303421181
TX,U2,0eaf3dc8de9fafb9dc3ebf9a,904404247529,0,090224,035910,50562,,1,1,0,SBI,0,Lucious.Littel28@axisb,PNB,4722,tripay.destinations@timecosmos,SMB,SBM9920716,1,90254942755,FIB,FIB0693735,2,08480472839
TX,U2,ad35172fd79b722b5e996175,084511460785,Z9,090224,001428,26231,,1,1,0,ARL,0,Lelah.Williamson24@oksbi,MBK,4722,tripay.getaway@timecosmos,SMB,SBM4558370,1,85812558512,PNB,SBI2979494,2,36900556648
TX,U2,9eaa1c05be40bfe71dc75dbe,110794863657,RB,090224,073321,53340,,1,1,0,IDC,0,Malvina.Wuckert59@abfspay,FBL,4722,tripay.explore@timecosmos,SMB,SBM8074091,1,10899997950,BOM,GTI8255358,2,48535145488
TX,U2,d7beadfea0f03ed99a8cefc3,175663746713,RB,090224,075441,25070,,1,1,0,ARL,0,Monty.Adams@icici,CNB,5411,finopay.corner@timecosmos,SMB,SBM6367067,1,34857234800,ARL,BOB7574007,2,65884817684
TX,U2,ad38b0accf5aab619cfedd4b,905346180365,0,090224,163918,88887,,1,1,0,ICI,0,Alexanne.Kunze21@okicici,BOB,5411,finopay.dailygrocer@timecosmos,SMB,SBM9587108,1,06947558008,MBK,BOI8311331,2,86301468685
TX,U2,3bab5d099c8e131d71ed4c2d,836051750828,Z9,090224,232153,43187,,1,1,0,IIB,0,Alda21@okaxis,FBL,4722,tripay.expedition@timecosmos,SMB,SBM0695813,1,08375305618,YBS,APP9821292,2,79651245587
TX,U2,5717f4e6f6482cfcbad21a4a,972447108468,00,090224,013049,83801,,1,1,0,ICI,0,Graham17@axl,ICI,5816,airpay.scooter@timecosmos,SMB,SBM5800537,1,32990828781,MBK,SIB7838011,2,26347410206
TX,U2,2900cdbf0dc1b37cd10dd4ef,561935705712,RB,090224,050436,65353,,1,1,0,ICI,0,Bridie39@oksbi,HDF,4722,tripay.wander@timecosmos,SMB,SBM3318941,1,93824486098,IDB,IIB5008104,2,67628295504
TX,U2,82b7b131f0384664ff29de1c,173991456638,0,090224,132600,76628,,1,1,0,IDC,0,Delilah46@rapl,PNB,4722,tripay.vacation@timecosmos,SMB,SBM6225900,1,92319523668,BDN,IDC8264791,2,60891598323
TX,U2,dcddafa2a162ca02fbbdf4fe,316693454792,RB,090224,201200,80587,,1,1,0,HDF,0,Quincy54@oksbi,IIB,4814,jiopay.data@timecosmos,SMB,SBM5136600,1,69869980088,FIB,CNB5666389,2,93450915660
TX,U2,75d8f3b47dc0fedf6939ec0c,305174595812,00,090224,171900,57358,,1,1,0,PNB,0,Flavio.Crist@apl,HDF,5814,razorpay.vegetarian@timecosmos,SMB,SBM7742739,1,48146372486,YJU,CNB6235164,2,52870667310
TX,U2,d93c9a24ecb900c557d1f46b,770203416060,0,090224,081316,39400,,1,1,0,ICI,0,Celine_Stanton-Sawayn77@timecosmos,BOM,4722,tripay.expedition@timecosmos,SMB,SBM4719031,1,39075990218,YES,IPB8595167,2,04012279983
TX,U2,dc82a4cd186fab4cb6aae3df,766313405690,Z7,090224,065627,32039,,1,1,0,BDN,0,Libbie67@abfspay,KMB,5816,airpay.boat@timecosmos,SMB,SBM2611371,1,89613856819,BOM,IDC6636958,2,15888499142
TX,U2,9b1d0db720043053fcdb4e06,214879998934,Z9,090224,120515,85602,,1,1,0,YES,0,Tremaine_Kshlerin@rapl,ARL,5814,razorpay.vegetarian@timecosmos,SMB,SBM4221672,1,81793442823,MBK,AXB9717943,2,88365488758
TX,U2,094d3fa66f825328cd984bea,773084635265,00,090224,014631,88578,,1,1,0,ICI,0,Odie42@abfspay,YBS,4722,tripay.tour@timecosmos,SMB,SBM9550742,1,70358800715,APP,SIB1170395,2,41209195196
TX,U2,3cc70d0f4efb86091f0fb66f,330751628496,Z7,090224,152456,23558,,1,1,0,YJU,0,Domenick_Reilly@okhdfcbank,SBI,5411,finopay.greenbasket@timecosmos,SMB,SBM0316369,1,53144117629,IDB,MBK5895398,2,93256762596
TX,U2,4b9794ebecbfdb83edaaeb0e,026963126788,00,090224,052306,39081,,1,1,0,HDF,0,Sherwood.Roberts52@axl,PNB,4722,tripay.getaway@timecosmos,SMB,SBM8777390,1,57434307288,KVB,BOM9820689,2,96726656391
TX,U2,8ab9bb435cc8fe365357d2b7,198192265496,Z7,090224,023513,13057,,1,1,0,KTP,0,Alyce95@abfspay,PNB,5411,finopay.dailygrocer@timecosmos,SMB,SBM8416614,1,57647530294,UCO,UOB0697744,2,80640311524
TX,U2,bec6ca8b944b3d1e6f9cff64,655990106468,RB,090224,135326,38408,,1,1,0,SIB,0,Lelia_Veum@yesg,HDF,5411,finopay.foodland@timecosmos,SMB,SBM5619632,1,10960548864,UCO,PNB3166830,2,70789299649
TX,U2,bffcbb89dcb3feb1c8f8b11c,703483541553,RB,090224,110759,56060,,1,1,0,YES,0,Rebecca.Carroll@yapl,SBI,4814,jiopay.wireless@timecosmos,SMB,SBM4736809,1,13451180043,BOM,BOM5410263,2,60964981706
TX,U2,882fecd017107fa4cbc873d5,838908711634,Z7,090224,112356,5318,,1,1,0,SBI,0,Don.Crist3@idfcbank,YBS,5814,razorpay.salad@timecosmos,SMB,SBM3353937,1,94406285749,SIB,BOM5706441,2,87688136172
TX,U2,ffcaf20a2eaeb380f54ff8c5,778568281652,0,090224,150718,28917,,1,1,0,CNB,0,Mabel_Brown32@okhdfcbank,CBI,5816,airpay.airplane@timecosmos,SMB,SBM5199594,1,95580739398,ARL,IPB5106660,2,28451063256
TX,U2,84092e2d0cca7ef07314c53d,449394083981,00,090224,014546,65514,,1,1,0,SIB,0,Percy_Schoen@timecosmos,GTI,5411,finopay.foodland@timecosmos,SMB,SBM1521848,1,78034605803,INB,ARL4056811,2,81224944441
TX,U2,1e404ac1b8cc3f0225bcc5e0,124797850110,0,090224,084446,27082,,1,1,0,IPB,0,Cleve36@okhdfcbank,FBL,5816,airpay.submarine@timecosmos,SMB,SBM0469690,1,21772899897,GTI,UOB9684728,2,00118485609
TX,U2,c3ebcec9f232e6cd7afdfcd0,035792851381,0,090224,054459,85811,,1,1,0,YES,0,Jadyn.Lakin55@idfcbank,KVB,4722,tripay.tour@timecosmos,SMB,SBM6772075,1,00259886196,UCO,KVB4499641,2,42882788328
TX,U2,7735a79f71911d218e7c6be0,681982293207,Z7,090224,235714,884,,1,1,0,YOM,0,Dylan.Borer10@timecosmos,SIB,4814,jiopay.wireless@timecosmos,SMB,SBM1766409,1,11242077039,INB,AXB9009064,2,19089776511
TX,U2,b1ffdcd1cddd8f024afdfba2,381778826329,0,090224,112234,65811,,1,1,0,INB,0,Wilford_Kunde75@okicici,FIB,4722,tripay.tour@timecosmos,SMB,SBM5291667,1,20762657630,KVB,CNB2460082,2,47838309060
TX,U2,2e86befd1accc3ad50aac476,734944010180,0,090224,183955,30755,,1,1,0,GTI,0,Jedediah95@icici,IOB,5816,airpay.robot@timecosmos,SMB,SBM5378620,1,63689130866,FBL,KTP6102665,2,35995066724
TX,U2,ff8eb06e26bd5a2e41dedb39,013800822080,Z7,090224,090024,42027,,1,1,0,IOB,0,Annabell.Skiles@idfcbank,AXB,5816,airpay.truck@timecosmos,SMB,SBM2038035,1,43814800045,BDN,PNB9305843,2,38896625084
TX,U2,f1dfeeffd4aa47a5fee77aea,668392575690,Z9,090224,102343,85703,,1,1,0,IDC,0,Jewel3@axisb,IDC,4722,tripay.vacation@timecosmos,SMB,SBM9728831,1,22402478556,IPB,IIB5586486,2,36973647782
TX,U2,0d62cab62843dde7dfe6c0ed,048369164068,0,090224,234850,4030,,1,1,0,BOI,0,Misael.Torp@axisb,BOB,4722,tripay.explore@timecosmos,SMB,SBM6389102,1,69224088429,KVB,CBI6632094,2,36710748747
TX,U2,ee7de421e2461aea8aca6417,618037311842,Z7,090224,091455,69701,,1,1,0,HDF,0,Jaron23@paytm,YES,5814,razorpay.vegetarian@timecosmos,SMB,SBM5865699,1,93928821540,YJU,KVB8787568,2,34109912521
TX,U2,0addcb0ffa1724b2da0eddf7,406879288365,RB,090224,051755,22576,,1,1,0,UCO,0,Johan_Gottlieb@okicici,IDC,4722,tripay.adventure@timecosmos,SMB,SBM1409403,1,00937059904,CNB,APP2947584,2,36553483078
TX,U2,a33659195e5abdeacbafe18b,135352046448,Z9,090224,155848,66973,,1,1,0,ARL,0,Destini95@yesg,IIB,4722,tripay.tour@timecosmos,SMB,SBM0742259,1,49146976437,YBS,PNB4293165,2,43492927007
TX,U2,5ad11fdce4aa07bffece82af,004585944949,Z7,090224,213532,37141,,1,1,0,UOB,0,Rhianna.Hand52@axl,YOM,5816,airpay.car@timecosmos,SMB,SBM8126075,1,43097848563,APP,CBI6677753,2,12468799268
TX,U2,5c367b02f8f831c0dec1affe,366868873199,00,090224,150248,32447,,1,1,0,BOM,0,Ted80@fkaxis,BOM,4814,jiopay.voip@timecosmos,SMB,SBM0310787,1,34314448942,HDF,KVB5660774,2,98652314878
TX,U2,ab25cb5b74fbf6cfb1afecbb,743504841291,RB,090224,103538,7076,,1,1,0,IPB,0,Vella13@abfspay,AXB,5411,finopay.timecosmosrite@timecosmos,SMB,SBM2891653,1,51050091866,BOI,IDC5798145,2,81551196571
TX,U2,7a9afe3dbb34fbb8daf8fb2d,741811040476,0,090224,200334,44178,,1,1,0,IOB,0,Colten_Russel@yesg,YBS,4722,tripay.escape@timecosmos,SMB,SBM6339426,1,54728391241,MBK,BOI6551739,2,18744669864
TX,U2,945de40ddf173e6b8eacb3d5,587906509898,Z7,090224,061715,53724,,1,1,0,ICI,0,Kamryn.Hagenes81@axl,INB,4814,jiopay.satellite@timecosmos,SMB,SBM3737503,1,96907454920,IDB,ARL3137263,2,56250276447
TX,U2,d0edc4b9bdddee4170847acb,978743510009,Z9,090224,143505,6097,,1,1,0,UOB,0,Richmond.Rutherford-Conroy@timecosmos,CNB,4722,tripay.globetrot@timecosmos,SMB,SBM8353503,1,15959011602,KMB,IPB8429310,2,01682648397
TX,U2,0bedfbebfb2da58a3daf27ad,812813246486,RB,090224,111610,5624,,1,1,0,ARL,0,Emmanuel.Streich@fkaxis,FBL,4722,tripay.escape@timecosmos,SMB,SBM6662869,1,14205479625,YBS,IDC1015218,2,39203305643
TX,U2,38d8faee7a7efec9bcfdf05e,406463132925,0,090224,014123,54963,,1,1,0,SIB,0,Mervin_Effertz@paytm,YES,5816,airpay.submarine@timecosmos,SMB,SBM8426719,1,21565472514,ICI,YES2838568,2,05607680722
TX,U2,fa9debefb89c230e3a00707d,561981987426,00,090224,145225,35559,,1,1,0,FIB,0,Gardner_Parker62@timecosmos,PNB,5816,airpay.submarine@timecosmos,SMB,SBM0577537,1,13557568276,CBI,FIB9075272,2,03407809568
TX,U2,37b6d5af3a449f6f1ca2dd62,954697946417,Z9,090224,183547,18536,,1,1,0,GTI,0,Clara19@yapl,UCO,5814,razorpay.burger@timecosmos,SMB,SBM5776956,1,22337616068,SBI,IDC1350843,2,35340390345
TX,U2,bee1b4f5e0497abed5c79b1f,242783126473,Z9,090224,183142,2070,,1,1,0,MBK,0,Fred.Kerluke81@okhdfcbank,YOM,4814,jiopay.satellite@timecosmos,SMB,SBM0044950,1,84653605395,KTP,IOB0512812,2,44503057151
TX,U2,0f8f5fbaf7308ecdea647b57,143073914871,0,090224,030148,74448,,1,1,0,FIB,0,Larissa.Ortiz@icici,YOM,5411,finopay.organic@timecosmos,SMB,SBM9450333,1,21370095740,IOB,IDC2844786,2,05573273499
TX,U2,e8cef8b2e77ccbccb944a1c4,450270102539,00,090224,073614,24772,,1,1,0,CBI,0,Paolo_Stracke-Schmitt85@rapl,YOM,4814,jiopay.voip@timecosmos,SMB,SBM4703325,1,69334373668,MBK,GTI4493552,2,16873913172
TX,U2,ca5fadffbf1e57edc7fbd20d,065098865703,Z9,090224,200642,18356,,1,1,0,PNB,0,Tre8@axl,MBK,5411,finopay.organic@timecosmos,SMB,SBM9177143,1,62023886723,YJU,SIB7774247,2,07976086840
TX,U2,9250eab7eb1178d07eedc9fc,821215331071,0,090224,135023,42904,,1,1,0,BOB,0,Cory.Metz75@abfspay,BOI,4722,tripay.escape@timecosmos,SMB,SBM5018052,1,01605704515,MBK,YES4525207,2,54552695264
TX,U2,b0451bde29be5fdcf232f61e,848094075123,0,090224,191406,53929,,1,1,0,KTP,0,Vern_OConner92@okaxis,APP,5411,finopay.foodland@timecosmos,SMB,SBM6017511,1,19627608441,UCO,FIB4345151,2,08998407105
TX,U2,e7caa9feef16414e2bc4f166,883219860041,Z7,090224,153704,17986,,1,1,0,SIB,0,Mabelle1@axisb,INB,4722,tripay.globetrot@timecosmos,SMB,SBM5891753,1,83278700478,YES,YES5710916,2,14455868583
TX,U2,6f0d7ad3a7cdbaa7c664e4dc,213437556886,RB,090224,151832,71295,,1,1,0,SBI,0,Isabelle77@ybl,FIB,5411,finopay.greenbasket@timecosmos,SMB,SBM7632574,1,92563451305,BOM,FIB6371343,2,92338690041
TX,U2,130cafccda9f7776beef300f,417441630449,00,090224,174046,59975,,1,1,0,BOM,0,Treva_Hudson-OKeefe79@paytm,HDF,5814,razorpay.salad@timecosmos,SMB,SBM8000370,1,09808736627,IOB,CBI2837882,2,30476075651
TX,U2,13fa7a5a5d9c86bb2d6eddaa,183015410202,RB,090224,122649,50145,,1,1,0,BOM,0,Hershel.Jacobi0@abfspay,GTI,4814,jiopay.mobile@timecosmos,SMB,SBM7474533,1,21813652123,BOM,KTP9344516,2,16755349423
TX,U2,dbceabdbcf9c3bc9f63c1eaa,181615955747,RB,090224,110626,52074,,1,1,0,INB,0,Luz_Hagenes86@okaxis,FBL,4722,tripay.globetrot@timecosmos,SMB,SBM5846935,1,75840709042,HDF,SIB0248063,2,53167954132
TX,U2,d8e95560c17297fd7c74bacf,871995772098,RB,090224,203311,63310,,1,1,0,IIB,0,Justine_Paucek70@timecosmos,IDB,5816,airpay.truck@timecosmos,SMB,SBM4638595,1,08302271065,UOB,IOB5938447,2,40023475123
TX,U2,8eb065f4ef25eaefbf8dbc04,340957398250,Z7,090224,072838,27909,,1,1,0,MBK,0,Odell81@idfcbank,YBS,5411,finopay.corner@timecosmos,SMB,SBM9485715,1,95344521770,ARL,KVB3688430,2,46172598197
TX,U2,80faf87facfb3ef9f94ef7a0,964037127537,00,090224,163322,31784,,1,1,0,IIB,0,Maximo_Padberg63@apl,KTP,5411,finopay.corner@timecosmos,SMB,SBM3411032,1,96928362275,YBS,APP6419701,2,80563423707
TX,U2,e1416b6dee3fa06dc9069d4c,061734033069,00,090224,002345,20006,,1,1,0,ARL,0,Rodolfo_Wiza@okicici,SIB,5411,finopay.greenbasket@timecosmos,SMB,SBM9635254,1,84503118974,CNB,FIB9145168,2,82500028944
TX,U2,dcbeac1b9509650e7ca7e8bf,297115995463,00,090224,023724,71122,,1,1,0,APP,0,Elian38@okhdfcbank,ICI,5411,finopay.marketplace@timecosmos,SMB,SBM6681843,1,91828167878,IPB,INB6176556,2,45479229337
TX,U2,c4cdb3c6eb87b2d766ff1bad,476287378602,00,090224,121946,3865,,1,1,0,BDN,0,Elizabeth.Herman10@fkaxis,HDF,5814,razorpay.sushi@timecosmos,SMB,SBM0178496,1,75178364708,UCO,SIB1347124,2,55063852273
TX,U2,aa1d95a8b54965baa44d3eff,506720541633,Z9,090224,210010,40489,,1,1,0,BOM,0,Elwyn.Miller@okaxis,KMB,5411,finopay.corner@timecosmos,SMB,SBM2840897,1,19482941088,IDB,AXB1166467,2,22528394311
TX,U2,eeebc49b82aa532404af0611,430197656859,Z9,090224,095616,16526,,1,1,0,IOB,0,Elmer_Rohan58@yapl,FIB,5814,razorpay.sushi@timecosmos,SMB,SBM2460659,1,80680684122,ARL,CNB3781379,2,83187096057
TX,U2,fe7b4bdbff04c54f5fc3fedf,845191159731,Z7,090224,050437,90887,,1,1,0,YBS,0,Clint42@yesg,SBI,5816,airpay.helmet@timecosmos,SMB,SBM6855364,1,89729694644,SIB,IDB2495973,2,69032115622
TX,U2,c413e3f5c4f7eff550821fc5,929159148069,Z7,090224,231849,39603,,1,1,0,ICI,0,Mallory78@icici,YJU,5814,razorpay.soup@timecosmos,SMB,SBM2102305,1,30650307180,IDC,CNB2761914,2,42010833553
TX,U2,6a32f9cddd9e9de7dffaf8da,915874683000,0,090224,165746,7469,,1,1,0,BOM,0,Frederick_Douglas13@rapl,FBL,5814,razorpay.salad@timecosmos,SMB,SBM5947104,1,81271042413,BOB,GTI1363561,2,26210628429
TX,U2,c1d9ba4a3ebef13ce4787a8d,268618508726,RB,090224,154433,29948,,1,1,0,MBK,0,Dolores_Williamson@axisb,IPB,5411,finopay.timecosmosrite@timecosmos,SMB,SBM6188167,1,44225069096,KTP,BOB3053115,2,25519102611
TX,U2,cb5e8d4a87d851ea9eb637a4,801203828884,RB,090224,050846,21243,,1,1,0,YOM,0,Joseph.Dach@okicici,ICI,5814,razorpay.salad@timecosmos,SMB,SBM9442385,1,29370309576,IPB,BOM7697283,2,00975905610
TX,U2,34a364c10fea28cb004aee27,114151994336,00,090224,124331,15343,,1,1,0,IOB,0,Sammie.Kuhlman-Waters65@paytm,IDB,5814,razorpay.tacos@timecosmos,SMB,SBM0336875,1,64219707284,KVB,AXB3054998,2,52067223088
TX,U2,754efddefa16dc58c1e83a6d,577721246166,Z7,090224,023253,17007,,1,1,0,YOM,0,Hailie.Volkman@abfspay,IIB,5814,razorpay.steak@timecosmos,SMB,SBM4213181,1,54754175499,YJU,YES4756984,2,30961953872
TX,U2,3bbefaea66fdcc816059bb44,116045517030,RB,090224,211903,45406,,1,1,0,YES,0,Myra.Dickinson71@abfspay,UOB,5814,razorpay.soup@timecosmos,SMB,SBM4397120,1,11429550400,GTI,INB1748393,2,26293160844
TX,U2,d4da0bfd03dbe8f7eda489fe,115161236874,0,090224,175235,43738,,1,1,0,HDF,0,Nakia.Buckridge89@okaxis,APP,4814,jiopay.internet@timecosmos,SMB,SBM4465716,1,00189355607,YOM,YJU4284897,2,26277092830
TX,U2,83c9b2ec21dbbf9b55eaebbe,415074256426,00,090224,052959,60928,,1,1,0,AXB,0,Rene23@yapl,CNB,5814,razorpay.steak@timecosmos,SMB,SBM7119770,1,35090662208,PNB,SIB2902490,2,91899487405
TX,U2,aaf96ed9bf312f3d3ccfea9d,414630060087,00,090224,070501,98646,,1,1,0,HDF,0,Sierra.Hirthe@okaxis,YES,5814,razorpay.steak@timecosmos,SMB,SBM1050534,1,06305649764,GTI,IDC3579005,2,10581900335
TX,U2,235bdba0dcd78ddb9fa43fec,019630390879,Z7,090224,061850,49740,,1,1,0,HDF,0,Murray6@icici,CNB,5816,airpay.airplane@timecosmos,SMB,SBM9050989,1,65939307163,SBI,MBK0429541,2,43642336797
TX,U2,ea5ec6bbf0ce2bd4ae3b732e,161394738980,RB,090224,063059,78332,,1,1,0,YBS,0,Clarabelle_Dare@abfspay,BOI,4722,tripay.vacation@timecosmos,SMB,SBM6645538,1,90140413093,PNB,BDN8755269,2,78467909108
TX,U2,a12ff3d4c2aaadd4addddc3e,324298309138,Z9,090224,041420,48987,,1,1,0,PNB,0,Orland97@abfspay,UCO,4814,jiopay.mobile@timecosmos,SMB,SBM8514276,1,42875427697,HDF,INB5964085,2,74995905744
TX,U2,afbecbbbf6ec5ef945f8b20f,075423453910,Z7,090224,132448,11104,,1,1,0,KVB,0,Nicklaus90@yesg,BOB,4722,tripay.wander@timecosmos,SMB,SBM0640129,1,02374549745,ARL,YOM7960176,2,47417046974
TX,U2,bfa568d93adafbcce3bffb33,668824362065,0,090224,225230,18062,,1,1,0,PNB,0,Zella.Lindgren52@abfspay,BOM,5816,airpay.car@timecosmos,SMB,SBM4470504,1,78712829167,YBS,YJU1746201,2,52229080215
TX,U2,9f5fddaffae18c997a7dda29,035406713078,Z7,090224,090801,41176,,1,1,0,FBL,0,Jacklyn.Walter7@idfcbank,FBL,5411,finopay.greenbasket@timecosmos,SMB,SBM8499656,1,93449337488,UOB,BOM8683473,2,00252962173
TX,U2,31f9ef1c20fbdacceaffb9bc,944448679679,Z9,090224,181144,88078,,1,1,0,BOM,0,Janice_Thiel@yesg,IPB,5411,finopay.dailygrocer@timecosmos,SMB,SBM6737845,1,52829504189,ICI,SIB0908883,2,16006118067
TX,U2,efcb1abc8cf5fa6cacac75f6,960714354175,0,090224,223133,92086,,1,1,0,IDB,0,Talia4@ybl,SIB,5816,airpay.boat@timecosmos,SMB,SBM4699767,1,54346923156,KVB,BOM2222251,2,09687591621
TX,U2,e9ccbb8c5b846ffccfc44e12,712170460301,RB,090224,064211,32750,,1,1,0,BOB,0,Albin79@abfspay,AXB,4814,jiopay.mobile@timecosmos,SMB,SBM4117228,1,20999160300,CNB,GTI4117061,2,42866758399
TX,U2,f11c99d2ffed68aaf414da3c,602944774379,Z7,090224,063528,13500,,1,1,0,MBK,0,Mabel.Flatley-Bins@abfspay,SBI,5411,finopay.greenbasket@timecosmos,SMB,SBM4175665,1,66546978482,INB,FBL6087147,2,42807896421
TX,U2,214eec4a45e41f29ebf7b62b,668132768183,Z9,090224,074853,968,,1,1,0,CNB,0,Vidal36@icici,BDN,4722,tripay.tour@timecosmos,SMB,SBM9602972,1,09509591704,YES,IDC5611171,2,92636033055
TX,U2,c78e17426a149cba88becc97,310759601364,00,090224,062332,39208,,1,1,0,UCO,0,Sherwood_Murray62@ybl,FIB,5411,finopay.freshmart@timecosmos,SMB,SBM5120280,1,35251282832,IIB,IDB2336570,2,85936515662
TX,U2,7e0cddf0eb2c8faad6edfccb,762455133180,RB,090224,084742,71438,,1,1,0,KTP,0,Earlene.Volkman41@okaxis,BDN,4722,tripay.getaway@timecosmos,SMB,SBM4958539,1,55016985217,IOB,GTI4466559,2,23453918004
TX,U2,f2fe9e1fda1b6a82c160cf82,299002885668,Z7,090224,200215,8075,,1,1,0,CNB,0,Annabel_Tromp@yesg,ARL,4814,jiopay.cable@timecosmos,SMB,SBM8754590,1,82789436334,PNB,BOI7279020,2,76773699351
TX,U2,c17c7e7a53f08eabeb8bba07,054632406562,RB,090224,234618,97122,,1,1,0,BDN,0,Sienna_Zieme@idfcbank,KTP,4814,jiopay.fiber@timecosmos,SMB,SBM6795486,1,29932010815,MBK,CNB4687969,2,24185577641
TX,U2,722afc5defcfd5b121bbfee8,439960015091,Z9,090224,164800,69338,,1,1,0,HDF,0,Meda.Greenfelder39@abfspay,BOM,5816,airpay.boat@timecosmos,SMB,SBM3863827,1,79421124159,HDF,IPB5456325,2,33658570515
TX,U2,d0eec51c60e4cd765fcd574e,937251694243,Z9,090224,101426,82265,,1,1,0,AXB,0,Myriam50@yapl,CBI,4722,tripay.globetrot@timecosmos,SMB,SBM8387265,1,87083603355,YOM,IIB6753985,2,31528135486
TX,U2,aa5aae013bcabfedd66f7db1,881605210226,Z9,090224,193624,85484,,1,1,0,CNB,0,Lorena83@paytm,IIB,4814,jiopay.cable@timecosmos,SMB,SBM3668160,1,44286608900,IDC,IDC9043917,2,95958892136
TX,U2,4e03f37f6fd2eb94ba7617d1,573271070900,00,090224,131546,36100,,1,1,0,IDB,0,Jailyn.Lakin@idfcbank,BOM,5814,razorpay.pasta@timecosmos,SMB,SBM5126463,1,21828321788,BOM,FBL4788996,2,80154000612
TX,U2,fac57fabb7e8c790bbcdc4bb,437419411830,0,090224,153645,46381,,1,1,0,YBS,0,Gavin_Satterfield8@axl,BOB,4722,tripay.explore@timecosmos,SMB,SBM6451054,1,68654118977,FBL,GTI3739899,2,44019190703
TX,U2,a69b1a647ee1bbaa19ca3826,805385132275,Z7,090224,191249,35673,,1,1,0,FIB,0,Cary65@fkaxis,UCO,4814,jiopay.broadband@timecosmos,SMB,SBM0697260,1,06004792048,IOB,ICI5750173,2,45788613440
TX,U2,a4ef01cbe359b6d98e0ccccc,186917427582,0,090224,184554,54078,,1,1,0,FIB,0,Raheem_Sauer84@timecosmos,BOM,5411,finopay.bulkstore@timecosmos,SMB,SBM7788530,1,34575041485,GTI,BOB3909658,2,78038505583
TX,U2,db9b1cef751538de6a1a2bc1,636802695118,Z7,090224,165134,35607,,1,1,0,INB,0,Mohamed.Hayes86@axl,KVB,5814,razorpay.salad@timecosmos,SMB,SBM9795772,1,29130724394,MBK,APP9696957,2,38689514467
TX,U2,fcc8fabfa41db1bd22bb1ede,198261542334,RB,090224,145939,21685,,1,1,0,GTI,0,Hassie39@rapl,YES,5411,finopay.town@timecosmos,SMB,SBM4374964,1,50842805482,BDN,IIB9446670,2,29885352636
TX,U2,60f3cbddabf8cfb14cb61cfc,620687448964,RB,090224,034453,17462,,1,1,0,KVB,0,Mervin_Greenfelder@okicici,BOB,5411,finopay.town@timecosmos,SMB,SBM7229450,1,88558067546,ICI,BDN5550476,2,64166388117
TX,U2,4430cec8b6eabf7f0d3eda93,061349989176,0,090224,012219,47858,,1,1,0,SIB,0,Wilburn.Bergstrom78@okicici,IDB,5816,airpay.truck@timecosmos,SMB,SBM7090200,1,03237447907,KMB,AXB3978054,2,68225934461
TX,U2,e1d0e396d14b98249394f566,352652629295,Z9,090224,045504,66739,,1,1,0,KVB,0,Salvatore.VonRueden35@oksbi,SIB,5411,finopay.foodland@timecosmos,SMB,SBM9070790,1,62382913234,CNB,YES0937992,2,92198351381
TX,U2,abc8da05bc366fac1dd74bbd,093437624083,Z7,090224,215224,53462,,1,1,0,YOM,0,Lora.Schaefer20@icici,YJU,5411,finopay.bulkstore@timecosmos,SMB,SBM6106024,1,70894105272,YOM,BOB6286923,2,76590305798
TX,U2,a5e677fb8d43c4ab995df878,980041233532,Z9,090224,180856,98343,,1,1,0,IIB,0,Thurman.Bartell59@okhdfcbank,IIB,4814,jiopay.broadband@timecosmos,SMB,SBM0937591,1,19680250803,SBI,HDF5666779,2,50079080621
TX,U2,be2ffe25ba05da8b8a94f545,211837685182,00,090224,155359,54309,,1,1,0,SIB,0,Augustus.Kreiger20@okaxis,KVB,4814,jiopay.wireless@timecosmos,SMB,SBM8602648,1,47916379947,SIB,INB0865095,2,84188565678
TX,U2,3c9fbd4cea6b6fa4a3baf8eb,996852473077,Z9,090224,194055,11425,,1,1,0,IPB,0,Noble.Muller@abfspay,IDB,4814,jiopay.mobile@timecosmos,SMB,SBM2311121,1,75484184524,BOM,BOM4322709,2,37582382770
TX,U2,a8d4d2ac65cf3351c8877f7b,195642608386,RB,090224,045527,73228,,1,1,0,APP,0,Rafael_Breitenberg@ybl,UCO,5816,airpay.drone@timecosmos,SMB,SBM9497558,1,69192229420,PNB,IPB2416116,2,31284825056
TX,U2,ef236f3de5ba51ba0571f408,192644136061,0,090224,084645,38779,,1,1,0,MBK,0,Mateo99@abfspay,IDC,4814,jiopay.broadband@timecosmos,SMB,SBM7885452,1,92609308455,BDN,BOB6219511,2,67084456342
TX,U2,c6bfcf2df1271c131ccf30ce,176788903759,00,090224,140103,3058,,1,1,0,GTI,0,Kenny9@yesg,KVB,5411,finopay.marketplace@timecosmos,SMB,SBM6917015,1,53408490557,AXB,INB1395713,2,79438907651
TX,U2,a0db19bdcd37852bac6d3eed,903923128730,00,090224,191044,80812,,1,1,0,YOM,0,Korey59@okhdfcbank,ICI,5411,finopay.town@timecosmos,SMB,SBM5239862,1,69738397003,APP,IDC6300657,2,67655077501
TX,U2,55edfdf8eab378a96e1d93f4,260885364117,Z9,090224,143855,42609,,1,1,0,AXB,0,Laisha_Mante50@timecosmos,BOM,5814,razorpay.salad@timecosmos,SMB,SBM0910369,1,55353689886,GTI,ARL7173403,2,78613873437
TX,U2,1985bfdcd5a6aa5a0b5cd946,681436351974,Z7,090224,051831,55427,,1,1,0,BOM,0,Jodie_Hills@yapl,HDF,5816,airpay.scooter@timecosmos,SMB,SBM5102353,1,88893183732,BOM,BOM0656750,2,56825703362
TX,U2,aab45907ab36bf9fca76d6bb,835272548420,Z7,090224,063339,76943,,1,1,0,IPB,0,Reva_Gutmann@rapl,YES,5814,razorpay.steak@timecosmos,SMB,SBM5970521,1,85722128597,FIB,GTI2708320,2,38940080937
TX,U2,e7decceb9d938dec7b0562d7,325386699345,Z9,090224,113759,15161,,1,1,0,IPB,0,Riley48@ybl,ARL,4722,tripay.globetrot@timecosmos,SMB,SBM9184111,1,76660982075,BOI,ICI4736607,2,43564851452
TX,U2,79cc2e027c45bcd6c4daccc1,209821418883,RB,090224,232330,26225,,1,1,0,CBI,0,Shannon_Wilkinson@axisb,IDB,4814,jiopay.data@timecosmos,SMB,SBM4893602,1,60378964190,IIB,BOM9021000,2,30948683332
TX,U2,310efaca9a7af54ca7cddca5,367608317907,Z9,090224,074855,50706,,1,1,0,IIB,0,Laurie91@yesg,IOB,5411,finopay.bulkstore@timecosmos,SMB,SBM3356027,1,00389290080,YES,GTI8515501,2,16569288038
TX,U2,f21bee43efbcf53d1eadb3ca,172160866145,RB,090224,094443,7757,,1,1,0,BOM,0,Caroline.Balistreri@abfspay,BOM,5816,airpay.robot@timecosmos,SMB,SBM9554836,1,52073571649,YES,CBI6328537,2,14837992584
TX,U2,e2cdedba635c3e3c1df4ad89,926606721848,00,090224,095951,2608,,1,1,0,BDN,0,Kamryn47@fkaxis,APP,4722,tripay.getaway@timecosmos,SMB,SBM7129719,1,01322156308,BDN,KTP8931786,2,23613198919
TX,U2,cbfadd363f77d8c4f4de7ae3,883046570773,Z7,090224,083713,62909,,1,1,0,BOM,0,Erik_Hills@ybl,APP,4722,tripay.tour@timecosmos,SMB,SBM0514616,1,37109668969,YES,YJU5067876,2,24614641166
TX,U2,caabd433ba0b65a164ad10bb,485607013140,Z7,090224,221120,80513,,1,1,0,IIB,0,Rudolph.Hammes52@okhdfcbank,KTP,5816,airpay.boat@timecosmos,SMB,SBM7326201,1,47290432571,BOM,IOB0480082,2,08400608674
TX,U2,beaa9de804ad35df5aea1674,850504863542,Z9,090224,113058,17779,,1,1,0,BOM,0,Oma51@axl,AXB,5411,finopay.bulkstore@timecosmos,SMB,SBM8184317,1,33361506505,IDB,KMB2057119,2,15970191397
TX,U2,cdc7dabbe7b56c538f24eb4d,679279216652,RB,090224,221550,96488,,1,1,0,GTI,0,Jeromy.Wilderman74@ybl,IPB,4814,jiopay.broadband@timecosmos,SMB,SBM3901597,1,94784673340,BDN,ARL9527430,2,87600313106
TX,U2,2e3dfde2f13b0dfc2e1ef4ca,759356841589,0,090224,120757,20478,,1,1,0,KTP,0,Connor_Fahey34@oksbi,BDN,4722,tripay.adventure@timecosmos,SMB,SBM3073157,1,46404513321,KTP,UCO3182630,2,03742892635
TX,U2,362666ac0b61cf9f8adfb3cb,063119758404,00,090224,182920,16807,,1,1,0,INB,0,Derick.Gerhold@icici,YBS,5411,finopay.freshmart@timecosmos,SMB,SBM2262334,1,10943752348,APP,AXB7182601,2,59702304642
TX,U2,e04aab023a90c6e96c3dddae,597300860557,Z7,090224,051622,87373,,1,1,0,AXB,0,Garrett.Gleason18@timecosmos,YES,5816,airpay.scooter@timecosmos,SMB,SBM0402286,1,83870518261,BOI,FIB6830524,2,13823996827
TX,U2,3bf7a3e8a51240aeb74fcad2,326047561592,0,090224,111911,43377,,1,1,0,IIB,0,Alan.Schmidt71@abfspay,INB,4722,tripay.tour@timecosmos,SMB,SBM8235036,1,89195310835,IDC,UOB5726297,2,92112757536
TX,U2,eacedbe8520a3a64cfaa24c4,914323170380,0,090224,130628,54451,,1,1,0,INB,0,Marcia97@timecosmos,BOM,4722,tripay.globetrot@timecosmos,SMB,SBM1466314,1,44371038317,FIB,IDB4755211,2,46086986865
TX,U2,e39ac3cdfe8e7635b3acecfe,335107352149,Z7,090224,020513,49571,,1,1,0,YJU,0,Presley.Kozey91@fkaxis,PNB,4722,tripay.globetrot@timecosmos,SMB,SBM1953295,1,41182527850,BOB,BOM7714456,2,00550088965
TX,U2,613a49dd2499ec59ff8612f9,373090120374,Z9,090224,163319,26611,,1,1,0,KMB,0,Kayli_Welch@idfcbank,KTP,4722,tripay.tour@timecosmos,SMB,SBM5370614,1,50930718034,MBK,BOM5998480,2,94065919332
TX,U2,35ab987bbdc5ccccaca78e0e,846200777566,RB,090224,180419,29810,,1,1,0,SBI,0,Mya31@icici,YJU,5814,razorpay.sushi@timecosmos,SMB,SBM4739654,1,75791209394,ICI,IIB6438806,2,84485201199
TX,U2,ad750cc5b242146aaafe2342,018763405398,Z9,090224,235252,14484,,1,1,0,IPB,0,Troy.Larkin63@axisb,IDB,5816,airpay.submarine@timecosmos,SMB,SBM5584770,1,58340393638,SBI,APP3130051,2,82025242967
TX,U2,a50a079dae24faf7b651afab,756611778452,RB,090224,151926,74679,,1,1,0,UCO,0,Dorris.Runolfsdottir39@abfspay,GTI,5411,finopay.greenbasket@timecosmos,SMB,SBM5229012,1,83857891776,SIB,MBK9300703,2,01596826522
TX,U2,040dfc3ce44b32c0aeb6ce40,836631981017,Z9,090224,063439,64824,,1,1,0,BOB,0,Shanna.Klein@abfspay,APP,5816,airpay.boat@timecosmos,SMB,SBM5350098,1,48150524766,KVB,BOI8207816,2,73831297849
TX,U2,f7e5dad3cedfdbbfaec9acd1,424869131674,Z7,090224,113847,41170,,1,1,0,ICI,0,Dominique_OConner37@okhdfcbank,UCO,4722,tripay.globetrot@timecosmos,SMB,SBM6086539,1,88589819615,CNB,YJU1358064,2,92657632745
TX,U2,7cd829bbf22bb54fc3326bba,908531010518,RB,090224,205750,11815,,1,1,0,CNB,0,Kendra62@timecosmos,APP,4722,tripay.explore@timecosmos,SMB,SBM0702935,1,22250620542,YES,KTP9962749,2,77250295378
TX,U2,eaf7bde7413df4cccc1de1cf,757778159281,Z7,090224,163321,88900,,1,1,0,BOB,0,Jerrell_Cummerata7@apl,BOM,4814,jiopay.mobile@timecosmos,SMB,SBM0016880,1,64400700375,IOB,BOI5486679,2,70271909690
TX,U2,6f4f7b2c97d415a15ae5adfc,733761425553,Z7,090224,000231,61107,,1,1,0,IPB,0,Alessandra_Auer@apl,IIB,5814,razorpay.tacos@timecosmos,SMB,SBM6737517,1,22857022121,AXB,YES6007528,2,95607531346
TX,U2,4ca9ddecb52caaf5eac0dcb7,237974956132,0,090224,065109,10020,,1,1,0,MBK,0,Carson.Grimes59@okhdfcbank,HDF,4814,jiopay.cable@timecosmos,SMB,SBM6980670,1,91824375262,IIB,IDC9297162,2,97375384467
TX,U2,f10d13fffec03fb1c4aad6b5,104241979823,RB,090224,212212,51106,,1,1,0,HDF,0,Marjolaine_Mayert26@axl,BOB,4814,jiopay.mobile@timecosmos,SMB,SBM0670833,1,51989152863,IIB,CNB8818311,2,76224154733
TX,U2,c4ff8ae8db13ed3b2cdbfc4c,810116625854,00,090224,142903,89924,,1,1,0,ARL,0,Leanne.Cummings16@okicici,YES,5411,finopay.marketplace@timecosmos,SMB,SBM1399152,1,06017423875,ICI,IPB1855003,2,71197898358
TX,U2,ea5ec5411aa8abbaa344d61b,444302411553,Z7,090224,173719,94814,,1,1,0,AXB,0,Emiliano66@okhdfcbank,YOM,5411,finopay.town@timecosmos,SMB,SBM3053436,1,22247941282,KTP,KVB6385026,2,96807128839
TX,U2,aaf3c64dba065e3551f9d5b8,011297854803,RB,090224,101138,59036,,1,1,0,IOB,0,Corrine70@rapl,YBS,4814,jiopay.cable@timecosmos,SMB,SBM9229153,1,96048408872,IDB,KMB4214453,2,99837765165
TX,U2,3e8da34a1dbdf2ebeed8bdde,285827640609,RB,090224,100204,37758,,1,1,0,ARL,0,Filomena.Bartell29@icici,MBK,5411,finopay.timecosmosrite@timecosmos,SMB,SBM8546634,1,55359643133,UCO,HDF7540594,2,62333986404
TX,U2,db17ea4ae768b57a668cd5da,106804118457,RB,090224,074052,76935,,1,1,0,IIB,0,Amber.Collier@oksbi,SBI,4722,tripay.getaway@timecosmos,SMB,SBM7269993,1,18091220960,ARL,INB2858056,2,27011059878
TX,U2,8594309bd37c3caf87f2ae3f,212523526495,Z9,090224,060452,56194,,1,1,0,BOM,0,Matt_Jaskolski66@yesg,YJU,4814,jiopay.fiber@timecosmos,SMB,SBM1019774,1,79376412737,BDN,KTP6508219,2,03308837691
TX,U2,8da3aaac37b7631aaed93d65,252646697691,RB,090224,224054,79827,,1,1,0,FBL,0,Eleanora45@apl,UOB,5411,finopay.dailygrocer@timecosmos,SMB,SBM3181282,1,93184235011,CNB,GTI8928631,2,28458299282
TX,U2,82c7311bf439ee689f94cc54,984759717071,00,090224,175443,60262,,1,1,0,FIB,0,Mia78@abfspay,ICI,4814,jiopay.convergence@timecosmos,SMB,SBM8952035,1,10053118467,PNB,UOB2204100,2,65928773203
TX,U2,7f8a8f1cf8fef8ffaf3aca5c,271772025050,Z7,090224,060829,26623,,1,1,0,SIB,0,Edwin_Ullrich@yapl,PNB,5816,airpay.bike@timecosmos,SMB,SBM8033049,1,61905645507,UCO,IOB1288553,2,30999552217
TX,U2,09d901c85cf8e6afe2c631de,234868265396,Z9,090224,122315,91591,,1,1,0,IIB,0,Wilhelm.Leannon@abfspay,BOB,5814,razorpay.vegetarian@timecosmos,SMB,SBM5001497,1,31099433024,PNB,APP8880699,2,01388853963
TX,U2,8e73ab7abad9baa55d4506ef,957913198737,Z7,090224,151324,82291,,1,1,0,AXB,0,Victoria.Sporer@fkaxis,HDF,5814,razorpay.soup@timecosmos,SMB,SBM0744309,1,93947717377,IDB,IPB3124615,2,01680986471
TX,U2,27d5f6e4243ca25eff60f0fe,206777415893,Z9,090224,112626,23088,,1,1,0,BDN,0,Vada71@idfcbank,YOM,5816,airpay.drone@timecosmos,SMB,SBM0222739,1,84959167692,AXB,BOB8748778,2,91773552636
TX,U2,28a5ffd3b48e9ab10e04cded,051645820951,Z9,090224,122317,48762,,1,1,0,CBI,0,Fabian_Considine60@icici,CNB,4814,jiopay.mobile@timecosmos,SMB,SBM0402802,1,39403514954,APP,SBI0188343,2,67863350954
TX,U2,44d24100759e24cba9b8ffac,154650629801,00,090224,083636,85912,,1,1,0,YBS,0,Tracy.Feeney31@axisb,ICI,5411,finopay.freshmart@timecosmos,SMB,SBM5696892,1,26355248979,YJU,UOB1154210,2,26622901985
TX,U2,bbeefdea1dae701bb53fd3ce,272464786654,0,090224,222539,49858,,1,1,0,FIB,0,Torrey_Dooley12@oksbi,SBI,4814,jiopay.mobile@timecosmos,SMB,SBM0717445,1,92856828057,HDF,BOB0157220,2,46582085230
TX,U2,1ebfbde1d75afb01b7fbaeb0,282554983398,Z7,090224,220631,16930,,1,1,0,UCO,0,Davin.Walker@oksbi,CBI,4814,jiopay.data@timecosmos,SMB,SBM2572102,1,41937799474,FBL,ARL6438854,2,39713202526
TX,U2,5d67749d2b73b279b1fbf2be,804370796496,00,090224,220113,69018,,1,1,0,YBS,0,Wilton74@axisb,FBL,5814,razorpay.pasta@timecosmos,SMB,SBM0413634,1,43707148507,YES,BOI0502207,2,34953366800
TX,U2,76c3fadc22ad1e8b48b22ef2,778231291534,Z9,090224,054611,46430,,1,1,0,SIB,0,Romaine_Mueller96@idfcbank,BDN,4722,tripay.globetrot@timecosmos,SMB,SBM5257092,1,36989225173,GTI,KTP8343041,2,18656842507
TX,U2,15ef4c6e1f902b9fd5b8c0bf,029951748272,00,090224,060831,54231,,1,1,0,CBI,0,Roma_Rau19@ybl,BOM,5814,razorpay.sushi@timecosmos,SMB,SBM2765992,1,30708657425,BDN,PNB8566626,2,75575852823
TX,U2,e20fff19806c71af0deddffe,773984808014,Z7,090224,120657,27951,,1,1,0,ICI,0,Vilma69@abfspay,HDF,5411,finopay.foodland@timecosmos,SMB,SBM2637837,1,57062327306,ARL,HDF2305623,2,40186737985
TX,U2,60cd83a864e340c9ffd2dc7c,284509164577,00,090224,135828,71122,,1,1,0,UOB,0,Frederik_Daugherty75@ybl,APP,5814,razorpay.soup@timecosmos,SMB,SBM2145817,1,55733735979,IDC,SIB3862058,2,11156892821
TX,U2,a9ac867ddcb1fa6dcbeb8bd2,862503333315,RB,090224,030659,10258,,1,1,0,SBI,0,Beaulah_Mueller@paytm,BOI,4722,tripay.tour@timecosmos,SMB,SBM0619960,1,55186521908,CNB,HDF3222394,2,57007412340
TX,U2,6ff5defdf1cb1bac511f37db,990986238701,Z9,090224,182043,69502,,1,1,0,IDB,0,Guadalupe_Kerluke-Nitzsche63@paytm,IDC,5814,razorpay.sushi@timecosmos,SMB,SBM4034658,1,29895956465,IDC,BOM4284779,2,16795328319
TX,U2,eeb0bfe4bbcb103bbeceb1c7,776463423381,RB,090224,001909,63191,,1,1,0,SBI,0,Liana_Bernier39@paytm,IPB,5814,razorpay.steak@timecosmos,SMB,SBM6196645,1,04075803561,YBS,GTI8652679,2,99283156869
TX,U2,55afe8cefbdc7fafa1a34836,773153033017,Z9,090224,214653,70441,,1,1,0,CBI,0,Jamel.Feeney@fkaxis,ARL,4814,jiopay.broadband@timecosmos,SMB,SBM1734670,1,34126279907,YES,APP3383239,2,67420753549
TX,U2,926badca89505ef94fb4b5fd,304392074444,00,090224,180504,73307,,1,1,0,ICI,0,Roel_Lind11@timecosmos,BOM,5814,razorpay.vegetarian@timecosmos,SMB,SBM4960520,1,65152649939,UOB,BOI9729427,2,32360198467
TX,U2,faedaf89aac569d1c40cc3b8,319181659151,0,090224,183538,48921,,1,1,0,FIB,0,Jorge_Wolff48@abfspay,APP,5816,airpay.truck@timecosmos,SMB,SBM2381523,1,45053297595,YOM,AXB4210334,2,62994923087
TX,U2,39f9cb63a4fb032ebfebbfca,941445005608,00,090224,135226,53835,,1,1,0,GTI,0,Aurore_Ebert20@yapl,IPB,5411,finopay.foodland@timecosmos,SMB,SBM8098731,1,00335393985,PNB,CNB4979559,2,26030149057
TX,U2,f6eacde29fa67b2de5561de8,935665924024,Z7,090224,184613,19236,,1,1,0,ARL,0,Erick44@ybl,KVB,5816,airpay.airplane@timecosmos,SMB,SBM4535607,1,61891397469,BOM,IIB1016509,2,53833386432
TX,U2,ca9ebdc9e148d1d0adc3208f,476127899080,RB,090224,110926,87539,,1,1,0,KVB,0,Dale43@ybl,CNB,4814,jiopay.fiber@timecosmos,SMB,SBM5909069,1,59289067174,APP,IOB3949610,2,15356883005
TX,U2,f0babcedf47f894e2bc2ddaa,833069462561,RB,090224,181640,1151,,1,1,0,YJU,0,Dudley_Predovic@idfcbank,FBL,5411,finopay.corner@timecosmos,SMB,SBM3666826,1,73464729575,YJU,IPB6478182,2,36675069659
TX,U2,d4a7b09f5deacd2a6a0ebbe4,274180108751,Z9,090224,013530,33409,,1,1,0,ICI,0,Pauline34@abfspay,SBI,5814,razorpay.dessert@timecosmos,SMB,SBM8978296,1,48129533035,IOB,AXB8279878,2,60717820828
TX,U2,94db121ceb527c174ff46ed4,756169809883,Z7,090224,001339,51868,,1,1,0,IDC,0,Hilda0@oksbi,BOM,4814,jiopay.convergence@timecosmos,SMB,SBM2302967,1,71436738553,APP,YBS6581391,2,78683026154
TX,U2,7ebd871eaa551aafcae7f9aa,062690035061,RB,090224,093345,59352,,1,1,0,MBK,0,Haskell27@abfspay,BOB,5814,razorpay.tacos@timecosmos,SMB,SBM0070303,1,96855181385,IDB,YES5835453,2,17862937734
TX,U2,eff1f7e2bfac7b2d4e977cce,784957182691,0,090224,203424,53051,,1,1,0,BDN,0,Merle_Hilll@okhdfcbank,KVB,4722,tripay.globetrot@timecosmos,SMB,SBM7808864,1,90718402120,CNB,IDC5062026,2,22310310954
TX,U2,01c3da51ba8680b0264cd406,821546135287,00,090224,170830,73273,,1,1,0,BOI,0,Daisha.Barton41@abfspay,YBS,5411,finopay.freshmart@timecosmos,SMB,SBM2526138,1,57384263593,APP,KTP3533816,2,99639444014
TX,U2,ac9dcacd4fba0ebe3fd7c8de,060099185067,RB,090224,202949,81045,,1,1,0,BDN,0,Ward_Schulist1@okicici,BDN,5816,airpay.airplane@timecosmos,SMB,SBM5004766,1,10703187333,SIB,GTI3059770,2,04253803777
TX,U2,f624ef828db867ea3269af09,847370705504,00,090224,083530,31091,,1,1,0,AXB,0,Ransom.Klocko49@abfspay,PNB,4722,tripay.escape@timecosmos,SMB,SBM3993331,1,47920714302,HDF,KMB8914314,2,36530132610
TX,U2,9c142e90bba7811d7af29f55,595560534214,Z9,090224,054049,4034,,1,1,0,KTP,0,Mabel.Satterfield@idfcbank,KVB,5814,razorpay.pizza@timecosmos,SMB,SBM9449949,1,46841796016,CBI,IPB9066214,2,55155563684
TX,U2,d8b33c92ac62f8047a758dd5,654680110659,Z9,090224,082933,14758,,1,1,0,CNB,0,Deonte.Fahey75@timecosmos,BOM,5411,finopay.freshmart@timecosmos,SMB,SBM6921429,1,07740165152,BOI,IOB6583098,2,00927663653
TX,U2,2ff325bddae1a7a9f2cb241b,307866987486,00,090224,030001,89536,,1,1,0,YBS,0,Daisha.Connelly84@axl,AXB,4814,jiopay.wireless@timecosmos,SMB,SBM0340363,1,01567620163,YOM,IOB8669841,2,86162216948
TX,U2,6e8d8b9fd43661ad027ed1b7,697626494187,RB,090224,004307,55942,,1,1,0,PNB,0,Myriam.Hartmann@abfspay,IIB,5411,finopay.foodland@timecosmos,SMB,SBM2333709,1,73280383769,BOM,IDC4107051,2,61847196306
TX,U2,b196cdaadffbc0e95bedf98f,287709158513,RB,090224,203543,34954,,1,1,0,CBI,0,Fritz47@oksbi,FBL,4814,jiopay.data@timecosmos,SMB,SBM0734778,1,31841128313,UCO,AXB2518707,2,50599292788
TX,U2,59c7067c9c983f0d14efef3f,395029140730,0,090224,013218,35156,,1,1,0,HDF,0,Charley.Jast@apl,SBI,5411,finopay.marketplace@timecosmos,SMB,SBM6202473,1,37211097538,BOI,BOI6154023,2,55265007538
TX,U2,fe328cbfebeeaa708ab262c0,366747066439,Z7,090224,015116,14601,,1,1,0,MBK,0,Fay_Dicki@fkaxis,IIB,5816,airpay.boat@timecosmos,SMB,SBM8157959,1,34350013261,UCO,SBI6271685,2,37271052717
TX,U2,3c8b30b2ebecbeb8cccccded,642972621327,RB,090224,111557,80974,,1,1,0,IOB,0,Carli_Predovic99@fkaxis,MBK,4722,tripay.globetrot@timecosmos,SMB,SBM0393382,1,21936177285,MBK,AXB0644886,2,54696196869
TX,U2,9b2a8bce407c23bd626cbe2b,884937208748,0,090224,104109,36817,,1,1,0,SBI,0,Maymie_Lindgren@ybl,KTP,5816,airpay.scooter@timecosmos,SMB,SBM6240154,1,13065177035,BOI,UCO8201460,2,33406598604
TX,U2,ab78dbcdf1979adef0f8db49,272442389600,00,090224,161237,21105,,1,1,0,FIB,0,Alexis_Heidenreich@axl,CBI,4722,tripay.wander@timecosmos,SMB,SBM4953553,1,16940501856,PNB,CNB7967263,2,65103510484
TX,U2,2fdae6c553eeddef48a7fa72,816809945175,00,090224,005242,16100,,1,1,0,CBI,0,Kurtis_Hackett@okhdfcbank,CBI,4814,jiopay.convergence@timecosmos,SMB,SBM4012758,1,17773001488,YJU,IDB3836908,2,36027901446
TX,U2,cdfd5a7f2ec86b0156dc2bee,388639520207,00,090224,011132,74533,,1,1,0,ARL,0,Nathen76@okhdfcbank,BOI,4814,jiopay.mobile@timecosmos,SMB,SBM9576438,1,15380215123,YES,BOM2817727,2,19645228519
TX,U2,eeae12d561caccbb88f345c1,243879147265,0,090224,211925,81842,,1,1,0,GTI,0,Camylle_Abernathy80@rapl,IDC,4722,tripay.explore@timecosmos,SMB,SBM4986021,1,16546206494,BDN,MBK7059451,2,45335645335
TX,U2,703ab8cb2a82ddb0c74a7f39,559438740538,00,090224,064421,94400,,1,1,0,IDB,0,Colt.Leuschke79@abfspay,IDB,5816,airpay.helmet@timecosmos,SMB,SBM7289327,1,99974521482,BDN,GTI0465235,2,52709345217
TX,U2,0ea2bcae47af31bddfaa5cfd,118528210684,00,090224,155640,85086,,1,1,0,AXB,0,Antonietta_Thompson@okhdfcbank,GTI,5816,airpay.scooter@timecosmos,SMB,SBM4767496,1,55979119336,SBI,IOB8260780,2,10111447269
TX,U2,8eb11b074d2dda37b2d81d7b,964490398568,Z7,090224,185956,70326,,1,1,0,IIB,0,Shirley_Ledner@axisb,IDB,5411,finopay.marketplace@timecosmos,SMB,SBM4309640,1,95229173231,IOB,UCO3265844,2,24587434319
TX,U2,77fb0ec76ce8a66fce4d77fb,137270823334,0,090224,111247,51294,,1,1,0,BOM,0,Golda_Mann@paytm,IOB,5816,airpay.scooter@timecosmos,SMB,SBM0018148,1,74004277506,SIB,YES6289448,2,89070581696
TX,U2,faaa52204d6eae87eeeeaf2d,773512131948,Z9,090224,212353,52608,,1,1,0,CNB,0,Derrick_Zemlak@okaxis,PNB,5816,airpay.drone@timecosmos,SMB,SBM0811859,1,73671894695,BOI,BOB4751695,2,96972622751
TX,U2,b3cbdd3b9b68d5ca0c7a0b6a,104710937603,RB,090224,131719,11442,,1,1,0,BOM,0,Kailyn83@axisb,FBL,4722,tripay.tour@timecosmos,SMB,SBM6649655,1,02253541487,AXB,GTI4495264,2,93491400259
TX,U2,f79bcdc6339dae21edcc9aa1,457917466508,Z7,090224,011238,60984,,1,1,0,IDB,0,Magnus_Hansen@okaxis,SBI,5816,airpay.robot@timecosmos,SMB,SBM9550796,1,24038314367,INB,KTP4203002,2,52543104796
TX,U2,fd6cbbda89378fee3554deda,520330034806,Z7,090224,132418,6679,,1,1,0,SIB,0,Kiara.Padberg68@oksbi,KMB,4722,tripay.tour@timecosmos,SMB,SBM2503702,1,67983101544,BOM,AXB8405425,2,96051780185
TX,U2,4b6f38b66301fefd6d1e0eff,443910825965,Z9,090224,000403,32791,,1,1,0,ARL,0,Tobin.Bechtelar57@axisb,IOB,5814,razorpay.dessert@timecosmos,SMB,SBM7606821,1,80034007955,YES,YJU8424202,2,25224937515
TX,U2,96b0a3a7ed5be8b431344829,968052116561,0,090224,165450,10853,,1,1,0,CNB,0,Erich_Kuhic-Walsh57@idfcbank,KTP,5814,razorpay.vegetarian@timecosmos,SMB,SBM6496165,1,66774164907,SIB,SIB5988998,2,52516208939
TX,U2,7ae3bc7712dbccc656be3be9,998787905461,0,090224,232648,99256,,1,1,0,YOM,0,Flavio16@yapl,MBK,5411,finopay.organic@timecosmos,SMB,SBM4555164,1,03029956481,IOB,KTP9929521,2,94810421015
TX,U2,6d122ed2e79c4f3a0b909a2d,845921907600,RB,090224,023325,91574,,1,1,0,MBK,0,Sonya80@abfspay,ARL,5816,airpay.car@timecosmos,SMB,SBM0761653,1,73409887402,IDB,CBI4765769,2,66974817885
TX,U2,fadfb71c948ace333e342eb4,855555549487,RB,090224,051210,42614,,1,1,0,IOB,0,Melvin_Pfeffer-DAmore63@okaxis,HDF,5814,razorpay.soup@timecosmos,SMB,SBM0481905,1,53416365328,CBI,MBK7975127,2,37351886345
TX,U2,e3909bde9ed3e61c24e8db0e,259575718210,RB,090224,223002,77961,,1,1,0,IDC,0,Gia_Ziemann@axl,CNB,4814,jiopay.data@timecosmos,SMB,SBM5518508,1,75317250220,BOM,FBL9702060,2,96693469929
TX,U2,a01dd76ff7eed7a1a68ffc16,068840139065,Z7,090224,171951,39519,,1,1,0,CNB,0,Earlene.Terry91@abfspay,BDN,5411,finopay.freshmart@timecosmos,SMB,SBM0707562,1,11375955976,FBL,APP4124620,2,00818813865
TX,U2,480d8c85e6de6cf77b62f899,872328613212,0,090224,111021,70734,,1,1,0,ICI,0,Evelyn_Gerhold@okicici,MBK,5814,razorpay.soup@timecosmos,SMB,SBM8034926,1,99664933906,ICI,KTP5491167,2,90003796022
TX,U2,9e2dcdadbae7daefa9bfb85e,265687656093,RB,090224,235949,45165,,1,1,0,FBL,0,Carmen_Lakin56@apl,FBL,5814,razorpay.sushi@timecosmos,SMB,SBM0702936,1,85347535985,SIB,KMB0615769,2,33057604609
TX,U2,f4f3af53cec69ebee0eeadfa,916053297354,Z7,090224,084703,16873,,1,1,0,GTI,0,Esteban.McKenzie@yapl,FIB,5816,airpay.submarine@timecosmos,SMB,SBM9551554,1,90605202252,SBI,UCO7682804,2,51959819813
TX,U2,efb3b0ec9b5eb5ae321fbbec,364833918887,Z7,090224,044407,71290,,1,1,0,HDF,0,Norberto26@axisb,KTP,5816,airpay.drone@timecosmos,SMB,SBM1158738,1,79625709420,SIB,UOB2122892,2,81156888811
TX,U2,eaa43fda45aeae46ac5fad1b,316698861242,00,090224,091926,19704,,1,1,0,YOM,0,Marian.Wilderman-Goldner75@okicici,FIB,5814,razorpay.salad@timecosmos,SMB,SBM2719567,1,53882045797,YJU,BOM7556036,2,80998694375
TX,U2,bae87ed769ac9369bf5bac87,959333626034,Z9,090224,185713,35713,,1,1,0,ICI,0,Maritza_Keeling75@ybl,YJU,4722,tripay.tour@timecosmos,SMB,SBM9063336,1,67482729259,BOM,SBI3129830,2,16527952620
TX,U2,eb25fce0fa8979694ab8573e,339761873881,00,090224,185136,38609,,1,1,0,GTI,0,Liliana_Larson-Brakus@timecosmos,GTI,4722,tripay.vacation@timecosmos,SMB,SBM8844681,1,89197495650,APP,KMB8861091,2,39220479544
TX,U2,6fb1739dc4118eeced2ccbf3,242562915152,00,090224,180719,47153,,1,1,0,MBK,0,Lexi20@timecosmos,BOM,5814,razorpay.pizza@timecosmos,SMB,SBM8190341,1,39404773389,FBL,BOM4650538,2,97931437978
TX,U2,c2e6aebdbc34d02a707ae8b2,563646550988,Z7,090224,110129,19122,,1,1,0,PNB,0,Skylar_Medhurst84@apl,YJU,5814,razorpay.pasta@timecosmos,SMB,SBM5095192,1,28514961673,IPB,AXB6142373,2,80507382640
TX,U2,baac1a4cc2fa0299cbc8b8ab,476321332983,00,090224,021017,41958,,1,1,0,IIB,0,Elyse35@timecosmos,SBI,5816,airpay.airplane@timecosmos,SMB,SBM1817102,1,13918988516,BDN,YES0036798,2,64171424298
TX,U2,9f8dc71afb83b4ea6a7bca0b,355059027846,0,090224,071040,16702,,1,1,0,BOB,0,Angela.Harris@okicici,KVB,4814,jiopay.mobile@timecosmos,SMB,SBM4290527,1,44470220469,UOB,YJU8607193,2,85917307916
TX,U2,679bbaebdb6be4a9f651dc7a,084541875003,Z9,090224,030416,1284,,1,1,0,CNB,0,Aliya27@apl,YBS,4814,jiopay.internet@timecosmos,SMB,SBM3240434,1,66623568811,YOM,UOB5375156,2,26337006688
TX,U2,fd2f3a1feb5cb324aecfefc8,054349157054,RB,090224,112322,26157,,1,1,0,KMB,0,Fidel.Mayert80@axisb,FIB,5411,finopay.foodland@timecosmos,SMB,SBM6489536,1,56327853128,IDB,IDB6648060,2,36157212657
TX,U2,d39fd0de72bfa29bd037af5c,072095512730,Z7,090224,190548,54620,,1,1,0,BDN,0,Amelie_Bechtelar@oksbi,FBL,4722,tripay.escape@timecosmos,SMB,SBM1337308,1,35579145624,ARL,GTI8556390,2,32378925762
TX,U2,e9a03dfdd72bdbfb25cb897b,303256792180,Z7,090224,210157,56856,,1,1,0,KMB,0,Savanna_Hintz@idfcbank,BOI,5814,razorpay.dessert@timecosmos,SMB,SBM4579580,1,52017720492,GTI,KVB1424166,2,07913582029
TX,U2,8a85dbdacbfdf88ab9e78fc5,449261077853,RB,090224,134918,2843,,1,1,0,SBI,0,Donna90@okicici,SIB,4722,tripay.escape@timecosmos,SMB,SBM9178024,1,08970957980,SBI,CBI3002522,2,67477710193
TX,U2,4aafdf461d0edc752c692dcb,471012990671,Z7,090224,164926,7479,,1,1,0,FBL,0,Brain.Mraz33@okicici,ARL,4722,tripay.globetrot@timecosmos,SMB,SBM5577023,1,62493569862,YES,BOB6180150,2,22213833288
TX,U2,6cbc3cddcbb5ab080475faaa,767757818292,00,090224,085842,6017,,1,1,0,HDF,0,Rickie2@okhdfcbank,BDN,4722,tripay.escape@timecosmos,SMB,SBM2233862,1,37661455297,BDN,CNB7002386,2,89925399406
TX,U2,beb6e451e7d4d0fb94e9a0ba,615168888432,0,090224,104602,11522,,1,1,0,FIB,0,Viviane_Heaney@okicici,KMB,4814,jiopay.broadband@timecosmos,SMB,SBM7065407,1,01753089081,PNB,IPB2963598,2,81469886524
TX,U2,ed9d2b1a298f5940cafa1406,554860152939,Z9,090224,235741,31977,,1,1,0,PNB,0,Eulalia_Olson22@okaxis,CBI,4814,jiopay.data@timecosmos,SMB,SBM4940722,1,44586817342,GTI,IDC4698468,2,02543867273
TX,U2,0e4f4e0c727eceedeeac6f19,736987029801,0,090224,150836,97109,,1,1,0,APP,0,Giuseppe_Kohler@paytm,BOM,4814,jiopay.internet@timecosmos,SMB,SBM8899197,1,45408351834,BDN,BOM6224383,2,89457184347
TX,U2,f9f7830fb654fa7f95bce7ad,869845515784,Z9,090224,193512,16735,,1,1,0,HDF,0,Bo_Ritchie@rapl,AXB,4722,tripay.expedition@timecosmos,SMB,SBM0830176,1,77803554995,YOM,INB0821034,2,78464260808
TX,U2,8e6ed8b68aeaff6fcad9b2db,159046449499,Z9,090224,161433,97755,,1,1,0,IIB,0,Rowan_Koss36@yapl,IDB,4722,tripay.getaway@timecosmos,SMB,SBM1879478,1,92760814462,YBS,AXB6902834,2,59902517681
TX,U2,e4ffd8fde08aadb53fc618c6,833648743915,Z7,090224,233955,40256,,1,1,0,YOM,0,Elda.Ernser@yapl,MBK,4814,jiopay.mobile@timecosmos,SMB,SBM6692989,1,45538392857,GTI,INB3760200,2,77751397455
TX,U2,28fcbeacfa0dc14fbd9befda,264170785669,Z7,090224,040804,55681,,1,1,0,PNB,0,Bo.Lebsack25@okhdfcbank,CNB,4814,jiopay.broadband@timecosmos,SMB,SBM9877656,1,83798087988,MBK,BOM2924558,2,67823697245
TX,U2,09b3ea84cb6c02141bf362c8,088660672721,0,090224,212223,94279,,1,1,0,YOM,0,Evert32@idfcbank,PNB,5816,airpay.submarine@timecosmos,SMB,SBM8982694,1,81824656230,BOM,BOI1797685,2,08064274753
TX,U2,fbcc8ece91ca5c4e55132d94,339794846002,Z9,090224,063454,6538,,1,1,0,YES,0,Marianna68@idfcbank,ARL,5816,airpay.robot@timecosmos,SMB,SBM2236741,1,90080791908,FIB,UCO4202796,2,39098514247
TX,U2,adecea8e9ed8244bd26cde13,256944135984,00,090224,204647,98495,,1,1,0,GTI,0,Roger.Quigley33@ybl,GTI,5814,razorpay.pasta@timecosmos,SMB,SBM7064168,1,46279974270,FBL,HDF3149647,2,00196073021
TX,U2,cf9c89a75c5edbbc3a41fcce,830336712632,Z9,090224,163733,14549,,1,1,0,IPB,0,Kaleb41@okhdfcbank,IIB,4722,tripay.tour@timecosmos,SMB,SBM8415487,1,35370297061,SBI,BOB8017671,2,76987004676
TX,U2,b92a83ec125bed57cdd272e5,362180160171,RB,090224,144930,93844,,1,1,0,CNB,0,Taylor_McDermott@idfcbank,MBK,4814,jiopay.data@timecosmos,SMB,SBM7235757,1,53161738214,AXB,INB6219897,2,51503605341
TX,U2,81ff6ad29abead7bd6bfb18c,411560075558,Z7,090224,152738,61098,,1,1,0,BOI,0,Rene.Funk@apl,IDB,4814,jiopay.data@timecosmos,SMB,SBM7743136,1,54664523358,HDF,SBI9086529,2,13661377971
TX,U2,a8e17eb33df546a3ee4fd4fe,602972770330,00,090224,050120,18833,,1,1,0,IDB,0,Aiyana.Cronin@axisb,BOM,5411,finopay.organic@timecosmos,SMB,SBM6878126,1,67084582865,ICI,CNB7623228,2,12939653756
TX,U2,bfb27c204bf227c2b6050eed,748787880873,Z7,090224,161241,6067,,1,1,0,IOB,0,Macy83@oksbi,BDN,5816,airpay.drone@timecosmos,SMB,SBM2530641,1,19792080512,YOM,ARL2099655,2,43087930556
TX,U2,83b2012b5ddeb0eee69c0f14,679475353950,Z9,090224,161631,76299,,1,1,0,SBI,0,Furman14@ybl,KMB,4722,tripay.getaway@timecosmos,SMB,SBM7045816,1,28837783695,INB,IDC8280876,2,75501402183
TX,U2,54f9704fbe3f1a2f88bc0e35,028146565973,Z9,090224,131152,42697,,1,1,0,IIB,0,Paige_Gleichner@paytm,ICI,5816,airpay.airplane@timecosmos,SMB,SBM7885748,1,20703502823,IDC,IOB9662549,2,54012196333
TX,U2,e6f4da0fa6de0d2dc4ae23eb,445182314907,RB,090224,230801,25842,,1,1,0,PNB,0,Arnold.Kuhn99@rapl,YOM,4814,jiopay.broadband@timecosmos,SMB,SBM5557367,1,58061954387,SIB,KMB9866121,2,87454008554
TX,U2,8152cecbdec3e86fc08ab5ef,899389044940,Z9,090224,001000,54549,,1,1,0,IDB,0,Jerrod_Keebler@fkaxis,GTI,4722,tripay.getaway@timecosmos,SMB,SBM1809581,1,62466312229,YBS,ICI7242131,2,00528443070
TX,U2,f7c5c74d9d15cfb2237fefa5,433583491935,00,090224,082537,37561,,1,1,0,YES,0,Bailey_Vandervort88@rapl,BDN,4814,jiopay.mobile@timecosmos,SMB,SBM0010167,1,80545474976,BOB,SBI3739900,2,37079404521
TX,U2,6ab9a40f014246b8b3d045f4,576217738007,0,090224,071815,63220,,1,1,0,CNB,0,Alvena.Koss@yesg,KMB,5816,airpay.submarine@timecosmos,SMB,SBM0814272,1,22682253694,BOM,CBI9551166,2,44170776157
TX,U2,8aef91eaa7a8fb5cdfae75b4,222467131715,Z7,090224,130604,43713,,1,1,0,YJU,0,Gudrun_Torphy@icici,YES,5814,razorpay.steak@timecosmos,SMB,SBM6954359,1,10755145980,GTI,ICI6863904,2,25524682034
TX,U2,0dc6ea8ffcc1dda065acaf70,893095091148,00,090224,214616,7889,,1,1,0,IOB,0,Ludie.Runolfsson24@ybl,BOM,5816,airpay.drone@timecosmos,SMB,SBM8860570,1,05470325659,YES,SIB1729564,2,81032292224
TX,U2,bc04f9e734c619a5246ebce5,488768504248,RB,090224,021432,20241,,1,1,0,BDN,0,Jake_Mayer@oksbi,ICI,5814,razorpay.burger@timecosmos,SMB,SBM7492604,1,26284969525,KVB,APP6411597,2,77210395908
TX,U2,bc6df6ca341d9cb7daa838ed,418660107794,RB,090224,235415,46999,,1,1,0,IDB,0,Wilma_Schultz-Beahan@oksbi,APP,5814,razorpay.pasta@timecosmos,SMB,SBM6145848,1,61698516982,SIB,YES3219171,2,12728219107
TX,U2,ecde107adaea6213b1f5dbfa,918894529109,Z7,090224,164529,21081,,1,1,0,PNB,0,Assunta_Leannon@rapl,UCO,5816,airpay.truck@timecosmos,SMB,SBM8088149,1,15086036704,MBK,CNB1949125,2,01612777455
TX,U2,b9857e4aaa89baa077ad9fa3,068476840000,Z7,090224,233606,68448,,1,1,0,YJU,0,Karianne82@icici,YJU,5814,razorpay.pizza@timecosmos,SMB,SBM8038750,1,20426051108,BOB,KTP9537144,2,37674059007
TX,U2,b5dfd7e3cba41def81efea8b,623766585547,00,090224,155650,77029,,1,1,0,KMB,0,Emilia1@yesg,YJU,5814,razorpay.tacos@timecosmos,SMB,SBM7778829,1,32204700524,BOI,PNB0822904,2,06318636860
TX,U2,fc7e3d7af415f9d5a0abf88e,390964304200,00,090224,190921,19207,,1,1,0,MBK,0,Gonzalo74@oksbi,HDF,5814,razorpay.pizza@timecosmos,SMB,SBM1631243,1,45281632972,ARL,BOB8567547,2,88149468983
TX,U2,98ca93bcec2f0021ddcab6ba,493314763039,0,090224,030950,80069,,1,1,0,INB,0,Alicia35@apl,AXB,5411,finopay.greenbasket@timecosmos,SMB,SBM7881982,1,86681433528,BOM,FIB2447046,2,91255152122
TX,U2,141fbb1d4bf6a687e4e07ee3,277796149141,Z9,090224,114136,31368,,1,1,0,UOB,0,Desmond.Towne@abfspay,KMB,4814,jiopay.wireless@timecosmos,SMB,SBM0474847,1,55965104573,FBL,ARL8746988,2,83441104120
TX,U2,1338c26203e7a3c20f99e49e,085991475195,Z9,090224,055816,63230,,1,1,0,UOB,0,Aric31@ybl,FBL,5814,razorpay.burger@timecosmos,SMB,SBM7144936,1,14246243985,CBI,CBI9689650,2,18428124390
TX,U2,2dda0408c89058d2267e4c5b,240795980334,RB,090224,110735,53934,,1,1,0,INB,0,Kaylee.Ratke12@okicici,IDC,4814,jiopay.mobile@timecosmos,SMB,SBM4156186,1,90339498877,IIB,FIB9348172,2,60114394650
TX,U2,fdcc759acecd918e02aed0de,339809926770,RB,090224,133119,65509,,1,1,0,PNB,0,Milton52@timecosmos,YBS,5411,finopay.corner@timecosmos,SMB,SBM9373194,1,44865748629,BOM,HDF3048961,2,46769074104
TX,U2,c8f0dceb66b767211af3583b,999210404755,00,090224,100528,84915,,1,1,0,IOB,0,Jayce81@ybl,BOB,4814,jiopay.wireless@timecosmos,SMB,SBM9406344,1,90670816703,HDF,UOB6086518,2,86070401394
TX,U2,23c3af9ade4c93cbc11cc0bd,308097750947,RB,090224,150416,41156,,1,1,0,BDN,0,Ross_Waelchi@ybl,UCO,5814,razorpay.vegetarian@timecosmos,SMB,SBM9149904,1,14151575005,UOB,YOM9834120,2,18471736809
TX,U2,d2a0b81abc7cf04e957f5b54,145772850867,Z7,090224,130346,64976,,1,1,0,GTI,0,Wilfredo_Barton29@abfspay,YJU,4722,tripay.globetrot@timecosmos,SMB,SBM7247966,1,19292317326,HDF,KVB8249906,2,50452354829
TX,U2,e9e6db159cb1ebcab77059f6,650468427886,Z9,090224,140310,60814,,1,1,0,FIB,0,Issac72@ybl,INB,5814,razorpay.soup@timecosmos,SMB,SBM4127538,1,18238877958,YBS,GTI5076568,2,23033386279
TX,U2,e5aafcee9be642113c050beb,351623754043,0,090224,021431,56211,,1,1,0,SIB,0,Kristoffer97@abfspay,IPB,5814,razorpay.burger@timecosmos,SMB,SBM5592490,1,00584547383,BDN,KTP7278112,2,02516612061
TX,U2,f5bfebf4c742daeb8cfdccdb,723104355229,Z7,090224,193524,47645,,1,1,0,SIB,0,Christ_Borer73@fkaxis,CBI,5814,razorpay.salad@timecosmos,SMB,SBM3156930,1,18089792394,IOB,YOM6442406,2,07351420606
TX,U2,cedacf75fa8aba355bad0118,332385555323,00,090224,202501,90596,,1,1,0,SIB,0,Janessa.Pouros@apl,INB,5411,finopay.freshmart@timecosmos,SMB,SBM4917714,1,23927223130,MBK,BOI6544769,2,27322662508
TX,U2,cf89b5c441cafb1b9acce2bf,411060983433,0,090224,103134,66030,,1,1,0,BOI,0,Verner.Hudson@apl,BOI,4814,jiopay.data@timecosmos,SMB,SBM0444867,1,90582820764,BOI,CBI4928809,2,90852313591
TX,U2,955eb7f8cfaebac1ebe712be,775583919720,Z9,090224,235808,58527,,1,1,0,FIB,0,Americo.Simonis@okaxis,YJU,5411,finopay.organic@timecosmos,SMB,SBM6337185,1,14018350114,IDB,YOM2257862,2,11137825414
TX,U2,c4ba13bcd2e68a1f9bcf746a,754075619867,Z7,090224,234147,70373,,1,1,0,UCO,0,Elinore_Kihn67@okicici,AXB,5816,airpay.car@timecosmos,SMB,SBM2823070,1,58297096218,INB,BOM7895731,2,12598197067
TX,U2,f6466093bf11e70adb1db0ff,936893366065,Z9,090224,195737,27483,,1,1,0,AXB,0,Michaela_Wilkinson-Ledner@fkaxis,YBS,5411,finopay.bulkstore@timecosmos,SMB,SBM4647892,1,92143308050,SBI,IDC7508557,2,32225311392
TX,U2,cafa1d007fdbbd20cbc83bc1,734276534236,RB,090224,143437,62188,,1,1,0,KTP,0,Annie_Reichert43@rapl,YES,5816,airpay.bike@timecosmos,SMB,SBM4756057,1,76776429966,PNB,YBS5012734,2,42960308648
TX,U2,099cab92c743bdf064324fda,791756033565,Z7,090224,200051,77160,,1,1,0,MBK,0,Tyrese.Emard46@abfspay,APP,5816,airpay.boat@timecosmos,SMB,SBM0592871,1,94379670021,YBS,UCO9021505,2,03758288811
TX,U2,ffe9664ccfc2a24acdbd2fea,580536078171,Z7,090224,103050,87047,,1,1,0,ARL,0,Hazle.Walker54@paytm,CNB,5411,finopay.dailygrocer@timecosmos,SMB,SBM7994142,1,17126942136,FBL,MBK3731982,2,29481780986
TX,U2,76fcb6f5f8f32da5bfd8a03c,092561996813,0,090224,074121,50303,,1,1,0,BOM,0,Marty49@apl,YES,4814,jiopay.data@timecosmos,SMB,SBM3867902,1,10030375721,INB,INB6657695,2,33582766108
TX,U2,7fbc1f32cef9c40fbcee7c99,252153180986,Z7,090224,115929,93211,,1,1,0,YJU,0,Horacio.Hilpert14@okhdfcbank,KTP,4814,jiopay.convergence@timecosmos,SMB,SBM0149134,1,80145794883,AXB,BOB9187205,2,85852953570
TX,U2,ef81f20b87fbdcebdbfd6713,177234929184,00,090224,040905,84298,,1,1,0,ARL,0,Sanford.Mante94@icici,UCO,5411,finopay.dailygrocer@timecosmos,SMB,SBM9635797,1,99903704960,YBS,AXB9860438,2,86104394926
TX,U2,a3174acdab0713cf4abe00ad,850681152418,RB,090224,101917,98060,,1,1,0,YOM,0,Marquis.Volkman-Franey@ybl,GTI,4722,tripay.expedition@timecosmos,SMB,SBM3702798,1,23756573116,FIB,INB2388037,2,74896948298
TX,U2,cb7ecddbe150f01f5a33fc9b,496634254271,0,090224,001054,34369,,1,1,0,IDC,0,Teresa_Gottlieb21@fkaxis,IDC,4814,jiopay.satellite@timecosmos,SMB,SBM4002397,1,37921885000,BOI,ARL1840344,2,02997551414
TX,U2,a9dccd5b58eff0f26dd9a790,501825177087,Z7,090224,172035,28498,,1,1,0,UCO,0,Lisandro81@yesg,GTI,4722,tripay.wander@timecosmos,SMB,SBM7701106,1,97494053065,KTP,APP1301943,2,95003742652
TX,U2,8360b6bbbc72f2df5cb2eee2,258270667422,Z7,090224,182104,22196,,1,1,0,YJU,0,Dillan.Kozey26@paytm,SBI,5411,finopay.town@timecosmos,SMB,SBM5055190,1,45835824993,BOM,SBI2772930,2,08031419326
TX,U2,caff829d0ad0abe3baaff7fc,747883198639,Z9,090224,121218,1727,,1,1,0,PNB,0,Gerry.Considine72@ybl,PNB,5814,razorpay.dessert@timecosmos,SMB,SBM2257888,1,96902821934,YJU,YJU3152271,2,39159672514
TX,U2,8b5c2cc26dfebae7bd7eedba,849481059975,0,090224,001829,16287,,1,1,0,UOB,0,Isabelle_Morar@apl,GTI,5816,airpay.car@timecosmos,SMB,SBM0223443,1,97170361527,MBK,INB9627938,2,94074082131
TX,U2,ead5ae7ad68afe272fbe1cd3,621313249203,00,090224,085905,31950,,1,1,0,GTI,0,Easter.Predovic47@yapl,FBL,4814,jiopay.mobile@timecosmos,SMB,SBM5017329,1,88681491918,CBI,HDF5418301,2,88677788746
TX,U2,172aa29f3962b51dd5abdf32,551261262703,RB,090224,110157,86922,,1,1,0,BOM,0,Maud_DuBuque25@okaxis,KVB,4814,jiopay.satellite@timecosmos,SMB,SBM9483596,1,80066374904,UOB,BDN0567783,2,37699083451
TX,U2,fdbbef1e799a8997a5eb7180,187389969033,Z7,090224,140634,55486,,1,1,0,IOB,0,Jennifer_Johnson@axl,YBS,4814,jiopay.broadband@timecosmos,SMB,SBM8929312,1,26367817066,KVB,SBI8037277,2,76075285448
TX,U2,f3da0f167efbd99cf3bcd379,324951430117,00,090224,200216,87931,,1,1,0,IDC,0,Caleigh.Roob74@fkaxis,KTP,4722,tripay.expedition@timecosmos,SMB,SBM3428615,1,16662648959,IIB,CNB2460541,2,96874403059
TX,U2,6d772845b546c00eb409b3ea,029147384061,Z9,090224,203547,66848,,1,1,0,KVB,0,Gordon41@okicici,YOM,5411,finopay.organic@timecosmos,SMB,SBM1213755,1,78769388494,ICI,AXB0775035,2,26132044492
TX,U2,56c70ded8d197bab6cda7e4a,720317535978,Z7,090224,131543,98142,,1,1,0,KVB,0,Cleveland_Price-Harvey31@okaxis,UOB,5814,razorpay.sushi@timecosmos,SMB,SBM7826997,1,37173812357,IPB,YBS0082348,2,77304812748
TX,U2,f97e402b7cfa0a1efe200f1f,547118364104,0,090224,081503,83126,,1,1,0,ARL,0,Dock_Sawayn13@abfspay,KMB,5816,airpay.airplane@timecosmos,SMB,SBM3829171,1,94274157822,BOM,YJU1496605,2,42115665232
TX,U2,f1a9e1e26b7ec4b6194ce6ec,300778762636,00,090224,195648,72096,,1,1,0,ICI,0,Janelle64@rapl,KMB,5411,finopay.town@timecosmos,SMB,SBM9189715,1,90256728795,ARL,MBK7988980,2,54982407319
TX,U2,e104adaabfddb2c33ff0af5f,388787784328,Z7,090224,155024,4163,,1,1,0,ICI,0,Eleanora.MacGyver8@apl,IDC,5814,razorpay.dessert@timecosmos,SMB,SBM5918073,1,44167234293,INB,BOI3191181,2,81965794755
TX,U2,eb8e8d5f23ce1c9cba10f9cb,088438188104,Z9,090224,072613,88276,,1,1,0,BOI,0,Brisa_Feeney55@fkaxis,BOM,4814,jiopay.satellite@timecosmos,SMB,SBM2092587,1,88569439846,YES,IDB7869180,2,53641460157
TX,U2,57fa0bca26766533aa23d71b,627274957936,RB,090224,064650,97396,,1,1,0,BOB,0,Alivia_Bergnaum@axisb,YBS,4814,jiopay.convergence@timecosmos,SMB,SBM9877252,1,67149967224,IOB,SBI2557077,2,09784431454
TX,U2,aa7d144ef9e72ee5620ea1cc,108726967671,00,090224,020342,79158,,1,1,0,APP,0,Nola.Herzog89@timecosmos,YOM,4722,tripay.wander@timecosmos,SMB,SBM7791954,1,70792305441,IDB,BDN7928309,2,90212701341
TX,U2,fbd2eedbf475caf5c84c9021,403339613394,00,090224,210207,3247,,1,1,0,APP,0,Helen.Tremblay@paytm,MBK,5816,airpay.robot@timecosmos,SMB,SBM9433723,1,95701630657,FIB,IPB1378879,2,15268353536
TX,U2,f3a39b9d5187b681a889c376,412023335302,Z7,090224,142028,29977,,1,1,0,BOB,0,Felicia.Dooley79@yesg,BDN,4722,tripay.escape@timecosmos,SMB,SBM7130366,1,77664117609,IPB,AXB3400797,2,05138887982
TX,U2,77fffcf7ec4a94bda2afb13c,712885027971,Z9,090224,195000,60773,,1,1,0,BDN,0,Mariam.Gulgowski43@yapl,GTI,5816,airpay.car@timecosmos,SMB,SBM8653266,1,57561535258,IDB,MBK1955037,2,74829665949
TX,U2,d093ba2bc02d2e8370aff1dd,765724899476,RB,090224,191628,66790,,1,1,0,YOM,0,Candace_Emard@idfcbank,FIB,5814,razorpay.tacos@timecosmos,SMB,SBM2326005,1,38452402883,IIB,BOB3893081,2,73489923975
TX,U2,ad512dddca7d056b2f2bfd1a,476417265460,RB,090224,101214,5613,,1,1,0,YBS,0,Kenny_Bartell@yapl,KTP,4814,jiopay.internet@timecosmos,SMB,SBM8896684,1,52007065655,BOM,AXB9577843,2,53250492635
TX,U2,bb31ea92dfd20d50c94f9e04,869271083137,00,090224,172123,4998,,1,1,0,IDC,0,Harley89@okhdfcbank,UOB,4722,tripay.expedition@timecosmos,SMB,SBM4391476,1,57646987726,IIB,HDF0914111,2,20554221387
TX,U2,0126ba64604087a7c55e0f96,041003175073,Z7,090224,081242,28578,,1,1,0,YJU,0,Vicky.Jakubowski@rapl,MBK,4814,jiopay.internet@timecosmos,SMB,SBM5679733,1,60564014231,AXB,APP5558941,2,27236131077
TX,U2,e678e30eecf39d29fe4c58b8,596220628542,0,090224,233629,11091,,1,1,0,BDN,0,Ezekiel_Kulas@timecosmos,ICI,5816,airpay.car@timecosmos,SMB,SBM7261705,1,73633034208,KVB,BDN0363359,2,35261293545
TX,U2,d1bf58ed9fdae5068beddb90,719227925229,RB,090224,010311,67762,,1,1,0,KVB,0,Marisol.Rolfson49@idfcbank,IDC,5411,finopay.greenbasket@timecosmos,SMB,SBM8413472,1,80887876916,FBL,IIB7898259,2,36205851153
TX,U2,0b8a42f3cd6cf9dc1cc990bd,261289209443,RB,090224,034237,854,,1,1,0,UCO,0,Brooklyn.Cassin88@fkaxis,YBS,4814,jiopay.fiber@timecosmos,SMB,SBM7039196,1,59113602814,IDC,KTP2296346,2,14369908010
TX,U2,c4fc472ec3ff2cb946dce0ce,651291136581,Z9,090224,170114,21262,,1,1,0,FIB,0,Demetris_Hyatt@apl,YJU,4814,jiopay.mobile@timecosmos,SMB,SBM1898241,1,41739948792,INB,YOM5112879,2,02896122194
TX,U2,4f0de4edc6fe9faf2fcf6e2f,272252454979,RB,090224,201652,27368,,1,1,0,KTP,0,Obie_Koch90@yapl,FBL,4814,jiopay.data@timecosmos,SMB,SBM8831827,1,80353643999,AXB,UCO3054426,2,60902887822
TX,U2,aa6c6e9234eca17effdd6afa,396452014796,RB,090224,072917,30209,,1,1,0,PNB,0,Rhea6@icici,SIB,5411,finopay.marketplace@timecosmos,SMB,SBM4187341,1,19810845958,FBL,IDC5588322,2,12656714028
TX,U2,ca0d45bc44b1fe38ddbc0d57,389434767663,Z7,090224,171553,96322,,1,1,0,PNB,0,Teresa_Hackett@yesg,UOB,5411,finopay.dailygrocer@timecosmos,SMB,SBM6814834,1,71085085370,GTI,FIB3459728,2,28146650597
TX,U2,06c8f6b516dd82913b4ecb0a,417063632077,Z7,090224,105157,12202,,1,1,0,BOI,0,Icie.McLaughlin30@paytm,IPB,4814,jiopay.satellite@timecosmos,SMB,SBM8207914,1,95291959954,KTP,KTP7918436,2,62073149600
TX,U2,e142b63fdbba7a98fd9bf35e,436232855991,RB,090224,165949,44156,,1,1,0,CNB,0,Celestino_King@okaxis,YJU,5816,airpay.car@timecosmos,SMB,SBM4772657,1,24506764838,FIB,IDB1572083,2,33522855140
TX,U2,0a2fce4e4e7d0f3bbd2ddeed,961522980263,00,090224,235953,8751,,1,1,0,HDF,0,Tara_Reichert@abfspay,FIB,5411,finopay.town@timecosmos,SMB,SBM7422543,1,14397415794,IDB,CNB5918028,2,41002759408
TX,U2,9793d0019f597a676de3e2b0,960650193102,0,090224,075550,36846,,1,1,0,IDB,0,Brandon_Howell@yapl,INB,4722,tripay.destinations@timecosmos,SMB,SBM4763047,1,89796261675,KVB,SIB4623600,2,39545138104
TX,U2,4e8a43fac26e5ca99d4792c2,893217877853,00,090224,220359,78479,,1,1,0,INB,0,Adella.Rohan@axisb,ICI,5411,finopay.marketplace@timecosmos,SMB,SBM8593052,1,24252546445,IIB,ICI3344529,2,94054850015
TX,U2,d0015b0774dd01a3f07c0709,617563226518,Z9,090224,095723,69175,,1,1,0,HDF,0,Marlon.Luettgen36@apl,IPB,5411,finopay.greenbasket@timecosmos,SMB,SBM4951628,1,35592030591,UOB,YJU9316934,2,77698347198
TX,U2,1bbf3797ef5f2d2fde45c98b,524396799930,0,090224,165946,91831,,1,1,0,BOM,0,Whitney.Rolfson@icici,IDC,5411,finopay.freshmart@timecosmos,SMB,SBM0791846,1,53582416063,KTP,YBS2141098,2,38247816142
TX,U2,0beea287b3bceccbbb366005,741332224167,Z7,090224,032758,16671,,1,1,0,BOM,0,Darion3@oksbi,IDC,4722,tripay.adventure@timecosmos,SMB,SBM8549176,1,31851741432,HDF,APP8640599,2,41177780897
TX,U2,7b7fadbcbeddb2d2361dfa6d,281569725605,Z9,090224,210003,86287,,1,1,0,UOB,0,Sister_Considine77@oksbi,SBI,4722,tripay.explore@timecosmos,SMB,SBM2385017,1,20958810985,CBI,BDN8388433,2,44400563521
TX,U2,44b34a010f45ce56bfb799e5,722809292644,Z7,090224,165125,86538,,1,1,0,UCO,0,Jaleel.Jacobson22@timecosmos,KVB,5411,finopay.timecosmosrite@timecosmos,SMB,SBM2488676,1,60139969262,CNB,FIB5587160,2,74696856860
TX,U2,bb60c99c6896ea2252190e4e,451751810816,RB,090224,142657,22545,,1,1,0,FBL,0,Asia.Mayert@ybl,BOM,5814,razorpay.tacos@timecosmos,SMB,SBM8962424,1,26487454238,AXB,BOM1351520,2,24307091089
TX,U2,bedc9f1e817651d2abf9efdd,320849908214,RB,090224,202919,81471,,1,1,0,YOM,0,Sasha_Runolfsdottir@timecosmos,BDN,5411,finopay.bulkstore@timecosmos,SMB,SBM4055092,1,28957645240,YBS,BOM7831358,2,98943705769
TX,U2,8cb5972670cb7ed70e4ee1ee,144624325504,RB,090224,203425,59683,,1,1,0,FBL,0,Kamren.Welch@abfspay,SIB,4814,jiopay.broadband@timecosmos,SMB,SBM3510019,1,72461653829,PNB,CBI2602699,2,10882486813
TX,U2,1fdfcab4cea46adf2dcb38c2,521995905729,0,090224,014642,43062,,1,1,0,IOB,0,Jacinthe83@paytm,KTP,4722,tripay.destinations@timecosmos,SMB,SBM6951776,1,46102569590,UOB,FIB4231078,2,62400841892
TX,U2,e2daef29f11150faceb49bbd,620796471577,Z7,090224,233842,79773,,1,1,0,BOI,0,Willie96@apl,UOB,5411,finopay.corner@timecosmos,SMB,SBM7275878,1,37047469844,CBI,KVB4239004,2,10664269640
TX,U2,dcf2cb0a61f852a2eec73298,401892443313,00,090224,015748,50180,,1,1,0,GTI,0,Cecelia73@okaxis,YES,5411,finopay.timecosmosrite@timecosmos,SMB,SBM9351091,1,36306068641,KVB,MBK6168735,2,54278707351
TX,U2,7664eeecac05de6940e2fd19,217678766302,0,090224,043143,35513,,1,1,0,INB,0,Frieda93@abfspay,FIB,5816,airpay.bike@timecosmos,SMB,SBM8409734,1,41919454855,YOM,YBS8318894,2,31301547220
TX,U2,f0ce971eee0c1deeeb1b893c,447016668693,0,090224,040311,68686,,1,1,0,MBK,0,Matteo.Witting@axl,CBI,5411,finopay.town@timecosmos,SMB,SBM1475915,1,97681587532,YBS,MBK5493222,2,85801713229
TX,U2,0e4ece67baffea4012b41b93,744435095563,Z9,090224,083412,58412,,1,1,0,IIB,0,Mina.Quitzon@okicici,BOM,5411,finopay.corner@timecosmos,SMB,SBM1311786,1,92017631928,FBL,YBS1759792,2,40893809996
TX,U2,ba41efa6eee31f295cbbcc40,184111223669,0,090224,094309,65110,,1,1,0,IDC,0,Jackeline.Zboncak@yesg,BOM,5816,airpay.helmet@timecosmos,SMB,SBM3809300,1,43723470300,FBL,IDB3046757,2,51652341104
TX,U2,1bbca95e263e0ecc5dbcefad,197530447346,Z7,090224,183747,63542,,1,1,0,UCO,0,Coy88@rapl,KMB,5816,airpay.drone@timecosmos,SMB,SBM6036893,1,28123297487,IDB,IOB2560859,2,31716041329
TX,U2,ce49c67237ea76d52fdf1e6c,593931957156,00,090224,060329,36363,,1,1,0,IIB,0,Janiya_Koss70@paytm,UOB,4814,jiopay.cable@timecosmos,SMB,SBM1077623,1,48409742550,MBK,ARL6852496,2,55772691551
TX,U2,fbe8d6d2ec3e4d8ba9ee43c7,928572156041,00,090224,154813,83100,,1,1,0,BOI,0,Mittie.Doyle31@rapl,UOB,4722,tripay.escape@timecosmos,SMB,SBM1740178,1,22125849045,ARL,BOI4621657,2,48801552685
TX,U2,f9ecd1ab3fe3dab8fff5ed6c,815852628636,RB,090224,171217,78408,,1,1,0,INB,0,Dortha_Wolf28@axisb,BOM,4814,jiopay.data@timecosmos,SMB,SBM1314878,1,60458492424,APP,FIB4452760,2,94872185325
TX,U2,d3a1bac2c9fac3eec62b7046,587365514040,0,090224,203649,28916,,1,1,0,IDC,0,Lizzie50@idfcbank,KVB,4814,jiopay.voip@timecosmos,SMB,SBM0860022,1,49354501496,KVB,BOB7003717,2,13305459554
TX,U2,2ecdceeb0f9fb74ee910a633,618458478239,Z9,090224,130341,46620,,1,1,0,IDB,0,Mable11@rapl,KTP,4722,tripay.wander@timecosmos,SMB,SBM3312208,1,82691482903,YBS,MBK3947858,2,92320561106
TX,U2,2dfeadc58addbe24cdba36fc,747191214946,Z7,090224,022836,76361,,1,1,0,UOB,0,Morton.Murphy95@okicici,IDB,5816,airpay.car@timecosmos,SMB,SBM4872147,1,69897345178,CNB,PNB6079176,2,20756402899
TX,U2,23be0ea3aa6ada3b54ad7d1f,258760263742,RB,090224,050301,38015,,1,1,0,UOB,0,Brandy.Homenick@idfcbank,BOM,5816,airpay.robot@timecosmos,SMB,SBM9528271,1,57155551665,IPB,BDN4024637,2,86907815033
TX,U2,6d4eb5811cab088312bbc437,197305961669,00,090224,084944,10850,,1,1,0,KTP,0,Rosalind_Erdman99@icici,IDC,5814,razorpay.dessert@timecosmos,SMB,SBM1078744,1,92335949865,BOM,MBK6757071,2,00661032956
TX,U2,2c66dd39b2f7c17c3a2e5c69,667235701478,0,090224,183056,2151,,1,1,0,INB,0,Jace.Gislason@abfspay,YBS,5411,finopay.foodland@timecosmos,SMB,SBM0461756,1,47232382726,BOI,ARL0075707,2,09037286551
TX,U2,4b75c2ec3edda63f6bc2a030,636567757451,RB,090224,015332,68546,,1,1,0,PNB,0,Tristin34@oksbi,PNB,4814,jiopay.convergence@timecosmos,SMB,SBM0790674,1,79326219782,INB,BDN6873207,2,62199164206
TX,U2,e7b742d2ba5c9641e3aadaad,305299434849,0,090224,141142,53876,,1,1,0,SBI,0,Tristian24@timecosmos,MBK,5816,airpay.robot@timecosmos,SMB,SBM7638566,1,82620781474,YBS,PNB2132864,2,58458588031
TX,U2,bfb0155fbfb8583bfebbdf2a,999013265955,Z9,090224,173414,96832,,1,1,0,IDC,0,Emelie_Hyatt11@ybl,HDF,5814,razorpay.steak@timecosmos,SMB,SBM7198941,1,19826993201,CNB,CBI3519837,2,00019599582
TX,U2,a4ca0f19fbad8addc12d4fbd,621516373644,00,090224,103628,81917,,1,1,0,AXB,0,Odell.Dibbert@rapl,BDN,5411,finopay.bulkstore@timecosmos,SMB,SBM4369213,1,93754576155,IIB,CNB1593597,2,86734528980
TX,U2,55a148c1a604b3c83ea9ba99,885097158557,00,090224,165809,74270,,1,1,0,YJU,0,Maude.Zieme-Windler@okicici,FIB,5814,razorpay.burger@timecosmos,SMB,SBM9876705,1,28656604373,IDC,IDB1614721,2,37964475074
TX,U2,650ab39c79e4d3c2a5cf7c16,881333368906,Z7,090224,002315,10347,,1,1,0,HDF,0,Jacey.Bins24@apl,GTI,5816,airpay.scooter@timecosmos,SMB,SBM8002494,1,80330883747,IOB,IPB7059497,2,48912745689
TX,U2,2efe746dff671aafce98affb,652919010266,00,090224,115235,89128,,1,1,0,BOM,0,Adonis.Hills@yesg,YJU,4814,jiopay.cable@timecosmos,SMB,SBM9441103,1,03402346768,YOM,SBI7602965,2,61258960399
TX,U2,b420f6a31a2d9adc9f32f4df,523416948261,Z9,090224,151823,65354,,1,1,0,BOM,0,Marianna9@oksbi,FBL,5814,razorpay.sushi@timecosmos,SMB,SBM3997554,1,80186597352,BOM,KMB8184576,2,45671133930
TX,U2,7efbdb3cd8cb3afcbd2fce7a,297622148528,00,090224,091602,75228,,1,1,0,GTI,0,Myra_Russel@fkaxis,YBS,4722,tripay.vacation@timecosmos,SMB,SBM9915166,1,35376159864,SIB,BOB4105470,2,16154950619
TX,U2,c99c40ac8ed45fcab6dae776,706569051329,Z9,090224,024556,43586,,1,1,0,FBL,0,Marcellus18@okaxis,BOB,5816,airpay.boat@timecosmos,SMB,SBM5934457,1,97000535291,MBK,BDN2510526,2,71004536843
TX,U2,c5425aafcda82c3790faacad,322412616089,Z7,090224,183112,88631,,1,1,0,BOI,0,Kyle_Kessler94@apl,KMB,4814,jiopay.broadband@timecosmos,SMB,SBM6490333,1,93241026386,CNB,ARL5210141,2,41328801327
TX,U2,c4e7cfface95a5ab0eef8dd0,641109002849,0,090224,092302,42222,,1,1,0,BOM,0,Malinda61@idfcbank,BOM,5411,finopay.freshmart@timecosmos,SMB,SBM4299800,1,89984531425,BOI,FBL9311865,2,31336978775
TX,U2,a3dd772305077dae1c36373b,825617380443,Z9,090224,195125,36662,,1,1,0,YJU,0,Jasmin20@abfspay,IPB,5814,razorpay.burger@timecosmos,SMB,SBM0910669,1,87000834307,PNB,YBS0484752,2,43062871455
TX,U2,cbf61ea5f8b043a133cb2b43,044317743030,RB,090224,050647,96482,,1,1,0,CBI,0,Candelario17@okhdfcbank,GTI,5411,finopay.bulkstore@timecosmos,SMB,SBM5777163,1,35958471166,IDB,BOI7212577,2,45649047886
TX,U2,dfdc31a05abd8685aa7ce4fe,669870549044,00,090224,085506,21034,,1,1,0,KVB,0,Alessia13@okicici,IDC,5814,razorpay.salad@timecosmos,SMB,SBM4609413,1,29328525955,KVB,IDB2298351,2,08978826651
TX,U2,effbef24ad5c0fdfaf4a3c96,742330364769,0,090224,222103,55027,,1,1,0,ARL,0,Susana_OConnell72@okicici,CNB,5816,airpay.truck@timecosmos,SMB,SBM3253859,1,37533392753,BOM,BDN9517144,2,76187444875
TX,U2,fcccbd297e76cddcdae2eed3,322050633918,Z9,090224,071745,96481,,1,1,0,UOB,0,Charley.Sporer-Corwin74@paytm,ICI,4814,jiopay.fiber@timecosmos,SMB,SBM0103096,1,52142353932,YBS,AXB8452023,2,23994722290
TX,U2,401ebd3eee89bbd8649bdfcd,661440783927,Z9,090224,133321,28747,,1,1,0,YJU,0,Roselyn73@apl,IPB,4722,tripay.getaway@timecosmos,SMB,SBM9840159,1,74823308586,YOM,YBS5448663,2,77235315600
TX,U2,aef9f5ebda027ed1b83c57da,768929752076,Z7,090224,004944,45347,,1,1,0,IIB,0,Citlalli_Cremin-Feest@abfspay,SIB,5411,finopay.organic@timecosmos,SMB,SBM8823775,1,81513134834,MBK,BOM6586501,2,27005808698
TX,U2,d4cd3ae39d8629c4b2df6daa,153191357163,00,090224,141732,24711,,1,1,0,MBK,0,Clifford16@ybl,IDB,5814,razorpay.pasta@timecosmos,SMB,SBM7792173,1,70370895797,KMB,IIB7958701,2,49401337852
TX,U2,8cb76fcccbbecaec417c2b1f,048983323462,00,090224,010256,39660,,1,1,0,INB,0,Lelia.Deckow94@rapl,SIB,5814,razorpay.salad@timecosmos,SMB,SBM7076444,1,10145775700,IIB,FIB5658445,2,22413480382
TX,U2,ae50b5c41aabf5fff04b5ca7,656080275714,Z7,090224,080609,55292,,1,1,0,AXB,0,Lelah_Schneider@okhdfcbank,CNB,5814,razorpay.tacos@timecosmos,SMB,SBM5355763,1,01089130815,IDB,FIB2174391,2,20319134533
TX,U2,6bc94f0dbea4d6de0ac9f5ad,859235268165,00,090224,092634,52913,,1,1,0,KMB,0,Maddison22@yapl,YBS,5411,finopay.greenbasket@timecosmos,SMB,SBM0380176,1,54796264315,BOM,GTI4187416,2,66047917755
TX,U2,869b92bfd563c950dbfdca9f,954959546777,RB,090224,221731,31743,,1,1,0,UCO,0,Antoinette86@rapl,KVB,5814,razorpay.steak@timecosmos,SMB,SBM3618046,1,03945988162,HDF,YES3606046,2,75144074298
TX,U2,20fecf9c96cfdfbc34a07ddc,386577494025,RB,090224,100316,62485,,1,1,0,GTI,0,Breanna87@apl,ICI,5411,finopay.greenbasket@timecosmos,SMB,SBM2985435,1,90384477883,BOI,IDB5835135,2,07600109232
TX,U2,1195311e5dbddaa5aa51b101,995185644733,Z9,090224,061639,42803,,1,1,0,SBI,0,Emily.Effertz5@okhdfcbank,CBI,4814,jiopay.mobile@timecosmos,SMB,SBM8655841,1,09317506374,YBS,APP3417239,2,12353648257
TX,U2,afdb9ed5c51c5712fa280f33,151706485413,0,090224,184354,29521,,1,1,0,SIB,0,Tyreek.McLaughlin73@fkaxis,MBK,5814,razorpay.soup@timecosmos,SMB,SBM5565123,1,45233668281,UOB,BOM5775728,2,70495971514
TX,U2,5ba4de7b3804faccbce9f03c,132026212939,RB,090224,152841,4534,,1,1,0,KMB,0,Percy_Flatley@oksbi,MBK,5816,airpay.boat@timecosmos,SMB,SBM8015278,1,17479104918,UCO,BOM6793880,2,72611272917
TX,U2,ed425e4fd8e6f1cd79a139da,295770728090,00,090224,053738,71703,,1,1,0,CNB,0,Cristal.Mann@fkaxis,UOB,5816,airpay.truck@timecosmos,SMB,SBM7976184,1,79386652503,UOB,SBI6078403,2,79408497186
TX,U2,ba6933bb5cca560b9cdc53fc,788304477669,Z7,090224,002416,19229,,1,1,0,IDC,0,Allan_Erdman39@yesg,CNB,4814,jiopay.voip@timecosmos,SMB,SBM6739325,1,01201584077,AXB,BOI9852440,2,13169528494
TX,U2,4c9be7cdedadf7b7aab4741c,150232992392,00,090224,105741,56443,,1,1,0,FIB,0,Theo_Cremin40@oksbi,CNB,4814,jiopay.internet@timecosmos,SMB,SBM1108567,1,39496606521,PNB,YBS6950158,2,03253363328
TX,U2,eafada373efec78fa9daddcc,320150280148,00,090224,015738,74619,,1,1,0,UOB,0,Brandy.Nienow@paytm,PNB,4722,tripay.expedition@timecosmos,SMB,SBM8867058,1,51904901471,BDN,GTI3609677,2,39556397807
TX,U2,c423fb6abdfbe124bccd737f,639437758728,Z7,090224,084218,15452,,1,1,0,FBL,0,Susanna_Koss@okhdfcbank,YES,5411,finopay.bulkstore@timecosmos,SMB,SBM1879669,1,64267586344,BOM,YES0240780,2,50307864711
TX,U2,08dfbbac62a2c7c58daa139a,618478837057,Z9,090224,013502,66302,,1,1,0,UCO,0,Zion_Harvey61@okaxis,BDN,5411,finopay.marketplace@timecosmos,SMB,SBM8370680,1,05029211524,YBS,PNB8905067,2,22687349351
TX,U2,9dcfe7e0fcecd6eb74f36bec,565980670207,0,090224,161823,42666,,1,1,0,IIB,0,Laron96@axisb,YES,5816,airpay.airplane@timecosmos,SMB,SBM9446987,1,04484824627,YBS,SBI8131407,2,69361722532
TX,U2,ef5fd6b5f6d0cdc0ccebafe4,243650359113,RB,090224,125049,17816,,1,1,0,KMB,0,Isabella66@timecosmos,MBK,5814,razorpay.steak@timecosmos,SMB,SBM8674001,1,66366807968,BOI,YJU7053856,2,11683471614
TX,U2,43709a1ed884366221d0dba5,274396261146,RB,090224,211327,66614,,1,1,0,ARL,0,Elvera.Labadie14@okicici,ARL,4814,jiopay.wireless@timecosmos,SMB,SBM6421407,1,88281191370,AXB,CNB5003558,2,35650872838
TX,U2,6e58a7773ac5ae32befbe3c2,218740215418,Z9,090224,182324,48090,,1,1,0,UCO,0,Rory90@idfcbank,IOB,5816,airpay.airplane@timecosmos,SMB,SBM0644121,1,45898249445,BOM,YOM6831300,2,63524024614
TX,U2,ecdfaf7fda649083adf58db2,293064568820,Z7,090224,152323,80898,,1,1,0,SIB,0,Solon.Botsford-Metz3@paytm,BOI,5411,finopay.organic@timecosmos,SMB,SBM6098087,1,00438273450,SIB,IDB1501293,2,50618774255
TX,U2,1cc4bbc2ebf5e993d2bfcc0c,146123291303,Z7,090224,232859,13316,,1,1,0,ICI,0,Ceasar8@icici,CNB,5814,razorpay.sushi@timecosmos,SMB,SBM3889421,1,39098268350,AXB,SBI0914893,2,06367482102
TX,U2,da9c5a40e9aceb6efd0b8aad,464493793661,Z9,090224,173342,38106,,1,1,0,SBI,0,Jennyfer.Green@timecosmos,BOM,5816,airpay.submarine@timecosmos,SMB,SBM2645416,1,65595123873,IDB,ICI3851039,2,71494235893
TX,U2,d82107aa5dd55f09f455cc34,268359626921,RB,090224,072751,41759,,1,1,0,MBK,0,Noel_Luettgen24@rapl,IPB,5814,razorpay.soup@timecosmos,SMB,SBM4768455,1,02197958437,KVB,HDF4437470,2,81628420808
TX,U2,d2a7bb1a4be1169a3dbed2b0,713407625517,00,090224,051449,89524,,1,1,0,IDB,0,Adrianna_McClure@axisb,SIB,5814,razorpay.salad@timecosmos,SMB,SBM8384295,1,61046577663,BDN,KVB8714903,2,65938167214
TX,U2,e9416a2e524fe0fe0d6bf1f7,075357075550,0,090224,002635,95058,,1,1,0,GTI,0,Ruthe_Denesik22@yapl,GTI,5814,razorpay.sushi@timecosmos,SMB,SBM5961707,1,72035420269,MBK,BDN2340876,2,01296031021
TX,U2,a8cc2cdb0db751b1e5bddabe,181776560102,RB,090224,122622,65667,,1,1,0,HDF,0,Zita_Walsh@paytm,FBL,5411,finopay.corner@timecosmos,SMB,SBM7576093,1,71731464326,YES,CNB0505912,2,30767192168
TX,U2,3c3b1028b9643f932f138f34,430583260653,Z9,090224,081555,1170,,1,1,0,BOB,0,Eladio_Walter58@idfcbank,SBI,5816,airpay.submarine@timecosmos,SMB,SBM0536335,1,75994080798,ARL,BOM6084574,2,20460146401
TX,U2,4bfc5c36cd5b826d7dfe25ff,662994437584,00,090224,083450,25202,,1,1,0,HDF,0,Giovanny52@axisb,IOB,4814,jiopay.mobile@timecosmos,SMB,SBM3139906,1,19950491563,IIB,BDN2201327,2,09184086601
TX,U2,00feaad7ff49dfbb9eebbf3e,472109231901,Z7,090224,144522,55660,,1,1,0,BOB,0,Deon20@paytm,IIB,5411,finopay.marketplace@timecosmos,SMB,SBM3733829,1,05434074065,ARL,UOB3188018,2,26001532684
TX,U2,f66aa948940cdfeabadfd576,366946420990,RB,090224,050322,34821,,1,1,0,BDN,0,Noble.Morissette64@axisb,FIB,4814,jiopay.mobile@timecosmos,SMB,SBM0745547,1,18696064534,IOB,HDF5574455,2,49408941823
TX,U2,e18aacb249c9befe9bb5e442,776354034551,00,090224,085336,69001,,1,1,0,IPB,0,Juston_Barrows@yapl,YES,4814,jiopay.voip@timecosmos,SMB,SBM4881638,1,22335314331,IOB,IDC5045015,2,45768481156
TX,U2,2aa3b0ddaae7e3fc5aaccfda,464629003853,Z7,090224,142301,38006,,1,1,0,PNB,0,Agustina41@okhdfcbank,IIB,5814,razorpay.tacos@timecosmos,SMB,SBM7153157,1,82263350033,ICI,IDC3275942,2,83143493826
TX,U2,dfc7f9a0beab13aa6db2d0da,752545324312,0,090224,201746,62674,,1,1,0,KMB,0,Quinn_Okuneva@rapl,IOB,5411,finopay.greenbasket@timecosmos,SMB,SBM0775937,1,01552559615,CBI,YOM5059672,2,81087236734
