NPCI_TXN_TYPE,NPCI_STATUS,TXNID,RRN,NPCI_CODE,DATE,TIME,AMOUNT,A,B,C,D,PSP,E,PAYER_VPA,F,MCC,PAYEE_VPA,G,H,I,J,K,L,M,N
TX,U2,a557ea7aa2ab950f6ceefbad,770227186487,00,090124,234749,12382,,1,1,0,IPB,0,Torey73@okicici,KTP,4814,jiopay.wireless@timecosmos,SMB,SBM5173030,1,61820738717,IDB,HDF4110198,2,39898850762
TX,U2,6bb2d81bef759e0cfaeed1c6,164088206422,Z7,090124,195101,96115,,1,1,0,ARL,0,Crawford99@fkaxis,UOB,4722,tripay.expedition@timecosmos,SMB,SBM3334011,1,81788485619,IPB,INB0866962,2,06106625909
TX,U2,faff2cb3be43b0dc5f95f70c,232700910755,Z7,090124,130115,4687,,1,1,0,YES,0,Jasen_Cremin5@paytm,FIB,5816,airpay.drone@timecosmos,SMB,SBM4196753,1,38848850582,YOM,PNB1257826,2,31281102405
TX,U2,cf8a45eaafbd3fc255fbeef7,955260763235,Z9,090124,164527,63416,,1,1,0,SBI,0,Tia_Raynor@okicici,IOB,4722,tripay.globetrot@timecosmos,SMB,SBM3142905,1,03922050367,SBI,IIB2013566,2,93447820669
TX,U2,c8865ac3cc9dda4dea1fc2cf,261565798288,RB,090124,215902,92372,,1,1,0,FBL,0,Candice43@abfspay,KTP,5816,airpay.robot@timecosmos,SMB,SBM6538734,1,40452118390,UOB,IOB0866629,2,06240803940
TX,U2,9ef6e8fbbbdf22ae7c61d90d,646985608752,00,090124,200156,93298,,1,1,0,PNB,0,Jamison.Zemlak55@yesg,BOM,4722,tripay.tour@timecosmos,SMB,SBM6527749,1,84149906533,BOM,YOM1858723,2,32877733931
TX,U2,f5f54f210a9dadbe34e9bd04,285147649974,Z9,090124,142700,67109,,1,1,0,INB,0,Laisha85@yesg,CBI,5411,finopay.timecosmosrite@timecosmos,SMB,SBM9372684,1,57064229092,GTI,BOM5331700,2,26364519600
TX,U2,27b6bed39c7b4795494ba683,491771351669,Z9,090124,211334,55072,,1,1,0,BOB,0,Genesis.Nitzsche28@oksbi,HDF,5411,finopay.corner@timecosmos,SMB,SBM4191063,1,95026549174,BOM,YOM4734163,2,42701034653
TX,U2,6447b6efc112e2a929e4d3b3,160862113414,Z7,090124,195700,45503,,1,1,0,BOM,0,Cade_Russel43@axl,AXB,4722,tripay.globetrot@timecosmos,SMB,SBM2839441,1,47957726324,KMB,UOB9673776,2,42712611807
TX,U2,02ca2d6ffabe221cfc29a5f4,101013727771,Z9,090124,051256,6065,,1,1,0,AXB,0,Rosanna_OKeefe32@yapl,KVB,5816,airpay.submarine@timecosmos,SMB,SBM4745062,1,02771178835,YES,MBK3048432,2,23514363193
TX,U2,f405fbda57fade470cb5a304,642991233742,Z9,090124,184701,33599,,1,1,0,MBK,0,Mittie95@icici,IOB,5411,finopay.organic@timecosmos,SMB,SBM5116783,1,68776410643,UOB,SBI1089654,2,49056042796
TX,U2,2ec15fbddca9aeb2c300f8ae,319143486092,Z7,090124,234335,81460,,1,1,0,CNB,0,Evie_Stamm65@paytm,AXB,5411,finopay.bulkstore@timecosmos,SMB,SBM6233291,1,14618307331,APP,BOM8223562,2,91931862306
TX,U2,fc9ecbb328ef3e97bf86c167,055552831706,RB,090124,192933,65956,,1,1,0,ICI,0,Kaia_Raynor20@okhdfcbank,APP,4722,tripay.wander@timecosmos,SMB,SBM8047062,1,77710723372,BDN,AXB5364589,2,49395324757
TX,U2,a3b3aa650473d53eabf9e33f,555683542686,0,090124,062833,65383,,1,1,0,BOM,0,Annetta3@idfcbank,IIB,5814,razorpay.pizza@timecosmos,SMB,SBM7359024,1,15309233431,IOB,ARL2963880,2,03883869734
TX,U2,0866328404dbaa0b5a587f42,886501762216,Z9,090124,162831,65455,,1,1,0,APP,0,Cullen_Haag@yesg,BOB,5814,razorpay.pasta@timecosmos,SMB,SBM5279810,1,04992607856,MBK,MBK2096088,2,92127597814
TX,U2,f47bbd58abdac5da2e2eaedd,081758824520,0,090124,145413,44291,,1,1,0,BOB,0,Neil_Crooks43@timecosmos,UOB,4814,jiopay.internet@timecosmos,SMB,SBM8231505,1,26094833212,CNB,FIB1966756,2,37112547965
TX,U2,40afaf3bade3ef3c2c9fe0d8,305892099032,00,090124,022937,34066,,1,1,0,FIB,0,Abe_Mante0@okaxis,INB,4722,tripay.vacation@timecosmos,SMB,SBM7954646,1,52143861409,ICI,SIB4015114,2,10111176323
TX,U2,51a7e52936eac28c96cb158f,318951389935,0,090124,115939,7940,,1,1,0,SIB,0,Torrey80@axisb,ICI,4722,tripay.escape@timecosmos,SMB,SBM4218513,1,44865190039,FBL,BOB2834495,2,16672615313
TX,U2,b0b695f75cbd6a33eea55bc1,063689511251,0,090124,011447,67405,,1,1,0,FIB,0,Gregoria30@icici,BOB,4814,jiopay.internet@timecosmos,SMB,SBM0313697,1,84010699373,YJU,MBK9782487,2,24851018388
TX,U2,8dffcfb17041e87e736eaf33,866854199751,RB,090124,024032,55943,,1,1,0,PNB,0,Zola_Rohan@fkaxis,IIB,5411,finopay.town@timecosmos,SMB,SBM2855675,1,30236763070,UCO,IDB4675985,2,21466403245
TX,U2,71d1fd7820b7e316b32e8b05,340253892452,00,090124,021235,39444,,1,1,0,ICI,0,Jammie_Cummings-Kovacek92@abfspay,BDN,5814,razorpay.tacos@timecosmos,SMB,SBM8797165,1,52505245874,BOM,YJU6393992,2,04336234060
TX,U2,5b4227d88cada7b4bba4e5d4,741230691433,RB,090124,120606,27548,,1,1,0,ICI,0,Mandy99@oksbi,MBK,4814,jiopay.fiber@timecosmos,SMB,SBM3012698,1,29358383493,MBK,SBI5090753,2,08673234100
TX,U2,2779fbbeb0fe69a689cb67fc,407953780382,0,090124,015756,26274,,1,1,0,BOM,0,Zechariah_Stiedemann@okaxis,CBI,4814,jiopay.broadband@timecosmos,SMB,SBM1958572,1,22172797049,IDB,UCO8108382,2,83316388469
TX,U2,1acd8ad59e60daefcbb971c0,387510944084,RB,090124,050013,4102,,1,1,0,YOM,0,Hallie.Vandervort22@icici,CNB,5816,airpay.bike@timecosmos,SMB,SBM0556369,1,56996170442,IPB,BOI8403923,2,74663529552
TX,U2,62eb9be0c5c1ceea57fdf9ab,385313941392,Z9,090124,022146,15075,,1,1,0,BDN,0,Adelbert.Crona@paytm,BDN,4814,jiopay.wireless@timecosmos,SMB,SBM3768034,1,02912356552,YES,YBS1504231,2,73784898288
TX,U2,e802dd5ae4cafb375adeeccd,141424479781,RB,090124,011959,61737,,1,1,0,ICI,0,Dejuan_Orn@oksbi,YBS,4722,tripay.escape@timecosmos,SMB,SBM0026182,1,70088489579,YBS,SIB2871257,2,18251269294
TX,U2,f6edda1938cb4eebd26d00a7,939242779714,0,090124,201454,69556,,1,1,0,ICI,0,Phoebe6@okhdfcbank,PNB,4722,tripay.vacation@timecosmos,SMB,SBM2165841,1,77527739191,AXB,CNB1233612,2,05427049615
TX,U2,894cb6afcfdf19d860b6d2c5,996398667189,Z9,090124,122013,10908,,1,1,0,YBS,0,Pinkie.Feil@abfspay,MBK,5411,finopay.town@timecosmos,SMB,SBM9767206,1,37713587624,FIB,FBL4721664,2,46484760718
TX,U2,cd5fea73ffcbc98ca869bb7d,310081964795,0,090124,015540,62399,,1,1,0,CNB,0,Lizeth35@rapl,IPB,5814,razorpay.sushi@timecosmos,SMB,SBM5046485,1,92503461247,IPB,ARL3319891,2,71652179215
TX,U2,ab3279b86b87abaca96cd11d,364249103559,Z9,090124,115813,38385,,1,1,0,CNB,0,Torey_Farrell5@yapl,SBI,5814,razorpay.pizza@timecosmos,SMB,SBM9094519,1,55820479677,IIB,AXB7440008,2,94980973378
TX,U2,9bbb533ad69e08fb696a75ad,445989486892,Z7,090124,005632,52114,,1,1,0,YBS,0,Ashlynn.DAmore@idfcbank,KVB,4814,jiopay.mobile@timecosmos,SMB,SBM2953926,1,35053732549,IDC,FIB6012046,2,50842702751
TX,U2,00ab58fcdf7d78a10d601c89,341991912608,RB,090124,185301,91314,,1,1,0,IDC,0,Karianne_Brown@icici,YES,5816,airpay.helmet@timecosmos,SMB,SBM8703481,1,90488713668,CNB,IDB5739659,2,18465107490
TX,U2,668dc5eeeea28eceb8872b0c,028857454000,Z9,090124,235426,50700,,1,1,0,IOB,0,Uriel_Altenwerth-Herman@axisb,CBI,5814,razorpay.vegetarian@timecosmos,SMB,SBM0789298,1,49136837168,IDC,FBL1280317,2,60432813470
TX,U2,5bd29eb8f46eae9ad2d2fbcd,869716328558,00,090124,015856,21215,,1,1,0,SIB,0,Quincy27@abfspay,BOM,4722,tripay.wander@timecosmos,SMB,SBM8162508,1,76423049684,KVB,KMB1332079,2,62387096174
TX,U2,7ccba1f0e7a68ccafffde29b,259407066231,00,090124,065047,45913,,1,1,0,YJU,0,Rhett_Stroman91@fkaxis,IOB,4722,tripay.escape@timecosmos,SMB,SBM2004372,1,45821667301,YJU,FIB4938748,2,09959971302
TX,U2,3ab0cb316fedada9fa0f1d68,962453379738,RB,090124,042748,61606,,1,1,0,FIB,0,Jeramie8@abfspay,IOB,5816,airpay.truck@timecosmos,SMB,SBM1032674,1,24993141208,IOB,KVB3497646,2,07059871895
TX,U2,14fca102a9506d9daf1ae60f,113213057753,Z9,090124,030153,8577,,1,1,0,KTP,0,Cristopher_Swift@okicici,YOM,5814,razorpay.soup@timecosmos,SMB,SBM4821489,1,97430609574,YES,YJU1952121,2,19326543044
TX,U2,d144d3df45358cbcfcefcb6e,072719332860,0,090124,043613,49570,,1,1,0,INB,0,Maximillian.Kreiger@paytm,KMB,5411,finopay.marketplace@timecosmos,SMB,SBM4343734,1,58572595360,ARL,IDC2955301,2,40477848793
TX,U2,d69afb3ac21eeddbec05a27e,795169208851,Z9,090124,121158,19686,,1,1,0,YES,0,Deonte79@paytm,UCO,5814,razorpay.pasta@timecosmos,SMB,SBM5263824,1,32764805783,BOM,BOM3448069,2,77505680777
TX,U2,aa47daceaaa9a57cfc7e4e0d,216616257972,RB,090124,024806,32055,,1,1,0,BDN,0,Coleman.Johns@yesg,AXB,4814,jiopay.cable@timecosmos,SMB,SBM9180356,1,22700177260,AXB,FBL2159992,2,67891886736
TX,U2,80ccbea697c12d8b1703d0e4,418017759120,RB,090124,053401,82202,,1,1,0,SBI,0,Catalina27@okaxis,BOM,4814,jiopay.satellite@timecosmos,SMB,SBM6326034,1,97578683623,BDN,IOB5344450,2,68310608327
TX,U2,7ae2e7ea3d42091fa0b31bdf,747967475235,RB,090124,062544,78522,,1,1,0,SIB,0,Steve.Pollich10@icici,APP,5814,razorpay.pasta@timecosmos,SMB,SBM6472231,1,73905018822,YES,KMB5913255,2,70264329955
TX,U2,9540835c53e2d08c92f6c54b,444673048371,Z9,090124,123156,59320,,1,1,0,IPB,0,Kattie_Corkery13@fkaxis,ARL,5816,airpay.car@timecosmos,SMB,SBM4605639,1,21881664578,UCO,SIB7797968,2,56261855580
TX,U2,50b37eccad0eebf85b9bc87f,049908964106,Z9,090124,183137,36586,,1,1,0,BOI,0,Hanna8@timecosmos,BOM,5411,finopay.bulkstore@timecosmos,SMB,SBM0707782,1,45904844501,PNB,MBK9020097,2,13305171300
TX,U2,db5f2f386dcd9f57f5dde8cc,063776722961,0,090124,112907,58937,,1,1,0,YES,0,Donavon_Hilll53@fkaxis,GTI,4722,tripay.destinations@timecosmos,SMB,SBM6671318,1,33116070476,KVB,UOB9792123,2,91880947410
TX,U2,92ded02bf5b744bedcbfebec,065979758241,RB,090124,044920,11251,,1,1,0,BDN,0,Jacinthe66@paytm,UCO,5816,airpay.helmet@timecosmos,SMB,SBM8569780,1,49236037082,KMB,IPB1297435,2,83705947900
TX,U2,fdcecced7839c83e07fe82a6,819685147034,0,090124,232124,65246,,1,1,0,SBI,0,Maynard_Conn-Waelchi@okhdfcbank,YOM,5411,finopay.timecosmosrite@timecosmos,SMB,SBM5669900,1,28192828074,CNB,GTI0811587,2,70861673528
TX,U2,ed666dcc1ec4335c5cea6eeb,795002666050,0,090124,195513,76847,,1,1,0,SIB,0,Casey_Hills-Armstrong@rapl,BOI,4722,tripay.globetrot@timecosmos,SMB,SBM9087821,1,16812231561,BOI,SIB7819504,2,02943335099
TX,U2,dac5167f25b3ac08dd04c98a,627690578176,RB,090124,174435,33069,,1,1,0,SBI,0,Vesta_Bayer44@okaxis,KMB,4722,tripay.expedition@timecosmos,SMB,SBM5787607,1,13151307985,BOM,SIB5758623,2,56335302969
TX,U2,a081f70bab1d5ffb808fab2f,887786860332,00,090124,060211,85320,,1,1,0,BOM,0,Itzel.Block36@oksbi,PNB,5814,razorpay.soup@timecosmos,SMB,SBM6245686,1,61744651790,CBI,YES4486102,2,90627880531
TX,U2,59935a3f22d4c16aec90f72b,132609317187,RB,090124,171542,32721,,1,1,0,KMB,0,Kole10@okhdfcbank,BOI,5814,razorpay.steak@timecosmos,SMB,SBM1830766,1,46242624517,IIB,ARL2951588,2,18006135574
TX,U2,63de2acb840440da0ebf50ba,519162110175,Z9,090124,165810,63988,,1,1,0,UCO,0,Chelsea.Parker@idfcbank,INB,4722,tripay.adventure@timecosmos,SMB,SBM7532778,1,78052188495,ICI,YES0915503,2,16083414255
TX,U2,bdcc70d5f68caceb2b4527ea,173688310770,0,090124,174604,54882,,1,1,0,ARL,0,Darrin_Hayes@oksbi,ICI,5411,finopay.bulkstore@timecosmos,SMB,SBM1909976,1,78451827161,APP,YOM6594886,2,10966695306
TX,U2,da829115363a091dfbea9f6a,444657763945,RB,090124,104410,71715,,1,1,0,SBI,0,Anita79@fkaxis,ARL,5411,finopay.marketplace@timecosmos,SMB,SBM7093635,1,28703211990,INB,UOB2463534,2,67748481922
TX,U2,48d2fefc79e5bdaccf9ef08e,362471532147,00,090124,144813,36336,,1,1,0,GTI,0,Marques_Keeling11@axisb,SBI,5814,razorpay.pizza@timecosmos,SMB,SBM3092966,1,82258441512,IDB,BOM0112263,2,33015373825
TX,U2,00ec9cf95f5b2eef89eb6ef2,378483333060,Z9,090124,012345,73404,,1,1,0,YJU,0,Alexandrine_OReilly94@timecosmos,CBI,4722,tripay.escape@timecosmos,SMB,SBM4453795,1,74858461153,MBK,PNB0042134,2,88645004301
TX,U2,06daffd0a8ec77a4c51f3bde,413436190075,Z7,090124,102854,24457,,1,1,0,BOM,0,Ole.Spinka25@yesg,IDC,4814,jiopay.internet@timecosmos,SMB,SBM0726661,1,83644389504,KVB,PNB5200814,2,95121943854
TX,U2,eac2b1ddb3cecaeabf5f80f2,672175030581,0,090124,214347,23593,,1,1,0,MBK,0,Vito.Williamson40@idfcbank,HDF,4814,jiopay.cable@timecosmos,SMB,SBM9316748,1,51793054964,UOB,KMB8086204,2,12010085775
TX,U2,1fa427dbdce9c71ccdb4419f,944816209102,0,090124,053432,58574,,1,1,0,IDB,0,Betty23@abfspay,IDB,5814,razorpay.burger@timecosmos,SMB,SBM9139298,1,05626858486,ICI,KTP4161194,2,56967957025
TX,U2,1670c48c72cebe9ee4eb99be,619897282703,Z7,090124,002502,36691,,1,1,0,BOM,0,Sofia.Conroy@rapl,YES,4814,jiopay.cable@timecosmos,SMB,SBM9813033,1,24056087474,BOI,APP2607096,2,16107055754
TX,U2,55c1c8d19e3046cec9923dbf,167155731148,0,090124,010600,66318,,1,1,0,CBI,0,Whitney_Hahn@rapl,YES,4814,jiopay.fiber@timecosmos,SMB,SBM2262930,1,99763090903,ICI,YES7439346,2,08954465587
TX,U2,b2b6a70e453d0ab99a2febae,893961487460,Z9,090124,091535,6942,,1,1,0,FBL,0,Nathen.Gusikowski67@abfspay,MBK,5411,finopay.freshmart@timecosmos,SMB,SBM7677921,1,06943259218,IDC,CNB6964028,2,13481458373
TX,U2,ef56b69ac6cd61f16b2dafe1,163528276076,Z9,090124,165612,21805,,1,1,0,UCO,0,Roy65@abfspay,GTI,4814,jiopay.mobile@timecosmos,SMB,SBM8503954,1,43687510308,SBI,AXB9603187,2,67289323883
TX,U2,69da27bddaab4fb1d7378382,831172380929,0,090124,183806,139,,1,1,0,GTI,0,Megane.Runolfsdottir@okhdfcbank,BOI,5411,finopay.dailygrocer@timecosmos,SMB,SBM1425373,1,53143406794,BOB,BOB1578907,2,99782541147
TX,U2,dc16cdae610240c6e5ddfd3f,634321319296,Z7,090124,220103,34920,,1,1,0,KMB,0,Carol.Turner@axisb,KTP,4814,jiopay.wireless@timecosmos,SMB,SBM1286280,1,61067188484,MBK,KTP4581580,2,78086032703
TX,U2,4bcbf9d0b58dd16d2b7f77fe,656156720436,RB,090124,063201,86595,,1,1,0,ICI,0,Delpha61@paytm,BOM,5814,razorpay.pizza@timecosmos,SMB,SBM9017822,1,52331846779,SBI,UCO0081645,2,14332379567
TX,U2,1c25faaf28a4d4dbc8bfdfca,319899601591,RB,090124,081037,23848,,1,1,0,BDN,0,Shaniya88@apl,IDB,5411,finopay.marketplace@timecosmos,SMB,SBM3266735,1,82227467501,CNB,YOM9524718,2,91284904486
TX,U2,781abbbd186efe5f3a05e00e,179112958115,0,090124,092423,31894,,1,1,0,ARL,0,Vella.Hettinger34@fkaxis,SIB,4814,jiopay.satellite@timecosmos,SMB,SBM9599318,1,34452082473,ARL,YES2069268,2,06411727628
TX,U2,a7f9a85b225d6d9ab51f3c20,210129467521,Z9,090124,095016,21181,,1,1,0,HDF,0,Samir11@okicici,IDB,4722,tripay.destinations@timecosmos,SMB,SBM3421001,1,09854424553,MBK,INB2877623,2,05656506078
TX,U2,6c41fe5d7badd325eaa0db5e,235199877344,00,090124,233043,52606,,1,1,0,ARL,0,Darwin.Langworth@okaxis,ARL,4722,tripay.globetrot@timecosmos,SMB,SBM2226900,1,07829085437,KTP,FIB2055981,2,87158669184
TX,U2,eb7ff9190fabdfe4fadd3b9a,694493421239,Z9,090124,175805,66594,,1,1,0,MBK,0,Eliane90@timecosmos,SBI,5816,airpay.robot@timecosmos,SMB,SBM4804522,1,01105524869,UCO,APP5835421,2,09271624408
TX,U2,7ea84ac506fb6546fcb50b46,785855491764,Z9,090124,221232,27564,,1,1,0,IPB,0,Susanna15@rapl,MBK,4722,tripay.destinations@timecosmos,SMB,SBM3230230,1,84579254003,KTP,PNB1881958,2,64416874695
TX,U2,7d3e6ee7d1bc7bcfa8c96ede,981922205762,RB,090124,035403,1000,,1,1,0,KTP,0,Kailyn_Collier3@apl,FBL,5816,airpay.truck@timecosmos,SMB,SBM6536559,1,56486371569,UOB,BOI6137057,2,04998550848
TX,U2,decbc5cc622319bbcdf6d871,295984039866,0,090124,205348,22270,,1,1,0,YJU,0,Kayleigh_Stanton@yapl,UCO,5411,finopay.greenbasket@timecosmos,SMB,SBM6381635,1,78538959417,BOI,YBS3072950,2,38370352228
TX,U2,7191e4cfd6438d9aefef7dac,952616803342,0,090124,202632,19135,,1,1,0,CNB,0,Elinor_Johns@okhdfcbank,UOB,5814,razorpay.vegetarian@timecosmos,SMB,SBM1826618,1,39602135569,BOB,KVB8955571,2,80966140641
TX,U2,a4dca2b1f64aff64dbbbefd3,520945437033,Z7,090124,225607,76713,,1,1,0,IDC,0,Rosie_Heller@ybl,APP,4722,tripay.globetrot@timecosmos,SMB,SBM6922126,1,81345505177,BDN,BOM4656569,2,71927297518
TX,U2,d4b43fd2c0372a6fe8baeffc,948676699228,Z7,090124,092847,13155,,1,1,0,IPB,0,Alberta_Hagenes@apl,CNB,5411,finopay.foodland@timecosmos,SMB,SBM2851972,1,02145496856,SBI,PNB6514328,2,82589635420
TX,U2,23b8fece53f567cf79cfb088,341245766357,00,090124,200801,95251,,1,1,0,SIB,0,Ryleigh_Macejkovic20@okhdfcbank,BOM,4814,jiopay.cable@timecosmos,SMB,SBM9323987,1,48068088872,BOM,ARL4543136,2,90412216592
TX,U2,628dceca079addb7c1f48aae,824536189778,00,090124,065252,48440,,1,1,0,IOB,0,Odessa.Kuhn23@axl,BOB,5816,airpay.robot@timecosmos,SMB,SBM7147343,1,89039612687,FIB,SIB6878963,2,57941100799
TX,U2,681db36d8af36d32de8eaa10,992452756921,00,090124,064745,23479,,1,1,0,FBL,0,Noemie15@okicici,MBK,5411,finopay.greenbasket@timecosmos,SMB,SBM1678734,1,43821531901,GTI,INB8834957,2,66204360079
TX,U2,a6da333ad19dee90cc14e5f5,065783353803,0,090124,132328,78373,,1,1,0,CNB,0,Nikolas_OKon13@abfspay,KMB,5816,airpay.bike@timecosmos,SMB,SBM2872066,1,99158339386,SIB,SIB6376973,2,62445411520
TX,U2,b5239f299bacafdafe32edca,117799799315,Z7,090124,090831,38008,,1,1,0,FIB,0,Nicholaus.Olson24@fkaxis,APP,5816,airpay.car@timecosmos,SMB,SBM0608543,1,32994910980,IDB,IDC3907127,2,00193050232
TX,U2,a5efff7cbe1af17eeb5a4c9e,276924864171,Z9,090124,114545,76379,,1,1,0,YOM,0,Adolfo.Dach54@okicici,FIB,5814,razorpay.salad@timecosmos,SMB,SBM7228469,1,04712057163,ARL,MBK0247438,2,40522912915
TX,U2,00411b3ed109fa9fea187e22,831445576938,00,090124,101209,69151,,1,1,0,IDC,0,Saul.Tillman@rapl,CBI,4814,jiopay.internet@timecosmos,SMB,SBM5311039,1,80786314796,KTP,YOM3432901,2,29529849593
TX,U2,2cac73d72cb61337fdf2c17a,713815139046,Z7,090124,001507,82179,,1,1,0,ICI,0,Dock.Flatley@abfspay,GTI,4814,jiopay.fiber@timecosmos,SMB,SBM8118862,1,12131803666,IDB,UOB7575799,2,63881712163
TX,U2,a9dede03ffccee1eec2fecee,676130771336,RB,090124,190847,36190,,1,1,0,IPB,0,Johnathan85@axisb,KTP,5411,finopay.freshmart@timecosmos,SMB,SBM8926009,1,24754989904,IOB,BDN1377911,2,03295180262
TX,U2,2bfbc3d4d6cade5abaded1b3,330805996035,Z9,090124,074558,53608,,1,1,0,ICI,0,Maxine_OConner@paytm,YOM,5816,airpay.truck@timecosmos,SMB,SBM6370215,1,63533064196,FIB,ARL1641329,2,73104450308
TX,U2,f5fc5ff7affe6449c9214479,982616733514,Z7,090124,124840,60064,,1,1,0,HDF,0,Niko_Upton@axl,YES,5411,finopay.foodland@timecosmos,SMB,SBM8181655,1,69120631574,AXB,IIB0010890,2,87043978077
TX,U2,bfdfd863ddda25cadc46f36a,826390674989,Z7,090124,002508,43963,,1,1,0,YOM,0,Tyler55@abfspay,UCO,5814,razorpay.salad@timecosmos,SMB,SBM1890502,1,00730778743,FIB,IPB5259376,2,17432799869
TX,U2,097ccf98bd84b6b5f40ddaec,082822267662,Z9,090124,123257,85153,,1,1,0,UCO,0,Ronny73@oksbi,SBI,5411,finopay.greenbasket@timecosmos,SMB,SBM1669087,1,10014769330,IDC,APP7199898,2,17721457603
TX,U2,b9b6e358f0d6bd6ba07ec057,709649416332,0,090124,081814,41917,,1,1,0,GTI,0,Paige.Kub@okhdfcbank,YES,5816,airpay.robot@timecosmos,SMB,SBM7547494,1,88548887219,APP,BOM7090424,2,39535119179
TX,U2,efeb27756bc23f313eabb7a5,949021052431,Z9,090124,133844,85349,,1,1,0,APP,0,Emely.Mohr@idfcbank,ARL,5814,razorpay.vegetarian@timecosmos,SMB,SBM4986433,1,25725875316,KTP,BOI6189039,2,52103522174
TX,U2,4e7eb7826c041c65e9e2f0fe,777591524406,RB,090124,060046,97074,,1,1,0,YJU,0,Jayce.Feeney51@oksbi,APP,5411,finopay.town@timecosmos,SMB,SBM0703486,1,08380742495,KMB,CNB8104051,2,11021179050
TX,U2,46cc356d00e68c4f7affb8ef,822260894897,Z9,090124,123532,5577,,1,1,0,BOI,0,Logan83@apl,YES,5816,airpay.airplane@timecosmos,SMB,SBM1342694,1,14544205713,YJU,KVB6285609,2,30137099814
TX,U2,c28d13d61fafda74bcb68c8b,345195537733,Z7,090124,160920,15164,,1,1,0,UOB,0,Bulah82@axisb,INB,4722,tripay.vacation@timecosmos,SMB,SBM9741035,1,00715165037,MBK,CBI9658118,2,90460928282
TX,U2,84b23b4cbce7aa5ab9e021ad,864397934310,Z9,090124,131443,86081,,1,1,0,BOM,0,Zack.Marquardt@axl,BOB,4814,jiopay.wireless@timecosmos,SMB,SBM3525751,1,82560970007,MBK,PNB8277166,2,74633146488
TX,U2,ae153b8e7b145f648281bbb8,011684202757,00,090124,212131,13916,,1,1,0,HDF,0,Alexanne.Schultz23@axl,UCO,4722,tripay.destinations@timecosmos,SMB,SBM2710903,1,25720072350,IDB,SBI3090352,2,72050449938
TX,U2,6008a3c06bf96c5cadbbd340,166862664452,Z9,090124,224508,27265,,1,1,0,BDN,0,Hailee83@axl,IOB,5814,razorpay.burger@timecosmos,SMB,SBM0542210,1,01254780660,MBK,APP7772831,2,97823564608
TX,U2,e72a628fc6a8abeff6a288db,070252158458,00,090124,094414,38257,,1,1,0,IDB,0,Celia.Beier66@apl,IDB,5411,finopay.freshmart@timecosmos,SMB,SBM7783784,1,12176708420,IOB,IDC6825202,2,89730615476
TX,U2,1cb0ededaae2afe6dc23ba19,753733776488,0,090124,014942,89468,,1,1,0,AXB,0,Richie_Erdman@icici,KMB,5814,razorpay.soup@timecosmos,SMB,SBM7716322,1,54266971929,KMB,PNB6462897,2,99253966917
TX,U2,c5b8e4f0df81d20c80e36fcc,531763756454,0,090124,121953,89406,,1,1,0,KTP,0,Thurman.Hickle25@abfspay,KTP,4814,jiopay.cable@timecosmos,SMB,SBM0212984,1,68131533817,BOI,KTP2731981,2,47210615561
TX,U2,eca3a2f6fbc119b62c216cb3,807288426255,Z9,090124,212534,43545,,1,1,0,SIB,0,Maida_Bartell@axisb,SIB,5816,airpay.boat@timecosmos,SMB,SBM8273809,1,47579954178,CBI,HDF9349274,2,23705833677
TX,U2,7ba2d0fbe48cc7cfd9ee4bba,126756251822,Z9,090124,204428,14748,,1,1,0,YJU,0,Keaton15@yesg,FBL,5411,finopay.marketplace@timecosmos,SMB,SBM0428088,1,99624552397,KVB,YJU5460629,2,27566598454
TX,U2,8d07b8b5cc2d7afbdfeeaef9,402879935975,00,090124,144536,51895,,1,1,0,ARL,0,Vesta.Crona@okaxis,IIB,4814,jiopay.convergence@timecosmos,SMB,SBM1181639,1,71010680886,FBL,YES5099572,2,49442317643
TX,U2,6dce7dfda8b93970ca3eece5,418516924685,RB,090124,025847,96044,,1,1,0,ICI,0,Helene.Labadie@ybl,IDB,4814,jiopay.broadband@timecosmos,SMB,SBM5626295,1,27034737775,FIB,IDC7618620,2,47880520753
TX,U2,acefad4014a31e4f4debef0e,161151586826,RB,090124,151628,63763,,1,1,0,BOM,0,Annette.Parker@apl,YJU,5814,razorpay.dessert@timecosmos,SMB,SBM6842700,1,53007916372,SIB,KTP7995595,2,05805649993
TX,U2,95b128cf0cc75bcbc19eb87d,213136104301,Z9,090124,074054,21255,,1,1,0,IDB,0,Fatima_Fisher53@apl,IPB,4814,jiopay.internet@timecosmos,SMB,SBM6280525,1,32039762723,KMB,IOB5957692,2,57418087647
TX,U2,8cfeba4fb0b2bfe0beffaa80,850021869404,00,090124,031454,70420,,1,1,0,GTI,0,Nola.Nikolaus@rapl,BOI,4814,jiopay.broadband@timecosmos,SMB,SBM8450060,1,50743462219,BOM,KVB7106082,2,95148935884
TX,U2,1e3b8a22ca9ce1cf7fc5b80d,604519331330,00,090124,071413,79306,,1,1,0,INB,0,Hayley80@okaxis,KTP,5816,airpay.drone@timecosmos,SMB,SBM0586663,1,09874173318,MBK,APP5784449,2,82668109170
TX,U2,c22f80f2fc22ffc916e3fc91,134817064338,Z7,090124,204908,56111,,1,1,0,YJU,0,Mortimer.Grant@yesg,IDB,5411,finopay.bulkstore@timecosmos,SMB,SBM7466036,1,80030120878,FBL,CNB9279036,2,30021927428
TX,U2,62b817a1eb92dc1dd442e413,290207472655,Z7,090124,054055,95592,,1,1,0,YES,0,Jennie5@axl,APP,5816,airpay.scooter@timecosmos,SMB,SBM5612819,1,62232120401,IOB,SBI5009895,2,11518214690
TX,U2,ff7dc6777cebea0dc2f16abb,772300430745,0,090124,005303,7158,,1,1,0,SIB,0,Heath_Bosco67@oksbi,YES,5411,finopay.greenbasket@timecosmos,SMB,SBM9964023,1,34097496489,APP,KTP0675329,2,88020918717
TX,U2,03bf2aa6a5eacbbd6d6c717e,574593174347,0,090124,020657,30484,,1,1,0,IPB,0,Kaleb_Macejkovic@fkaxis,ARL,5814,razorpay.tacos@timecosmos,SMB,SBM4662846,1,54361094239,UOB,HDF3797564,2,51347167085
TX,U2,efe0141dfcacea65c60f0d7c,858128242602,0,090124,225910,31723,,1,1,0,SBI,0,Ross.Leuschke-Goldner57@icici,SBI,5814,razorpay.dessert@timecosmos,SMB,SBM3093819,1,80683818246,MBK,BOM7221418,2,34407503100
TX,U2,70b213812bb5bceac6911acb,166678629688,Z7,090124,152402,60143,,1,1,0,IOB,0,Christian71@icici,BOI,5411,finopay.town@timecosmos,SMB,SBM7855203,1,38286235567,AXB,INB2343050,2,18212939317
TX,U2,6ec8bdeda3b88af2ccbd04e4,237916813130,RB,090124,145333,52600,,1,1,0,KVB,0,Bailey56@fkaxis,YOM,4722,tripay.tour@timecosmos,SMB,SBM5865186,1,70973069054,FIB,UCO5833549,2,13886172595
TX,U2,7bae5d5b6f9aa7ad9a2fc42b,286437299281,0,090124,030000,48062,,1,1,0,AXB,0,Dayton.Koss@abfspay,YBS,5814,razorpay.burger@timecosmos,SMB,SBM8254866,1,95578294511,UCO,IIB1133367,2,97309101742
TX,U2,f8efd325ff17b96fc583e17b,279157458347,Z9,090124,140638,2345,,1,1,0,YJU,0,Demarco.Harber24@ybl,BDN,4722,tripay.expedition@timecosmos,SMB,SBM1732922,1,28749404610,IPB,ARL7962038,2,51095382305
TX,U2,77fa7b498e08bfa87ca69b0d,566301852800,0,090124,201517,772,,1,1,0,IDC,0,Chesley.Welch34@axl,FBL,5816,airpay.scooter@timecosmos,SMB,SBM1695284,1,45376824636,AXB,UCO5759404,2,13731560764
TX,U2,53fc7ceae6881bbbf36cb01e,968662048664,0,090124,085923,68457,,1,1,0,YES,0,Shad_Toy56@abfspay,HDF,5816,airpay.airplane@timecosmos,SMB,SBM0646179,1,55238413826,YBS,MBK2581249,2,16555067122
TX,U2,7ef5b03daf06cbec635aafef,071789049675,00,090124,095806,5218,,1,1,0,IDB,0,Everardo.Brakus84@axl,UOB,5411,finopay.foodland@timecosmos,SMB,SBM0987035,1,97828899683,IPB,YJU5348031,2,58658694293
TX,U2,17c6c8fc6f932e3c33bffe36,731645901859,Z9,090124,210839,83005,,1,1,0,AXB,0,Jevon42@oksbi,YBS,5816,airpay.truck@timecosmos,SMB,SBM9523625,1,61306172390,CNB,BOM5557514,2,08989192998
TX,U2,89ce9c450ab7cb7defcc0dcb,466833715753,Z9,090124,050824,24406,,1,1,0,PNB,0,Edmund.McDermott98@rapl,SBI,5816,airpay.submarine@timecosmos,SMB,SBM1040305,1,03228239581,BDN,IIB4827222,2,71686265409
TX,U2,d779ea17e931627edca8a9ed,843433697183,Z7,090124,232637,24246,,1,1,0,IOB,0,Kamren49@okicici,ICI,5816,airpay.submarine@timecosmos,SMB,SBM5532468,1,78000039041,INB,PNB6150635,2,07391057269
TX,U2,8c7ab7a10e045ed449d21564,153125297369,0,090124,011534,69607,,1,1,0,GTI,0,Bertram.Bauch90@fkaxis,UCO,5816,airpay.airplane@timecosmos,SMB,SBM2177620,1,27645802016,FIB,CNB8359569,2,82562784733
TX,U2,295ac6299711a341bfd95fe1,301748925986,0,090124,102738,6041,,1,1,0,CBI,0,Filomena68@ybl,YBS,5411,finopay.organic@timecosmos,SMB,SBM2009663,1,61327608815,IDB,BOM0637526,2,59440130595
TX,U2,73db4ef4c15cc82bccc4c123,031780687813,00,090124,190526,13135,,1,1,0,SIB,0,Margie_Howell@abfspay,ARL,5411,finopay.freshmart@timecosmos,SMB,SBM3684433,1,59309966088,CNB,SBI7598672,2,94251278185
TX,U2,e6cbe4cebdd11cf891e51d41,448659510061,RB,090124,003041,61248,,1,1,0,UCO,0,Maritza_Sauer@idfcbank,UCO,4722,tripay.vacation@timecosmos,SMB,SBM5785975,1,58810118034,YOM,KMB4011636,2,19563881571
TX,U2,ed103663d1ddecdcf1fe3c8a,890932755100,Z7,090124,131642,81235,,1,1,0,IOB,0,Reta_Hudson55@idfcbank,APP,4814,jiopay.data@timecosmos,SMB,SBM0840581,1,82015036999,CNB,KVB2405349,2,60932306104
TX,U2,ead7bf4bc7255d033847ddb6,363262134760,RB,090124,110805,11292,,1,1,0,KMB,0,Lew_Senger@yapl,BOM,5814,razorpay.sushi@timecosmos,SMB,SBM4351768,1,51206633867,BDN,BOI8698090,2,08240650004
TX,U2,bb1eb65ad39ce0a714a51adb,530283186607,Z9,090124,172452,98451,,1,1,0,KMB,0,Leon.Bashirian@okicici,APP,4722,tripay.tour@timecosmos,SMB,SBM2697384,1,42801213867,BOI,YOM9392221,2,32159037211
TX,U2,42291a35ad5ecdecadfe7bfd,334050325294,Z9,090124,184153,42886,,1,1,0,BOM,0,Eric_Baumbach76@rapl,ICI,5816,airpay.bike@timecosmos,SMB,SBM0687547,1,41511094918,BDN,INB8068922,2,51354732912
TX,U2,e2dec44b0b0cf6e3b6dc7ea3,215956748182,RB,090124,125430,97470,,1,1,0,BOI,0,Alvina0@ybl,YOM,5816,airpay.helmet@timecosmos,SMB,SBM7129112,1,70034172290,KVB,BDN9241035,2,19718659794
TX,U2,fba798aa3dec3e0d2905e3ee,397937130005,0,090124,153300,71667,,1,1,0,PNB,0,Rhianna.Hane@abfspay,BOM,5814,razorpay.dessert@timecosmos,SMB,SBM5193992,1,03375038074,YBS,IIB8421102,2,31838882145
TX,U2,743cbd8be6a7fc43161fef46,168862609064,Z7,090124,231552,49772,,1,1,0,ICI,0,Landen_Christiansen2@oksbi,INB,5816,airpay.bike@timecosmos,SMB,SBM1805692,1,88261799710,YOM,FIB2478302,2,52422326730
TX,U2,afcced9c4a2ba8d1ca1ba4ee,905315476317,Z7,090124,214529,86225,,1,1,0,INB,0,Terrill_Sanford60@apl,HDF,4814,jiopay.cable@timecosmos,SMB,SBM4929603,1,17439606213,KTP,GTI7742886,2,25667090957
TX,U2,90d6cfefff57e152e0deca45,954337351059,Z9,090124,022754,65899,,1,1,0,BOI,0,Fredrick_Borer@icici,KVB,4814,jiopay.mobile@timecosmos,SMB,SBM7565024,1,13045343564,PNB,IDB7562992,2,75604220773
TX,U2,14b7d2a410dfbcdcabaafa7d,769937458226,RB,090124,023625,34939,,1,1,0,SBI,0,Eldridge_Conn@rapl,KMB,5816,airpay.robot@timecosmos,SMB,SBM1157615,1,97154022491,CNB,SIB7311846,2,97311462405
TX,U2,1d3efc3b1747e738c658c3b6,727415416598,Z9,090124,210026,24948,,1,1,0,SIB,0,Willy.Gottlieb78@okicici,IDB,5411,finopay.town@timecosmos,SMB,SBM3918553,1,87811331591,FBL,YBS2964865,2,76718601259
TX,U2,aa7c7afccee0debbd469554a,426449005448,00,090124,071326,72531,,1,1,0,CNB,0,Duane_Marks@apl,KTP,4814,jiopay.wireless@timecosmos,SMB,SBM1678366,1,87908049320,YBS,SBI1002915,2,04379887105
TX,U2,8e88abcdbbace41cfbfdf9cb,271180654924,Z7,090124,233129,14492,,1,1,0,BOB,0,Jedidiah75@okaxis,CBI,4722,tripay.expedition@timecosmos,SMB,SBM5408446,1,45262650104,IOB,BOI9156868,2,34274257641
TX,U2,484b13c9bcf6c54aa1dbd3f6,432629271301,Z7,090124,073021,42791,,1,1,0,INB,0,Deven_Wisoky44@yesg,ARL,5411,finopay.organic@timecosmos,SMB,SBM4548592,1,72731882777,GTI,ICI8219574,2,01611048433
TX,U2,cf8c449c82d6beceaf4ed040,453081414352,00,090124,194854,66435,,1,1,0,BOI,0,Jewell.Raynor29@okaxis,ICI,5816,airpay.airplane@timecosmos,SMB,SBM5803370,1,41849740822,MBK,GTI0118977,2,86939871353
TX,U2,c7dddac6533c766cb0074928,802041582353,Z7,090124,123018,18318,,1,1,0,FIB,0,Sydnie.Senger@oksbi,GTI,5814,razorpay.soup@timecosmos,SMB,SBM7546841,1,42394763247,BOI,CNB4793952,2,16047811000
TX,U2,ebae0ba9905f46cbe7dbf5b0,098832631599,Z9,090124,153715,69838,,1,1,0,YBS,0,Amir.Strosin16@fkaxis,BOB,4722,tripay.adventure@timecosmos,SMB,SBM7449233,1,20073895110,SBI,UCO1422694,2,58996123060
TX,U2,bd80d00d842c96e12fb7b45d,102696633268,Z9,090124,020150,95267,,1,1,0,ICI,0,Destinee.Wisoky88@okicici,YOM,4722,tripay.explore@timecosmos,SMB,SBM3839445,1,54264345744,BOM,ARL7528762,2,55153613416
TX,U2,eba00b33e4da87585cc0cd62,241481581410,RB,090124,033424,8122,,1,1,0,HDF,0,Everardo_Pfannerstill@rapl,BOM,5814,razorpay.steak@timecosmos,SMB,SBM9811107,1,78019651197,IOB,UCO2854209,2,14865232276
TX,U2,1169edff2b8bdf0dcadffc55,558928086214,Z7,090124,013916,85918,,1,1,0,ICI,0,Alice23@oksbi,UCO,4722,tripay.getaway@timecosmos,SMB,SBM8545844,1,58128906532,KTP,SIB0533274,2,43336677474
TX,U2,0eee0ddae940d1e71d3a4c8e,210096377694,Z7,090124,164611,51547,,1,1,0,FBL,0,Laverne71@fkaxis,YJU,4722,tripay.globetrot@timecosmos,SMB,SBM4005944,1,40612022676,FIB,BOM4192258,2,89339667912
TX,U2,cec275fde2bfedc7b97eed40,800315940747,Z9,090124,151533,20244,,1,1,0,BDN,0,Brad.Abbott7@okhdfcbank,AXB,5411,finopay.marketplace@timecosmos,SMB,SBM4024518,1,44507661532,YJU,IPB2681784,2,85082823251
TX,U2,7c52a1d9e7b55b6d329115ee,943500556350,Z9,090124,000102,26835,,1,1,0,IOB,0,Bette.Wintheiser35@okaxis,IIB,5411,finopay.corner@timecosmos,SMB,SBM0510043,1,64704837309,GTI,BOM1075178,2,20771192393
TX,U2,1bc98e99a328ecc735dcd84b,095289933776,Z7,090124,225214,6650,,1,1,0,YBS,0,Billie_Gutmann42@timecosmos,CNB,5814,razorpay.pizza@timecosmos,SMB,SBM9879609,1,71127514792,IOB,YBS0571139,2,57942410910
TX,U2,acfb5efc09d1a60769ebe8fb,375016270534,00,090124,202404,55455,,1,1,0,BOI,0,Adelle29@rapl,KVB,5814,razorpay.pasta@timecosmos,SMB,SBM3187932,1,51251292098,UOB,ARL3854253,2,81096951719
TX,U2,cbe3be555a8fe47cfc19d8d7,190318866715,Z9,090124,161425,66602,,1,1,0,BOM,0,Lonie.Kreiger16@rapl,IDB,5816,airpay.submarine@timecosmos,SMB,SBM1005851,1,05964974124,IDB,KVB6507721,2,75744106519
TX,U2,91ad9ae3ab0386fce568b8ab,901349722176,Z7,090124,225704,96869,,1,1,0,IDB,0,Brooklyn.Skiles57@idfcbank,GTI,5814,razorpay.vegetarian@timecosmos,SMB,SBM0697730,1,29710103660,FIB,FIB8294061,2,65177023789
TX,U2,fc4c0982559fdc348ac7fadd,115391598113,0,090124,190229,85466,,1,1,0,IDB,0,Dovie_Kuphal@okhdfcbank,YES,4814,jiopay.mobile@timecosmos,SMB,SBM8075915,1,52583668168,KVB,IDB9003390,2,73657733241
TX,U2,fee25fdb4ee1c1d4bde0757c,583006661968,00,090124,055149,37721,,1,1,0,GTI,0,Jaclyn.Zboncak@paytm,CNB,4722,tripay.vacation@timecosmos,SMB,SBM8011985,1,10134931322,CBI,ARL1810398,2,10568760866
TX,U2,e0cd1092dbd45b6e1fde641d,734572303976,RB,090124,040752,38314,,1,1,0,IDC,0,Sidney.Stracke@paytm,IPB,5411,finopay.dailygrocer@timecosmos,SMB,SBM9126241,1,65198499502,IDC,IPB7562662,2,42934443347
TX,U2,f67aa4db66cd8424de012e03,252703221504,00,090124,121814,52923,,1,1,0,BDN,0,Earnest.Kohler42@abfspay,IDB,4722,tripay.adventure@timecosmos,SMB,SBM5427309,1,49897247250,APP,PNB2146303,2,12426878755
TX,U2,ef46108dcf2dcdaf411ceeb4,872993807356,00,090124,201138,98635,,1,1,0,MBK,0,Maeve.Purdy@rapl,BOM,5816,airpay.scooter@timecosmos,SMB,SBM1003856,1,13861564714,ARL,FIB1448782,2,10067835763
TX,U2,f72fce06bc37c83726d0d9df,318836278120,Z7,090124,145021,11450,,1,1,0,FIB,0,Alyson39@okicici,PNB,5816,airpay.scooter@timecosmos,SMB,SBM5099321,1,16519960105,IDC,IDC7028352,2,73680702008
TX,U2,9adabe558fb5e0d76c0eefe5,827356991472,00,090124,212537,68566,,1,1,0,SBI,0,Cathrine.Schimmel@okicici,BOI,4722,tripay.wander@timecosmos,SMB,SBM7315822,1,57782185117,HDF,BOM2235924,2,61838470142
TX,U2,dd7f69db8f0412b143498ce5,912814605698,RB,090124,185038,69210,,1,1,0,HDF,0,Cyril91@abfspay,YES,5411,finopay.marketplace@timecosmos,SMB,SBM5555032,1,70586739081,YBS,KTP7977213,2,56152322500
TX,U2,c6ce1bbff5acef6adaa43e75,774435597221,0,090124,010925,23230,,1,1,0,INB,0,Marjorie_Yundt@timecosmos,UOB,4814,jiopay.cable@timecosmos,SMB,SBM5909413,1,72642583991,CBI,BOM5647518,2,69671291920
TX,U2,e52ce8a125b4fa432c7729fc,438111662782,Z9,090124,193513,51605,,1,1,0,BOM,0,Leonora91@axl,ARL,5816,airpay.robot@timecosmos,SMB,SBM1929096,1,81084027483,BOB,CNB3072632,2,84029369168
TX,U2,3e2b4e815a49c1ada43ac43c,930792016299,Z9,090124,035104,93179,,1,1,0,CBI,0,Lew_Nicolas@yapl,IDB,5411,finopay.greenbasket@timecosmos,SMB,SBM9821360,1,26248406499,YBS,BOM6122183,2,61366347236
TX,U2,dc47b1f48ba7ffeb43cae5eb,305773109962,Z7,090124,142943,58346,,1,1,0,ICI,0,Travis_Rosenbaum21@idfcbank,UCO,5411,finopay.foodland@timecosmos,SMB,SBM0317066,1,65757564162,KTP,IPB1357009,2,60113402113
TX,U2,3d13d23cd02d08aae8afad58,920330976905,00,090124,064902,27200,,1,1,0,IIB,0,Makenzie.Grady@fkaxis,BDN,4722,tripay.expedition@timecosmos,SMB,SBM9328701,1,01122323169,BOB,IOB5264542,2,82313157611
TX,U2,facdfecdc051fe1a2fbe5ed6,566309295268,Z9,090124,023114,41056,,1,1,0,ICI,0,Jimmie.Parker-Kilback@abfspay,IOB,5411,finopay.bulkstore@timecosmos,SMB,SBM1508524,1,21214930381,BOM,SIB9134087,2,20656278147
TX,U2,8f46f1fb8bef4dc71b2eb86e,192889584223,Z7,090124,190854,26548,,1,1,0,BOM,0,Vernice_Marks@yesg,ARL,5816,airpay.bike@timecosmos,SMB,SBM8278546,1,51875448081,GTI,IDC5216044,2,95728160276
TX,U2,dfa5cce074ada37300d7fb09,183067173082,Z7,090124,224657,54226,,1,1,0,IDB,0,Concepcion.Herman@ybl,IDB,5816,airpay.car@timecosmos,SMB,SBM4951540,1,51607380428,BOM,BOB8133379,2,82593182558
TX,U2,1a7cfad2d9cb532d9e83b357,636576995358,Z9,090124,014602,88409,,1,1,0,APP,0,Hunter.Kuhlman37@yesg,FIB,5411,finopay.greenbasket@timecosmos,SMB,SBM7182908,1,53384452977,IPB,AXB0422105,2,38265356868
TX,U2,48ebbcac63bae56ce9f0740d,927106062726,Z7,090124,091238,59596,,1,1,0,BOB,0,Delores40@abfspay,CBI,5816,airpay.scooter@timecosmos,SMB,SBM1537003,1,38974039526,CBI,ICI9546243,2,33329985133
TX,U2,1f68d3cdcf32b7ed4bfcc95a,223789144034,0,090124,133416,54799,,1,1,0,BOM,0,Jaylin.Kerluke@paytm,ICI,4814,jiopay.convergence@timecosmos,SMB,SBM6988799,1,79693007939,BOM,YES5817531,2,75045102864
TX,U2,bc7d37a24f23a5ca7f9c517a,986365242965,00,090124,200925,66927,,1,1,0,IPB,0,Margaret53@oksbi,AXB,4722,tripay.globetrot@timecosmos,SMB,SBM2922338,1,09929465965,GTI,KMB2391849,2,36090699899
TX,U2,7c32dbcbb1643bfaecdb0d1e,519178270583,RB,090124,190858,39802,,1,1,0,IIB,0,Joshua.OHara18@idfcbank,SBI,5411,finopay.timecosmosrite@timecosmos,SMB,SBM6883761,1,89708425368,BOM,YJU6882555,2,66753009829
TX,U2,89c6a1a908bafb6cdc53c8ea,098016556915,Z9,090124,150837,68654,,1,1,0,APP,0,Marian_Ward52@yapl,CNB,5816,airpay.car@timecosmos,SMB,SBM2734203,1,13637490617,APP,APP4075862,2,01925333420
TX,U2,92236cf9fefdd4dfa9cf91eb,829828110046,RB,090124,144931,53718,,1,1,0,INB,0,Owen4@yesg,FIB,4814,jiopay.internet@timecosmos,SMB,SBM7022726,1,61911148310,KMB,APP0804299,2,31739448781
TX,U2,a13fe1da9dc8b4cf40c1bf7e,031427458415,Z9,090124,035412,74007,,1,1,0,YBS,0,Cassie_Cole@fkaxis,INB,4814,jiopay.mobile@timecosmos,SMB,SBM4323475,1,36684979813,YOM,FIB5223976,2,38173024628
TX,U2,9b9b3fb0af8bf173ad5abdcc,623141140862,Z7,090124,131533,18708,,1,1,0,INB,0,Valentine.Stehr49@abfspay,CNB,5816,airpay.helmet@timecosmos,SMB,SBM0952445,1,77017657159,IIB,YJU7773023,2,29828561311
TX,U2,9e3989675447b3d6a0916bb7,428607897891,Z9,090124,014441,63387,,1,1,0,ICI,0,Lucinda.Reichel72@okhdfcbank,CBI,5816,airpay.submarine@timecosmos,SMB,SBM4554664,1,54060071055,IIB,FBL1322122,2,30333099743
TX,U2,7d05cba2c2acdcefab1a466e,445224973943,RB,090124,132345,49231,,1,1,0,BOB,0,Bessie.Daugherty@fkaxis,CBI,5816,airpay.submarine@timecosmos,SMB,SBM3421753,1,28050495678,UCO,YBS3312747,2,34965499633
TX,U2,7b713755a21ddebb8afb2fc6,445873480282,Z9,090124,025013,64667,,1,1,0,KMB,0,Dallin13@apl,BOI,5411,finopay.corner@timecosmos,SMB,SBM2052186,1,52529599813,IOB,IPB2048686,2,69843270814
TX,U2,4016aefdf5e6c7cecaaefafc,018885395507,Z9,090124,124923,53695,,1,1,0,UOB,0,Zelma.Armstrong@yesg,SBI,4722,tripay.explore@timecosmos,SMB,SBM4637289,1,30578234960,BOM,FIB5338145,2,44290139832
TX,U2,b925b0b9875d6eeba5ffc6e1,283176017361,0,090124,183633,99116,,1,1,0,KMB,0,Gabriella.Champlin65@idfcbank,SIB,5816,airpay.bike@timecosmos,SMB,SBM3573227,1,19117627022,CBI,HDF4791919,2,39804657109
TX,U2,efbca4b5dcb4df179bfc9ec7,330844717743,00,090124,111236,3752,,1,1,0,APP,0,Rosemarie70@axl,MBK,5816,airpay.helmet@timecosmos,SMB,SBM5005327,1,52248985016,ICI,CBI8712477,2,23715452181
TX,U2,f8626feb9ee22ef2833ab10b,234085584058,Z9,090124,221453,51608,,1,1,0,BDN,0,Zakary.Schaden@idfcbank,KMB,4722,tripay.tour@timecosmos,SMB,SBM0797353,1,93613560043,ICI,IDB2325125,2,21332976316
TX,U2,d7aa306ebbce50f7519e6502,942009601431,Z9,090124,032758,34391,,1,1,0,IDB,0,Itzel.Morissette73@yesg,YES,5816,airpay.airplane@timecosmos,SMB,SBM3991692,1,21212180571,HDF,YOM2028989,2,78712549159
TX,U2,6900cce9f00dba3d86d80eb4,836191820061,Z9,090124,153306,55591,,1,1,0,GTI,0,Desmond.Gerhold44@okicici,INB,4814,jiopay.data@timecosmos,SMB,SBM9973066,1,65145131415,YJU,YOM3148973,2,94378009610
TX,U2,90a7cfd2e1619bec400adad0,586697731184,RB,090124,134357,84059,,1,1,0,SBI,0,Carole.Bartell28@timecosmos,KTP,4814,jiopay.fiber@timecosmos,SMB,SBM5440467,1,08165456921,KTP,IIB4387940,2,31674378238
TX,U2,f3fe24db563bd7eb2bfd2c65,850312849938,00,090124,084001,66840,,1,1,0,SIB,0,Tony36@apl,CNB,4814,jiopay.wireless@timecosmos,SMB,SBM3966981,1,35352433976,CBI,IDC0356836,2,62793852700
TX,U2,b0bb8daec3bbac2d3d7fb2ca,301581544797,00,090124,111504,86471,,1,1,0,HDF,0,Amelia40@okicici,BDN,4722,tripay.vacation@timecosmos,SMB,SBM3475504,1,69881553692,BOM,YBS0266391,2,10743673714
TX,U2,2fdfe96b3ad8c80bef8c6b7e,239875883660,0,090124,183845,74265,,1,1,0,YES,0,Jonathon_Bechtelar88@yesg,AXB,5411,finopay.foodland@timecosmos,SMB,SBM7203405,1,32782773331,MBK,BOM2940927,2,98428899428
TX,U2,fe5ecdcec2cdaadcc1ab17a2,295565368375,RB,090124,194534,92472,,1,1,0,IOB,0,Una.Lindgren@okicici,APP,5411,finopay.corner@timecosmos,SMB,SBM7530231,1,06240382772,ICI,GTI2324028,2,22775515508
TX,U2,fedac6f7cd1f05d2b1edc1d1,989372352898,00,090124,132320,3967,,1,1,0,IIB,0,Lura79@paytm,FBL,5816,airpay.boat@timecosmos,SMB,SBM3315088,1,71813301885,BOM,IDC3307939,2,07262025312
TX,U2,c604d6be830cd665be73ddd6,778766832624,0,090124,214450,14871,,1,1,0,CNB,0,Pete_Thiel27@idfcbank,ICI,4814,jiopay.satellite@timecosmos,SMB,SBM6990902,1,94521452432,BOM,IOB6075475,2,18994479094
TX,U2,9c90db3f2aa2a42d6a18e5f5,191246779770,RB,090124,084219,8270,,1,1,0,YJU,0,Zelda26@fkaxis,GTI,5411,finopay.foodland@timecosmos,SMB,SBM0395434,1,02075786972,ICI,MBK1065856,2,54466104997
TX,U2,b0bdfc3d234ffcf9c7aa1eeb,006258601697,Z9,090124,030550,44714,,1,1,0,UOB,0,Kaitlin27@yesg,BOI,5411,finopay.freshmart@timecosmos,SMB,SBM7037835,1,42510450926,SIB,FIB6957195,2,29789065409
TX,U2,dc193cce35ad3a9be2dd8769,545676558703,RB,090124,125449,84450,,1,1,0,KTP,0,Nels.Hagenes@timecosmos,PNB,4814,jiopay.internet@timecosmos,SMB,SBM5009683,1,01443439840,BOM,HDF7762532,2,97550457724
TX,U2,9aae8618b6327be0accccfbb,661285450511,Z7,090124,132020,58436,,1,1,0,CBI,0,Clinton_Haley18@okaxis,CNB,5411,finopay.dailygrocer@timecosmos,SMB,SBM2504960,1,40734554699,KMB,SBI1508428,2,38025937459
TX,U2,db2af49f97c9a6c66a463c4e,960375499798,00,090124,072236,95621,,1,1,0,IDB,0,Bessie_Osinski66@ybl,UCO,5816,airpay.airplane@timecosmos,SMB,SBM9603802,1,50529471379,CNB,KTP8620071,2,25503483729
TX,U2,abfdc1dac107922dedf8287c,466672231506,Z7,090124,233722,74296,,1,1,0,IDB,0,Kailey77@okhdfcbank,IPB,5411,finopay.greenbasket@timecosmos,SMB,SBM0816982,1,24913702488,PNB,YBS6918775,2,93137795326
TX,U2,8113f1a7c6dcff94660dc6ed,124971554799,Z7,090124,065246,94733,,1,1,0,YOM,0,Isabella27@okaxis,UCO,5814,razorpay.pizza@timecosmos,SMB,SBM5579448,1,20316924926,BOM,GTI4117860,2,27477916489
TX,U2,e9a3e1ff97c2fc7a519eeecd,135224116316,00,090124,133732,3936,,1,1,0,MBK,0,Zechariah36@timecosmos,YJU,5814,razorpay.burger@timecosmos,SMB,SBM6486314,1,54778702616,HDF,KMB4148470,2,58182639424
TX,U2,3fad4b60b930cb143656fc63,079073463604,Z9,090124,064550,75865,,1,1,0,ICI,0,Winnifred41@icici,IDC,5814,razorpay.pizza@timecosmos,SMB,SBM9035422,1,93566121577,IIB,UCO2643666,2,37056171162
TX,U2,dfdbd2faff3c4d095f410a12,741775321743,Z7,090124,195419,26735,,1,1,0,IDB,0,Forrest.Frami@timecosmos,FBL,4814,jiopay.voip@timecosmos,SMB,SBM3844759,1,43918124813,FIB,PNB8742496,2,44781121309
TX,U2,fca44c7acc1603c97edb5e3e,598279099517,0,090124,123341,29288,,1,1,0,APP,0,Nellie.Kassulke@yapl,UCO,4722,tripay.wander@timecosmos,SMB,SBM9619755,1,78236178930,MBK,BOM0120641,2,52967249773
TX,U2,4eed3f3be8a6d02ee6295bcf,907902903384,0,090124,134956,99842,,1,1,0,INB,0,Ulises_Stehr@abfspay,IOB,4722,tripay.adventure@timecosmos,SMB,SBM7405853,1,18119949034,YOM,CNB6035593,2,36793721498
TX,U2,3073cd9a705775aa583b8124,415963239806,Z7,090124,010642,79133,,1,1,0,UOB,0,Milton_Bergstrom3@ybl,ICI,4722,tripay.escape@timecosmos,SMB,SBM3631585,1,09388781049,BOI,BOI6635347,2,02393675744
TX,U2,bdb24a4b4fa8afdf6cb1b2e2,317820394111,Z9,090124,041642,71824,,1,1,0,IPB,0,Heidi.Braun@axl,YBS,5814,razorpay.dessert@timecosmos,SMB,SBM3244358,1,50833306880,BOM,SIB6733726,2,76949801813
TX,U2,dde87cfecb3a8adbd4caf24b,077566974551,00,090124,033805,65753,,1,1,0,BOI,0,Owen.Quitzon@icici,UOB,5814,razorpay.vegetarian@timecosmos,SMB,SBM3209288,1,25094273441,MBK,IPB2700001,2,72087626005
TX,U2,f687a7a38ce63ec655cc0b80,055851181548,Z9,090124,022432,28249,,1,1,0,FBL,0,Brayan_McDermott@yapl,SIB,5814,razorpay.pasta@timecosmos,SMB,SBM1428319,1,64198145342,CNB,YES4929576,2,51600237142
TX,U2,d81da0fb828daf9b679ac5aa,806055391587,00,090124,174800,32384,,1,1,0,YBS,0,Margot82@fkaxis,PNB,4814,jiopay.broadband@timecosmos,SMB,SBM9384374,1,44840689393,BOM,KMB5725143,2,59209793993
TX,U2,f6ac452d2d55a3fd8bcdc751,724640859098,0,090124,064705,28140,,1,1,0,UOB,0,Tina.Jaskolski21@timecosmos,YOM,4814,jiopay.mobile@timecosmos,SMB,SBM5841345,1,73395942822,YBS,GTI0570947,2,93629455491
TX,U2,2fde0dd4addc207732db794c,719586536334,00,090124,200512,68129,,1,1,0,BOM,0,Molly.Hauck9@okicici,KTP,4814,jiopay.cable@timecosmos,SMB,SBM3588760,1,09284188465,IPB,IDC7177645,2,32129152744
TX,U2,e26fe45f71493d2cb0ebae69,707074259176,00,090124,022034,11126,,1,1,0,UOB,0,Columbus63@ybl,KTP,5816,airpay.boat@timecosmos,SMB,SBM3335162,1,76762804294,BOI,PNB1062644,2,58807763783
TX,U2,2cfc9f139bc3645599a0c2bc,297105254361,Z9,090124,042017,26516,,1,1,0,FIB,0,Maxime.Pagac49@timecosmos,IOB,5814,razorpay.vegetarian@timecosmos,SMB,SBM6334924,1,38108348073,INB,APP3801992,2,89682103748
TX,U2,3eb62a78ffcc8443991ca604,474925236019,00,090124,144632,25511,,1,1,0,AXB,0,Brady.Paucek@fkaxis,ARL,4722,tripay.destinations@timecosmos,SMB,SBM8216751,1,06828176665,BOM,BDN4515716,2,49512271416
TX,U2,e5f99dbe8fc61fd4b0b419dc,911591324461,Z7,090124,160655,1418,,1,1,0,IIB,0,Mazie78@paytm,BOI,5411,finopay.corner@timecosmos,SMB,SBM3321976,1,33876675787,BOI,PNB9296996,2,19062067248
TX,U2,cd01d7fcecadcd6ca5f22c73,298543296526,00,090124,205516,71605,,1,1,0,UOB,0,Isom19@okicici,BOB,4722,tripay.escape@timecosmos,SMB,SBM2563279,1,53598896740,IIB,YBS6353760,2,30305266932
TX,U2,3b14944ed98eb79a4da97c63,084100849284,RB,090124,231428,97673,,1,1,0,FIB,0,Rowland_Johns33@oksbi,AXB,4722,tripay.escape@timecosmos,SMB,SBM9721552,1,57507073816,YBS,FBL7911845,2,85892807864
TX,U2,584aa30d0ceca37ba3eab7ea,633704907543,00,090124,130852,65999,,1,1,0,GTI,0,Kaleigh.Sipes@apl,YOM,4722,tripay.adventure@timecosmos,SMB,SBM8258367,1,24735028212,INB,KTP1909486,2,65696440032
TX,U2,aa99126cddff7ada8a214a67,775785863564,0,090124,053809,28495,,1,1,0,MBK,0,Ewald_Corkery25@icici,GTI,5816,airpay.car@timecosmos,SMB,SBM2592359,1,16237674240,APP,GTI2708039,2,96324357224
TX,U2,cb2fba1abcdc1cad36c3346b,506414293038,Z7,090124,012547,14278,,1,1,0,IDC,0,Delpha.Leuschke18@fkaxis,BOI,5411,finopay.bulkstore@timecosmos,SMB,SBM5607927,1,89373528148,YJU,IIB6238279,2,07617244725
TX,U2,9f3b04b15ed0ccfd7e075e79,798287912859,Z9,090124,094838,13756,,1,1,0,KMB,0,Kennedy_Cronin20@okicici,YOM,5816,airpay.airplane@timecosmos,SMB,SBM1754852,1,52394822055,SIB,BOM2588320,2,29511166754
TX,U2,f36c2c63746bc0ebfef50acc,358639044434,RB,090124,104227,49169,,1,1,0,KVB,0,Destin69@ybl,MBK,5814,razorpay.vegetarian@timecosmos,SMB,SBM1877693,1,79463922264,CNB,BOM8909743,2,01258307658
TX,U2,5b2f5cc72ed95cef06095cad,249502753063,Z9,090124,185509,27278,,1,1,0,APP,0,Shawna54@abfspay,INB,5411,finopay.corner@timecosmos,SMB,SBM1324275,1,59835194526,BOB,IOB3920185,2,30806744205
TX,U2,16802ad44f092bbbaff5454b,178965412546,00,090124,195138,93954,,1,1,0,BDN,0,Rosanna_Schoen7@paytm,YES,4722,tripay.getaway@timecosmos,SMB,SBM6678258,1,84330370513,BOM,IIB3350597,2,74429004765
TX,U2,bcbd0cdacaeba9fd41c122bd,804457103287,00,090124,155400,25684,,1,1,0,KVB,0,Sandy.Abernathy81@idfcbank,IPB,4722,tripay.escape@timecosmos,SMB,SBM2311450,1,35342818799,IDC,ARL1532894,2,52232198187
TX,U2,f2e2b86ccf8dbb4638f367d3,683433743114,Z9,090124,234412,50164,,1,1,0,CBI,0,Wyman34@apl,UCO,5816,airpay.bike@timecosmos,SMB,SBM9194856,1,42754043216,PNB,GTI5247292,2,46085760886
TX,U2,5a936bbaac7c86eb0ead3ce7,568593514122,Z7,090124,122523,26215,,1,1,0,SIB,0,Caleigh_Parisian@yesg,YOM,4814,jiopay.voip@timecosmos,SMB,SBM1805564,1,82630238953,UOB,HDF3109608,2,91653269350
TX,U2,cccfd4a16d5c6a4edb50c192,779775623982,Z9,090124,060907,38677,,1,1,0,IIB,0,Lauryn_Hammes50@yesg,UCO,5411,finopay.foodland@timecosmos,SMB,SBM4822612,1,56457062034,YOM,BOM1742359,2,28254570523
TX,U2,cdad1cc00effc934d79b1a9a,646098749596,RB,090124,060138,38688,,1,1,0,KMB,0,Dana43@abfspay,APP,4722,tripay.destinations@timecosmos,SMB,SBM2303364,1,35084743158,BOM,IDB0880693,2,22372876130
TX,U2,0496edbe888aa30ddf778f2d,480920230573,Z9,090124,113136,50741,,1,1,0,GTI,0,Eleanore.Wolf79@okicici,IIB,5814,razorpay.dessert@timecosmos,SMB,SBM9278750,1,05559729632,AXB,FBL6455648,2,08058756258
TX,U2,ba7c1a1c63fda0eff7ce9072,058972192152,00,090124,180728,12628,,1,1,0,AXB,0,Rowena61@abfspay,UCO,4722,tripay.vacation@timecosmos,SMB,SBM1015480,1,63260774249,ICI,BOM7063131,2,31282889991
TX,U2,afb0c80ee2d7f93d46a4e48d,257099350329,RB,090124,172632,80714,,1,1,0,FBL,0,Lindsay_Hickle40@yapl,YBS,5816,airpay.helmet@timecosmos,SMB,SBM0524419,1,05396015653,CBI,YBS0875723,2,34677057602
TX,U2,fe41ae65df3e0d890b1a7c55,224782523248,RB,090124,183940,93127,,1,1,0,SBI,0,Nannie69@apl,YES,4722,tripay.getaway@timecosmos,SMB,SBM1017710,1,58877162545,KMB,IDB0793179,2,40554846215
TX,U2,bc49deda5fb1b763baed56e5,046639221439,Z7,090124,035145,52822,,1,1,0,IDB,0,Paxton_Marks39@icici,IIB,4722,tripay.vacation@timecosmos,SMB,SBM5159183,1,00174909172,UOB,UOB0407427,2,69103508092
TX,U2,80e7455d1fecdd7b29fcd3db,073446208011,Z7,090124,134126,97955,,1,1,0,YJU,0,Jermey.Rau@idfcbank,APP,5411,finopay.organic@timecosmos,SMB,SBM1627224,1,73638144413,HDF,BDN6350005,2,13053427821
TX,U2,ae10cb6cdce7fcdfbad6d2bd,634844643761,Z7,090124,224944,70035,,1,1,0,BOB,0,Donna56@okicici,BOM,5816,airpay.car@timecosmos,SMB,SBM0286083,1,11181499113,KMB,KMB5508306,2,35294144808
TX,U2,654e71e2ebcfc32dee41cdea,902469766394,Z9,090124,160451,7687,,1,1,0,APP,0,Johanna89@okhdfcbank,KVB,5816,airpay.bike@timecosmos,SMB,SBM2593172,1,64655902784,BOB,IDB9414769,2,87572767158
TX,U2,869ac8ab1dc5b29adce55ee9,297264860327,RB,090124,110424,3460,,1,1,0,CBI,0,Larry.Walsh73@abfspay,UOB,5816,airpay.truck@timecosmos,SMB,SBM8446148,1,06016490943,SBI,SBI7025918,2,09375398756
TX,U2,a12bdfeb559f9e0df9a28268,629284349715,0,090124,141343,48105,,1,1,0,BOB,0,Felipa.Robel12@oksbi,KTP,5814,razorpay.pizza@timecosmos,SMB,SBM9115525,1,45791521147,IDB,FIB5041700,2,09203629561
TX,U2,a3099effa03cbfddd0b5da9d,091437505036,Z9,090124,223204,14373,,1,1,0,BOM,0,Hertha.Schultz@paytm,IIB,5411,finopay.freshmart@timecosmos,SMB,SBM3301045,1,10126371668,KVB,APP8092188,2,95229903351
TX,U2,49f61de1ec4aeb1a0b8dbb56,348253350606,Z9,090124,125522,71335,,1,1,0,IOB,0,Clark_Cruickshank35@icici,ARL,4814,jiopay.mobile@timecosmos,SMB,SBM3014696,1,03907137940,IOB,YBS3253042,2,73599498783
TX,U2,05fcfd5e2cfb5ccee9a0ea63,524076609080,RB,090124,035857,9434,,1,1,0,YOM,0,Audra.Hintz@okaxis,YBS,5814,razorpay.dessert@timecosmos,SMB,SBM3746326,1,00952129153,ARL,BOB9568549,2,79977240004
TX,U2,bf208ed8c767c024efb23eac,306840575504,Z7,090124,143058,86187,,1,1,0,CNB,0,Sadye.Pagac@rapl,IIB,4722,tripay.explore@timecosmos,SMB,SBM6785928,1,51413953286,ARL,HDF1110562,2,85676789940
TX,U2,54bfd7cf6e04ebfbe1f9faf5,087823387916,0,090124,225232,66244,,1,1,0,IOB,0,Brooke.Bechtelar65@okhdfcbank,FIB,5816,airpay.submarine@timecosmos,SMB,SBM0495412,1,55501767613,FIB,PNB4922614,2,52477686464
TX,U2,acd8a0c2a902b5185f9aa11d,183147194989,00,090124,045631,63314,,1,1,0,IPB,0,Ferne16@rapl,IDB,5814,razorpay.salad@timecosmos,SMB,SBM7774078,1,17060390772,APP,INB3370391,2,92041050856
TX,U2,560bae6c6fdf7ec530b7c57a,580109211763,RB,090124,042822,8996,,1,1,0,IDB,0,Shaniya.Predovic@axl,BOM,4814,jiopay.fiber@timecosmos,SMB,SBM3700151,1,53636641168,IDB,BOB7336544,2,65366520253
TX,U2,6312f1d6bf3e83dbdafbf5d9,266271020440,0,090124,222213,93133,,1,1,0,YOM,0,Karli_Howell45@okhdfcbank,YJU,5411,finopay.organic@timecosmos,SMB,SBM6113045,1,73719196590,BOI,HDF5125416,2,87706391147
TX,U2,f1fa4cf56b5a5c568ed3cef0,353306018251,RB,090124,233456,49778,,1,1,0,IIB,0,Vernice32@oksbi,BOB,5816,airpay.scooter@timecosmos,SMB,SBM1262197,1,72225150817,PNB,PNB8917075,2,10242158205
TX,U2,e9eeb1fdffb30aa3ff2fc51b,550628672412,RB,090124,023741,36516,,1,1,0,ARL,0,Annamarie67@oksbi,BOB,4814,jiopay.internet@timecosmos,SMB,SBM0658052,1,43025782595,IDB,IDC8805387,2,80889740014
TX,U2,cbebedf2ecdcccfadaf5836a,060653140761,0,090124,215616,60825,,1,1,0,KMB,0,Sarah_Ziemann@yesg,INB,4814,jiopay.convergence@timecosmos,SMB,SBM0400037,1,86119492553,IDC,YJU8626041,2,24166140819
TX,U2,57db60a81cbff4ac7ac43fff,176705170302,Z9,090124,104941,61937,,1,1,0,GTI,0,Daija.Feeney@yesg,FIB,5816,airpay.truck@timecosmos,SMB,SBM3978201,1,71943203765,GTI,SBI4372980,2,78613705424
TX,U2,8e8bcf3ff5cfe4caf7aaced3,030111710080,RB,090124,161923,27746,,1,1,0,HDF,0,Mckenna67@oksbi,KVB,5411,finopay.organic@timecosmos,SMB,SBM1049343,1,46138146258,BDN,IDB3311990,2,43299243512
TX,U2,1037367949dc1da2ff7ce19d,478726215423,Z9,090124,144525,88762,,1,1,0,AXB,0,Marcos28@rapl,FBL,5814,razorpay.sushi@timecosmos,SMB,SBM7723719,1,93344805838,IIB,BOB4590744,2,94940217833
TX,U2,c66cb7860ebf6a8860cc7ce7,789360054430,RB,090124,033315,63100,,1,1,0,SBI,0,Ian_Murphy@icici,FIB,4722,tripay.tour@timecosmos,SMB,SBM1810406,1,70402609527,FBL,FBL5355376,2,00670478459
TX,U2,a0ac0bbb2ee9d0fd6ddbbdae,180278865780,0,090124,170331,60419,,1,1,0,CBI,0,Barton.Medhurst73@timecosmos,UCO,4722,tripay.expedition@timecosmos,SMB,SBM3139252,1,37208436761,APP,BOM9314377,2,62461287026
TX,U2,6e5ebbec5eb6a38ade2ec5cd,128472802459,00,090124,030442,90861,,1,1,0,IIB,0,Blair_Jacobi66@ybl,KTP,4722,tripay.escape@timecosmos,SMB,SBM6841234,1,66989755954,BOM,APP2089086,2,43206236475
TX,U2,84ffef4b7fafae4b0a857b0d,852608115939,Z7,090124,151302,57354,,1,1,0,BOI,0,Araceli.Nicolas77@fkaxis,YES,4722,tripay.escape@timecosmos,SMB,SBM8436997,1,47633644880,YOM,FIB6148853,2,56059173678
TX,U2,adc8ca48c6ea337cba7edfbe,454146109394,Z7,090124,065828,82436,,1,1,0,IIB,0,Manley_Veum@apl,PNB,4722,tripay.adventure@timecosmos,SMB,SBM4399828,1,96746490619,BDN,ARL6635161,2,70718010166
TX,U2,fceeaf648760a9d86a04bac1,135173776090,Z9,090124,033247,9338,,1,1,0,CBI,0,Nigel44@icici,ICI,4722,tripay.wander@timecosmos,SMB,SBM4426721,1,16043902830,IPB,PNB1356285,2,40678658077
TX,U2,c9da39a72ace0b0ed5f04d48,975293824607,Z7,090124,200938,22121,,1,1,0,PNB,0,Reyes_Connelly90@rapl,BDN,5816,airpay.car@timecosmos,SMB,SBM2651560,1,25875910994,SBI,APP3819517,2,12339277980
TX,U2,9f4ce06fcc0b593fa0fac4bd,045015172797,Z9,090124,020251,75497,,1,1,0,FBL,0,Lacey.Macejkovic@yapl,SIB,5816,airpay.car@timecosmos,SMB,SBM4732352,1,19624028891,PNB,KMB8259626,2,93203866742
TX,U2,8ebeb7c8a18fa39cada43eee,702698054275,RB,090124,191140,92271,,1,1,0,YOM,0,Haskell48@timecosmos,UOB,5816,airpay.submarine@timecosmos,SMB,SBM3597385,1,68215244465,BDN,INB7735933,2,48237353126
TX,U2,0be924fbb1ff21dc2bf208b7,696467846425,Z9,090124,113529,82798,,1,1,0,YOM,0,Chloe_Romaguera@rapl,GTI,4722,tripay.destinations@timecosmos,SMB,SBM9576063,1,28107685799,BOB,IPB0895372,2,28843403714
TX,U2,214edb6f804fe36ae7ee625a,387431773822,RB,090124,220952,63555,,1,1,0,PNB,0,Stewart_Davis@paytm,APP,4722,tripay.wander@timecosmos,SMB,SBM0612709,1,17221499819,UCO,MBK6154874,2,50774454277
TX,U2,61edcef438da958a4abaf59a,014317984064,Z9,090124,152611,36831,,1,1,0,CBI,0,Doris.Cormier39@okicici,APP,4814,jiopay.mobile@timecosmos,SMB,SBM5146869,1,49528572848,IDB,HDF8588764,2,36732968563
TX,U2,cb91510dfceb5fccfac6cf6e,352645556887,Z9,090124,192537,92060,,1,1,0,FIB,0,Chaz.Jenkins55@okaxis,HDF,5816,airpay.robot@timecosmos,SMB,SBM7111810,1,15546085580,IDB,FBL6914296,2,78629220857
TX,U2,aceaacf8fc7f1b68ff0b7351,283378357325,RB,090124,074908,59885,,1,1,0,YOM,0,Ubaldo.Streich@icici,YBS,4722,tripay.tour@timecosmos,SMB,SBM0506251,1,35731197622,BDN,AXB9864171,2,93273307310
TX,U2,d4da6c2bb0d11716fd7a7e4b,983098495227,00,090124,234008,29194,,1,1,0,IPB,0,Lilla.Gerhold@axisb,AXB,4814,jiopay.broadband@timecosmos,SMB,SBM8445463,1,09803925356,IPB,SBI7734529,2,01085078099
TX,U2,eaae8f67e6ff59e2318a21fe,536863115382,Z9,090124,010554,47297,,1,1,0,BOM,0,Thea_Kozey@yesg,AXB,4814,jiopay.cable@timecosmos,SMB,SBM2228598,1,24874464602,INB,YBS1882849,2,22872490126
TX,U2,ebe79becc4169ae7a3ca2d3b,833307274734,00,090124,164519,6794,,1,1,0,KVB,0,Ansley_Pagac77@ybl,MBK,5411,finopay.organic@timecosmos,SMB,SBM1058073,1,92661644553,IPB,UCO0262876,2,64401451339
TX,U2,ff3dfe8489c5dfaa4c3ea4b3,422257469878,Z7,090124,053124,54649,,1,1,0,KTP,0,Dallin60@timecosmos,CNB,4814,jiopay.fiber@timecosmos,SMB,SBM2193066,1,95448054159,YBS,ARL7073026,2,28098875163
TX,U2,6aae93fcfb83b863ef9e7764,418633073648,RB,090124,140848,70239,,1,1,0,CBI,0,Kenyatta_Quigley@yapl,BOI,5411,finopay.timecosmosrite@timecosmos,SMB,SBM8333299,1,08456045068,PNB,SBI1154817,2,35354687102
TX,U2,e4ef9629e6902ff2bf5e8dea,438980422159,Z7,090124,065838,65724,,1,1,0,KVB,0,Dan91@okicici,PNB,5411,finopay.town@timecosmos,SMB,SBM9125736,1,96446091497,SBI,PNB1450618,2,46787298612
TX,U2,bc1ca7da86a05a8b474d6fed,622319373276,RB,090124,023557,5206,,1,1,0,INB,0,Adan_Walsh14@ybl,AXB,5814,razorpay.pasta@timecosmos,SMB,SBM5161752,1,30999351612,YES,BOM4256264,2,27065119845
TX,U2,fbd7d1bedad8c655ea6131ab,675863856063,0,090124,185233,65685,,1,1,0,UCO,0,Gayle32@oksbi,UCO,5411,finopay.dailygrocer@timecosmos,SMB,SBM2245688,1,98960005010,FIB,HDF0623067,2,92201483694
TX,U2,f7ca62beec86fbf2b754b1e0,289090721639,0,090124,193910,36713,,1,1,0,UCO,0,Daisha_Crooks@icici,CNB,4814,jiopay.wireless@timecosmos,SMB,SBM2208599,1,02746967660,IDB,HDF2679179,2,72322173745
TX,U2,4966faffeeeab34b9a30fade,665754104142,0,090124,122118,62348,,1,1,0,HDF,0,Johnpaul.Bauch56@paytm,CNB,5816,airpay.car@timecosmos,SMB,SBM7020582,1,85006510820,CNB,BOM9239343,2,82233756255
TX,U2,fead68e1bf44cdffa3be35ac,006248598524,RB,090124,125913,76599,,1,1,0,IDB,0,Judy.Muller@axl,UOB,4814,jiopay.mobile@timecosmos,SMB,SBM0368267,1,54791804849,KVB,KVB9555985,2,30325924815
TX,U2,c6bff2e161eafb8be68f6014,610879935952,RB,090124,232708,71673,,1,1,0,KVB,0,Emmalee_Hahn@ybl,IOB,5411,finopay.bulkstore@timecosmos,SMB,SBM0689669,1,92707968947,KVB,IPB8040305,2,63542745462
TX,U2,af15a1a1f2924eb7a8ba2a21,260290648909,0,090124,013237,7908,,1,1,0,FIB,0,Natasha.Monahan@rapl,YOM,4814,jiopay.internet@timecosmos,SMB,SBM2283411,1,39757587936,BOI,YBS4702376,2,91247627441
TX,U2,4b296a6d2aa1bb3b3ae7cc72,926341278913,Z9,090124,104924,98083,,1,1,0,YES,0,Sigurd_Wehner93@abfspay,BDN,5816,airpay.scooter@timecosmos,SMB,SBM0257064,1,99673709847,GTI,YBS6084916,2,56021323260
TX,U2,ec7053dcb0f52ac7b377b02f,807072429452,RB,090124,223111,21664,,1,1,0,BOI,0,Karen.Jacobson@icici,HDF,5411,finopay.marketplace@timecosmos,SMB,SBM7187543,1,70473205801,ICI,YES4683207,2,92460865254
TX,U2,4ef3b7ffede79db022b1199c,691606960391,00,090124,163026,24816,,1,1,0,SBI,0,Edwina.Pollich11@yapl,YJU,5816,airpay.bike@timecosmos,SMB,SBM6084490,1,37189154494,YES,HDF2430999,2,19458175551
TX,U2,fcbad17abfe3cf45d17b7bfa,122750237856,0,090124,132914,54873,,1,1,0,SIB,0,Daija3@rapl,GTI,5814,razorpay.sushi@timecosmos,SMB,SBM6800377,1,35594878631,PNB,SBI0351928,2,81641935904
TX,U2,6d0c11a7a77bf79e73ff1cfd,703895447234,00,090124,200451,8766,,1,1,0,BOM,0,Khalil62@ybl,KVB,5411,finopay.timecosmosrite@timecosmos,SMB,SBM8703156,1,19251876241,IOB,APP8596101,2,48701838893
TX,U2,dc2de87f9ceaf9cdda18befe,041657442933,00,090124,022733,8150,,1,1,0,KMB,0,Sam_Towne@icici,INB,5816,airpay.helmet@timecosmos,SMB,SBM3472372,1,74835293015,BOB,MBK2623753,2,89032704759
TX,U2,f66fc0eebbf31e369deba80a,760278276521,Z7,090124,020730,43168,,1,1,0,IOB,0,Emmet.Schumm71@paytm,IDB,4722,tripay.tour@timecosmos,SMB,SBM4224998,1,48452274159,YJU,GTI2559918,2,24129777506
TX,U2,cda2a9eeee05f90b2a1ef77d,425051545644,0,090124,185517,6792,,1,1,0,IDC,0,Sherman84@axisb,IIB,5411,finopay.dailygrocer@timecosmos,SMB,SBM4897730,1,61282307566,GTI,AXB0681191,2,99120233575
TX,U2,3cb5804efedabbfe17bfabcc,570409889149,0,090124,163234,40837,,1,1,0,KMB,0,Brianne_Jast-Witting@axl,INB,5814,razorpay.dessert@timecosmos,SMB,SBM8916793,1,57073960209,AXB,YBS1390762,2,82181103835
TX,U2,aa05f09c837caf49aeabca7c,474765039020,00,090124,095810,84023,,1,1,0,UOB,0,Neal_Littel75@yesg,YJU,5814,razorpay.pizza@timecosmos,SMB,SBM4401525,1,27311485002,IIB,BOB9725369,2,99723071634
TX,U2,6bedf506ec3d7ac92a620c1c,219145714542,Z7,090124,045326,92596,,1,1,0,BOM,0,Mauricio_DAmore47@yesg,KVB,5814,razorpay.sushi@timecosmos,SMB,SBM9154300,1,22343858445,MBK,APP8651865,2,94280143424
TX,U2,47df5d270aaddec57cb1bbdf,542808916133,0,090124,215653,55989,,1,1,0,BOM,0,Bertrand.Schmidt@rapl,FIB,4722,tripay.escape@timecosmos,SMB,SBM1125468,1,56101555308,BOB,IOB6989281,2,85216443840
TX,U2,c406aecaa42da846adae8afd,305624065745,Z9,090124,204235,83684,,1,1,0,PNB,0,Rosanna_Watsica@icici,BOB,4722,tripay.tour@timecosmos,SMB,SBM9553026,1,49957742179,IIB,IDB2729668,2,95007717956
TX,U2,5e7a1ad0f0a2bfcd0cb6af4e,558084247411,0,090124,005457,53113,,1,1,0,GTI,0,Syble.Harris@okicici,BOM,5411,finopay.greenbasket@timecosmos,SMB,SBM9387044,1,02005182068,IIB,AXB4497690,2,20809109926
TX,U2,e16e4ecdccb2afcc3ef653a1,663129720319,0,090124,102952,23043,,1,1,0,BOB,0,Jacklyn.Hand@paytm,IOB,5411,finopay.town@timecosmos,SMB,SBM9074010,1,42946787545,YBS,IOB2442313,2,78624169058
TX,U2,bec774ef77eafc7cb71c7ec7,782686881465,Z7,090124,192339,38312,,1,1,0,BDN,0,Madeline30@ybl,CNB,5816,airpay.truck@timecosmos,SMB,SBM8067146,1,05308654928,CBI,ARL8238855,2,87110137292
TX,U2,ec14fc64ecc938d52e18ffbc,186862164274,00,090124,033316,81079,,1,1,0,AXB,0,Brandy63@rapl,APP,4814,jiopay.data@timecosmos,SMB,SBM8761042,1,91836479494,PNB,IPB2314826,2,86420856234
TX,U2,39c0d3afc5e469ae93bbd1b5,392866875766,RB,090124,155013,54054,,1,1,0,SIB,0,Ebony_Barrows@yapl,YOM,5411,finopay.foodland@timecosmos,SMB,SBM6820689,1,85000548259,SBI,UCO2279226,2,72615115745
TX,U2,c052a3449fe2cdff9ee3960c,229687038206,Z7,090124,220912,69428,,1,1,0,MBK,0,Colby75@ybl,BOM,5814,razorpay.soup@timecosmos,SMB,SBM5867742,1,46324368179,UOB,ARL4953582,2,99356395174
TX,U2,2c1e9f7f27dc1d7b7fdedbc9,673085785521,Z9,090124,174202,66159,,1,1,0,BOI,0,Carli49@axisb,KMB,5816,airpay.bike@timecosmos,SMB,SBM1673733,1,68300395580,SBI,FIB4579011,2,89586336555
TX,U2,c0992d8a9fa24bdaaf7b3a4a,776265212752,00,090124,225814,72021,,1,1,0,CNB,0,Kaycee.Mayert15@axl,ARL,5814,razorpay.pasta@timecosmos,SMB,SBM8328293,1,77320376981,FBL,BOB7679401,2,06197413632
TX,U2,1bba5dd01f4e03b0b1dbc3ae,889087841791,Z9,090124,085504,61986,,1,1,0,CNB,0,Christop17@axisb,CBI,4814,jiopay.broadband@timecosmos,SMB,SBM1633864,1,97818916632,BOM,YJU2913796,2,10947003860
TX,U2,411c5b23ea9bcc8c8fab8fcc,608149943752,00,090124,155403,21657,,1,1,0,BOM,0,Kylie_Keeling2@rapl,BOM,5411,finopay.organic@timecosmos,SMB,SBM8981087,1,91797356708,PNB,FBL9521511,2,30418324239
TX,U2,ecca9f65aadcc0bc03a5f9fc,514438059501,RB,090124,105359,75822,,1,1,0,ARL,0,Rickie59@yapl,INB,5411,finopay.corner@timecosmos,SMB,SBM6108427,1,55858648278,FIB,ARL5650392,2,81453214715
TX,U2,4f5f4cdad242c424d70dc0b3,990262467660,RB,090124,143121,87394,,1,1,0,GTI,0,Melba_Koch@ybl,IOB,5411,finopay.town@timecosmos,SMB,SBM2475674,1,26451820250,YOM,GTI1811721,2,24456070785
TX,U2,8dfecf8babd2578cbee265fe,288967447842,Z7,090124,094840,57945,,1,1,0,YJU,0,Wilfred.Waters@fkaxis,IPB,4814,jiopay.mobile@timecosmos,SMB,SBM1768529,1,41436255751,SBI,SIB0764294,2,62095192818
TX,U2,72c1ebb24efd3d9b1bbe39aa,682981726265,RB,090124,005120,49655,,1,1,0,UOB,0,Jayden.Torp66@yesg,CNB,5814,razorpay.pizza@timecosmos,SMB,SBM1191481,1,97143091770,BOI,UOB8394243,2,67155516354
TX,U2,fabdda5c89d58dcbf2aec817,432274985189,Z7,090124,234030,9466,,1,1,0,APP,0,Richmond_Bradtke45@icici,IDB,4814,jiopay.mobile@timecosmos,SMB,SBM3034951,1,83367208867,YBS,AXB2912796,2,99052528538
TX,U2,3a4ca50d56fefcadbceca28c,709681435787,00,090124,193855,41797,,1,1,0,UOB,0,Kailey.Gislason@idfcbank,KMB,5814,razorpay.pizza@timecosmos,SMB,SBM7763288,1,25826021783,BOI,ARL8904184,2,99038764928
TX,U2,842fbcdd05705ccd6743b6ba,429732068294,0,090124,235523,92718,,1,1,0,IDC,0,Mylene.Schumm29@ybl,APP,4722,tripay.vacation@timecosmos,SMB,SBM2493762,1,34127201825,UCO,INB5849803,2,82028661311
TX,U2,be30cb8aeeebbff7addd6edf,319726226152,Z7,090124,135443,15681,,1,1,0,BOI,0,Adrian85@ybl,CBI,4722,tripay.getaway@timecosmos,SMB,SBM6676302,1,66107985092,BOM,KTP8982454,2,04311092398
TX,U2,dcd3e142f85b8a28ca9eb153,468409856356,RB,090124,040515,47,,1,1,0,BOI,0,Rolando.Welch23@axisb,MBK,4722,tripay.globetrot@timecosmos,SMB,SBM3755745,1,42320303853,AXB,APP2807956,2,60208151815
TX,U2,95e9be1aaff0c6cdaaea57e4,779834582773,Z9,090124,074044,39396,,1,1,0,YOM,0,Javonte69@timecosmos,BOB,5814,razorpay.sushi@timecosmos,SMB,SBM3918637,1,54206115164,YBS,SIB6649272,2,07746911445
TX,U2,7a9f979eae51bb2eda2ddec0,974339279178,00,090124,083544,66840,,1,1,0,YOM,0,Lucas97@idfcbank,KVB,4722,tripay.globetrot@timecosmos,SMB,SBM8812027,1,48093523825,BOI,FBL8331660,2,34617026764
TX,U2,cf08d5f8e509d6c79d326fd4,030256786659,00,090124,170349,40450,,1,1,0,YOM,0,Karolann_Wilderman@idfcbank,YOM,5816,airpay.drone@timecosmos,SMB,SBM7342029,1,19427623566,IOB,INB2157937,2,76844339612
TX,U2,bfc7c783cdcb6f5cf3bdc4f2,274478440425,Z9,090124,145415,94753,,1,1,0,CBI,0,Neal_Williamson@ybl,GTI,4814,jiopay.wireless@timecosmos,SMB,SBM7847028,1,22968382940,KTP,ARL2494238,2,82213441895
TX,U2,ce8caa0fbfcbaba9bc652c71,618032811157,0,090124,113059,98054,,1,1,0,FIB,0,Asha_Hansen@okicici,ICI,5816,airpay.submarine@timecosmos,SMB,SBM0783921,1,79890736435,KVB,KVB6582357,2,54221219094
TX,U2,f78a9cffd13ea0af72a9b26a,133972813130,0,090124,181417,12562,,1,1,0,PNB,0,Dannie_Huels12@fkaxis,FBL,5816,airpay.truck@timecosmos,SMB,SBM1467421,1,19822282116,BOI,IDC8414149,2,86862678733
TX,U2,e5e26e9b28e18ec29afef8f2,793705364441,00,090124,210601,71417,,1,1,0,BDN,0,Augusta4@ybl,KVB,5816,airpay.robot@timecosmos,SMB,SBM1229512,1,28401592641,IDC,YJU5444923,2,55844576425
TX,U2,a28c1f4a37eeee574c45df1d,084397132081,00,090124,013828,13091,,1,1,0,BDN,0,Meagan_Auer73@rapl,UCO,5814,razorpay.pizza@timecosmos,SMB,SBM1846023,1,97330110386,INB,BOI1926119,2,54944049453
TX,U2,4f7cea91ae5d5de5bfdeafbd,125537773113,RB,090124,142206,84098,,1,1,0,FBL,0,Bernice_Windler@icici,IOB,4814,jiopay.cable@timecosmos,SMB,SBM7868322,1,44133269444,BOI,GTI2796979,2,45127983248
TX,U2,d6f0aafc0b9704beec6d5ee2,328863100372,00,090124,215108,53217,,1,1,0,IOB,0,Genesis_Batz@abfspay,CNB,5411,finopay.marketplace@timecosmos,SMB,SBM6115214,1,03272346671,IDC,CBI2108216,2,81595443823
TX,U2,4febc64a78cfc2bbedc1d358,783741948857,0,090124,105505,80700,,1,1,0,YES,0,Marta_Lowe@abfspay,IDB,4814,jiopay.data@timecosmos,SMB,SBM4503411,1,57270295108,APP,ICI5753550,2,84938185428
TX,U2,6a1e40cf8fc37cc740ffd980,858867422751,RB,090124,080050,66462,,1,1,0,CNB,0,Burdette.Dibbert10@rapl,BOM,4722,tripay.explore@timecosmos,SMB,SBM1100166,1,12977119562,IPB,IPB4421092,2,99115675891
TX,U2,bca138afdcc9208d9bc2f9df,421135173176,0,090124,235858,40843,,1,1,0,PNB,0,Boyd49@axisb,BOI,4814,jiopay.broadband@timecosmos,SMB,SBM7945967,1,28034040296,INB,IDB9729184,2,03260192833
TX,U2,ccfc4acefc07efdfa64d1579,785742603311,Z7,090124,052309,50421,,1,1,0,BOM,0,Terence_Frami50@rapl,GTI,4722,tripay.tour@timecosmos,SMB,SBM8901419,1,86464782486,UCO,KVB2912402,2,20874830162
TX,U2,368afe58e8dda73ad63f2eb2,400627325139,Z9,090124,063712,10327,,1,1,0,YOM,0,Demetris_Hane85@okicici,KVB,5816,airpay.submarine@timecosmos,SMB,SBM2007454,1,32388491898,YBS,MBK6405622,2,68089669101
TX,U2,f874ccf6e0baf14e0ceb4f4f,301443699653,Z9,090124,152530,46518,,1,1,0,APP,0,Augustus.Wilderman@abfspay,KVB,5411,finopay.town@timecosmos,SMB,SBM9473707,1,74602691800,HDF,YBS9294866,2,06096357796
TX,U2,39fcb51c8fb4e0506aa4da15,925598352945,00,090124,090337,44613,,1,1,0,BOI,0,Xzavier.Altenwerth62@axl,UCO,5411,finopay.foodland@timecosmos,SMB,SBM0452870,1,50247545351,BOB,ARL2145739,2,88207893435
TX,U2,286de7895aff9dda07dfee86,373147267228,RB,090124,030428,98965,,1,1,0,IOB,0,Herman_Hammes@timecosmos,APP,5411,finopay.organic@timecosmos,SMB,SBM2097157,1,99253504175,FBL,IDB7919298,2,42559269589
TX,U2,fb7fbacab8ef5c6fad46c1e7,375436135189,RB,090124,094213,53629,,1,1,0,ICI,0,Elisabeth51@okicici,YBS,5814,razorpay.steak@timecosmos,SMB,SBM1307650,1,62331612401,AXB,GTI3793319,2,09089968425
TX,U2,b45fc40baffebbe0da6fdfbc,763724117636,RB,090124,000558,30028,,1,1,0,YBS,0,Cleora_Lind@oksbi,CNB,5411,finopay.foodland@timecosmos,SMB,SBM0778534,1,89346978274,IPB,YBS4002187,2,16062996833
TX,U2,f2fccb1d4bebbc59c2ffa3a5,853204331208,Z7,090124,053153,75762,,1,1,0,KTP,0,Mikayla36@oksbi,GTI,5411,finopay.corner@timecosmos,SMB,SBM2642681,1,05806109233,IDB,FIB0201630,2,23776253195
TX,U2,5a2636eb675ad4a6afa1c1a2,494606364206,Z9,090124,005358,36098,,1,1,0,ARL,0,Elnora_Rodriguez@apl,HDF,4814,jiopay.internet@timecosmos,SMB,SBM0919579,1,21315169614,YJU,MBK1985853,2,10185859102
TX,U2,acc1ffd7d5e1ffebcc7bfcea,255758786706,RB,090124,020048,36220,,1,1,0,UOB,0,Tessie.Hoeger90@axisb,CNB,5816,airpay.car@timecosmos,SMB,SBM0738185,1,17060099176,SIB,BOI8867540,2,77373576284
TX,U2,f2c1be555d5afde3dd33cdcb,532343491623,00,090124,175632,38985,,1,1,0,YBS,0,Emmett24@abfspay,YBS,4814,jiopay.data@timecosmos,SMB,SBM7891669,1,95407646592,INB,KTP0824944,2,87998886077
TX,U2,a09c41b4372ae9df7eef7c11,171636156707,0,090124,191913,68488,,1,1,0,KTP,0,Adela.Wolff@okhdfcbank,MBK,5816,airpay.submarine@timecosmos,SMB,SBM7829568,1,88405215406,YOM,YBS3206887,2,37699700181
TX,U2,b77e949dadb47b2f6b6eb631,553747889225,Z7,090124,080902,12853,,1,1,0,BDN,0,Jessica_Mitchell46@yesg,FBL,5816,airpay.truck@timecosmos,SMB,SBM8102347,1,66980503926,YES,CNB3939196,2,91402650836
TX,U2,42da5fa29b6dae7c3ed521eb,602807501765,0,090124,140955,70234,,1,1,0,ICI,0,Barrett.Zulauf@apl,BOI,5411,finopay.corner@timecosmos,SMB,SBM3397077,1,14463906767,INB,PNB8199528,2,89423772300
TX,U2,08d54de5e142d9c0da9eb89d,177082924576,Z9,090124,011158,41576,,1,1,0,FBL,0,Elliott_Ziemann47@yesg,CBI,4722,tripay.expedition@timecosmos,SMB,SBM2539160,1,77345716617,YBS,BOM3930674,2,08272065770
TX,U2,dca8a8bf391d450cac0a9cdd,931034338262,Z9,090124,203314,30411,,1,1,0,BOI,0,Nigel.McCullough@timecosmos,YJU,4814,jiopay.cable@timecosmos,SMB,SBM0161917,1,71488710062,ARL,KTP7058891,2,25460058163
TX,U2,be98bd9dea3eab01f1d0dbbc,493973705493,00,090124,053507,29091,,1,1,0,CNB,0,Barney_Hilll81@abfspay,HDF,5411,finopay.greenbasket@timecosmos,SMB,SBM2907701,1,21338154969,FIB,FBL5527884,2,06780000209
TX,U2,c255afd1ad8f687d421da3be,676780185780,Z7,090124,071232,25336,,1,1,0,KMB,0,Barbara_Thiel90@oksbi,BOM,5814,razorpay.pasta@timecosmos,SMB,SBM8028631,1,83889086718,YES,BOI4285317,2,13831863706
TX,U2,1b2d8f5d6fbf2e1278cf8af5,546819993968,0,090124,002003,31998,,1,1,0,GTI,0,Donavon_Fay75@ybl,HDF,5814,razorpay.burger@timecosmos,SMB,SBM9027766,1,16306717436,BOM,IOB3885385,2,23571573386
TX,U2,e6bb9bbedb45e2c2151edee8,730991026624,Z7,090124,201225,83249,,1,1,0,IPB,0,King.Wuckert@icici,CNB,5816,airpay.scooter@timecosmos,SMB,SBM3788118,1,74000087468,YBS,KMB9182151,2,00498538090
TX,U2,7ec0f4c64b94ebe53447d48b,479246298202,Z7,090124,064419,96341,,1,1,0,MBK,0,Ebba_Franey@axl,KMB,5411,finopay.greenbasket@timecosmos,SMB,SBM3988497,1,43780244761,CBI,YJU3505519,2,01197180475
TX,U2,443ca6e6547dbe5acddc23d4,269038538247,Z9,090124,220147,33503,,1,1,0,IOB,0,Octavia.Kessler56@ybl,KMB,5411,finopay.corner@timecosmos,SMB,SBM3724766,1,70904698480,YOM,GTI6006456,2,46055810770
TX,U2,a6ac4fc3b42c2cefaefce1ab,817948587741,RB,090124,061657,73649,,1,1,0,BOM,0,Lily.Hyatt67@fkaxis,IDC,4722,tripay.tour@timecosmos,SMB,SBM3266837,1,98632270810,YOM,BOM4675461,2,99335197744
TX,U2,4ab8faaa75bacabda0de96cc,669231694429,Z7,090124,125433,55099,,1,1,0,BOM,0,Ezekiel.Langosh34@yesg,BOM,5816,airpay.drone@timecosmos,SMB,SBM5021057,1,08512534099,YBS,ARL9126738,2,48328522133
TX,U2,01bfcf50a3ff82bde0d9a74a,382917986654,RB,090124,100125,11310,,1,1,0,IOB,0,Alexis.Friesen10@fkaxis,KMB,4814,jiopay.voip@timecosmos,SMB,SBM3891897,1,23046065124,CNB,MBK6979879,2,91400807073
TX,U2,5cffccb68ffdb03f3eb7b6ff,817106276262,Z7,090124,054702,11858,,1,1,0,BOI,0,Abel56@abfspay,ARL,5816,airpay.scooter@timecosmos,SMB,SBM2343118,1,63780549955,KMB,YJU0248903,2,29266459684
TX,U2,73b93238eea24c0e74b21098,430216998836,Z7,090124,051028,34852,,1,1,0,BOI,0,Dena.Schulist@timecosmos,YJU,5411,finopay.foodland@timecosmos,SMB,SBM0875109,1,79609044257,GTI,BOM9676640,2,08722942596
TX,U2,d53edab0becebfcd6ce66eba,679440353924,00,090124,023348,30754,,1,1,0,CNB,0,Eldora.Gleason@oksbi,KMB,4722,tripay.globetrot@timecosmos,SMB,SBM0552748,1,95795369368,BOB,IDC4893784,2,34012535724
TX,U2,63b70ae13eacb5a58546b222,464869483126,Z7,090124,081024,6589,,1,1,0,IOB,0,Laurianne54@rapl,YOM,5816,airpay.airplane@timecosmos,SMB,SBM9245281,1,52650824923,BOM,SIB0379468,2,32605256007
TX,U2,6c7e2caeafcfde84e0ad43b3,252055952592,00,090124,053519,95621,,1,1,0,IDB,0,Ruby.Effertz@okicici,CNB,4814,jiopay.voip@timecosmos,SMB,SBM5573832,1,61701727849,SIB,INB2817088,2,31354850207
TX,U2,bbd06dbc3a4cd8f17fa5eaaa,001158204857,Z7,090124,193630,66739,,1,1,0,ARL,0,Eli.Dooley@icici,IIB,5816,airpay.bike@timecosmos,SMB,SBM5278347,1,15069151920,ICI,AXB3939926,2,15843114500
TX,U2,0cdc8d2701e5c4f9bd7d3b0b,918399786175,0,090124,104608,4376,,1,1,0,SIB,0,Gregory20@okhdfcbank,IDB,5411,finopay.corner@timecosmos,SMB,SBM8641124,1,26354131004,KTP,BOI6617029,2,79530439527
TX,U2,2a4474d913d2bff31b911de0,355330560175,00,090124,200900,11478,,1,1,0,CBI,0,Tess.Sanford@apl,YBS,5814,razorpay.dessert@timecosmos,SMB,SBM0292722,1,67486157903,SIB,IDB0443066,2,45669234555
TX,U2,f35e9039be2d4db81ccf0d6c,603337821846,Z7,090124,032656,18911,,1,1,0,ARL,0,Rubye_Hoppe58@okaxis,SIB,5814,razorpay.salad@timecosmos,SMB,SBM3795049,1,88219746215,YOM,KMB5707009,2,99779985102
TX,U2,3c5eb4cbbe139b5dcc2deeef,894488113547,RB,090124,185036,83525,,1,1,0,IIB,0,Melany.Mayert99@apl,BOM,4814,jiopay.mobile@timecosmos,SMB,SBM6193188,1,63688796561,FBL,BOB3558942,2,68218354630
TX,U2,cdf18cdcded4a1b8cf601e4c,509881485238,0,090124,002438,40529,,1,1,0,YJU,0,Emie_Hegmann@apl,IIB,4814,jiopay.data@timecosmos,SMB,SBM3281114,1,63442079259,IOB,UOB1522921,2,67105819921
TX,U2,ca21eb046ece1fc9626fdee5,022795262037,Z7,090124,174406,82624,,1,1,0,AXB,0,Mandy_Rau23@abfspay,HDF,4814,jiopay.fiber@timecosmos,SMB,SBM6964220,1,81320140522,IDB,YES3296481,2,68920614206
TX,U2,a3f2054fe029c0acdbeba65e,561618797462,RB,090124,175219,94075,,1,1,0,SIB,0,Celia84@abfspay,PNB,4722,tripay.getaway@timecosmos,SMB,SBM6762857,1,21603516734,BOB,IDB7604184,2,60998875583
TX,U2,cddb3d0af8c3adec98758538,755588173173,Z7,090124,064000,20452,,1,1,0,UOB,0,Austin.Buckridge-Kuphal@axl,YJU,5411,finopay.organic@timecosmos,SMB,SBM0644569,1,48599716229,BDN,IPB9273111,2,41444679456
TX,U2,4c6cb0ec5fd81ee91f4fce2a,955674067509,0,090124,205154,11380,,1,1,0,MBK,0,Toby_Oberbrunner@okaxis,FIB,4722,tripay.destinations@timecosmos,SMB,SBM0498344,1,05452494870,YOM,PNB6204158,2,24940154098
TX,U2,efdbe5b81a45ea051ebc83a8,168727303132,00,090124,085206,18735,,1,1,0,MBK,0,Billie.Runolfsson76@okicici,GTI,4814,jiopay.data@timecosmos,SMB,SBM8490255,1,13458664835,APP,AXB0018336,2,60282386094
TX,U2,992bb5ece86aef9cb5b2b3ae,948482106532,RB,090124,052243,44284,,1,1,0,UOB,0,Kaci70@okhdfcbank,APP,5816,airpay.airplane@timecosmos,SMB,SBM5051785,1,55487377156,IDC,AXB6253840,2,23243736527
TX,U2,fd12e46ac0d1c6b4a38ecce5,881282163048,0,090124,113109,72159,,1,1,0,BOI,0,Antonio.Brekke@axisb,INB,5411,finopay.town@timecosmos,SMB,SBM5948046,1,88826385573,FIB,SIB3930134,2,72976805371
TX,U2,170d0caf31af4df8879fc0ab,445250469531,Z7,090124,001337,1917,,1,1,0,YBS,0,Jasmin30@idfcbank,BDN,5814,razorpay.pasta@timecosmos,SMB,SBM3841870,1,85526659435,CBI,YES4364481,2,55949671229
TX,U2,1d551b2253e26529af481cee,959612168856,Z9,090124,060934,23554,,1,1,0,ARL,0,Jeremy.Fritsch@timecosmos,FBL,4814,jiopay.convergence@timecosmos,SMB,SBM7685162,1,71172555105,KVB,BOI6673410,2,54807676344
TX,U2,8f6c9db6d582dc5ce3b8ae2c,477694481916,RB,090124,071112,75900,,1,1,0,IOB,0,Edwina_Kuvalis70@axl,FBL,4722,tripay.getaway@timecosmos,SMB,SBM8720138,1,36391219888,CNB,YBS3910020,2,45206737660
TX,U2,dba36442dec0acebb9cf69fc,668851445392,00,090124,071121,35236,,1,1,0,YBS,0,Lizeth.Sauer7@abfspay,CNB,4722,tripay.globetrot@timecosmos,SMB,SBM4819839,1,22378947484,APP,YES6209657,2,11039614111
TX,U2,faed625a777efe1bbbcebd4b,437606799780,RB,090124,092812,64196,,1,1,0,BOI,0,Alene.Weber@axisb,GTI,5411,finopay.foodland@timecosmos,SMB,SBM1503388,1,96922702300,UCO,INB3106332,2,28496964050
TX,U2,01dadfc8a0e91ed8cfa9aa10,190182476799,Z7,090124,051953,6438,,1,1,0,PNB,0,Deon_Padberg@apl,UOB,4814,jiopay.broadband@timecosmos,SMB,SBM2396670,1,91623301413,PNB,BOM9461798,2,68038842006
TX,U2,7b9a4ead9fbacaaf2eecebb4,516641316459,RB,090124,143054,75988,,1,1,0,IOB,0,Cleta35@okicici,UOB,5814,razorpay.steak@timecosmos,SMB,SBM5058500,1,92914893558,IDB,KVB4124540,2,29589738272
TX,U2,eded4a4cbd45ce2bcdbd0ad5,007174181351,00,090124,131006,62697,,1,1,0,IDC,0,Maxine_Reichert78@apl,ARL,5814,razorpay.vegetarian@timecosmos,SMB,SBM3053251,1,28287006752,IIB,KMB5020376,2,33831816874
TX,U2,19faedfba5cf3ccd56e0c407,109946372918,Z7,090124,142423,32113,,1,1,0,ARL,0,Bonnie.Jast-Larson@ybl,PNB,5816,airpay.drone@timecosmos,SMB,SBM9066770,1,96696589105,BOM,FIB2014753,2,33140385896
TX,U2,57d13270df65aa2bd2fda48d,798624309704,Z7,090124,033624,49743,,1,1,0,UCO,0,Margarita_Pollich79@apl,HDF,5816,airpay.boat@timecosmos,SMB,SBM4788761,1,82548855431,YES,KTP1034724,2,38694252132
TX,U2,1cbec6a182d44fd94b843bfc,888822448674,Z7,090124,234354,58195,,1,1,0,UOB,0,Cory_Fay98@okhdfcbank,BOI,5411,finopay.greenbasket@timecosmos,SMB,SBM8272142,1,33386272362,ICI,CBI9403140,2,58335861109
TX,U2,7abaf32c00396cc447ff13eb,392611560794,RB,090124,154117,47550,,1,1,0,BOM,0,Arthur86@timecosmos,BOM,4814,jiopay.cable@timecosmos,SMB,SBM4347355,1,44292992845,INB,BOI0783378,2,69251228929
TX,U2,0be7bcfb08f2cbeec9634dcc,765498137462,Z9,090124,040630,89940,,1,1,0,PNB,0,Edgardo45@oksbi,PNB,5814,razorpay.pasta@timecosmos,SMB,SBM4887825,1,78567119483,YBS,SIB7945350,2,33944517787
TX,U2,dfa1075e57cd01b2995bcfbc,324174546245,Z9,090124,100746,77668,,1,1,0,PNB,0,Augustus37@apl,CNB,5814,razorpay.dessert@timecosmos,SMB,SBM9662660,1,78689163978,CBI,BOM8675760,2,37567823731
TX,U2,b61e0ff5093bd7f0bab7c90a,150793868462,RB,090124,123448,63711,,1,1,0,IOB,0,Chaim.OHara@abfspay,CNB,4814,jiopay.data@timecosmos,SMB,SBM9475035,1,41842750889,PNB,FBL2118923,2,88543222296
TX,U2,929f2bef8eb49ac95d003dee,038527362220,RB,090124,073915,26336,,1,1,0,BOM,0,Robb_Sanford@okaxis,INB,5411,finopay.dailygrocer@timecosmos,SMB,SBM0685201,1,02041127199,UCO,SIB4663898,2,91625668807
TX,U2,8723cad108ccce9a4efe5c36,091946651159,0,090124,090626,87714,,1,1,0,IDC,0,Alia_Ratke93@rapl,IOB,5814,razorpay.salad@timecosmos,SMB,SBM2231315,1,52341886348,YJU,FIB4309054,2,32982885233
TX,U2,907fcd8c1e08abcfffb8b969,639361377654,0,090124,041821,1541,,1,1,0,BOM,0,Florencio_Towne28@yesg,KMB,4814,jiopay.internet@timecosmos,SMB,SBM6779467,1,19957892365,IDC,INB1865332,2,17899774432
TX,U2,ecc5ff0c0f8f49cfa57f33de,209851383902,00,090124,182336,33148,,1,1,0,YOM,0,Willa75@yapl,INB,4814,jiopay.broadband@timecosmos,SMB,SBM1087722,1,39792221971,IIB,BOI0358355,2,42725451198
TX,U2,3d1cc1adecf3a3ad0f433def,334152381815,Z9,090124,132719,78431,,1,1,0,IDC,0,Gerson.Hauck97@paytm,GTI,4814,jiopay.voip@timecosmos,SMB,SBM6189446,1,14360873169,APP,IDB7282044,2,34949423785
TX,U2,ad8d89c5d3bf1c5bd6ef00a3,671541411116,Z7,090124,010051,29045,,1,1,0,YBS,0,Candido.Bergstrom24@paytm,BDN,5814,razorpay.sushi@timecosmos,SMB,SBM2396546,1,27691725036,ARL,UCO8923918,2,22710603007
TX,U2,dbcffcd0bd28d29e8cad2885,179434120213,0,090124,200551,67553,,1,1,0,CBI,0,Ottis1@okhdfcbank,ICI,4722,tripay.expedition@timecosmos,SMB,SBM5406192,1,42739405976,CBI,ARL1213742,2,80853243118
TX,U2,22aee091a05c89d2fda6056a,189712324445,Z7,090124,185700,45955,,1,1,0,SBI,0,Antoinette.Bode26@okaxis,CNB,4722,tripay.destinations@timecosmos,SMB,SBM7170207,1,77433498232,BOB,UOB6627724,2,65385491212
TX,U2,6a4aee1ff6cfcbf5b66ddde3,706311635517,Z9,090124,000735,85592,,1,1,0,YOM,0,Mossie_Kozey@okhdfcbank,HDF,4814,jiopay.broadband@timecosmos,SMB,SBM2244574,1,21492049539,YJU,BOM9304947,2,66358515212
TX,U2,453d290dbd9e8d6a2ba87b7f,627321927731,RB,090124,160129,79757,,1,1,0,CBI,0,Harrison.Kiehn@idfcbank,FBL,5411,finopay.dailygrocer@timecosmos,SMB,SBM5295928,1,38702997847,FBL,PNB7982528,2,93221306579
TX,U2,bbb921a8445339efa6d770af,594327446544,00,090124,112744,1141,,1,1,0,APP,0,Bianka.Runolfsson65@abfspay,APP,5814,razorpay.burger@timecosmos,SMB,SBM4333266,1,62652720732,INB,BOM4828295,2,23872204723
TX,U2,4014b3afcf7dc2fdcdfbfa1f,262042875551,Z7,090124,150715,82664,,1,1,0,ARL,0,Ramona_Ritchie@yapl,GTI,5816,airpay.boat@timecosmos,SMB,SBM3379643,1,79561707451,KVB,BOM2563643,2,23714507543
TX,U2,65d5fad04311ccedb3bdbee0,333554056811,Z9,090124,061232,97802,,1,1,0,AXB,0,Kailyn.Spinka@idfcbank,BOB,5814,razorpay.dessert@timecosmos,SMB,SBM3645846,1,13464496785,MBK,BOM8635869,2,96096735572
TX,U2,ba08af687b9b40ca7090733d,553441748449,RB,090124,151033,6496,,1,1,0,ARL,0,Rashawn.Hagenes48@oksbi,PNB,4722,tripay.wander@timecosmos,SMB,SBM8390173,1,37153894007,BOM,HDF4461424,2,89406507445
TX,U2,a6db3b7f44a9c8cc53fc95b6,889410704857,RB,090124,194336,495,,1,1,0,FBL,0,Candace_Adams8@timecosmos,IPB,5816,airpay.drone@timecosmos,SMB,SBM9820552,1,19628543459,CNB,UOB5436450,2,12579185422
TX,U2,50f55d5cd448bef48cc9be5c,799328664375,Z9,090124,231746,76163,,1,1,0,HDF,0,Christa.Beahan@timecosmos,FIB,5816,airpay.bike@timecosmos,SMB,SBM8155258,1,76752875530,IIB,CBI6157409,2,34144513085
TX,U2,3bb7cc9b2b9a1ddedc94ce73,713928713499,Z7,090124,224607,95412,,1,1,0,KTP,0,Darrel.Franecki80@timecosmos,KVB,4722,tripay.tour@timecosmos,SMB,SBM2315621,1,82449747917,PNB,KTP9880371,2,42880347241
TX,U2,fcb42f7dcf2394e3b1c16f28,201206970997,0,090124,103457,76973,,1,1,0,BOI,0,Cordie.Rosenbaum@apl,KMB,4814,jiopay.satellite@timecosmos,SMB,SBM7926454,1,73955312898,SIB,PNB2954213,2,57362440513
TX,U2,bd0f3afe63e0a11abbbfced0,891532239829,00,090124,115023,6474,,1,1,0,AXB,0,Alejandrin.OKeefe-Ward52@yesg,CNB,5816,airpay.truck@timecosmos,SMB,SBM8216661,1,83653817640,INB,APP7860321,2,55308746060
TX,U2,c1bce2d8e9dd3b643fe11033,645364285675,RB,090124,214101,47256,,1,1,0,YBS,0,Shannon0@idfcbank,APP,5816,airpay.submarine@timecosmos,SMB,SBM9021241,1,83370095299,IPB,YES9669467,2,47909853444
TX,U2,21441f4e6e6cae585cc4aa56,679705263028,00,090124,162701,32740,,1,1,0,CBI,0,Nicklaus54@abfspay,AXB,5814,razorpay.salad@timecosmos,SMB,SBM5309966,1,62455502465,APP,IDC9723206,2,75189153475
TX,U2,3b57cfd6f9fe5d8caf5b1040,272901229280,0,090124,034925,88094,,1,1,0,SIB,0,Ella88@okicici,YES,5411,finopay.town@timecosmos,SMB,SBM7649713,1,89085980180,IDC,HDF0162745,2,90821883282
TX,U2,1afe2c7efd3fea9ec5e492da,903260528628,0,090124,184227,131,,1,1,0,BOM,0,Rhiannon.Carroll@fkaxis,BDN,5411,finopay.foodland@timecosmos,SMB,SBM0885960,1,33067401326,YOM,KVB7157742,2,85279022397
TX,U2,46b0dad01d03accce6d9c2e9,004840897050,Z9,090124,183734,85301,,1,1,0,INB,0,Alvena43@abfspay,MBK,5814,razorpay.steak@timecosmos,SMB,SBM7216089,1,25667163504,MBK,ARL2018183,2,53469415932
TX,U2,66ddbc3f8255e706da90afcf,918119069837,0,090124,200029,87032,,1,1,0,INB,0,Marisol3@yesg,MBK,5816,airpay.drone@timecosmos,SMB,SBM9666463,1,28047449918,IDB,YJU0163667,2,74753281925
TX,U2,dace8c5eadf7fb0cc7a61a46,282407602553,0,090124,120817,17880,,1,1,0,YBS,0,Kenyatta.Pouros@ybl,FBL,4814,jiopay.satellite@timecosmos,SMB,SBM2011641,1,50765745674,MBK,YJU6127932,2,03543488471
TX,U2,bd2d9f304bf7f4301b41bdcd,861217276764,Z9,090124,033415,43235,,1,1,0,YES,0,Bethel79@rapl,PNB,5814,razorpay.tacos@timecosmos,SMB,SBM4297011,1,98167094476,FIB,IDB8117407,2,95392719429
TX,U2,2d929f71a9281a44e7cffa84,392343970673,Z9,090124,023116,4028,,1,1,0,UCO,0,Bernadette52@timecosmos,BDN,5411,finopay.marketplace@timecosmos,SMB,SBM7007021,1,85461887754,BOI,YES7369329,2,51475788247
TX,U2,cd2fb47cbe72dfd75c70070c,147028981774,Z7,090124,065004,15012,,1,1,0,YOM,0,Dale57@yapl,KVB,5411,finopay.dailygrocer@timecosmos,SMB,SBM1227828,1,56297663908,ICI,KMB8414714,2,85175618801
TX,U2,ac2f3d5a982ccc3e9dbaade2,956800761778,RB,090124,132724,72,,1,1,0,INB,0,Forest_Herzog24@apl,FBL,5816,airpay.drone@timecosmos,SMB,SBM1997928,1,25866953707,BOI,INB7318925,2,79438351907
TX,U2,ebabe074e7848ecfadb79d4c,308618400841,00,090124,085748,56239,,1,1,0,ARL,0,Jacky_Steuber42@paytm,BDN,5814,razorpay.dessert@timecosmos,SMB,SBM5103380,1,70119012168,IDB,BOB8508531,2,33414436583
TX,U2,ffd37eafce231e3ed620dbcb,422862178782,0,090124,045713,437,,1,1,0,MBK,0,Tristian_Quitzon@ybl,YJU,4814,jiopay.satellite@timecosmos,SMB,SBM0727368,1,41729570436,SIB,AXB7396544,2,83556536178
TX,U2,bbfed01fe03cbfff39afd0ca,382552565157,0,090124,060352,82226,,1,1,0,ICI,0,Jaime.Ortiz@apl,BOM,4722,tripay.escape@timecosmos,SMB,SBM7677337,1,62100179623,IOB,GTI3918683,2,50669975375
TX,U2,fcbc8582fffcee35b0e18216,270445590406,Z7,090124,143441,31144,,1,1,0,ARL,0,Zoie.Greenholt46@axl,BOI,4814,jiopay.voip@timecosmos,SMB,SBM4386406,1,07062555018,ARL,SIB6203371,2,65452520134
TX,U2,413ba4dae28a6d595cc36f5a,926590834487,Z7,090124,075308,52766,,1,1,0,ICI,0,Norma.Mertz@oksbi,GTI,5814,razorpay.steak@timecosmos,SMB,SBM1261275,1,26733085688,CBI,PNB2920251,2,09444882654
TX,U2,6908c87b8a50a860fa5f05fe,106664964795,Z9,090124,224623,72392,,1,1,0,ICI,0,Zack.Hermiston-Bogisich51@abfspay,IDB,4814,jiopay.fiber@timecosmos,SMB,SBM1050860,1,47135041067,HDF,BOI3596665,2,59477469810
TX,U2,131ebce5f744eabd9ae1ceb1,611010752295,Z7,090124,013135,95573,,1,1,0,BOI,0,Angelina_Reynolds74@abfspay,UOB,5411,finopay.town@timecosmos,SMB,SBM7117938,1,74011666588,IOB,BOI1354258,2,07842400524
TX,U2,ebe047dfb0e7547a0ced7c2d,828252292262,Z7,090124,055551,58859,,1,1,0,BOB,0,Jonathan41@yesg,KVB,4814,jiopay.satellite@timecosmos,SMB,SBM5610283,1,90428168497,SIB,GTI9580446,2,12172363927
TX,U2,f631d0a525a66941c47e3eea,809663383676,RB,090124,090650,33597,,1,1,0,YJU,0,Callie98@idfcbank,KMB,4722,tripay.adventure@timecosmos,SMB,SBM3265755,1,88079766222,YJU,FIB0662679,2,33268405936
TX,U2,1a8f58acae963c734e3ba6dc,125951433167,RB,090124,022741,25770,,1,1,0,FIB,0,Piper_Ebert55@axisb,MBK,4814,jiopay.data@timecosmos,SMB,SBM2305949,1,41780761389,FBL,AXB5937106,2,41210416772
TX,U2,cee4ca2abcf1bd24f2ad2acb,557782636981,Z7,090124,075535,92162,,1,1,0,KVB,0,Walker.Schmitt@yesg,BOM,4722,tripay.vacation@timecosmos,SMB,SBM4825699,1,15820204157,AXB,CNB6496554,2,54774797545
TX,U2,ee9d7c6a2b379f4964d11e8f,362556324043,Z7,090124,230205,54549,,1,1,0,KVB,0,Cyrus60@okicici,KMB,5816,airpay.scooter@timecosmos,SMB,SBM3597627,1,37675685331,SIB,AXB1306601,2,92895758990
TX,U2,1af8becc502b0cbbcfcaa8be,558693491845,Z9,090124,173935,66180,,1,1,0,BOM,0,Shaylee.Reynolds67@timecosmos,YJU,5816,airpay.drone@timecosmos,SMB,SBM4989617,1,83604699287,APP,PNB3315609,2,80915971269
TX,U2,cacefdad9b53066cfadea2e1,918285045058,Z7,090124,165851,44155,,1,1,0,BOB,0,Annabelle10@axisb,IPB,5411,finopay.freshmart@timecosmos,SMB,SBM2493185,1,37161835752,SBI,SIB7810215,2,71583275679
TX,U2,5e0576da5f7dda565ff4b8af,926306082850,Z9,090124,025547,29641,,1,1,0,ARL,0,Clair69@yapl,ICI,5814,razorpay.burger@timecosmos,SMB,SBM8107051,1,54796365830,IOB,FBL8504182,2,24969870917
TX,U2,7ec7c26341e9c5c84f7164de,239997665303,RB,090124,060456,78760,,1,1,0,PNB,0,Aniyah.Anderson64@abfspay,PNB,5814,razorpay.tacos@timecosmos,SMB,SBM4906438,1,65585845113,BOM,YBS2435956,2,65194014752
TX,U2,eaeeebf1a808a35a1c4c3e14,692295998544,Z9,090124,153403,82873,,1,1,0,BDN,0,Fredrick51@okicici,IPB,5814,razorpay.dessert@timecosmos,SMB,SBM9084218,1,88305366146,HDF,CBI1503415,2,98675007963
TX,U2,d3a04c86d7b6b7811db539a5,736094146312,00,090124,154519,40549,,1,1,0,YJU,0,Bella35@fkaxis,UCO,5411,finopay.organic@timecosmos,SMB,SBM2577478,1,16144195207,YJU,APP9304550,2,06877458901
TX,U2,d6b2ab91e96aadd3bbfb90ae,869446760283,Z9,090124,021323,76524,,1,1,0,IDB,0,Marion.Prosacco8@axl,FBL,5816,airpay.car@timecosmos,SMB,SBM4401067,1,92989548726,IDC,CNB9881738,2,66711690746
TX,U2,eaaa4f749e6dcafaebaabb00,043365711520,RB,090124,050213,88470,,1,1,0,YJU,0,Jazmin15@okhdfcbank,ICI,5411,finopay.corner@timecosmos,SMB,SBM7000667,1,68645630539,IIB,YES6357515,2,67902159156
TX,U2,beffac8b021be8cedeac4def,898508565268,RB,090124,023446,1641,,1,1,0,FBL,0,Easton.Powlowski18@fkaxis,CNB,4814,jiopay.mobile@timecosmos,SMB,SBM2415989,1,07711127543,BDN,APP5875690,2,58384889145
TX,U2,66c22f47b5f9dbea0f24e2dd,374538310263,Z9,090124,190223,48545,,1,1,0,CNB,0,Angela45@fkaxis,BOI,5814,razorpay.pizza@timecosmos,SMB,SBM3187580,1,22775629535,FBL,FBL8042121,2,20303180543
TX,U2,ff61c4a2753ad70e42cb9b2f,516526385796,00,090124,214103,10849,,1,1,0,AXB,0,Charity70@paytm,KVB,5814,razorpay.steak@timecosmos,SMB,SBM7114706,1,10636507924,PNB,IPB2975190,2,15107989680
TX,U2,8234db79cccab9ab9a7d56ad,402327065840,Z9,090124,072736,53609,,1,1,0,SBI,0,Kaley.Mitchell18@axl,YBS,5816,airpay.bike@timecosmos,SMB,SBM5588328,1,75709493597,YOM,ARL1342612,2,67658835293
TX,U2,ce5de6308a62474d1af8d3ae,639552585215,0,090124,130806,12703,,1,1,0,UCO,0,Casey_Hackett@timecosmos,APP,5816,airpay.airplane@timecosmos,SMB,SBM0935908,1,77868185497,CBI,AXB8458197,2,75184203540
TX,U2,dd3bfaef3c5dc7a9c5baefce,432760487123,0,090124,113401,25874,,1,1,0,BOI,0,Horacio.Muller@paytm,YOM,4722,tripay.tour@timecosmos,SMB,SBM8405228,1,46338128514,MBK,CNB7144687,2,91055536730
TX,U2,c408fd1fc848c1fbc49dd8b8,076646227265,0,090124,072347,52603,,1,1,0,FBL,0,Garret40@icici,YJU,5411,finopay.greenbasket@timecosmos,SMB,SBM6222782,1,44050911540,GTI,BOI4314531,2,59640226725
TX,U2,658e0e204e1e66ee4ff3ff8a,297300443623,RB,090124,122846,50118,,1,1,0,YES,0,Dianna22@oksbi,YES,4814,jiopay.fiber@timecosmos,SMB,SBM1311715,1,44209106550,YBS,HDF0865725,2,09877876062
TX,U2,7811fb7debf1ffba809ce3e3,192609868539,00,090124,130614,73675,,1,1,0,APP,0,Edyth_Lind@icici,YOM,4814,jiopay.internet@timecosmos,SMB,SBM6203474,1,58596242018,HDF,APP7436369,2,39396146379
TX,U2,abffd8fef0e71b165a305abb,688984727920,00,090124,175724,5037,,1,1,0,BOI,0,Gretchen_Cole98@timecosmos,INB,5411,finopay.dailygrocer@timecosmos,SMB,SBM2991470,1,20655591256,UCO,UOB1579022,2,41167847214
TX,U2,db6ad9ff4ab7ec8241d90153,425776455142,Z7,090124,221622,39260,,1,1,0,IPB,0,Alexzander38@timecosmos,YOM,4814,jiopay.data@timecosmos,SMB,SBM8705765,1,79487234612,FBL,ICI8115137,2,51602701021
TX,U2,23d27801ecadfa2dabdbab41,492919160682,Z7,090124,090538,24900,,1,1,0,IPB,0,Zelma.Quitzon38@okhdfcbank,ICI,5816,airpay.truck@timecosmos,SMB,SBM7869819,1,48243657775,IDB,INB0670230,2,51956193048
TX,U2,cb77e0e8a006c8e835ebb3d6,612971663207,0,090124,144359,13204,,1,1,0,FIB,0,Luciano_Kiehn29@fkaxis,IDB,5411,finopay.organic@timecosmos,SMB,SBM7470284,1,91337727200,YOM,BOB8159478,2,67078549522
TX,U2,2ebc2e093c1e7b6d20edb58a,347939567898,0,090124,085215,12952,,1,1,0,ICI,0,Kailey_Hamill49@oksbi,YOM,5814,razorpay.steak@timecosmos,SMB,SBM2683746,1,50523669554,UCO,UCO8645842,2,22986029678
TX,U2,248deabec568ee6f7f24ae95,342188047119,00,090124,151413,72942,,1,1,0,HDF,0,Wilmer66@abfspay,UOB,5816,airpay.drone@timecosmos,SMB,SBM9594232,1,60490255225,IPB,INB4108192,2,56367784397
TX,U2,fbb4b5dec77e6aedfc4b2e33,812462217266,RB,090124,084102,269,,1,1,0,SIB,0,Marlen_Skiles66@idfcbank,BOM,5816,airpay.bike@timecosmos,SMB,SBM0393156,1,01768552133,IDB,BOM4283702,2,31704643348
TX,U2,3af6a54dfbf40ca799ccdd5f,761897249374,00,090124,202235,16413,,1,1,0,IDB,0,Asia93@paytm,KMB,5411,finopay.organic@timecosmos,SMB,SBM9301514,1,50346106409,IDC,YBS2797780,2,74825122935
TX,U2,69eb1cca11c73da1cca05fba,538809991042,RB,090124,065554,24515,,1,1,0,YES,0,Ariane.Halvorson-Hessel54@axisb,BOI,4722,tripay.globetrot@timecosmos,SMB,SBM5479699,1,74289250429,YES,FIB6871632,2,76042163246
TX,U2,c71eaffae6a8adfeb2dd0483,969818226731,00,090124,074931,55003,,1,1,0,BOB,0,Clyde40@yapl,GTI,4814,jiopay.data@timecosmos,SMB,SBM6170124,1,43163493490,YBS,KTP0032863,2,05193738471
TX,U2,fa76f5abefdc9a2eaa0cbfe2,120062354308,00,090124,094206,98142,,1,1,0,ARL,0,Lela_Jaskolski@icici,FBL,4814,jiopay.internet@timecosmos,SMB,SBM0341178,1,38605534714,YOM,YBS9155580,2,33807089661
TX,U2,4dca1ae01f0f99cbdffb014b,955368609128,00,090124,140014,73364,,1,1,0,UCO,0,Abel64@abfspay,YOM,4722,tripay.destinations@timecosmos,SMB,SBM0867984,1,87165275441,PNB,UCO7629678,2,80604889186
TX,U2,bad1bbfcac07eee52dd0364c,315260454782,RB,090124,121620,72193,,1,1,0,APP,0,Christine_Dach28@okaxis,BOM,4722,tripay.explore@timecosmos,SMB,SBM5421057,1,10830195110,GTI,IDC0669079,2,10574566302
TX,U2,d84cefddf5befdfb83d6c732,688140743840,RB,090124,215621,75258,,1,1,0,CNB,0,Gage.Kassulke51@oksbi,IDC,5816,airpay.helmet@timecosmos,SMB,SBM3596457,1,48211410854,HDF,FBL9234720,2,90475909468
TX,U2,6c3f691a9a1bc7fececcdae6,815595286199,Z9,090124,203929,33493,,1,1,0,YOM,0,Mabel85@paytm,FIB,5411,finopay.timecosmosrite@timecosmos,SMB,SBM8336119,1,01615711626,SBI,ICI8203282,2,18652080914
TX,U2,02d45ef4ffc9ca8f7d9acd7e,885198725674,Z9,090124,042659,52827,,1,1,0,BOB,0,Furman_Mraz@timecosmos,SBI,5814,razorpay.sushi@timecosmos,SMB,SBM6062728,1,46983906009,INB,AXB2218175,2,97890708580
TX,U2,b42c9553102b5e6e4b15db24,133764155499,00,090124,232738,46923,,1,1,0,CBI,0,Susie_Emmerich3@fkaxis,BDN,4814,jiopay.voip@timecosmos,SMB,SBM3867511,1,02250009828,BDN,IDC7112115,2,46278400837
TX,U2,bcaff3c7afea7b3ab2faac39,356154021629,00,090124,053454,84277,,1,1,0,YJU,0,Jodie_Dibbert@icici,KMB,5814,razorpay.vegetarian@timecosmos,SMB,SBM8522427,1,94746216809,BOM,KMB5387765,2,09675785032
TX,U2,af285806e1f525ff6c13aa94,761995696828,Z7,090124,145754,39590,,1,1,0,ARL,0,Nayeli30@ybl,SIB,5816,airpay.truck@timecosmos,SMB,SBM4249658,1,42766932411,FIB,BOM5348459,2,02683373881
TX,U2,c72f5109aa5ac6effb3b33e1,332900662109,RB,090124,221928,98174,,1,1,0,APP,0,Sigrid.Hermiston@rapl,APP,5411,finopay.bulkstore@timecosmos,SMB,SBM0907259,1,53655302614,GTI,INB2768228,2,51014664825
TX,U2,a3ddbf5b4e80ae7dadbccbc1,544873982358,Z7,090124,073133,34106,,1,1,0,ICI,0,Graciela2@oksbi,SIB,5816,airpay.helmet@timecosmos,SMB,SBM3998732,1,74897422483,SBI,KMB8957555,2,81894112114
TX,U2,b2faa67bcbccc2cea6ab9c8e,707809424912,00,090124,182218,94593,,1,1,0,IDB,0,Dereck12@ybl,BOB,4722,tripay.explore@timecosmos,SMB,SBM9868089,1,51611008385,KTP,CNB7733040,2,36982657891
TX,U2,dffbe320b11cbc7a1de471ae,442044139091,00,090124,193911,46241,,1,1,0,GTI,0,Idell.Fisher@yesg,GTI,5816,airpay.submarine@timecosmos,SMB,SBM1587295,1,64740741572,BOI,INB7999117,2,97803858538
TX,U2,bd64052706c8b4ef7b4f44cf,501914053471,00,090124,203430,61995,,1,1,0,HDF,0,Meggie68@okaxis,YES,5411,finopay.timecosmosrite@timecosmos,SMB,SBM6522385,1,90248940273,CBI,PNB0544972,2,21719082063
TX,U2,f5a8bf3bcdbecbfaeafa126f,927286497663,00,090124,213637,40173,,1,1,0,BOB,0,Stephania55@rapl,IDB,5411,finopay.freshmart@timecosmos,SMB,SBM7994545,1,14032223135,SBI,BDN8998307,2,96168315875
TX,U2,cfddd58491f9ceb63d9a0960,516646969101,0,090124,192026,21127,,1,1,0,YBS,0,Roslyn_Boyle@axl,SBI,4722,tripay.globetrot@timecosmos,SMB,SBM9134439,1,88409702644,KVB,BOI6305170,2,98495243812
TX,U2,1955542b25bffefc2f88aa28,699323765786,00,090124,153234,21151,,1,1,0,PNB,0,Eula.MacGyver@okhdfcbank,MBK,5411,finopay.foodland@timecosmos,SMB,SBM9596780,1,24678888646,KVB,PNB9436691,2,21655936017
TX,U2,cee0cf3dc5def4c403844c89,360534619140,00,090124,192057,5531,,1,1,0,INB,0,Nelda_Metz11@axl,KVB,4814,jiopay.convergence@timecosmos,SMB,SBM8861425,1,20292135735,UCO,HDF1024970,2,00674428346
TX,U2,1ce3dd8f9ed2b9c1f4d3eaf1,950035284395,0,090124,124055,95260,,1,1,0,FBL,0,Tommie_Walter13@okaxis,IOB,5411,finopay.bulkstore@timecosmos,SMB,SBM8787757,1,89938392219,YBS,KTP9922971,2,85372130557
TX,U2,dafad6b00edf48f4bfdc3b8c,067386609181,Z9,090124,195020,95372,,1,1,0,SIB,0,Ryley49@axisb,AXB,5814,razorpay.soup@timecosmos,SMB,SBM9645115,1,71477457231,ICI,BOM8816610,2,08535338948
TX,U2,e2f03fdc9c35a7783fce22bf,730058612989,RB,090124,013742,962,,1,1,0,UCO,0,Pascale98@fkaxis,BOM,5814,razorpay.tacos@timecosmos,SMB,SBM9291386,1,62191459144,CNB,CNB7307667,2,87302808035
TX,U2,461d7a56cfab6348ae642f5a,376732852406,0,090124,172458,81858,,1,1,0,IOB,0,Moriah_Herzog@axisb,KMB,4814,jiopay.internet@timecosmos,SMB,SBM1734928,1,62111542771,MBK,YES2621711,2,46316269477
TX,U2,1ae9c6c3b044e4eead9ff1eb,698616925814,0,090124,115548,3035,,1,1,0,IDC,0,Kirsten.Ferry17@axl,BOM,4814,jiopay.satellite@timecosmos,SMB,SBM8741391,1,64987607910,IOB,SIB6844194,2,56270219191
TX,U2,2fcc93beccfac2e3d76ddebb,166790004729,0,090124,192124,99691,,1,1,0,CNB,0,Roderick26@yesg,BDN,5814,razorpay.salad@timecosmos,SMB,SBM9397433,1,39106990813,GTI,AXB1406163,2,12425778794
TX,U2,b85d1f0bf606a7abb2cec80e,901677975260,Z9,090124,212046,40073,,1,1,0,IDB,0,Kamron_Hackett6@axisb,BOB,5814,razorpay.vegetarian@timecosmos,SMB,SBM3336303,1,26268471924,HDF,KTP5582247,2,93229237846
TX,U2,3acc710d785ff0364c2edbf2,295554383481,00,090124,015724,44633,,1,1,0,BOB,0,Benedict78@idfcbank,BOM,5411,finopay.foodland@timecosmos,SMB,SBM8888167,1,87057165819,KMB,YOM2116352,2,27015097698
TX,U2,e5aedd4faaebca69acad5347,555105125272,00,090124,231024,12813,,1,1,0,IOB,0,Jan84@okicici,YES,5411,finopay.bulkstore@timecosmos,SMB,SBM7393603,1,78837402554,YBS,MBK3323895,2,38325147801
TX,U2,1add129cdcedf3baaffaeb0c,907143499045,00,090124,200514,36668,,1,1,0,BOM,0,Tatum38@okicici,BOM,4814,jiopay.voip@timecosmos,SMB,SBM2494009,1,57104981813,IDC,INB0490951,2,09674882388
TX,U2,17aaedba484c2c41813f5187,637108232871,RB,090124,063748,30614,,1,1,0,BOM,0,Brandyn1@ybl,KTP,4722,tripay.getaway@timecosmos,SMB,SBM9969341,1,24198662183,GTI,CNB3451089,2,04184401976
TX,U2,11bca08f9dab8fcade81fadc,262942970813,0,090124,155005,85961,,1,1,0,YES,0,Saul26@yesg,KVB,5411,finopay.bulkstore@timecosmos,SMB,SBM1450670,1,87900977279,BOI,ARL5327764,2,87877076713
TX,U2,becbbdbffb361f297debbbce,696281429315,00,090124,201025,86240,,1,1,0,IPB,0,Matilde.Beer@paytm,IIB,5816,airpay.car@timecosmos,SMB,SBM8429504,1,08910378886,AXB,FBL3733366,2,20874868782
TX,U2,1edc1ddc40aabdff2ed7b25b,333964242103,00,090124,190147,57773,,1,1,0,BOM,0,Laurel.Donnelly@ybl,YOM,5814,razorpay.soup@timecosmos,SMB,SBM8520475,1,48671932850,INB,HDF5078756,2,87137067107
TX,U2,af3a292cef0e9f5fb4aaccee,111369520746,RB,090124,100446,5510,,1,1,0,YOM,0,Mikel48@yapl,IIB,4722,tripay.vacation@timecosmos,SMB,SBM7989102,1,40474729789,BDN,IDC4746032,2,82396165860
TX,U2,eedd7dec40eaee6e7acccfd1,043737254662,Z9,090124,110259,59980,,1,1,0,BOM,0,Jayme49@apl,GTI,5814,razorpay.vegetarian@timecosmos,SMB,SBM4810852,1,08624893242,HDF,YES9584280,2,27840654930
TX,U2,cce0103b75642d18a2d2aa69,855463944943,Z7,090124,071002,40897,,1,1,0,IIB,0,Raoul_Trantow@idfcbank,KVB,4814,jiopay.internet@timecosmos,SMB,SBM4261126,1,81785138850,HDF,FBL7061485,2,14321341153
TX,U2,2df41baff04509afaeecaedf,026242618611,Z9,090124,182624,53763,,1,1,0,YBS,0,Annette_Schiller49@timecosmos,MBK,5816,airpay.drone@timecosmos,SMB,SBM1702543,1,72784419922,PNB,BOM3336859,2,39555503053
TX,U2,d34e99864da2ab9bedbee2b8,669016242191,Z9,090124,114458,18103,,1,1,0,ICI,0,Amara86@abfspay,FBL,5411,finopay.organic@timecosmos,SMB,SBM7142508,1,29908324368,INB,BOB9574904,2,88574311860
TX,U2,bbffeb037d0ed3c5b8acde7d,577261639208,RB,090124,084057,66525,,1,1,0,YES,0,Tavares_Kub43@paytm,HDF,4814,jiopay.cable@timecosmos,SMB,SBM6072359,1,94726134231,IIB,BOM1210261,2,12820435804
TX,U2,efafe9f18f1ee075ce8fdef0,419048272440,Z9,090124,005122,72657,,1,1,0,BDN,0,Dave_Ziemann-Wilderman@icici,KTP,5816,airpay.helmet@timecosmos,SMB,SBM6752319,1,97501004534,INB,AXB6593348,2,38803398485
TX,U2,99e3a4ac75df39ef628d3aea,880882647298,Z9,090124,230821,73808,,1,1,0,BOI,0,Devan_Witting@timecosmos,UCO,5816,airpay.airplane@timecosmos,SMB,SBM3649806,1,46856472888,BDN,BDN6229986,2,22851852234
TX,U2,dfcc96eeeeb9f03bf6efabbc,878724163046,Z9,090124,193847,8890,,1,1,0,INB,0,Pearline90@rapl,SBI,5411,finopay.organic@timecosmos,SMB,SBM4418440,1,47655600709,YOM,YOM9688000,2,07740420530
TX,U2,8acb57a53d5c8c8bfc8cefb2,070513298078,Z7,090124,232955,91359,,1,1,0,GTI,0,Braeden66@okicici,CNB,4722,tripay.tour@timecosmos,SMB,SBM4971217,1,57446990318,BDN,ICI2608344,2,78223913240
TX,U2,9c0553752db11632be56f7fb,500698368202,Z9,090124,014957,42126,,1,1,0,SBI,0,Unique58@abfspay,APP,4814,jiopay.data@timecosmos,SMB,SBM0660039,1,25928683400,YOM,IDB7601845,2,14998994984
TX,U2,ea2280d130a57f31eded6ee6,364729309736,0,090124,123946,15050,,1,1,0,IDB,0,Kaelyn73@yapl,IPB,5411,finopay.freshmart@timecosmos,SMB,SBM8913163,1,05429629379,FIB,YJU4710867,2,67204157442
TX,U2,24082cfd9e07ef2c6ac5a5cd,212156163517,Z7,090124,122722,54523,,1,1,0,KVB,0,Tanner48@axl,FBL,5816,airpay.airplane@timecosmos,SMB,SBM2928411,1,69724712839,PNB,MBK2215159,2,18616809965
TX,U2,dfabf7fb1ada77fd2be1258d,310832945896,0,090124,003422,16201,,1,1,0,YJU,0,Tania.Murazik@fkaxis,BOI,4814,jiopay.data@timecosmos,SMB,SBM2327827,1,39510483295,BOM,BOB9273680,2,22448426315
TX,U2,1a86b10defc5825e0abcb6e5,151148054506,RB,090124,215752,35529,,1,1,0,IIB,0,Ola.Ledner@timecosmos,ICI,4814,jiopay.satellite@timecosmos,SMB,SBM8382859,1,81282074310,IPB,UOB0937527,2,24356910180
TX,U2,e6b33b0ed4b7c30b851c08ac,294584397534,Z7,090124,223755,58861,,1,1,0,SBI,0,Braulio_Labadie30@oksbi,SBI,4814,jiopay.satellite@timecosmos,SMB,SBM4538635,1,98741503852,BOM,SBI6587987,2,65778096832
TX,U2,1ba3eccc3ac0c96ae9bcad0f,656208181313,0,090124,233040,51839,,1,1,0,YJU,0,Gayle73@apl,YES,4814,jiopay.voip@timecosmos,SMB,SBM8154170,1,48184915651,IIB,YJU5092721,2,47166132102
TX,U2,ff3f0bd8356f257df0fa0270,987617768416,Z9,090124,205406,65859,,1,1,0,CNB,0,Brielle84@idfcbank,APP,4722,tripay.escape@timecosmos,SMB,SBM4751100,1,60332146740,ICI,IDB9671469,2,84347764096
TX,U2,d4beb82fdfcfeaada76a7cbf,669569022861,00,090124,150844,92663,,1,1,0,GTI,0,Elwyn36@rapl,ICI,5814,razorpay.pizza@timecosmos,SMB,SBM3790599,1,42403102684,ARL,PNB0960852,2,71486656461
TX,U2,e7c05a79c5b58e1bdabd0b62,156793899357,Z9,090124,102501,50563,,1,1,0,UCO,0,Maureen45@fkaxis,INB,5816,airpay.car@timecosmos,SMB,SBM7229966,1,88710535246,IIB,MBK9792506,2,81585050704
TX,U2,cb152d304af4e49daed4dc90,541768942881,0,090124,202618,14637,,1,1,0,BDN,0,Albina.Sanford@ybl,BOB,4722,tripay.globetrot@timecosmos,SMB,SBM3416565,1,87250466825,MBK,KMB1402213,2,05006976679
TX,U2,ae9b8ff74e8abf6efa2ee451,306466616705,0,090124,143748,8053,,1,1,0,ARL,0,Thora.Kutch@idfcbank,ARL,4814,jiopay.data@timecosmos,SMB,SBM9568789,1,52519642947,ICI,HDF6007972,2,68055905575
TX,U2,d4bec623b0aecfcfdc41ec0f,511285002513,Z9,090124,022033,38310,,1,1,0,UOB,0,Theresa_Heaney-Bosco@axisb,BDN,5814,razorpay.burger@timecosmos,SMB,SBM3871262,1,33698751486,ICI,MBK6743612,2,19469721914
TX,U2,ebac6d6a5d0a5c5383e12c99,666261258000,Z9,090124,113855,69972,,1,1,0,KTP,0,Eddie.Considine74@timecosmos,YOM,4722,tripay.wander@timecosmos,SMB,SBM0594796,1,13155899655,IDB,IDC3065632,2,94358698857
TX,U2,91f40ccbb2fbb1fc93df57de,963967710075,RB,090124,150840,10142,,1,1,0,BDN,0,Sasha_Schmitt3@timecosmos,IIB,4722,tripay.getaway@timecosmos,SMB,SBM0228606,1,64971922064,YES,YES1758471,2,01298887457
TX,U2,128b7fbc029a49dce99c2f26,422594280245,Z9,090124,101156,37452,,1,1,0,IDC,0,Maegan9@axisb,INB,5816,airpay.bike@timecosmos,SMB,SBM2777894,1,08547734097,UCO,SIB8162984,2,75754551251
TX,U2,62ce6faecc0c460bc93bdaba,081853758369,0,090124,115045,92076,,1,1,0,KMB,0,Elton_Tremblay@oksbi,SIB,4722,tripay.explore@timecosmos,SMB,SBM5527361,1,36571298209,BOM,IDB7210880,2,48235695995
TX,U2,bc3fddbab880aaffeda95feb,713435214596,00,090124,143024,94362,,1,1,0,IDB,0,Shane.Cronin84@yapl,IPB,5411,finopay.foodland@timecosmos,SMB,SBM2437785,1,51292046310,YJU,AXB2857777,2,44119054752
TX,U2,9b3161d05caa79c1ad883c5b,261247227565,Z7,090124,090335,34500,,1,1,0,KVB,0,Francisco.Mills18@timecosmos,BOM,5816,airpay.submarine@timecosmos,SMB,SBM0053591,1,54108416656,FBL,FIB8580801,2,27831378247
TX,U2,dbaa5b3da3f7d610492fbf00,530232549253,00,090124,105703,2896,,1,1,0,YJU,0,Name74@yesg,IDB,5816,airpay.drone@timecosmos,SMB,SBM8400221,1,74857156064,PNB,IOB8743398,2,72077424574
TX,U2,a5fcf1ebf07b4ee8b25274a4,376109376299,RB,090124,171508,36808,,1,1,0,KMB,0,Damon_Waelchi87@rapl,KTP,4814,jiopay.wireless@timecosmos,SMB,SBM6534513,1,34886773898,BDN,BOI4897537,2,39575643863
TX,U2,e1ac0ee6867dd1c2f86f04fb,033358044729,Z9,090124,035646,24260,,1,1,0,YJU,0,Brenna.Lesch-Waters@fkaxis,CBI,5816,airpay.airplane@timecosmos,SMB,SBM1207325,1,45554948458,UCO,MBK5924037,2,19562963953
TX,U2,fa41dbeea2eb6d2d3aaaddcb,917303352091,RB,090124,130051,55726,,1,1,0,IDC,0,Mya99@ybl,FBL,5411,finopay.bulkstore@timecosmos,SMB,SBM2180161,1,18557092929,BOM,KVB2712877,2,12440432805
TX,U2,2dd2af1fdd41dded143f0572,757012460828,Z9,090124,222452,14791,,1,1,0,BOB,0,Gillian15@abfspay,BOI,5411,finopay.town@timecosmos,SMB,SBM9924126,1,56822310977,IPB,IDC8580353,2,96614098409
TX,U2,bac56f4dfe9af885dd4f83ef,282884950323,RB,090124,035244,65517,,1,1,0,CNB,0,Joey17@oksbi,BDN,5816,airpay.truck@timecosmos,SMB,SBM4828098,1,20231102034,SBI,SIB2866013,2,83516844370
TX,U2,5dacfeee5c4fedd2cd1bc0da,923351563688,Z7,090124,182147,88594,,1,1,0,BDN,0,Tyrel38@okicici,IDB,5816,airpay.submarine@timecosmos,SMB,SBM9557952,1,58113056845,IIB,APP4977519,2,11916351987
TX,U2,b2dacfbaff0d9a26caadbfae,388570480198,Z7,090124,212214,76158,,1,1,0,BOM,0,Fidel_Schmidt@abfspay,SBI,5814,razorpay.sushi@timecosmos,SMB,SBM5903908,1,80141776491,BOM,AXB1723839,2,03395210332
TX,U2,efe9b1a9a44ba00efca5962a,200924802948,0,090124,090848,9298,,1,1,0,BOM,0,Everardo_Olson@timecosmos,SBI,5816,airpay.drone@timecosmos,SMB,SBM6113957,1,86998846718,SBI,YES0144146,2,32178593164
TX,U2,c2fcbfff20257bfedfaca59d,425821002170,RB,090124,212427,40715,,1,1,0,ARL,0,Noe_Homenick9@okicici,ARL,5816,airpay.car@timecosmos,SMB,SBM0597052,1,96715114984,ARL,KVB7978258,2,60258153936
TX,U2,3c330371ed6cefe442e11763,948261378771,RB,090124,204259,33605,,1,1,0,SIB,0,Queen99@oksbi,IOB,5816,airpay.submarine@timecosmos,SMB,SBM0196308,1,95595348400,YOM,APP7175791,2,66737950466
TX,U2,fbbbea33a64d2f0f9faf1187,509212386075,00,090124,054721,51218,,1,1,0,MBK,0,Andreanne90@rapl,BOI,5411,finopay.marketplace@timecosmos,SMB,SBM6077066,1,64155783123,GTI,YBS7718599,2,43795971039
TX,U2,d6d1bfd5ecec3aab71bb23f8,536681015587,RB,090124,041423,33624,,1,1,0,YOM,0,Jeanette.Breitenberg78@apl,KVB,5816,airpay.drone@timecosmos,SMB,SBM8030775,1,62769924434,FBL,BOB3856365,2,88943310419
TX,U2,cf4aea87e855af987a0f2ddb,219544014835,00,090124,172701,28597,,1,1,0,KMB,0,Ole88@ybl,YOM,4814,jiopay.fiber@timecosmos,SMB,SBM7266995,1,10247076315,UCO,UCO5630761,2,69148237510
TX,U2,b9e95faf61acb3fca91be85b,924638696970,00,090124,060149,77159,,1,1,0,MBK,0,Elvis96@okicici,IDB,5816,airpay.truck@timecosmos,SMB,SBM7168854,1,50890064392,SBI,FIB9360831,2,24151468345
TX,U2,f67ead8b553e4fd0d58ffcd5,405650015978,Z9,090124,054727,48806,,1,1,0,UCO,0,Reyna_Blick@paytm,CBI,5816,airpay.bike@timecosmos,SMB,SBM3753022,1,08453441518,BDN,KTP3060635,2,99254865296
TX,U2,ddd1c882d8d6e60d31ff63cb,988637802734,RB,090124,091520,45541,,1,1,0,ARL,0,Rocky49@idfcbank,AXB,4722,tripay.escape@timecosmos,SMB,SBM7646503,1,76335055717,SIB,MBK5989632,2,28753666244
TX,U2,b5bbb7b7bff52edbd6ae63cb,703776217986,0,090124,045508,62451,,1,1,0,SBI,0,Art.Boehm@okhdfcbank,KMB,4722,tripay.tour@timecosmos,SMB,SBM8349994,1,05959530438,ARL,APP9389062,2,32462032318
TX,U2,42b6f722e3d0d5a09accc92c,235312574164,0,090124,064236,14066,,1,1,0,PNB,0,Maggie76@axl,KVB,4722,tripay.vacation@timecosmos,SMB,SBM4454876,1,72178734027,IDC,IDC9560666,2,25569555152
TX,U2,f08bdff4dcd8f41c42efb5dc,453354528388,00,090124,195753,56247,,1,1,0,IOB,0,Ambrose91@timecosmos,SBI,4722,tripay.expedition@timecosmos,SMB,SBM0808997,1,37203771239,IDB,YBS9344044,2,13821518856
TX,U2,616a29efaf4acabfef04af2d,754732913520,Z7,090124,110849,40596,,1,1,0,SBI,0,Raoul.Waelchi@ybl,UOB,5411,finopay.timecosmosrite@timecosmos,SMB,SBM5511035,1,78548996999,YBS,HDF3420521,2,75527065714
TX,U2,b9dfb23acefd83a2990d3c00,721081700728,Z9,090124,001034,63365,,1,1,0,KVB,0,Geovanny_Hansen28@yesg,YES,4722,tripay.wander@timecosmos,SMB,SBM7179615,1,71237715252,UCO,ARL8602998,2,23258879914
TX,U2,f6dbbdcd2576bbfa6eab79f5,052506759459,Z9,090124,200533,1173,,1,1,0,APP,0,Conrad.Smith@ybl,CBI,5411,finopay.bulkstore@timecosmos,SMB,SBM7977617,1,12767710637,BOM,IOB5659617,2,91481455858
TX,U2,ad8d314effa7cdcead7ffb0f,221739665025,00,090124,123008,76335,,1,1,0,BOB,0,Kamille_Hamill20@abfspay,UOB,4814,jiopay.convergence@timecosmos,SMB,SBM5795043,1,44555330102,IDC,GTI6372637,2,75807782565
TX,U2,ee3d716faebb44329dceff6a,454761020139,00,090124,074136,75272,,1,1,0,IPB,0,Travon59@paytm,IPB,5411,finopay.foodland@timecosmos,SMB,SBM7628031,1,90172074339,KMB,PNB2350318,2,84868646421
TX,U2,ce5b5627214c9bc765c1eb47,520701308287,0,090124,104044,3848,,1,1,0,ARL,0,Kiera.Nikolaus18@rapl,YBS,4722,tripay.vacation@timecosmos,SMB,SBM7927882,1,52677190559,INB,BOI3042243,2,27281204186
TX,U2,e8be03d1a0985a7b5c8780d2,724653007129,RB,090124,210112,61464,,1,1,0,BOI,0,Tyler_Smitham@abfspay,FIB,4814,jiopay.satellite@timecosmos,SMB,SBM3184945,1,21623008679,IIB,BDN9133142,2,79479858811
TX,U2,aa2dabf3e2df46091d4b2744,294155513922,00,090124,060848,34376,,1,1,0,CBI,0,Braeden_Thiel@abfspay,BOM,5814,razorpay.sushi@timecosmos,SMB,SBM9297189,1,95707308244,BOM,BOM6410203,2,33935047658
TX,U2,ebf34b61c3ecb4d30fdc1ac8,571877348076,00,090124,195409,85047,,1,1,0,KTP,0,Lazaro98@oksbi,SIB,5411,finopay.bulkstore@timecosmos,SMB,SBM9685791,1,32820497329,IOB,KVB8976198,2,40063361996
TX,U2,6d92c8f4f4fe7a23c69e5a4c,379934815147,Z9,090124,031553,98780,,1,1,0,BOM,0,Anissa60@ybl,KVB,5411,finopay.organic@timecosmos,SMB,SBM9208086,1,24532667420,IDB,ICI4561043,2,48553596337
TX,U2,d64d6e8eacea14caf92a1ee7,888687009290,0,090124,052231,95283,,1,1,0,APP,0,Oleta12@okhdfcbank,BDN,5814,razorpay.vegetarian@timecosmos,SMB,SBM4178953,1,10591624839,MBK,PNB1002679,2,19120265643
TX,U2,34030cc34cfde9ec83daad85,974697075285,Z9,090124,183630,53755,,1,1,0,IOB,0,Kacie.Buckridge@timecosmos,KMB,5814,razorpay.dessert@timecosmos,SMB,SBM6351038,1,40785648594,ICI,BOM7992923,2,91089940854
TX,U2,dfcbb7a6f58abd3dc3c6add2,506567713480,Z9,090124,120542,13743,,1,1,0,GTI,0,Gwendolyn.Lind@icici,YJU,5411,finopay.corner@timecosmos,SMB,SBM9953726,1,33245440901,PNB,KMB8321149,2,74127084019
TX,U2,80adadd6b3ef2cc1a8cd8d97,021164592195,00,090124,043219,20347,,1,1,0,CNB,0,Mossie70@paytm,KVB,4814,jiopay.wireless@timecosmos,SMB,SBM6337150,1,41724677256,ARL,IDB5932465,2,50340984667
TX,U2,9d2b6c78f1fb3cacde5dd32e,626803228522,Z7,090124,172733,94091,,1,1,0,AXB,0,Adaline_Von97@rapl,BOI,5411,finopay.organic@timecosmos,SMB,SBM3390444,1,15257129982,BOI,YBS2537626,2,24587375510
TX,U2,e4fe8fbf2a6eec78dd77a20a,433645797689,00,090124,015252,32438,,1,1,0,CNB,0,Flo_Mosciski-Gibson@rapl,CNB,4722,tripay.destinations@timecosmos,SMB,SBM1351072,1,47923234897,GTI,YBS3522927,2,47394645899
TX,U2,6aec2fa8213cca20cbb731ff,086608876528,00,090124,120739,83582,,1,1,0,CBI,0,Augustus.Vandervort71@abfspay,IDC,5411,finopay.foodland@timecosmos,SMB,SBM6695257,1,14230914135,IPB,SBI6407844,2,02224845013
TX,U2,c32da4cb0fd351822bbfa6e3,363825805551,Z7,090124,012720,77656,,1,1,0,BOM,0,Brenda52@oksbi,FIB,5816,airpay.helmet@timecosmos,SMB,SBM1829514,1,00528584166,IDB,CBI8927456,2,72219310261
TX,U2,1fb4a6fecb6af9cdefa1de5a,717437796587,RB,090124,110849,72608,,1,1,0,BDN,0,Natalie.Bechtelar@oksbi,SIB,5411,finopay.greenbasket@timecosmos,SMB,SBM5596418,1,23642513751,YBS,SIB3311048,2,07257866604
TX,U2,43cada34ecfa3c3c737ea343,522610375787,00,090124,012312,56089,,1,1,0,YOM,0,Barney53@okicici,BOB,5816,airpay.scooter@timecosmos,SMB,SBM8241855,1,13265073836,UCO,ICI5303758,2,58133681000
TX,U2,c4fea2a4a8ae8ee84ac2aadd,453989175189,RB,090124,004053,70225,,1,1,0,YJU,0,Brigitte_Cormier69@icici,IDC,4722,tripay.vacation@timecosmos,SMB,SBM9048075,1,42342155751,MBK,IIB7078358,2,98824987369
TX,U2,afdcbf0f057deddd0714f8fe,805207192716,0,090124,145045,10938,,1,1,0,UCO,0,Daphney.Pouros@okaxis,BOM,4814,jiopay.mobile@timecosmos,SMB,SBM3582561,1,79398427546,KTP,MBK4716644,2,77835034331
TX,U2,aff7899cec87844f7d05fd9d,687827556867,0,090124,022905,78116,,1,1,0,BOM,0,Kaden.Aufderhar97@axisb,IPB,5411,finopay.dailygrocer@timecosmos,SMB,SBM1795640,1,11483520299,AXB,ICI0368222,2,90073492898
TX,U2,0625e4eff9eff47a1fc80cf7,304156990783,Z7,090124,184115,51807,,1,1,0,IDB,0,Aiden_Gleason@yesg,UOB,5814,razorpay.tacos@timecosmos,SMB,SBM2592615,1,87513873749,FBL,BOB6142985,2,63308644865
TX,U2,2b9dd6bfb674e93f4ef4c6bb,010636604384,RB,090124,224616,67070,,1,1,0,UCO,0,Vernon4@abfspay,PNB,5814,razorpay.sushi@timecosmos,SMB,SBM9088680,1,23720309572,SIB,CNB1572758,2,33341578025
TX,U2,24a1d8cb758223c0ced6cc7d,617684714235,Z7,090124,194448,17928,,1,1,0,APP,0,Daija26@yapl,SBI,5816,airpay.drone@timecosmos,SMB,SBM8868455,1,12390990944,KMB,PNB4597417,2,23152738084
TX,U2,f5ea91a9edbaecab1bec24cb,388551886876,RB,090124,012624,76805,,1,1,0,YES,0,Rupert_Crooks69@icici,BDN,5816,airpay.truck@timecosmos,SMB,SBM4355040,1,30153147898,ICI,YJU2598828,2,58859546026
TX,U2,d6de40606cddff205a7cbd4b,722556612065,Z7,090124,155836,96704,,1,1,0,IPB,0,Cierra_Jaskolski@yapl,AXB,5814,razorpay.pasta@timecosmos,SMB,SBM6138564,1,97573822425,APP,YES0548134,2,61511652412
TX,U2,743cda0aedc54764a0a3fbfa,108169248145,Z7,090124,152619,8969,,1,1,0,BOM,0,Brendon_Parisian21@okicici,BOI,5814,razorpay.salad@timecosmos,SMB,SBM1092093,1,28049951167,PNB,IIB8642538,2,42330878312
TX,U2,7af61f0669cb80f248ef1fbe,840103080966,Z7,090124,191814,84761,,1,1,0,AXB,0,Lionel.Green96@okaxis,FIB,4722,tripay.getaway@timecosmos,SMB,SBM7852429,1,12492894408,FIB,IIB2477934,2,97126923342
TX,U2,ddee8a331d523c30ccc1ed3a,781602183433,RB,090124,211658,28037,,1,1,0,CBI,0,Hosea.Padberg90@paytm,ARL,5411,finopay.greenbasket@timecosmos,SMB,SBM6931073,1,43582746184,YES,KVB0683617,2,67028816727
TX,U2,f79aa4847e28fb460a94c63c,429262699263,00,090124,201723,45087,,1,1,0,GTI,0,Randi_Bailey@ybl,YES,5814,razorpay.vegetarian@timecosmos,SMB,SBM9805400,1,06497813034,INB,YES8329068,2,78158228498
TX,U2,9b6094cd0d9cb5aff42edc45,150526856743,Z7,090124,100325,60267,,1,1,0,MBK,0,Pink_Ankunding@apl,YES,4722,tripay.destinations@timecosmos,SMB,SBM2558671,1,06136861660,KTP,IDC9212291,2,84890182195
TX,U2,049039a6fa3d4ea4fb215eab,252460625700,Z9,090124,051746,1726,,1,1,0,SIB,0,Andres_Goldner15@axisb,UOB,4722,tripay.expedition@timecosmos,SMB,SBM3387550,1,63450323712,IPB,CNB3213705,2,40759366074
TX,U2,b6c773b6fa9e018dd3caf503,271915866924,00,090124,202407,86933,,1,1,0,SBI,0,Westley_McClure@yesg,YBS,5814,razorpay.pasta@timecosmos,SMB,SBM7180549,1,19181141955,SIB,BOM4737327,2,63266731307
TX,U2,b2700beff1b489f48f0f4c61,092609623454,Z7,090124,050418,98349,,1,1,0,BOM,0,Alessandro_Miller@idfcbank,KMB,4722,tripay.getaway@timecosmos,SMB,SBM1650259,1,56338337134,APP,APP6085856,2,40193816239
TX,U2,d3da0c2d17decba9bdd45afd,380743075244,00,090124,194812,64401,,1,1,0,UCO,0,Lottie.Friesen@yapl,IPB,5411,finopay.town@timecosmos,SMB,SBM0662956,1,16090944919,YES,HDF2540668,2,88227398444
TX,U2,ef6cefedde56a00588b5c015,212296232996,Z9,090124,034735,44964,,1,1,0,UCO,0,Deja_Wolf33@apl,ARL,5814,razorpay.pasta@timecosmos,SMB,SBM1224203,1,79817496882,BOI,IDB3047768,2,96445512685
TX,U2,6dd8ccf4aa73c2bbdcc2c1a1,675459095927,Z9,090124,124148,42808,,1,1,0,BOM,0,Monserrat_Greenfelder94@okhdfcbank,FIB,4814,jiopay.broadband@timecosmos,SMB,SBM8998347,1,01377526926,BOM,IDB2083564,2,58824771707
TX,U2,34dacba4e4b3ec7aaf33ad6a,209950434120,00,090124,002426,33450,,1,1,0,INB,0,Telly49@icici,KVB,4814,jiopay.cable@timecosmos,SMB,SBM8200136,1,77333720423,ICI,ICI3956314,2,22842082308
TX,U2,8bfeb7ab0ffccfbf4aeee54f,822988959973,Z9,090124,101129,32852,,1,1,0,APP,0,Bridget.Schuster56@idfcbank,UOB,5816,airpay.drone@timecosmos,SMB,SBM1362221,1,48836884682,AXB,IPB1019554,2,93656404091
TX,U2,bb9299b10f5fcee4a9fdeeba,818947624987,RB,090124,024301,59905,,1,1,0,UOB,0,Donnell_Champlin41@abfspay,BOM,5814,razorpay.steak@timecosmos,SMB,SBM3404591,1,86848637131,CNB,GTI7515184,2,16915675864
TX,U2,5cd6803f7b2cbd7f15a0c21f,487492757015,Z9,090124,164930,88091,,1,1,0,MBK,0,Gabrielle.Rice24@idfcbank,AXB,5814,razorpay.salad@timecosmos,SMB,SBM8233004,1,80283999855,BDN,CNB8437612,2,25891565293
TX,U2,fc5aaaeeead55d522eb4cfa5,962936477634,Z9,090124,193722,82350,,1,1,0,HDF,0,Mireya.Considine26@fkaxis,SBI,4722,tripay.vacation@timecosmos,SMB,SBM7985333,1,29912404996,BOM,IIB1471677,2,96156932261
TX,U2,6ed8b8a9decc4daed6d1fb2c,957944197297,0,090124,201157,48707,,1,1,0,IDB,0,Jacey.Smith@okhdfcbank,KVB,5814,razorpay.sushi@timecosmos,SMB,SBM2439948,1,13627783187,AXB,YES0124183,2,20882070328
TX,U2,02765a0f3fb27c8dafa1c77f,478411523878,Z7,090124,125324,8168,,1,1,0,YES,0,Tomas.Sanford12@icici,YES,5411,finopay.bulkstore@timecosmos,SMB,SBM0399974,1,27515240689,PNB,FIB9375892,2,30084056588
TX,U2,43e5a1737d8f2e06befe0077,025031650746,Z9,090124,141943,65888,,1,1,0,KMB,0,Lucy_Goldner6@icici,SBI,5814,razorpay.burger@timecosmos,SMB,SBM9160322,1,75878236203,GTI,UCO9310801,2,74636847525
TX,U2,eddddf381cb9c34bfd9b59ac,973892657655,Z9,090124,103429,14957,,1,1,0,YOM,0,Ellen_Borer@yapl,IOB,5816,airpay.car@timecosmos,SMB,SBM5535156,1,96428002907,MBK,FIB9370335,2,35254320631
TX,U2,65f4982aca05347a3862d502,354762895820,RB,090124,125859,6987,,1,1,0,YES,0,Jarred.Littel90@yesg,ARL,5816,airpay.airplane@timecosmos,SMB,SBM1975913,1,55607797532,BOI,CNB6156970,2,22622976495
TX,U2,a7e979ad6b6b2fbfacbd0fe6,755697537734,0,090124,114917,42969,,1,1,0,BOM,0,Alexandrea_Glover@yapl,KMB,5816,airpay.airplane@timecosmos,SMB,SBM5285021,1,53256540266,CNB,APP1367086,2,89759462060
TX,U2,b40dcc63bd8d9b93fa3bb20e,410987244175,00,090124,045622,92077,,1,1,0,KTP,0,Jaron_Schumm32@idfcbank,SIB,4814,jiopay.wireless@timecosmos,SMB,SBM6611891,1,43999946478,SIB,KMB2775467,2,83857515771
TX,U2,c5581efb2e1bb17a62d4b3cd,961405344925,00,090124,160746,1870,,1,1,0,ARL,0,Trevion_Effertz22@okhdfcbank,BOM,5411,finopay.greenbasket@timecosmos,SMB,SBM8581242,1,58245081928,IOB,YBS8386077,2,85818402702
TX,U2,12cd9ecdf3a8ac6dd62f719b,824420512922,RB,090124,235152,57024,,1,1,0,YJU,0,Mervin.Reynolds@paytm,YOM,4722,tripay.getaway@timecosmos,SMB,SBM9855423,1,59175372995,YES,IPB1264976,2,70010636368
TX,U2,e429babfa473bb538b70a4db,596665167357,Z9,090124,001040,40135,,1,1,0,ARL,0,Jamil42@yapl,BOM,5816,airpay.truck@timecosmos,SMB,SBM4164386,1,31278474770,CNB,IIB4053097,2,97519845081
TX,U2,9a4faf89be1c9e74906a66cc,536354509083,00,090124,193608,93922,,1,1,0,IIB,0,Alexie.Greenfelder@axl,GTI,5814,razorpay.steak@timecosmos,SMB,SBM9672915,1,44879153314,APP,MBK9181602,2,86643885373
TX,U2,c653fb389b951cdda5d2bfbd,550788831547,00,090124,174938,38523,,1,1,0,HDF,0,Hattie_Torphy26@abfspay,SIB,5411,finopay.greenbasket@timecosmos,SMB,SBM2013842,1,13500795333,FBL,KMB4863224,2,41590044081
TX,U2,5bba534cc9db4b2c8b83c8ca,138314734565,0,090124,024407,82648,,1,1,0,ICI,0,Bertrand7@rapl,YBS,5411,finopay.greenbasket@timecosmos,SMB,SBM0437988,1,28141829473,KTP,BOI0745899,2,29777052895
TX,U2,248d809dea642893ac56a85a,555121006276,00,090124,080012,61600,,1,1,0,ARL,0,Glennie57@fkaxis,BOM,5814,razorpay.pizza@timecosmos,SMB,SBM1504014,1,74673112491,SBI,BOM7375662,2,50264981926
TX,U2,2cf1cbe4c4ecce93bd6ee0ac,279664178132,RB,090124,222628,76618,,1,1,0,MBK,0,Geraldine_OKon79@axl,KVB,4814,jiopay.satellite@timecosmos,SMB,SBM0751273,1,68483026223,APP,IIB0633785,2,68833235935
TX,U2,dee83db444ccd5ce0b52de88,269941234474,00,090124,004752,92550,,1,1,0,SIB,0,Jazmyne55@oksbi,FBL,4814,jiopay.satellite@timecosmos,SMB,SBM3750071,1,75081546316,GTI,IIB1012472,2,46920367632
TX,U2,23bef4ed0eaca2ca18545909,829723564722,00,090124,114627,90565,,1,1,0,IPB,0,Marlon_Carroll@yesg,HDF,5411,finopay.freshmart@timecosmos,SMB,SBM8946909,1,99243353185,SIB,HDF2134239,2,36446323108
TX,U2,cd4be396db45c31a1a113dc3,951958842376,Z7,090124,074020,28169,,1,1,0,IIB,0,Eda55@ybl,APP,5411,finopay.marketplace@timecosmos,SMB,SBM0480275,1,21312917285,AXB,BOM6911451,2,19410846837
TX,U2,52df05d103197fb67c792be7,497773866428,00,090124,115557,96425,,1,1,0,YJU,0,Kayden81@yapl,UOB,5814,razorpay.dessert@timecosmos,SMB,SBM6538459,1,16692614000,BOM,IIB1666395,2,23342230443
TX,U2,dea9bff9a4a8bcabeb60a5f9,507143974083,0,090124,095602,76756,,1,1,0,UOB,0,Juliana.Mayert74@apl,BDN,5814,razorpay.tacos@timecosmos,SMB,SBM9232983,1,96416105392,BOI,HDF0713153,2,20445658162
TX,U2,afa1b8c01dbb413c77a532bb,326097289458,Z7,090124,225354,51552,,1,1,0,INB,0,Alia.Hartmann@abfspay,SIB,4722,tripay.getaway@timecosmos,SMB,SBM7428197,1,85787609423,YES,ICI5746817,2,16771110197
TX,U2,987ae41cabc615319e3e5fea,581474348219,0,090124,040235,53672,,1,1,0,ICI,0,Autumn93@okaxis,FIB,5816,airpay.helmet@timecosmos,SMB,SBM1903700,1,43622248604,CNB,PNB5141524,2,17435514482
TX,U2,fb02c9e2cdb1b4dacfdda31e,195149109276,Z7,090124,202742,41960,,1,1,0,HDF,0,Carlie26@icici,FIB,4722,tripay.destinations@timecosmos,SMB,SBM2939189,1,17744719563,BDN,UCO9280833,2,88098821659
TX,U2,e1afd011bbcceeef5791cb5d,052522255815,0,090124,223638,33331,,1,1,0,CNB,0,Hank.Hayes30@abfspay,UCO,5814,razorpay.pasta@timecosmos,SMB,SBM5766432,1,14312448471,UCO,FIB0901912,2,94707226348
TX,U2,f408b72e710ad94a1f9fdafa,022377684156,Z9,090124,210657,76680,,1,1,0,APP,0,Raphaelle_Boyer63@paytm,IDC,5814,razorpay.sushi@timecosmos,SMB,SBM1519903,1,42090051384,SBI,IPB7169585,2,72480473716
TX,U2,8eb5ffcf550ef1dd5bf4ce8d,193193329269,Z9,090124,131503,45360,,1,1,0,INB,0,Paris_Dietrich43@paytm,IIB,5411,finopay.timecosmosrite@timecosmos,SMB,SBM2920389,1,22416011957,SIB,AXB1882063,2,37765966667
TX,U2,c00d805b33ccfd41e10c5a37,336406465458,Z9,090124,162341,86395,,1,1,0,IDB,0,Yasmine1@okicici,YES,5814,razorpay.burger@timecosmos,SMB,SBM4900274,1,43138373795,KTP,CNB8205164,2,06475135234
TX,U2,7755effd1af01d93c7bcecaa,950056964205,Z9,090124,074640,58456,,1,1,0,KTP,0,Maye.Romaguera62@yesg,IOB,5816,airpay.car@timecosmos,SMB,SBM6344899,1,45123617969,KMB,KTP9304650,2,29489003517
TX,U2,b3db8ebc4c4d11f2bc91b78e,319317629066,Z7,090124,082009,6773,,1,1,0,YBS,0,Mercedes.Ledner@paytm,CBI,4814,jiopay.voip@timecosmos,SMB,SBM4177753,1,04020537674,MBK,KVB0864946,2,37927142368
TX,U2,2d6acecfacb9de1de3ebf3fd,589472474682,Z7,090124,213409,29602,,1,1,0,BOM,0,Libby.Wiza@axisb,MBK,4722,tripay.getaway@timecosmos,SMB,SBM2636746,1,73826721253,BDN,ICI5558663,2,45386456283
TX,U2,accf8722cdff5e427d4092f3,852431385898,Z7,090124,085308,67770,,1,1,0,IDB,0,Amaya_Tromp68@abfspay,KTP,4814,jiopay.internet@timecosmos,SMB,SBM1338542,1,64624809692,UCO,BDN4465750,2,97486893787
TX,U2,ad0a257ef2a6e4357da2dd9c,894387413074,0,090124,030755,32239,,1,1,0,BOI,0,Rosalyn6@rapl,KMB,5411,finopay.freshmart@timecosmos,SMB,SBM8102602,1,85513993336,BOM,FIB3830149,2,71900654608
TX,U2,fbe45bf505669c82ce6df49d,397356354307,Z7,090124,224244,52341,,1,1,0,BDN,0,Austen.Wisoky@paytm,INB,5814,razorpay.pizza@timecosmos,SMB,SBM6883897,1,64843520467,UOB,BOM7827058,2,50827417498
TX,U2,0f3b8fab21eee2d8cbcb8f04,698610286692,0,090124,193410,37811,,1,1,0,IOB,0,Duane_Luettgen63@icici,GTI,5816,airpay.truck@timecosmos,SMB,SBM5638385,1,40444286987,YJU,BOI4472315,2,24827935170
TX,U2,ecfcdbc8af7a6abfacc4862b,444283914311,Z9,090124,054944,18691,,1,1,0,INB,0,Heloise_Wuckert23@axisb,BOI,5816,airpay.helmet@timecosmos,SMB,SBM1860605,1,78163569541,PNB,BOM0540015,2,76244808090
TX,U2,aa9695d80fbc161212e86f90,733133406351,Z7,090124,133940,96721,,1,1,0,IIB,0,Natalia_Ortiz33@okicici,CBI,5816,airpay.truck@timecosmos,SMB,SBM8557668,1,35002340204,AXB,UOB8552372,2,18491173431
TX,U2,da4fe7646daa10eb95cb3dca,552625872527,RB,090124,225251,16481,,1,1,0,KVB,0,Betsy80@rapl,BOM,5814,razorpay.vegetarian@timecosmos,SMB,SBM2756539,1,78050610677,IIB,ARL3185693,2,21686504215
TX,U2,cba6c6c8ba4bfdafdc09ba71,627142578432,RB,090124,221548,58598,,1,1,0,UCO,0,Nova_Langosh-Huel@icici,HDF,4814,jiopay.satellite@timecosmos,SMB,SBM2825426,1,37623386314,IDC,APP2001529,2,15820970822
TX,U2,c6f1406bab61fce3e3d1fd9b,494239001412,Z7,090124,042522,6244,,1,1,0,HDF,0,Floy49@apl,AXB,4814,jiopay.fiber@timecosmos,SMB,SBM5137985,1,22592383977,YJU,PNB7842724,2,03469607919
TX,U2,b54e0fbfcef2d54c9bd21aeb,650459354505,0,090124,204927,17718,,1,1,0,CBI,0,Kara_Kshlerin@okaxis,BOB,5411,finopay.corner@timecosmos,SMB,SBM5967898,1,32676231857,IPB,IOB8634942,2,70364337004
TX,U2,a15c3aaf83afcbcc14829f1d,932360515214,00,090124,185208,9543,,1,1,0,ICI,0,Paolo86@yesg,SIB,4814,jiopay.fiber@timecosmos,SMB,SBM1206481,1,80891524867,GTI,SIB7676933,2,65688576534
TX,U2,c16802673dfdf99423370549,611220488608,Z7,090124,162354,79381,,1,1,0,KVB,0,Isabel_Blick96@okaxis,GTI,5411,finopay.foodland@timecosmos,SMB,SBM6161741,1,84864803281,YES,ICI1631645,2,32472353440
TX,U2,a20210de6f580f73af330be4,375558857425,RB,090124,212144,74590,,1,1,0,INB,0,Anibal55@yapl,UCO,5816,airpay.helmet@timecosmos,SMB,SBM9766354,1,77312441589,BOB,GTI7800481,2,46447749637
TX,U2,c47ce719e72a1fec12309efe,286950118379,0,090124,000716,74099,,1,1,0,FBL,0,Trystan_Klocko@timecosmos,CNB,4814,jiopay.wireless@timecosmos,SMB,SBM3891089,1,11250994787,KMB,AXB0128013,2,08390326660
TX,U2,ffc42cace418d0b4b3dce3e5,667403980344,00,090124,173405,83647,,1,1,0,KMB,0,Amelia_Bednar36@timecosmos,YJU,5411,finopay.timecosmosrite@timecosmos,SMB,SBM7233760,1,02466406776,ICI,UOB8157797,2,16846940962
TX,U2,58b3ae05f68acd207fde4a2d,737917738439,Z9,090124,172632,13959,,1,1,0,SIB,0,Frederic.Schneider71@axl,BOI,4722,tripay.expedition@timecosmos,SMB,SBM8999291,1,90084658289,YOM,BOM9777569,2,01566240899
TX,U2,d6c51ecfab991cf6605ee2e6,053106558230,Z9,090124,043735,69269,,1,1,0,APP,0,Joe.Dibbert92@apl,PNB,5814,razorpay.pizza@timecosmos,SMB,SBM0582720,1,60571918015,PNB,HDF8541272,2,03000563856
TX,U2,61a38c51bad3cadcb0b5f6ad,374027933225,Z7,090124,124802,24452,,1,1,0,BOM,0,Remington_Reichert54@okicici,UOB,5814,razorpay.dessert@timecosmos,SMB,SBM4253250,1,45895619484,BDN,FBL2793324,2,24174427545
TX,U2,a5ebd5e0b4efab5b0baf1e4c,813040234910,RB,090124,060135,54249,,1,1,0,ARL,0,Una_Johns@okhdfcbank,UCO,4722,tripay.escape@timecosmos,SMB,SBM6558627,1,15217860064,KTP,KVB0848931,2,41981834734
TX,U2,bda4ec6cda7b3430fff80dca,344228642753,00,090124,133022,82157,,1,1,0,FBL,0,Liam.Shields46@timecosmos,YOM,5411,finopay.dailygrocer@timecosmos,SMB,SBM2133229,1,64445395901,SBI,KMB7124656,2,44021960380
TX,U2,310c3fac5cad71bafa5eec1d,614406840974,Z9,090124,161547,16170,,1,1,0,BOI,0,Lincoln_Purdy56@ybl,UCO,4814,jiopay.voip@timecosmos,SMB,SBM6191923,1,92197341371,BOB,FIB7917305,2,41842888007
TX,U2,83afbc2f5388ed489ea6d30f,850009974722,Z7,090124,183541,71790,,1,1,0,FIB,0,Henry47@axl,BDN,5411,finopay.dailygrocer@timecosmos,SMB,SBM1979566,1,88727996538,CNB,APP9289282,2,47570480449
TX,U2,dd3e0fea8eae003bebab8ffc,805278352529,0,090124,130245,58032,,1,1,0,FBL,0,Cordie28@rapl,UOB,4814,jiopay.wireless@timecosmos,SMB,SBM2020300,1,67775166652,BOI,BOI4417664,2,17047045309
TX,U2,74470d0226c6bb386ea1377c,955602507200,0,090124,083352,18565,,1,1,0,HDF,0,Elisa.Dach94@paytm,BOM,4722,tripay.destinations@timecosmos,SMB,SBM3081622,1,91124483431,HDF,ARL9854613,2,79951008231
TX,U2,e16d1b7d7039355f2aa97273,711538311184,0,090124,221037,8326,,1,1,0,FIB,0,Marquise.Romaguera21@paytm,BDN,5814,razorpay.tacos@timecosmos,SMB,SBM3818772,1,18504755946,FBL,KVB3726462,2,79445964611
TX,U2,adfae4461aef1fee5e966ecd,529809773377,Z7,090124,073624,90319,,1,1,0,SBI,0,Melba55@abfspay,YJU,4814,jiopay.wireless@timecosmos,SMB,SBM9074452,1,55335776434,FIB,FIB0946920,2,24575330868
TX,U2,9c9ec612a82e4ffbb27e056c,978399311271,00,090124,124554,95658,,1,1,0,ICI,0,Geovany_Brown39@yesg,ARL,5814,razorpay.pizza@timecosmos,SMB,SBM2352864,1,17744104440,INB,IDB3633823,2,94041092427
TX,U2,a127ba04ef3ffaacbd4a4acd,371225763646,RB,090124,081117,64971,,1,1,0,BOM,0,Pierce5@fkaxis,SIB,4722,tripay.tour@timecosmos,SMB,SBM8049921,1,44447085883,UOB,BOB1123438,2,85304613275
TX,U2,5f9efce1a9601bbae5bdf4ab,942397525921,RB,090124,131248,42438,,1,1,0,BDN,0,Noemi.Weber-Swaniawski33@okaxis,KTP,5816,airpay.helmet@timecosmos,SMB,SBM5999210,1,46249441975,UCO,UOB0081664,2,39079226881
TX,U2,eaedc7c6cfd2cb93d4bb0cb9,804437213574,Z7,090124,125612,8836,,1,1,0,INB,0,Furman74@yesg,KMB,5411,finopay.freshmart@timecosmos,SMB,SBM8067946,1,56976883075,FBL,ARL3951249,2,26501084824
TX,U2,93285adfb2b0ea77eba15e85,752963599161,Z9,090124,121541,66926,,1,1,0,YJU,0,Cordie78@paytm,BOI,5814,razorpay.dessert@timecosmos,SMB,SBM1893968,1,71205341327,ARL,HDF5222043,2,17238816190
TX,U2,bdcedcc5c2edd1c5d7272465,798961418048,Z9,090124,223811,2047,,1,1,0,UCO,0,Cale.Runte40@okhdfcbank,AXB,5411,finopay.marketplace@timecosmos,SMB,SBM1550283,1,37132313404,BOM,BDN7690625,2,55621939955
TX,U2,a93d76cdd52a16c8ad6afeaa,421588970110,0,090124,022756,70950,,1,1,0,CBI,0,Taurean.Langworth@apl,ARL,5816,airpay.airplane@timecosmos,SMB,SBM0829879,1,70998944393,UOB,UOB3058002,2,54539883725
TX,U2,ba1a2bccfb96c7b60acb3b8c,212355236454,Z9,090124,224345,80613,,1,1,0,ICI,0,Carol.Moen@apl,IDB,4814,jiopay.convergence@timecosmos,SMB,SBM6072618,1,44894452999,UCO,BOI4154168,2,92559959651
TX,U2,04ebfdd5b29efda2fd137fdd,402565715138,00,090124,234614,67856,,1,1,0,IOB,0,Levi44@rapl,IDB,5816,airpay.robot@timecosmos,SMB,SBM4235233,1,17359963135,SBI,AXB5251522,2,76134632717
TX,U2,c62edffca15dccabf1a61ff7,300876188820,Z9,090124,204711,57475,,1,1,0,SBI,0,Leann.Gislason@timecosmos,AXB,5816,airpay.boat@timecosmos,SMB,SBM6819933,1,43032015359,CBI,IDB0002126,2,77513738978
TX,U2,fcb7037dac4991a965f4cc1a,076368623938,Z7,090124,015318,6147,,1,1,0,IDC,0,Bertrand.Daniel91@fkaxis,APP,5411,finopay.dailygrocer@timecosmos,SMB,SBM4695591,1,28699530181,YJU,BDN3094237,2,90578153115
TX,U2,53215de5ca70fe4cdcf9a296,181300626545,RB,090124,062908,50432,,1,1,0,AXB,0,Ana85@oksbi,KTP,4814,jiopay.wireless@timecosmos,SMB,SBM4432680,1,70327377986,HDF,KMB1780343,2,55567090127
TX,U2,9659b65ffe47f9ab5ebb3d98,059426581082,00,090124,173750,27439,,1,1,0,ARL,0,Davon84@oksbi,IDB,5816,airpay.bike@timecosmos,SMB,SBM4577207,1,72547488743,CBI,ARL5883136,2,54066291214
TX,U2,9f659d78ce90c85bceebdf4a,317619406708,RB,090124,051305,1241,,1,1,0,SBI,0,Kiana.Oberbrunner66@paytm,PNB,5411,finopay.foodland@timecosmos,SMB,SBM1490891,1,04958269501,FBL,YOM4875199,2,23352859998
TX,U2,ad097e5cd7b55efc2fccc8e0,376674590192,00,090124,224021,71316,,1,1,0,IOB,0,Josefa.Greenfelder23@apl,PNB,4814,jiopay.mobile@timecosmos,SMB,SBM4995478,1,26381612849,BOM,FBL3163120,2,41394560442
TX,U2,73cd29be7e002aaa9691f06e,979709273442,Z9,090124,123337,97749,,1,1,0,YOM,0,Wyatt.Daugherty@rapl,IPB,5411,finopay.marketplace@timecosmos,SMB,SBM0661703,1,33714549588,IIB,AXB1067687,2,71985496787
TX,U2,bfe92ed1b185fa38fb390eba,369851248153,0,090124,021338,61298,,1,1,0,CBI,0,Jaquelin_Leffler57@apl,YES,4814,jiopay.voip@timecosmos,SMB,SBM8650264,1,09899005883,APP,UOB6759875,2,47690935521
TX,U2,e8e9bd3c1aea1f76b2bf80fd,878721253004,RB,090124,222501,44818,,1,1,0,BOM,0,Emerald35@okicici,MBK,4814,jiopay.internet@timecosmos,SMB,SBM7578851,1,87001983013,YES,UCO5428293,2,63926734211
TX,U2,6b6e2543ecb6a4b82daaa966,732689356684,RB,090124,120028,89977,,1,1,0,IDC,0,Grayson93@ybl,GTI,4814,jiopay.wireless@timecosmos,SMB,SBM2176132,1,74899587995,FIB,AXB8322518,2,41399555389
TX,U2,31ccddef0e8de4dde5e7fdb6,781207176701,Z9,090124,030537,81443,,1,1,0,KMB,0,Robbie.Fritsch@okhdfcbank,INB,4722,tripay.vacation@timecosmos,SMB,SBM7372079,1,49652488911,BOM,IPB3568337,2,25692471112
TX,U2,c7ba92ea25354b3eec34d578,044568254382,Z7,090124,142459,43484,,1,1,0,YES,0,Royce56@idfcbank,KMB,4814,jiopay.broadband@timecosmos,SMB,SBM6500486,1,63433328016,YOM,YOM6051639,2,29286224400
TX,U2,86d5ddbd91e74ed1ffeeb478,917065887778,Z7,090124,032306,54692,,1,1,0,KMB,0,Jaylen_Kuvalis@okaxis,CBI,5814,razorpay.pizza@timecosmos,SMB,SBM3009635,1,79289404808,GTI,BOM2811425,2,98065138865
TX,U2,4b3f2bb8822f8d8b6da2eacf,972461221797,Z9,090124,013725,69331,,1,1,0,INB,0,Mauricio.Rippin51@apl,IPB,4722,tripay.destinations@timecosmos,SMB,SBM5653000,1,93632027726,APP,UCO1680503,2,04945267043
TX,U2,af080fb1afebf2400af112af,392548131999,Z9,090124,010704,41008,,1,1,0,BOM,0,Abagail_Ferry-Walsh32@okicici,IDB,5816,airpay.airplane@timecosmos,SMB,SBM7292459,1,00547573699,GTI,IPB7281288,2,73965606249
TX,U2,af74f8e898ea6703daa35aad,843231140337,00,090124,205045,68581,,1,1,0,UCO,0,Vilma68@fkaxis,HDF,5411,finopay.organic@timecosmos,SMB,SBM6278273,1,23566886165,KMB,YES8901649,2,28181332438
TX,U2,b998ea0efd9fa3f2eb2b12a8,607285436284,Z9,090124,165018,63599,,1,1,0,KTP,0,Marcelina29@timecosmos,CNB,5411,finopay.town@timecosmos,SMB,SBM1062580,1,65696458141,KVB,YBS5883698,2,13647825663
TX,U2,0cffba4d30dda64f930dbd63,253674689146,RB,090124,025810,42667,,1,1,0,BOB,0,Amya11@idfcbank,BDN,4814,jiopay.fiber@timecosmos,SMB,SBM8752732,1,17184233798,UOB,FIB6977310,2,74646643340
TX,U2,aa7f12c0a08e87a2eff5c013,007167402069,RB,090124,003724,24847,,1,1,0,UCO,0,Camden.Funk@okaxis,FIB,5814,razorpay.tacos@timecosmos,SMB,SBM9063479,1,53320010050,ICI,IIB6200410,2,71890525970
TX,U2,b4dcca2cad6c304be6fcdbb1,512208364322,0,090124,031318,93709,,1,1,0,PNB,0,Enos.Quitzon@abfspay,IIB,5816,airpay.airplane@timecosmos,SMB,SBM7877012,1,83754812260,FIB,MBK5310370,2,30660481139
TX,U2,0576a561ec73bbd0c95cb0ae,219677367422,Z7,090124,160406,21622,,1,1,0,SBI,0,Oral23@yapl,YES,4814,jiopay.data@timecosmos,SMB,SBM4205547,1,22386433117,IDB,CNB5664736,2,61418127062
TX,U2,e394fdbf9c49e37c285f5fbd,038225919153,Z7,090124,011322,39424,,1,1,0,ICI,0,Haskell83@abfspay,INB,5816,airpay.airplane@timecosmos,SMB,SBM8128530,1,11455993183,BOB,IIB1145481,2,92192833947
TX,U2,e9159ee0ed370bed60ddefc4,593912959744,00,090124,201348,33564,,1,1,0,IIB,0,Sim_Kessler37@okicici,BOB,5411,finopay.corner@timecosmos,SMB,SBM7518767,1,23964998197,ARL,KVB6298654,2,59154018540
TX,U2,6f1e4eeed87b1f3aba13e9e0,832933665949,Z7,090124,020703,88821,,1,1,0,CNB,0,Esperanza_Padberg@axisb,FIB,5816,airpay.scooter@timecosmos,SMB,SBM1906062,1,03360816929,IDC,APP7894240,2,03325225017
TX,U2,e6fbbffc63a3711d5b8528ed,597621372614,0,090124,180810,47813,,1,1,0,IPB,0,Rogers_Emard@axl,FBL,5816,airpay.drone@timecosmos,SMB,SBM1561677,1,16584869373,CBI,CNB6909120,2,76858476777
TX,U2,b2e2c0524fc393a3ae171bc7,045075165243,Z9,090124,095716,86604,,1,1,0,UCO,0,Cierra.Roob-Torp@axisb,BOM,4722,tripay.escape@timecosmos,SMB,SBM5598825,1,38104870514,PNB,ICI7935229,2,59648282172
TX,U2,023f1cee10e878ceb1f8bdf4,264640463927,0,090124,012503,29742,,1,1,0,IDB,0,Estefania_Bednar68@axl,ARL,4722,tripay.destinations@timecosmos,SMB,SBM2853509,1,01278266247,CNB,YOM0825594,2,97286252439
TX,U2,fba993b1faaf334cca442fae,164988874698,RB,090124,051229,77426,,1,1,0,YOM,0,Shad22@abfspay,YES,5816,airpay.submarine@timecosmos,SMB,SBM1432833,1,60624574473,SBI,FBL4395299,2,52994059253
TX,U2,9c86daa8d27ad78e646e406d,441954772504,RB,090124,094449,69988,,1,1,0,SIB,0,Janick.Dibbert@abfspay,YES,4722,tripay.expedition@timecosmos,SMB,SBM5450404,1,94838133174,AXB,BDN3531453,2,95776799673
TX,U2,add72a31dfde63ccedd89e9d,472089290269,00,090124,145055,9476,,1,1,0,FIB,0,Cornelius.Greenfelder89@yesg,BDN,5411,finopay.foodland@timecosmos,SMB,SBM6374155,1,57260035532,AXB,KTP7566409,2,88314564295
TX,U2,d91948b1d4927fe4b5f40bb0,138075640821,Z9,090124,203636,89871,,1,1,0,SBI,0,Sofia_Huel@idfcbank,MBK,4722,tripay.adventure@timecosmos,SMB,SBM6733389,1,65877024560,KMB,YES9658884,2,92909102784
TX,U2,750656331dbe38c7aca9646b,923616876046,RB,090124,080214,16290,,1,1,0,YJU,0,Sabryna.Gutkowski57@yapl,YOM,4814,jiopay.broadband@timecosmos,SMB,SBM4315812,1,97725030309,YOM,FBL4951126,2,46015683667
TX,U2,a3f56dda1fbff8d3edd52e3d,702908704907,00,090124,223611,78794,,1,1,0,CNB,0,Lonie87@axisb,PNB,5814,razorpay.sushi@timecosmos,SMB,SBM4271762,1,77912227597,BDN,HDF0724148,2,11409669808
TX,U2,a97f1f20a61c92315aa8f67c,917159787598,0,090124,180130,19239,,1,1,0,KTP,0,Titus_Fay@timecosmos,YJU,5411,finopay.town@timecosmos,SMB,SBM3807446,1,40037133010,PNB,IDC9409742,2,39410207335
TX,U2,ebeace1ebb63012f3d6611dd,771847685131,Z9,090124,235500,51707,,1,1,0,MBK,0,Athena.Lockman70@abfspay,KVB,4722,tripay.destinations@timecosmos,SMB,SBM8498040,1,83232131073,PNB,SIB7165263,2,33527069769
TX,U2,df51d9d7b851a60f6cda63af,399173504401,Z9,090124,155547,58722,,1,1,0,IDB,0,Rylee_Jerde75@abfspay,KVB,5411,finopay.town@timecosmos,SMB,SBM1295706,1,73704555941,BOB,YBS4109589,2,29298514340
TX,U2,7c9487b4a362c6f3cde0840b,404988640660,RB,090124,143353,99618,,1,1,0,CNB,0,Emmett98@fkaxis,CNB,4722,tripay.getaway@timecosmos,SMB,SBM4757668,1,53706376219,BOB,YBS4907437,2,30472562019
TX,U2,45f430eeebdbda0a4fadd8ee,064962092953,RB,090124,020351,82182,,1,1,0,KMB,0,Trace.Rosenbaum@paytm,BOI,5816,airpay.submarine@timecosmos,SMB,SBM2661307,1,64613835685,YBS,ARL2809415,2,79920742555
TX,U2,fb7ad2adfdaba52cdd4b2f7c,366442601115,RB,090124,062352,7580,,1,1,0,ARL,0,Johnson.Abbott@axl,BOI,4722,tripay.wander@timecosmos,SMB,SBM3922067,1,24207510653,HDF,YBS9333434,2,69954458908
TX,U2,fdb35d7c3947d65a02669ac9,886706196862,Z7,090124,195052,63465,,1,1,0,IDB,0,Scot.Huel8@apl,BOM,5411,finopay.marketplace@timecosmos,SMB,SBM0344152,1,13393398473,IDB,APP4061191,2,65436012503
TX,U2,2b6c76a80d882cd7bafcdd64,258908004770,0,090124,233213,11445,,1,1,0,BOB,0,Lonny.Frami@ybl,MBK,5816,airpay.robot@timecosmos,SMB,SBM3641104,1,28969416551,IPB,ARL6893733,2,02468114444
TX,U2,8eecdafc57b3c62d4d290b81,306295292193,RB,090124,061543,84733,,1,1,0,KVB,0,Taryn16@okicici,IOB,5411,finopay.freshmart@timecosmos,SMB,SBM1333352,1,57119862211,AXB,GTI9219706,2,51981095408
TX,U2,36d4324e9ad4a03fb67c1efb,430347971967,0,090124,124722,34387,,1,1,0,BOM,0,Nolan.Mertz@abfspay,BDN,4814,jiopay.wireless@timecosmos,SMB,SBM0221602,1,01224370271,FBL,ICI3817944,2,61438415668
TX,U2,06feb5f3b53a7dac469a1f8d,599597767654,00,090124,123255,36965,,1,1,0,FBL,0,Ludie76@abfspay,KMB,5816,airpay.drone@timecosmos,SMB,SBM9736204,1,17279493088,BDN,APP2281771,2,83422399784
TX,U2,ee5ebd8f06b11db2ec9c8f4c,417797317377,00,090124,232334,14207,,1,1,0,KTP,0,Tia96@fkaxis,YES,5816,airpay.drone@timecosmos,SMB,SBM3136655,1,54617059480,YBS,KVB4846584,2,45205326702
TX,U2,59edb545d9261dafb0d0496e,927514210002,Z9,090124,235723,42985,,1,1,0,GTI,0,Kayley.Kassulke@icici,IOB,4722,tripay.escape@timecosmos,SMB,SBM2353304,1,34042938557,BOI,IDB0527800,2,86053171660
TX,U2,c68faa5001cfe09d24e767b8,932251725212,RB,090124,060737,19602,,1,1,0,INB,0,Saige_Ebert70@axl,KVB,4722,tripay.globetrot@timecosmos,SMB,SBM7237879,1,31800206397,GTI,UOB6181385,2,50043536958
TX,U2,2bbbf416aecfbb4e20de4c5f,113493156330,RB,090124,192127,30030,,1,1,0,BOM,0,Lacy_Stokes21@okaxis,IIB,5816,airpay.submarine@timecosmos,SMB,SBM1798177,1,01078128386,CBI,CBI7096666,2,07509148794
TX,U2,9de1f077cf1b0faa213ebf07,988884415387,00,090124,075619,80209,,1,1,0,PNB,0,Aliza.Cassin@axl,BOI,5411,finopay.organic@timecosmos,SMB,SBM2805850,1,46376180867,KVB,IDC5458646,2,12347588734
TX,U2,b2ba43ddbf3185baddadb094,086232059597,00,090124,174935,13849,,1,1,0,HDF,0,Gayle_Sawayn17@oksbi,INB,5816,airpay.bike@timecosmos,SMB,SBM9565785,1,46852213623,ARL,YBS4324342,2,38333248031
TX,U2,8ee3bbcfecccefb63cb73888,214291235269,Z9,090124,135345,34832,,1,1,0,IDB,0,Adolphus.Jacobs@apl,PNB,5814,razorpay.burger@timecosmos,SMB,SBM8571588,1,24457619533,BOI,BOI7092388,2,28506044206
TX,U2,dfa5a3ad48fafe6ef1dcfaa8,565126846036,0,090124,092515,48757,,1,1,0,CNB,0,Felipa.Abbott@timecosmos,FBL,5814,razorpay.vegetarian@timecosmos,SMB,SBM3482174,1,47836864540,ICI,FBL6622117,2,59165455313
TX,U2,c207e525cc75e0d4ce07969c,446338072114,RB,090124,193750,50329,,1,1,0,IOB,0,Ines61@axisb,KVB,5411,finopay.dailygrocer@timecosmos,SMB,SBM4682134,1,42021272346,HDF,BOM8267727,2,93549824640
TX,U2,dd465ecbb4fe11e94aafd9ec,016074010736,RB,090124,012630,99293,,1,1,0,UCO,0,Caleb_Wolf@okicici,KVB,5411,finopay.bulkstore@timecosmos,SMB,SBM6072354,1,85574699539,BDN,IDB3940311,2,22592799846
TX,U2,a006553bb6800dccafd39013,735341009169,Z7,090124,185221,59771,,1,1,0,APP,0,Alta.Collins85@rapl,UOB,4814,jiopay.fiber@timecosmos,SMB,SBM6638662,1,37939581661,IOB,YJU8271725,2,79504733175
TX,U2,deccdf7fc5066c9fd321abc6,892079086277,00,090124,031602,29916,,1,1,0,SIB,0,Khalil81@abfspay,AXB,4722,tripay.tour@timecosmos,SMB,SBM4936688,1,86884838881,BOM,AXB5906589,2,43085199997
TX,U2,4b5bfa5a0e61cfa9b8da7ad2,080438744007,0,090124,095739,19666,,1,1,0,UCO,0,Jaylen_Ernser98@yapl,HDF,5816,airpay.bike@timecosmos,SMB,SBM4893655,1,42588334419,INB,BOM4670286,2,64488002771
TX,U2,45bbddcf54b95ffdb731cf4b,529716577962,0,090124,233020,40982,,1,1,0,BOM,0,Jeremy81@axl,UCO,4814,jiopay.satellite@timecosmos,SMB,SBM7670458,1,52737863927,INB,MBK4491025,2,72582616953
TX,U2,af9a5b1c18083870ecba8710,877945910010,Z7,090124,190940,5424,,1,1,0,YOM,0,Sabrina17@paytm,GTI,4814,jiopay.internet@timecosmos,SMB,SBM1298633,1,33202301294,KVB,BOM0830273,2,62127582760
TX,U2,64e0ab05e6cd3e4fdba16490,114234321026,RB,090124,033547,11160,,1,1,0,BOM,0,Marielle_Smith60@apl,YOM,4722,tripay.adventure@timecosmos,SMB,SBM1038273,1,46444029127,SIB,KMB9910707,2,61899789411
TX,U2,0afb26eabd7e86badbdc01a2,519727567459,Z7,090124,213225,42831,,1,1,0,MBK,0,Eva30@axl,IPB,4722,tripay.wander@timecosmos,SMB,SBM1396130,1,49109610815,SBI,CNB3002839,2,68484078984
TX,U2,45aecec70f7e3bc7ddad0b11,531902721424,Z9,090124,142126,20686,,1,1,0,MBK,0,Betty.Crona@axisb,INB,5411,finopay.dailygrocer@timecosmos,SMB,SBM2793951,1,57833162202,FIB,UOB2289797,2,72386943865
TX,U2,fa8fc062ba9ea5bc636bdc6c,023788224220,Z9,090124,223039,43570,,1,1,0,CBI,0,Oceane.Heidenreich31@axisb,IIB,4722,tripay.destinations@timecosmos,SMB,SBM5055669,1,13834957205,SBI,UCO0229738,2,76090156791
TX,U2,a8b585eaeb96beeb2410ee6e,717042066314,0,090124,115423,1423,,1,1,0,IDC,0,Celestino3@okicici,IDC,5814,razorpay.sushi@timecosmos,SMB,SBM2838559,1,44198022245,SIB,IIB9219137,2,39098209925
TX,U2,0a12f6db32fedbc8ccb6a2e9,263760493259,Z9,090124,145408,89255,,1,1,0,YJU,0,Joshua86@ybl,CBI,4814,jiopay.wireless@timecosmos,SMB,SBM3260175,1,65518793750,AXB,BOM3778965,2,92877936341
TX,U2,29eedc1bdd7ef922ce1f2c8c,588670344553,00,090124,205910,50481,,1,1,0,PNB,0,Zackary83@apl,MBK,5411,finopay.timecosmosrite@timecosmos,SMB,SBM9111740,1,30666778490,YBS,FBL7278660,2,88007812255
TX,U2,4fe087636eba1b4f2b2dff0a,538919350693,Z9,090124,065321,4015,,1,1,0,BOM,0,Annetta_Boyle97@timecosmos,FIB,5411,finopay.corner@timecosmos,SMB,SBM2723937,1,20104697708,PNB,UOB2189990,2,28377728127
TX,U2,d3dad933b4bccc5dc8965def,357417574203,00,090124,122222,53649,,1,1,0,MBK,0,Nathen_Boehm56@axisb,FBL,5814,razorpay.pizza@timecosmos,SMB,SBM9499487,1,54710319034,BOB,YBS1116244,2,97998523823
TX,U2,eb97ebc73c7ca0fcbccaf2d7,887091936609,Z7,090124,174653,39206,,1,1,0,IIB,0,Sigurd22@fkaxis,UCO,5814,razorpay.burger@timecosmos,SMB,SBM8734929,1,46683819361,MBK,FBL0104225,2,87085663268
TX,U2,ae89aab751914e25aa3a9bc3,787672373659,RB,090124,050945,12493,,1,1,0,YOM,0,Lura58@rapl,CBI,5411,finopay.marketplace@timecosmos,SMB,SBM8997444,1,18899236196,BOM,UCO3560438,2,48889712133
TX,U2,deb6ee55ecd3b7c8b058bc8a,636842269017,Z9,090124,135554,12886,,1,1,0,MBK,0,Edyth.Stiedemann96@okaxis,SIB,4722,tripay.getaway@timecosmos,SMB,SBM6210857,1,94002833526,IDC,YOM2660299,2,17815875097
TX,U2,a58bbeebceedf4db7fcdca2e,670155253228,Z9,090124,092630,91429,,1,1,0,PNB,0,Chelsey.Dibbert@okhdfcbank,FBL,4814,jiopay.broadband@timecosmos,SMB,SBM9924845,1,70173910180,APP,KMB7244274,2,74823173175
TX,U2,2ee26fca84bd7eb4fc8810bc,250204466810,Z9,090124,074932,16878,,1,1,0,APP,0,Gerardo54@fkaxis,IOB,5411,finopay.timecosmosrite@timecosmos,SMB,SBM6210781,1,05330658414,MBK,ICI4781200,2,56101518792
TX,U2,da1d7f6c1747f055cfbb2e7b,898969093135,Z9,090124,081624,91226,,1,1,0,UOB,0,Marilie_Sawayn@rapl,BOI,5816,airpay.boat@timecosmos,SMB,SBM3475955,1,46300113775,IIB,BOM6372060,2,53665706452
TX,U2,a8cdab2b9bb674b9baef3b55,237116829264,RB,090124,083822,90814,,1,1,0,IIB,0,Avery.Strosin@abfspay,BOM,4722,tripay.tour@timecosmos,SMB,SBM4705428,1,04020120560,BOB,CBI0148605,2,03595713616
TX,U2,e9f4efbb5b8a33b00facdb1c,750950778793,Z7,090124,093904,29987,,1,1,0,SIB,0,Herta40@fkaxis,CNB,4722,tripay.globetrot@timecosmos,SMB,SBM1099935,1,48195776704,BOB,PNB2014623,2,33963126582
TX,U2,e1f448d5f8af0e708c4eaf15,037536192285,Z9,090124,113623,546,,1,1,0,ARL,0,Janis_Howell-Kerluke@rapl,YES,4722,tripay.adventure@timecosmos,SMB,SBM5466121,1,72235098937,IIB,BDN4910972,2,66892251279
TX,U2,ebc3b06f3d7f54d4accbd3b7,731505917926,Z9,090124,062528,72649,,1,1,0,KMB,0,Tito70@idfcbank,SIB,4814,jiopay.convergence@timecosmos,SMB,SBM9289097,1,16233423431,FBL,SIB9679646,2,60375252033
TX,U2,eaf995b3dda856a88bfa0532,538058402352,00,090124,024239,1167,,1,1,0,YOM,0,Keven.Pagac@idfcbank,AXB,5411,finopay.dailygrocer@timecosmos,SMB,SBM2998099,1,65140855046,CBI,PNB5102325,2,78317720986
TX,U2,f43a1bdb7d5ef4daf8aab11e,786051385462,Z7,090124,143943,93689,,1,1,0,ICI,0,Kaycee42@axl,ARL,4814,jiopay.data@timecosmos,SMB,SBM4783222,1,32878519887,YJU,IPB8963873,2,68164122907
TX,U2,ac8dfec681994aced61caa43,080011700078,0,090124,213411,96862,,1,1,0,FBL,0,Bianka.Predovic21@yapl,AXB,5411,finopay.greenbasket@timecosmos,SMB,SBM8376277,1,23086102782,INB,KVB5228238,2,76282932655
TX,U2,006c21d21ad02fb05e22b736,980628120528,00,090124,182920,46977,,1,1,0,UCO,0,Aric25@axisb,BOB,4722,tripay.explore@timecosmos,SMB,SBM2911199,1,59836550292,BOM,BDN0403456,2,29291268959
TX,U2,24afaaa64408bbedc2377a9e,767847135224,0,090124,010839,78154,,1,1,0,KMB,0,Aisha_Jones@paytm,FIB,4722,tripay.globetrot@timecosmos,SMB,SBM8699342,1,03053297769,IOB,KMB9060189,2,58231891968
TX,U2,bdcf928de7e53e1da0f9bdeb,781373744521,Z7,090124,122559,41540,,1,1,0,YES,0,Montana.Trantow23@yapl,ICI,5411,finopay.freshmart@timecosmos,SMB,SBM2798869,1,53258020234,SIB,UCO5394985,2,96217098541
TX,U2,e2fdf219d10c5ebce1cc37bf,606087373160,Z7,090124,131803,87668,,1,1,0,YJU,0,Carolyn.Heathcote@rapl,GTI,4722,tripay.vacation@timecosmos,SMB,SBM3388878,1,82699030941,YJU,IDB1922390,2,04221833186
TX,U2,c44a3eeba5f9a29c7f7dcfeb,514885541239,RB,090124,081805,63786,,1,1,0,BDN,0,Marcelle.Kuhic47@paytm,BOI,5816,airpay.bike@timecosmos,SMB,SBM7133567,1,68753053533,UCO,CBI4535290,2,98571674021
TX,U2,2df9f6a0beabbdce621146c7,116597541465,RB,090124,202149,44028,,1,1,0,BOI,0,Celestino.Gutmann97@apl,INB,4722,tripay.escape@timecosmos,SMB,SBM8805835,1,81694817571,CNB,HDF4826896,2,40985670868
TX,U2,fd4ab2149d4e709d6ea5acd7,304251035133,Z7,090124,121241,76334,,1,1,0,IPB,0,Ezra50@icici,YBS,5816,airpay.robot@timecosmos,SMB,SBM4965981,1,73924815641,UCO,UOB5594533,2,84277389089
TX,U2,5275fdd807fdbb49fe680afd,640848703564,00,090124,111224,82017,,1,1,0,BDN,0,Winifred.Hackett52@okaxis,BDN,5411,finopay.organic@timecosmos,SMB,SBM7579140,1,06760895629,YOM,CBI7990026,2,75961984101
TX,U2,ae4c02b540b0c0a5dec48d81,156899590040,Z7,090124,023534,53245,,1,1,0,BOI,0,Gayle20@fkaxis,BOI,5816,airpay.helmet@timecosmos,SMB,SBM5655399,1,36499894253,KMB,AXB3032086,2,75691793957
TX,U2,38ff5e94b80dcebebcc69068,363848708671,Z7,090124,152505,50707,,1,1,0,ICI,0,Robin8@apl,BOM,5816,airpay.robot@timecosmos,SMB,SBM3943267,1,48807860712,APP,BOI6156564,2,17545970293
TX,U2,7a13cdaa3acc9ec1cc9ad3ed,954601056110,Z7,090124,061612,37029,,1,1,0,BOM,0,Arvel76@fkaxis,BOI,5816,airpay.robot@timecosmos,SMB,SBM8323428,1,40341179974,IOB,BDN6524079,2,37158169110
TX,U2,415a104d44c2ff4ec333f3ec,685602874038,0,090124,221838,65946,,1,1,0,PNB,0,Donavon_Mitchell6@yapl,IIB,4814,jiopay.broadband@timecosmos,SMB,SBM4219985,1,58609043399,IDB,KTP1739157,2,44074353430
TX,U2,baadd554cde3d03b5afbdbe4,609943453414,0,090124,220933,7658,,1,1,0,UCO,0,Lynn9@okicici,IDC,5816,airpay.airplane@timecosmos,SMB,SBM8935242,1,44375590118,BOM,CNB6798313,2,67663372481
TX,U2,6f8afae1cdcafc0d12ed862b,054301277663,00,090124,215213,65430,,1,1,0,YBS,0,Jarod_McDermott@okhdfcbank,YES,5816,airpay.drone@timecosmos,SMB,SBM2396114,1,15148606282,IDB,SIB8439983,2,51661184813
TX,U2,faeafbb6feab789cbd4c55af,630775031289,Z9,090124,133922,60482,,1,1,0,FBL,0,Spencer91@rapl,PNB,5816,airpay.submarine@timecosmos,SMB,SBM3077337,1,01344808675,MBK,APP4372758,2,47873643166
TX,U2,7a3e8e9f9c8314dbfbd6d76b,127746092593,0,090124,131953,476,,1,1,0,BOM,0,Sam89@yapl,BOM,5814,razorpay.pizza@timecosmos,SMB,SBM9781688,1,62563628235,IIB,KTP1867345,2,16168557209
TX,U2,efc2fca8dd59dc2b2c32e8ee,096137955549,RB,090124,033131,30333,,1,1,0,IIB,0,Albin_Altenwerth13@axl,ARL,4722,tripay.tour@timecosmos,SMB,SBM9890576,1,26291630052,GTI,YBS5204531,2,18366687747
TX,U2,c7702dc8d6bd730a84e66d6a,676974997335,Z9,090124,145438,16068,,1,1,0,YJU,0,Reed_Littel@abfspay,IDC,5411,finopay.greenbasket@timecosmos,SMB,SBM6039248,1,79191708628,YBS,BOM7462761,2,80560739049
TX,U2,be59a9d3ea51aace7ccffd64,152176303437,RB,090124,122317,2112,,1,1,0,KTP,0,Elinor13@abfspay,GTI,4722,tripay.tour@timecosmos,SMB,SBM8580306,1,71056597813,YES,FBL4674640,2,90566634792
TX,U2,faa9be49fd3a9d28b20568dc,554918428863,Z9,090124,195407,87079,,1,1,0,SBI,0,Misty.Langosh56@axisb,APP,5411,finopay.foodland@timecosmos,SMB,SBM2223836,1,01596290793,HDF,SIB8538051,2,16751936072
TX,U2,2077f0b7beeab310dd93f38d,460331139708,Z9,090124,225319,55824,,1,1,0,YES,0,Anita_Daugherty49@apl,SBI,5814,razorpay.sushi@timecosmos,SMB,SBM7562055,1,63814986454,CNB,KVB4967649,2,37220123185
TX,U2,a3a2caf5cee418f36207affa,572970535042,Z9,090124,100248,33132,,1,1,0,BOM,0,Osbaldo39@okaxis,IIB,5411,finopay.greenbasket@timecosmos,SMB,SBM2380409,1,21268329404,BDN,APP1071201,2,58661350414
TX,U2,1eb1d6e06ad4dcff1b5eadc9,800112667352,RB,090124,195447,84682,,1,1,0,YBS,0,Justice86@oksbi,YOM,5411,finopay.town@timecosmos,SMB,SBM4456309,1,76051675795,YBS,IOB3036236,2,39912157477
TX,U2,0434f20aaf08858f2f8cf61d,329485440964,Z9,090124,220028,26021,,1,1,0,YES,0,Jannie_Lowe60@okhdfcbank,SIB,4722,tripay.escape@timecosmos,SMB,SBM8450692,1,63405042383,YBS,HDF7529943,2,01048241654
TX,U2,f9b20c7debaf4afa768bd79d,444712419638,RB,090124,131955,21987,,1,1,0,YJU,0,Madisen27@axl,CNB,5814,razorpay.tacos@timecosmos,SMB,SBM9333658,1,38297012357,SIB,BOB4547766,2,76440735024
TX,U2,1b4fd434efcb0cdfb9c106b5,541639768628,RB,090124,065151,84974,,1,1,0,IOB,0,Karli14@idfcbank,BOM,5814,razorpay.pasta@timecosmos,SMB,SBM0385160,1,45922190149,BOB,UCO5716603,2,37530418326
TX,U2,ab4666b57affb86385ec34f0,367067098296,00,090124,033216,93403,,1,1,0,UOB,0,Bert60@yapl,INB,5814,razorpay.sushi@timecosmos,SMB,SBM3149602,1,06372917829,INB,INB2643278,2,97035183979
TX,U2,a6bceba5af46a5fabdee7b3f,978422524272,0,090124,112526,36457,,1,1,0,AXB,0,Titus_Schuppe-Waelchi85@yesg,KTP,5814,razorpay.vegetarian@timecosmos,SMB,SBM6595642,1,82557806309,BDN,SIB8110904,2,43472915243
TX,U2,d5ef7fb3344caa116ccc5a02,213092404757,00,090124,154734,94683,,1,1,0,IDB,0,Franco94@yapl,BOM,4814,jiopay.satellite@timecosmos,SMB,SBM3166435,1,80836864047,PNB,ICI0476280,2,32347972547
TX,U2,a4fb5b85e9d0a2e94c0f4fd9,753835609368,Z9,090124,145058,7234,,1,1,0,SBI,0,Kimberly_Terry-Frami@oksbi,CBI,5816,airpay.bike@timecosmos,SMB,SBM1282096,1,24802701428,IPB,IOB0486256,2,12432539404
TX,U2,61217119efe99dacb1f2eeb6,098548719166,0,090124,235947,15255,,1,1,0,KTP,0,Damaris.Erdman18@fkaxis,YBS,4722,tripay.tour@timecosmos,SMB,SBM8043872,1,15772843709,ARL,FBL4437724,2,78780380545
TX,U2,cedcc2f1bcec22aa3a25e6d4,903194415447,Z7,090124,171756,66628,,1,1,0,YJU,0,Daniela_Ziemann30@rapl,YBS,5816,airpay.boat@timecosmos,SMB,SBM7509901,1,45779047559,YOM,IDC4399580,2,67313663317
TX,U2,5c47abe974aed0f49f044d4b,300220307517,00,090124,065333,45730,,1,1,0,FBL,0,Manuel.OReilly37@apl,BDN,5816,airpay.helmet@timecosmos,SMB,SBM8975280,1,40400534483,PNB,MBK4118457,2,94094750867
TX,U2,a5aef8c3cdbc3f688ecee0eb,413363644182,Z7,090124,191424,45558,,1,1,0,KVB,0,Mckenzie.Fritsch1@icici,CNB,4722,tripay.escape@timecosmos,SMB,SBM7453035,1,58866467464,UCO,ICI8149213,2,22774231912
TX,U2,ad0e3a0d88be668e66bdda15,278110040762,RB,090124,222641,33149,,1,1,0,CNB,0,Baylee_Kutch67@icici,KVB,4814,jiopay.data@timecosmos,SMB,SBM2737134,1,26403208213,YOM,IDB0156194,2,72808617731
TX,U2,6d2a77df1db9fabe82ccac6b,495039720942,00,090124,102607,36072,,1,1,0,KVB,0,Deonte28@okicici,KVB,5814,razorpay.tacos@timecosmos,SMB,SBM3411585,1,12706642379,GTI,BDN5637330,2,02290821878
TX,U2,adc042e9bf75bbebb077d65c,415281844963,RB,090124,204409,28136,,1,1,0,KTP,0,Shanelle_Schmitt53@yesg,ARL,4814,jiopay.satellite@timecosmos,SMB,SBM0623451,1,56858236486,GTI,ICI0138429,2,80237799446
TX,U2,a85af7a4b7b2bcc1a4ee0e9d,178998913719,RB,090124,145206,94055,,1,1,0,PNB,0,Margarette26@abfspay,PNB,4722,tripay.wander@timecosmos,SMB,SBM4603511,1,51674123401,INB,IPB6205456,2,43176421642
TX,U2,2b5eb0ac21034b1edcfd4e1e,537085817038,0,090124,215057,24984,,1,1,0,YOM,0,Albin33@fkaxis,YOM,5411,finopay.town@timecosmos,SMB,SBM1590724,1,25323110228,MBK,CNB9535933,2,46513001187
TX,U2,2e67fd7afcb2540c7ce3c6d2,899548633462,Z7,090124,180442,32162,,1,1,0,INB,0,Lourdes.Krajcik34@okicici,BOM,5814,razorpay.dessert@timecosmos,SMB,SBM3444770,1,77668374831,YOM,YOM7655996,2,17534848542
TX,U2,6cd250efb003de7f2ce0e4b6,355005708526,Z9,090124,052050,82852,,1,1,0,KMB,0,Stacey_Parisian25@axisb,ARL,5814,razorpay.pasta@timecosmos,SMB,SBM2592690,1,58211881564,BOM,INB9325888,2,59430766956
TX,U2,ea44e2ced10db9dde543420e,917775457783,Z9,090124,154730,73801,,1,1,0,KVB,0,Isobel83@axl,KVB,5411,finopay.freshmart@timecosmos,SMB,SBM6018485,1,13311162009,ICI,ARL7332007,2,71858792042
TX,U2,4ebbf0fff02df3b33d1f4efc,868396499407,0,090124,040945,52108,,1,1,0,KVB,0,Maegan62@axl,KMB,5814,razorpay.pizza@timecosmos,SMB,SBM8913851,1,30964202908,CBI,YBS8311220,2,05020367074
TX,U2,f88c55b7d7b5db887aaeadfb,941884653223,RB,090124,190437,27090,,1,1,0,UCO,0,Barney_Bradtke26@okaxis,PNB,5411,finopay.marketplace@timecosmos,SMB,SBM4172687,1,85264095883,UOB,SBI4654891,2,27699602789
TX,U2,5f29ad6d9a2fde3bed490afb,833217083722,0,090124,083825,93018,,1,1,0,YOM,0,Ena71@rapl,CBI,5816,airpay.airplane@timecosmos,SMB,SBM7265500,1,31596848131,IDC,YES8483890,2,59320843701
TX,U2,befcac6a0949ddb344f6ba85,399963103411,Z9,090124,164648,15750,,1,1,0,SIB,0,Albin33@okaxis,YES,5814,razorpay.tacos@timecosmos,SMB,SBM5959880,1,10237036533,IDC,BDN8238547,2,14131460959
TX,U2,a6afaf4bece1dcffbbd9eac8,483589477036,00,090124,180042,38573,,1,1,0,PNB,0,Laura.Larkin@oksbi,PNB,4722,tripay.explore@timecosmos,SMB,SBM7062791,1,53126972947,KMB,FBL9577450,2,55746037496
TX,U2,e3cbdce844b3eacb210f1acd,782647430242,00,090124,172327,48454,,1,1,0,YBS,0,Trenton11@timecosmos,FBL,4722,tripay.vacation@timecosmos,SMB,SBM1464080,1,41782923827,KMB,YOM0115869,2,42012086105
TX,U2,2bef53fd82610babdd3f062c,869182203254,0,090124,134933,82280,,1,1,0,IIB,0,Nayeli85@ybl,SIB,4722,tripay.getaway@timecosmos,SMB,SBM3953263,1,22045594475,BDN,CNB3684055,2,08537745141
TX,U2,eeb37acab0bb445e9f89b028,162635175092,RB,090124,110044,63986,,1,1,0,BDN,0,Maxine.Legros72@okhdfcbank,IDB,4722,tripay.destinations@timecosmos,SMB,SBM4203278,1,22483444960,AXB,BOM5735435,2,03039406021
TX,U2,bacd7866b4fcf27fab50f83c,799934245639,RB,090124,143751,74663,,1,1,0,GTI,0,Sierra.OConnell@fkaxis,IPB,4722,tripay.expedition@timecosmos,SMB,SBM8936199,1,32646693719,ARL,UCO3538523,2,69246518923
TX,U2,da8ccbde741c36aee7f4cc99,313811182716,RB,090124,085511,37924,,1,1,0,FBL,0,Lina_Schinner-Stoltenberg92@yapl,SIB,5816,airpay.truck@timecosmos,SMB,SBM8396456,1,84513710762,YBS,IDB4822087,2,71283821711
TX,U2,efc55271ddeea8d2803bc9c4,684291834770,0,090124,191941,73384,,1,1,0,BDN,0,Noemie61@yesg,CNB,5816,airpay.submarine@timecosmos,SMB,SBM0315055,1,00195199000,IPB,IOB4113236,2,14838690150
TX,U2,f304dba1bcea22de7e65d018,511109926965,RB,090124,123929,58060,,1,1,0,IOB,0,Jefferey62@ybl,ARL,5816,airpay.helmet@timecosmos,SMB,SBM7188110,1,81915939978,GTI,CBI0394897,2,54571228078
TX,U2,749acaeed12e463cc8caae01,456631860562,00,090124,054138,84413,,1,1,0,CNB,0,Ulices33@icici,YOM,5411,finopay.marketplace@timecosmos,SMB,SBM7978793,1,14896951038,BOM,BDN9671766,2,87088054538
TX,U2,096caaffc63f184a8e87d4cc,966225813451,RB,090124,214607,80680,,1,1,0,CBI,0,Edmond.Schmidt42@oksbi,BOM,5816,airpay.drone@timecosmos,SMB,SBM9798598,1,58177284545,KTP,IPB8012560,2,54214570906
TX,U2,ffbcb2fb2fa72c8c745ae90b,298669189549,00,090124,071505,34987,,1,1,0,KMB,0,Elsie.Muller@yapl,INB,5411,finopay.foodland@timecosmos,SMB,SBM2423154,1,56960904672,PNB,MBK7769534,2,61590140315
TX,U2,cd0366bce437bf47d5c41af7,895702698336,Z7,090124,120218,4566,,1,1,0,BOM,0,Florencio.Ferry90@okicici,HDF,5814,razorpay.pizza@timecosmos,SMB,SBM2956885,1,67887689189,FBL,BOM8472962,2,57603388545
TX,U2,b017c7acb8f081bcc6e6f2ca,002642245959,RB,090124,135702,69559,,1,1,0,BOM,0,Talon1@fkaxis,YOM,5816,airpay.robot@timecosmos,SMB,SBM9459532,1,73426906015,AXB,IPB1001944,2,18607968812
TX,U2,fed0b5c0a9cebcecd17baca2,656528425268,00,090124,175931,31816,,1,1,0,HDF,0,Jacinto14@okhdfcbank,YBS,4722,tripay.expedition@timecosmos,SMB,SBM6528159,1,55175789347,BDN,BOI7109301,2,15870370842
TX,U2,b255a9c5c00e8de990e2a4eb,316134845111,Z9,090124,210509,32247,,1,1,0,KTP,0,Aubree.Deckow@timecosmos,BOB,4814,jiopay.convergence@timecosmos,SMB,SBM1005758,1,46582185069,IOB,KVB3939690,2,81353056825
TX,U2,424ccc3b5ca486fe7bd1c398,079640059565,0,090124,033248,21382,,1,1,0,BOB,0,Bennett.Crona21@apl,YOM,4722,tripay.wander@timecosmos,SMB,SBM1787317,1,97490504009,CBI,ARL1336137,2,52187575649
TX,U2,ac62ecf7ccc3108fabf5dd43,048276263911,0,090124,133656,849,,1,1,0,KMB,0,Arnold72@timecosmos,IDB,5814,razorpay.pizza@timecosmos,SMB,SBM4743778,1,67988951039,ARL,IIB6986937,2,67761932562
TX,U2,1190d9f2ffc54d6f56ec5939,916429738663,RB,090124,105131,34232,,1,1,0,ICI,0,Alexander84@paytm,MBK,4722,tripay.wander@timecosmos,SMB,SBM9696279,1,05620536052,SIB,IPB9919895,2,72001757070
TX,U2,aac0ce08d77e133d81fc3d0d,309761273139,Z9,090124,175213,84187,,1,1,0,FBL,0,Judd63@yapl,YOM,5814,razorpay.soup@timecosmos,SMB,SBM2637086,1,39913385455,CNB,UOB3399070,2,68494144065
TX,U2,2fce35abcedcc45df3bc4fe6,914724107911,0,090124,101926,66127,,1,1,0,IOB,0,Cleta.Gislason0@fkaxis,BOI,4722,tripay.destinations@timecosmos,SMB,SBM9680864,1,71710624868,MBK,CBI1229681,2,15896745254
TX,U2,ca9d4e0d937e9e8a3abf6f18,544593663377,RB,090124,010215,83444,,1,1,0,KTP,0,Michale.Sauer@fkaxis,IOB,5411,finopay.greenbasket@timecosmos,SMB,SBM2140506,1,50776884333,FBL,IDC3053331,2,73638680565
TX,U2,983ae09bdc9f905911e1c5d9,909679908135,Z7,090124,112339,94639,,1,1,0,SBI,0,Zelda_Wolf19@yapl,KTP,4722,tripay.wander@timecosmos,SMB,SBM9606675,1,38624265531,BOM,KMB1784607,2,91179574926
TX,U2,8a7ead37cdf5d5c6aefab56d,706017225918,Z7,090124,112929,29046,,1,1,0,FBL,0,Allan_Cole38@axl,KTP,5411,finopay.timecosmosrite@timecosmos,SMB,SBM4310017,1,71364110267,BOM,YES7686997,2,97188907501
TX,U2,1ffc79ebbd265b4b30dfec03,007621438311,RB,090124,032545,70058,,1,1,0,IOB,0,Keshaun_Lowe@abfspay,ARL,5411,finopay.greenbasket@timecosmos,SMB,SBM5291611,1,43837676437,FIB,SIB8301004,2,87122761603
TX,U2,7f44695180d9ccac4eddde30,156177860029,Z9,090124,000020,97598,,1,1,0,BOI,0,Filomena.Maggio22@ybl,CNB,4814,jiopay.wireless@timecosmos,SMB,SBM0017629,1,09800585556,CBI,BDN9368514,2,74551057971
TX,U2,6bbd932bc049b30f8b678e89,359548440235,Z9,090124,033117,2718,,1,1,0,YOM,0,Arden73@yapl,IOB,5816,airpay.helmet@timecosmos,SMB,SBM9744222,1,03248325863,ICI,IDB1282691,2,14896819945
TX,U2,9b30b9eeaa4edfffe1a849e6,797891008553,RB,090124,065807,54123,,1,1,0,YES,0,Kaelyn82@timecosmos,KTP,5816,airpay.scooter@timecosmos,SMB,SBM1449224,1,74146385572,BOM,KTP4973556,2,37788008350
TX,U2,bebffbd04bcfdd745037e601,663932730012,00,090124,124318,44351,,1,1,0,BDN,0,Zita_Larson@rapl,CBI,5816,airpay.truck@timecosmos,SMB,SBM1510360,1,57491050141,ICI,YES2285770,2,91106063441
TX,U2,be4b05cedeb3b66ef637fbaa,640010214825,Z9,090124,170936,61111,,1,1,0,INB,0,Dangelo_Senger@abfspay,CNB,5814,razorpay.pasta@timecosmos,SMB,SBM8742388,1,36708962308,MBK,BDN4622474,2,34378254410
TX,U2,08e6b67cc7de0f3f324f6856,510461406023,0,090124,213604,30693,,1,1,0,INB,0,Marlen_Steuber59@axl,IIB,5814,razorpay.dessert@timecosmos,SMB,SBM6241262,1,58848976201,CNB,YES0804682,2,57608448555
TX,U2,b5a22bc219f1666cbe9f5196,327054416002,RB,090124,102524,95752,,1,1,0,CNB,0,Delmer_Hoeger19@okaxis,KTP,4722,tripay.getaway@timecosmos,SMB,SBM9186094,1,56108664077,BOI,IPB0428628,2,32071949236
TX,U2,c10fdd4d86a2c6789d0d7de9,826552651837,Z7,090124,134248,36067,,1,1,0,CBI,0,Henriette.Gulgowski12@abfspay,SBI,5411,finopay.corner@timecosmos,SMB,SBM6853002,1,54345557341,SBI,UCO6696951,2,18748690381
TX,U2,1d57c0a2e905ffd1aebde511,593505310124,Z9,090124,054255,21827,,1,1,0,ICI,0,Sharon.Kovacek96@okicici,BOB,5816,airpay.helmet@timecosmos,SMB,SBM7841676,1,63272077027,BOM,BOB1849572,2,10888925825
TX,U2,d4390c881aeabdf9e38ef58e,315454197380,RB,090124,043955,66678,,1,1,0,BOM,0,Leonard7@axl,IDB,5816,airpay.drone@timecosmos,SMB,SBM5274253,1,18607659421,BDN,YES6614577,2,74716559334
TX,U2,dbd4413e27bcab3bee4f17ab,322315197482,RB,090124,141259,29748,,1,1,0,FBL,0,Tara89@okhdfcbank,MBK,4722,tripay.expedition@timecosmos,SMB,SBM1344442,1,20157101555,IDB,BOI8127515,2,83898464868
TX,U2,abcef0fe5fb15eb1c3ae4471,703942983097,RB,090124,064316,35308,,1,1,0,APP,0,Kenya.Swift61@idfcbank,SIB,4722,tripay.wander@timecosmos,SMB,SBM5330055,1,65833960676,BDN,UCO7463867,2,84094700825
TX,U2,87af47d897a0a8104f8affdc,070873389240,Z9,090124,153214,61490,,1,1,0,BOB,0,Maritza_Ullrich71@axl,YBS,5816,airpay.airplane@timecosmos,SMB,SBM4381419,1,68431491931,IOB,BOM0041377,2,75445892850
TX,U2,8bf0aecadbf98a3be6bd2e26,382317087373,RB,090124,100632,76804,,1,1,0,UCO,0,Mariane70@icici,IIB,5816,airpay.truck@timecosmos,SMB,SBM3561087,1,96910953387,UCO,SBI8008783,2,46911477299
TX,U2,a65cede7ab6e170e5f55ad0b,696977298136,Z7,090124,051711,40070,,1,1,0,KTP,0,Ciara_Dare@okicici,APP,5814,razorpay.burger@timecosmos,SMB,SBM4542189,1,44582936378,GTI,ARL9165338,2,27192536627
TX,U2,54f7bb2dbf23a796fa8075ad,512205744995,00,090124,073035,18066,,1,1,0,YOM,0,Devante_Brekke@abfspay,FIB,5816,airpay.submarine@timecosmos,SMB,SBM7990220,1,94766824516,AXB,YOM8491711,2,66376177280
TX,U2,3eaddbc80da53b9b3aacdbc0,088072844500,Z9,090124,191359,58289,,1,1,0,BOM,0,Turner_Volkman10@abfspay,PNB,5816,airpay.bike@timecosmos,SMB,SBM8065249,1,55903537376,INB,PNB3045561,2,24521940040
TX,U2,5d755baed228c8c135bcdaa5,110886584342,RB,090124,190847,42436,,1,1,0,YJU,0,Dagmar_Beatty@paytm,KMB,5411,finopay.timecosmosrite@timecosmos,SMB,SBM3783385,1,97499823563,UCO,UOB5544350,2,35538533644
TX,U2,2cd2023c1beabe8ae0d867fd,513008460220,00,090124,060418,97979,,1,1,0,BOI,0,Mossie_Hudson@icici,YES,5814,razorpay.burger@timecosmos,SMB,SBM0443028,1,32312636390,IOB,IDC3279365,2,68125946324
TX,U2,ee09eea85dd090960a98ace0,066483746805,Z9,090124,131830,8322,,1,1,0,YOM,0,Eulalia46@rapl,YBS,4722,tripay.escape@timecosmos,SMB,SBM5695735,1,69386184005,HDF,CNB9963786,2,99604222714
TX,U2,b9db0e194a2d3a0d460cff9d,823694785997,00,090124,210901,3595,,1,1,0,CNB,0,Lenny_Barrows71@yapl,IDB,4722,tripay.adventure@timecosmos,SMB,SBM4493907,1,11674195437,UCO,BOB7441714,2,52054354099
TX,U2,def82a6a3a0e6cf6918b53e1,519225630229,RB,090124,093920,70626,,1,1,0,MBK,0,Geo80@ybl,IIB,5816,airpay.car@timecosmos,SMB,SBM2126087,1,41181152000,IDB,IIB9249486,2,97609590742
TX,U2,524ac7dd82c15e5d8914d2b6,562520877339,Z9,090124,132246,31879,,1,1,0,BOM,0,Jean_Kuhic@timecosmos,INB,4814,jiopay.fiber@timecosmos,SMB,SBM1326496,1,09008283013,IPB,APP7905064,2,54084659529
TX,U2,1ee79d0e7e9bfaa7a4adda02,650491609269,RB,090124,233423,63311,,1,1,0,ARL,0,Yasmeen.Pacocha24@icici,YOM,4814,jiopay.cable@timecosmos,SMB,SBM9751537,1,09505844048,HDF,IDC6954965,2,38610485230
TX,U2,c75ac23f864e622bb11faeab,350437422825,RB,090124,131402,19716,,1,1,0,UOB,0,Jana_Block@ybl,KTP,5814,razorpay.pizza@timecosmos,SMB,SBM2951789,1,69884843054,IPB,FIB1628490,2,42098454864
TX,U2,1fe5e293cf8ac7afd1dfebce,536129197895,00,090124,183520,66193,,1,1,0,HDF,0,Madonna55@icici,YJU,4722,tripay.destinations@timecosmos,SMB,SBM1238262,1,54343304510,ARL,CNB8298408,2,58763642115
TX,U2,880b488a1c5ecc325d4a488e,875087226401,00,090124,234102,43696,,1,1,0,YOM,0,Chaim1@ybl,YES,5814,razorpay.steak@timecosmos,SMB,SBM5725336,1,62057191438,ICI,BOM0163759,2,76961402621
TX,U2,c5facaee4ea6dbf5e97de03a,549532455710,00,090124,204723,79581,,1,1,0,IPB,0,Danial_Daugherty@okhdfcbank,INB,5814,razorpay.burger@timecosmos,SMB,SBM5955332,1,68258972085,YJU,IOB1696007,2,48752204476
TX,U2,5b1aed0fb52badeecce1e17c,382907580293,00,090124,162754,81936,,1,1,0,KTP,0,Roel_Macejkovic@paytm,IDB,5816,airpay.boat@timecosmos,SMB,SBM2490428,1,36369294918,IPB,KTP6984443,2,21440135595
TX,U2,eaf0cf68ffa1e0eab07deb09,062015033291,RB,090124,041835,24532,,1,1,0,UOB,0,Gino.Stark@idfcbank,BOI,5816,airpay.airplane@timecosmos,SMB,SBM7235934,1,54675163139,IIB,YJU0943192,2,52325917665
TX,U2,efa4b5df18d1a103ce90b3ea,759844745245,RB,090124,234545,42505,,1,1,0,BOM,0,Travon_Mosciski25@abfspay,ARL,5816,airpay.submarine@timecosmos,SMB,SBM3405888,1,44608817590,FBL,ARL0485355,2,89415847623
TX,U2,91c8ad5c7aeb5cabed2490dd,968815041607,00,090124,084057,6255,,1,1,0,KTP,0,Dax3@okaxis,GTI,5816,airpay.scooter@timecosmos,SMB,SBM1325595,1,43276641275,IIB,YJU7155112,2,18121447207
TX,U2,e6984cbf1c7ba1acaa193a5a,733873398466,Z7,090124,034049,43228,,1,1,0,APP,0,Noelia_Nitzsche33@yapl,PNB,5411,finopay.dailygrocer@timecosmos,SMB,SBM4142740,1,57415601444,FBL,BOM3978202,2,98953788570
TX,U2,6d777e85b847a1ebc6ee8cbb,290125507517,Z9,090124,012505,24692,,1,1,0,IPB,0,Lottie.Steuber@axl,YBS,4722,tripay.getaway@timecosmos,SMB,SBM1901889,1,79272241908,YBS,AXB0675845,2,49450956441
TX,U2,f208c05eb9eae64f43fdfada,234823732811,00,090124,232453,6742,,1,1,0,FBL,0,Estelle_Orn84@yapl,BOI,5816,airpay.truck@timecosmos,SMB,SBM0192943,1,74223463994,KTP,IOB1634414,2,81401882146
TX,U2,ff97afdf5a56aab65acbfe9f,253141121240,Z7,090124,012234,4383,,1,1,0,BOB,0,Anika2@idfcbank,PNB,5814,razorpay.salad@timecosmos,SMB,SBM9521351,1,32388048755,BOM,BOM8727586,2,64725788828
TX,U2,11f0af993dc787ca5b9d762b,646148131982,00,090124,212952,68137,,1,1,0,FBL,0,Itzel21@apl,YES,5814,razorpay.sushi@timecosmos,SMB,SBM0525306,1,34085961796,YES,INB7198218,2,15190205909
TX,U2,9e3ef57edfe0141af438db4c,708934082482,Z9,090124,184304,44246,,1,1,0,IDB,0,Jedidiah25@paytm,ICI,5816,airpay.airplane@timecosmos,SMB,SBM0467738,1,28225912792,GTI,AXB9241614,2,19956625197
TX,U2,bff9cff0c66bbb808a469e82,319073600031,Z9,090124,163122,39773,,1,1,0,AXB,0,Tyson_Kirlin@icici,ARL,5411,finopay.town@timecosmos,SMB,SBM3875454,1,51316466352,SIB,AXB1844817,2,56586774274
TX,U2,2e54c04f93dfaaedd0d70dee,119498695243,0,090124,024642,81037,,1,1,0,ICI,0,Marietta_Funk@rapl,YOM,4722,tripay.escape@timecosmos,SMB,SBM5623039,1,89715976487,BOM,KTP2203651,2,12345864820
TX,U2,d8a1e426f387b8aeec36e8e5,221576940639,0,090124,075641,82428,,1,1,0,CBI,0,Nathaniel.Schmidt6@yapl,YOM,4814,jiopay.fiber@timecosmos,SMB,SBM4790777,1,60302852507,FIB,YJU3449612,2,47417468080
TX,U2,d420f2f317401a054048091a,717643826216,RB,090124,104321,88014,,1,1,0,IDB,0,Garnett92@rapl,PNB,5814,razorpay.vegetarian@timecosmos,SMB,SBM1838038,1,79409331391,MBK,YOM4020625,2,20955443143
TX,U2,b9dae6ecb4fcc7bd1fa7c1ef,242818839937,RB,090124,105121,39054,,1,1,0,ICI,0,Meredith_Schmeler@oksbi,UCO,5816,airpay.truck@timecosmos,SMB,SBM5744060,1,97320899401,UOB,KVB7766381,2,50553896397
TX,U2,addcfb0aeb5cedbe1ed39c0f,412188504933,Z9,090124,093303,85820,,1,1,0,GTI,0,Joana_Mertz@oksbi,IPB,4814,jiopay.convergence@timecosmos,SMB,SBM4059705,1,69669482650,UCO,BOB6234289,2,34326641496
TX,U2,a298b2abea04fafdae9940cf,752531929297,00,090124,023144,46505,,1,1,0,IDC,0,Florence91@yesg,INB,5411,finopay.organic@timecosmos,SMB,SBM8342198,1,82201500671,IPB,IOB3087975,2,25561038272
TX,U2,bdcdcee9ffd1b5faaec52b4e,221109476000,Z7,090124,025718,10858,,1,1,0,BOI,0,Gwen_Conn@rapl,FIB,4722,tripay.expedition@timecosmos,SMB,SBM1320161,1,89888542198,IIB,INB3386788,2,43181573143
TX,U2,55a6382c7eb26cedcd6eae5b,177066067244,00,090124,150954,42695,,1,1,0,ICI,0,Manuela14@okhdfcbank,SBI,5816,airpay.submarine@timecosmos,SMB,SBM1242649,1,72441593994,FBL,BOB1498785,2,89157184315
TX,U2,2bfb258dacb603becc452e40,693470374381,0,090124,192721,73458,,1,1,0,FIB,0,Diana.Harris-Morissette@fkaxis,ICI,4814,jiopay.mobile@timecosmos,SMB,SBM5386818,1,57522887137,UCO,PNB8526715,2,10575335005
TX,U2,9dbdafec9445fb8df392a6ac,727242922114,Z7,090124,033706,53204,,1,1,0,KVB,0,Cade15@okicici,SBI,5814,razorpay.salad@timecosmos,SMB,SBM0353077,1,03446418986,GTI,BOM4743433,2,09678390050
TX,U2,4b1bc7c4fc0eadbfd84a02da,975503705601,Z7,090124,121237,11477,,1,1,0,IDC,0,Joannie92@fkaxis,BDN,5816,airpay.drone@timecosmos,SMB,SBM9741666,1,73449549102,CBI,SBI3527462,2,95361209598
TX,U2,f9865fdf5657b40bcfd8fef2,835614020991,00,090124,205202,90607,,1,1,0,PNB,0,Nathanial10@abfspay,SIB,4722,tripay.getaway@timecosmos,SMB,SBM6807168,1,85539392079,FIB,SIB2979850,2,57113235632
TX,U2,fda80d043ce8fd2864dccd00,846532349933,RB,090124,124534,35955,,1,1,0,KTP,0,Estel_Steuber@ybl,IIB,4814,jiopay.satellite@timecosmos,SMB,SBM0724375,1,87604140357,YBS,BOI3605382,2,63866980953
TX,U2,f27ddae1498fa27daddd747c,030265343274,RB,090124,100256,88746,,1,1,0,SBI,0,Tyler_Runte75@okaxis,YOM,4722,tripay.tour@timecosmos,SMB,SBM8160087,1,25481782061,ARL,BOM9999745,2,64490517882
TX,U2,5c4bef07d94e5cffb9bde25c,653855887737,RB,090124,132123,87527,,1,1,0,YJU,0,Elna_Collier6@abfspay,UOB,5814,razorpay.vegetarian@timecosmos,SMB,SBM7796710,1,03562980675,YES,AXB0313919,2,30198749811
TX,U2,cce4ccbee7bafe6281b2a6da,093773336468,Z9,090124,160821,35792,,1,1,0,AXB,0,Chelsea20@okicici,ICI,4722,tripay.destinations@timecosmos,SMB,SBM3263172,1,61068687995,IPB,YOM9748059,2,91044156973
TX,U2,1ee1a13dd29fdce6cf62aeec,501656249060,Z9,090124,230624,50943,,1,1,0,CNB,0,Braeden33@idfcbank,YOM,4814,jiopay.mobile@timecosmos,SMB,SBM9394102,1,99651566540,BOI,BOI2433853,2,76121267301
TX,U2,f0b3a6bf9a8ae2559bd1934d,392506627695,RB,090124,051149,47925,,1,1,0,UCO,0,Raul.Casper91@timecosmos,GTI,4814,jiopay.cable@timecosmos,SMB,SBM2848187,1,71755496420,BOB,CNB8332030,2,65206407071
TX,U2,ad433ddfd331bbc2d0cacf08,213964436152,RB,090124,204031,59260,,1,1,0,CBI,0,Ottilie.Windler31@yesg,INB,5816,airpay.drone@timecosmos,SMB,SBM0012011,1,77918035986,APP,INB7519212,2,98975450293
TX,U2,31f1c7f147f0814db3b7a03c,839448863599,0,090124,101713,83458,,1,1,0,GTI,0,Asha_Rice@okicici,FIB,5411,finopay.freshmart@timecosmos,SMB,SBM3160308,1,81070759650,UCO,BOI9529775,2,08572312918
TX,U2,926941bdfdbf1cbc09d6cdac,418277893304,Z9,090124,003741,64723,,1,1,0,KMB,0,Maud.Mills@axisb,YES,5814,razorpay.pizza@timecosmos,SMB,SBM7171414,1,51569092027,YBS,BDN0778145,2,47102500967
TX,U2,51cecd1b5cefa6707afc9c52,171938966151,Z7,090124,103829,166,,1,1,0,INB,0,Micaela43@apl,HDF,5814,razorpay.steak@timecosmos,SMB,SBM0718104,1,22940276487,BOB,BOM4560336,2,94695687369
TX,U2,bf2fb06191d26c1831f01fe2,226380407864,Z9,090124,140630,20825,,1,1,0,YOM,0,Erin.Feeney35@okaxis,KVB,5411,finopay.dailygrocer@timecosmos,SMB,SBM8711594,1,54236042531,BOM,BOB4841316,2,50468823511
TX,U2,fa689aba1f8ac8a7fbc73177,525284040543,RB,090124,002815,20074,,1,1,0,GTI,0,Seth.Weimann14@okhdfcbank,BOI,5411,finopay.dailygrocer@timecosmos,SMB,SBM6962388,1,16051143919,APP,YOM8649553,2,11671605654
TX,U2,aefa04cfef49491dbac5b11e,555864760943,RB,090124,234710,53794,,1,1,0,YBS,0,Isidro.Gottlieb67@icici,ICI,4814,jiopay.satellite@timecosmos,SMB,SBM0689228,1,90987199892,KTP,KMB8570397,2,06579306542
TX,U2,0ddb1eca33a00f9bdecdbfbf,528045828586,RB,090124,065026,67864,,1,1,0,BOI,0,Bessie.Hegmann42@fkaxis,KMB,5411,finopay.marketplace@timecosmos,SMB,SBM7196013,1,58622843183,MBK,YES9450435,2,67925701313
TX,U2,3ecbff31c8bd2e14f8df1d2e,695043312411,RB,090124,165126,55371,,1,1,0,FBL,0,Chris.Abbott64@axisb,FIB,5814,razorpay.dessert@timecosmos,SMB,SBM8905867,1,82397652612,MBK,IOB2219763,2,82188318239
TX,U2,31d3ed2b58f05af2e75aeb8c,985982028577,0,090124,142450,13121,,1,1,0,BOB,0,Lilian.Armstrong28@yesg,KVB,4722,tripay.wander@timecosmos,SMB,SBM7611174,1,14672599107,UOB,ICI7008511,2,67292007572
TX,U2,1c94d5a38f5f0eb44b49ab54,429329520299,Z7,090124,174943,96501,,1,1,0,ARL,0,Donnell97@paytm,BOM,4722,tripay.tour@timecosmos,SMB,SBM1724753,1,49658945756,BOB,AXB5856266,2,32180317474
TX,U2,fb5ba475a0ece3f4de05ead2,059115669723,Z9,090124,114645,7485,,1,1,0,IDC,0,Leonard.Berge8@rapl,BOM,5411,finopay.corner@timecosmos,SMB,SBM9642302,1,02284018489,YJU,INB6132625,2,29638023329
TX,U2,10cf0dba545c935dafef06aa,161814890225,RB,090124,054829,18477,,1,1,0,KVB,0,Lola_Goyette54@fkaxis,BOI,4814,jiopay.convergence@timecosmos,SMB,SBM0259267,1,99807730987,YBS,UCO0266783,2,51742906016
TX,U2,21c9aabdc2d6cbebe12a6d7f,976066922890,RB,090124,174525,80270,,1,1,0,IPB,0,Timothy95@rapl,IIB,4722,tripay.adventure@timecosmos,SMB,SBM9802639,1,78882233637,BOM,YOM8878352,2,12350807378
TX,U2,2e6495aed07a0ef6b59efb47,989687410429,0,090124,195013,54509,,1,1,0,YOM,0,Arielle_Langosh@idfcbank,AXB,5814,razorpay.tacos@timecosmos,SMB,SBM5490254,1,75852992020,YES,SBI2417341,2,50594648418
TX,U2,83e9f70ab27ca1ffed10fd11,861185177572,RB,090124,161250,77044,,1,1,0,SBI,0,Fleta16@yapl,IIB,4722,tripay.adventure@timecosmos,SMB,SBM3020618,1,76005117299,KTP,KMB9369595,2,86729289917
TX,U2,b077c16e96fe6a4d08d589f8,496452212964,RB,090124,193711,18543,,1,1,0,ICI,0,Glenda26@yesg,BOI,4722,tripay.wander@timecosmos,SMB,SBM7730567,1,18876853784,BOM,IOB2794199,2,91544188741
TX,U2,f4bed2eccc95406841f1eaba,316558881908,0,090124,230629,41648,,1,1,0,IIB,0,Jaiden44@rapl,ICI,4814,jiopay.cable@timecosmos,SMB,SBM2130810,1,74493518853,IOB,APP7152216,2,01118797636
TX,U2,d8068019afeed4fc6eda150d,375802828136,Z7,090124,211526,60091,,1,1,0,AXB,0,Rashad.Romaguera@rapl,KVB,4814,jiopay.wireless@timecosmos,SMB,SBM5769454,1,43596435160,IOB,YES2721167,2,80057095027
TX,U2,4acdb6bc1e3ae80195aedfcd,758048938572,RB,090124,093726,66094,,1,1,0,UOB,0,Carmen.Casper@ybl,YJU,5814,razorpay.vegetarian@timecosmos,SMB,SBM5734530,1,89540419829,BOM,INB6000307,2,10438863793
TX,U2,af4c45f5e47cac0ca8de7aea,190811423856,0,090124,172524,94700,,1,1,0,ARL,0,Jeanie.OKeefe25@icici,IOB,4814,jiopay.voip@timecosmos,SMB,SBM8037296,1,44217089608,INB,IPB9946801,2,80359395609
TX,U2,faaebbcabd2dd13d0fa2c8e2,300221065071,Z9,090124,125526,98059,,1,1,0,KMB,0,Brittany1@yapl,PNB,4814,jiopay.cable@timecosmos,SMB,SBM5831978,1,92557818398,AXB,CBI3532706,2,74982797252
TX,U2,cc8188d68165d5f20deed153,289010264936,0,090124,171453,14406,,1,1,0,PNB,0,Orval92@timecosmos,CNB,5411,finopay.marketplace@timecosmos,SMB,SBM2262521,1,74574890396,YES,CNB8736146,2,32812926123
TX,U2,ddd41ce68aed2ebda8034def,768015246950,Z9,090124,191607,33865,,1,1,0,SBI,0,Jeff_Little37@ybl,IOB,5411,finopay.town@timecosmos,SMB,SBM9937037,1,07053404971,UOB,IDC3008421,2,51658996725
TX,U2,da10b12fb2bae536e25adda6,179910126695,Z9,090124,054918,31064,,1,1,0,HDF,0,Chase.Heidenreich54@timecosmos,BDN,5814,razorpay.dessert@timecosmos,SMB,SBM5548021,1,33243983933,ICI,APP8017117,2,52540916962
TX,U2,3d57f8b038118ecba97cac7e,467795002669,00,090124,103251,39111,,1,1,0,IPB,0,Erik.Fadel92@fkaxis,FIB,5411,finopay.dailygrocer@timecosmos,SMB,SBM1725360,1,37777454521,CNB,YES3897087,2,14159648881
TX,U2,4df26ceb4628337e68cc4dcd,102359048406,Z9,090124,054806,15586,,1,1,0,CNB,0,Doris19@paytm,IPB,5411,finopay.freshmart@timecosmos,SMB,SBM7603225,1,39597239139,YJU,IDB1792324,2,28463055633
TX,U2,144ebae1c827aa13003aaa1a,487309320317,00,090124,182928,24188,,1,1,0,SBI,0,Catherine67@axisb,HDF,5814,razorpay.salad@timecosmos,SMB,SBM2017141,1,32191745412,INB,SBI8148096,2,88716987465
TX,U2,5ba9931453db67ad83c32e74,059679381729,RB,090124,191753,7493,,1,1,0,IPB,0,Maxine_Lesch78@abfspay,HDF,4814,jiopay.convergence@timecosmos,SMB,SBM4226312,1,39985299071,BOB,BOM1407351,2,93585102073
TX,U2,17f76fd0b09ab8e3dcc23ede,318138022301,0,090124,035250,22984,,1,1,0,INB,0,Natasha_Hickle@axl,IDC,4722,tripay.globetrot@timecosmos,SMB,SBM0044398,1,33699937398,IIB,FIB7076828,2,83891720666
TX,U2,644746c16cb5f9e6997fa623,753363278120,RB,090124,134651,76130,,1,1,0,CBI,0,Houston_Turner0@rapl,ARL,5814,razorpay.pizza@timecosmos,SMB,SBM3501002,1,06915900545,UCO,YOM4519302,2,70712092739
TX,U2,b535c1ad69d7c4fc31d0b71d,564075510419,Z9,090124,201653,18713,,1,1,0,ICI,0,Tevin_Lang@ybl,IIB,4814,jiopay.cable@timecosmos,SMB,SBM7452104,1,45907845866,IDC,ARL7127023,2,57758919456
TX,U2,28d0f86a58df1a6653e4daba,319090373063,RB,090124,002433,27765,,1,1,0,UCO,0,Leanna29@timecosmos,BDN,5814,razorpay.steak@timecosmos,SMB,SBM5665748,1,35808555535,SBI,BOM5835393,2,99306283046
TX,U2,4a6863eca17ecebe1cfaaf4f,956214690484,0,090124,124427,43591,,1,1,0,BDN,0,Ephraim99@okicici,IDB,4722,tripay.explore@timecosmos,SMB,SBM3764652,1,26271007578,BOB,UCO1307235,2,64223766407
TX,U2,8d22adc8bcfc4e26e350f6bd,025456880488,0,090124,092712,48440,,1,1,0,AXB,0,Palma.Crona86@okhdfcbank,UOB,5411,finopay.freshmart@timecosmos,SMB,SBM3666940,1,96958267829,CNB,IOB8032803,2,71841148126
TX,U2,6bfc1fa9df19177abd2c2efd,060910211138,Z9,090124,162358,35856,,1,1,0,PNB,0,Elinore29@oksbi,IPB,4814,jiopay.mobile@timecosmos,SMB,SBM7379313,1,39793211193,KTP,CNB2117973,2,88071835493
TX,U2,88fdc5f9f3bcc876a6a4832f,601930563952,Z7,090124,105154,19264,,1,1,0,IDC,0,Christelle33@abfspay,GTI,4722,tripay.explore@timecosmos,SMB,SBM9617022,1,60059531411,PNB,BOB7639392,2,23937561095
TX,U2,abd4c0d5c307cd0b2334aa4a,351451750737,00,090124,125235,17985,,1,1,0,ICI,0,Merle.Gusikowski42@okhdfcbank,KVB,4722,tripay.getaway@timecosmos,SMB,SBM8804701,1,99049604142,SBI,ICI9757071,2,65040106660
TX,U2,2a81d634f27b855f9e8a5bf2,354020008924,Z9,090124,143812,84720,,1,1,0,IDB,0,Rosemarie44@abfspay,CNB,5816,airpay.airplane@timecosmos,SMB,SBM3129260,1,32924463839,AXB,YOM2179991,2,38671701861
TX,U2,7ce8f4b47ed8c2ac93f94af9,811357874440,Z7,090124,095403,62815,,1,1,0,HDF,0,Gillian_Littel84@ybl,IIB,5411,finopay.organic@timecosmos,SMB,SBM0423647,1,32521549499,PNB,MBK4807141,2,16868276241
TX,U2,151d6edc0e78bdef3f1e7d4a,323433108986,RB,090124,070447,71146,,1,1,0,IOB,0,Kaylah.Huel@fkaxis,IDB,4722,tripay.explore@timecosmos,SMB,SBM2087107,1,19466580692,MBK,BOM0008192,2,31517640724
TX,U2,fd3fa5fabd9ccf7deae62d7f,878383474417,00,090124,131639,85882,,1,1,0,YOM,0,Chris.McClure0@apl,SBI,4722,tripay.tour@timecosmos,SMB,SBM2756074,1,53790555192,KMB,MBK5012742,2,72370450645
TX,U2,0c5a9131cebceccc4a9fc1be,383439771448,RB,090124,065608,30546,,1,1,0,SIB,0,Genevieve6@abfspay,YBS,5411,finopay.town@timecosmos,SMB,SBM8570196,1,22360293344,IDC,BOB1287794,2,81535274818
TX,U2,f402011daafc4040fba97413,236799614444,0,090124,103903,8114,,1,1,0,YJU,0,Katrina34@yesg,FBL,5411,finopay.marketplace@timecosmos,SMB,SBM2673417,1,62068976485,BOM,BOM5437433,2,31713119675
TX,U2,0a70aab5eabd44be637f9953,398812776718,00,090124,001137,31425,,1,1,0,YES,0,Rahsaan.Casper53@icici,AXB,4722,tripay.destinations@timecosmos,SMB,SBM7026967,1,84400595935,BOI,IPB3429494,2,27135684200
TX,U2,1b58f669c3db3cfd2cae4bfc,591581108080,RB,090124,091437,7273,,1,1,0,YBS,0,Eloise.Lueilwitz73@paytm,FBL,4814,jiopay.broadband@timecosmos,SMB,SBM4395507,1,37951786761,PNB,AXB3534113,2,41870808591
TX,U2,1b484dbcd595aa76fe24a7e4,111494635973,Z7,090124,173910,63069,,1,1,0,BDN,0,Timothy.Strosin68@axisb,IIB,5411,finopay.marketplace@timecosmos,SMB,SBM9008299,1,58471830891,BDN,IIB4084756,2,15753500465
TX,U2,2a9564c3bbedd0bae94a1fdb,181977345091,0,090124,140654,99671,,1,1,0,KTP,0,Jose_Pouros@okaxis,AXB,4814,jiopay.satellite@timecosmos,SMB,SBM0899624,1,99353196165,YBS,KTP2214344,2,37238382422
TX,U2,384cb1f4f03d9c1de6feadbe,080312577586,00,090124,083539,42446,,1,1,0,HDF,0,Robyn.Rippin-Roob@ybl,SIB,4722,tripay.globetrot@timecosmos,SMB,SBM9049368,1,03583925886,BOB,BDN4150573,2,32291890387
TX,U2,bab5f50ad7726daf3deef1c3,761062495906,Z9,090124,021525,1446,,1,1,0,BDN,0,Layla7@yapl,AXB,4814,jiopay.convergence@timecosmos,SMB,SBM6696144,1,94816277602,BOI,INB8052730,2,46632181924
TX,U2,869143541ac1ada48e17cd91,347489764276,Z9,090124,011352,8567,,1,1,0,IOB,0,Norene.Nitzsche@yapl,FIB,4814,jiopay.satellite@timecosmos,SMB,SBM0410335,1,74156852747,IDC,CBI4292048,2,56944755329
TX,U2,7bc0a0ea77ef90dfee8cbb63,205820999140,RB,090124,000800,89532,,1,1,0,BOM,0,Eliseo93@okhdfcbank,IPB,5814,razorpay.pasta@timecosmos,SMB,SBM6646272,1,63935876594,KVB,HDF8940875,2,49125054204
TX,U2,8bc925d2fd812bc7b054636c,706653372125,Z7,090124,152431,49209,,1,1,0,FIB,0,Maybelle9@okaxis,GTI,5814,razorpay.dessert@timecosmos,SMB,SBM3120549,1,58743078947,INB,CBI0339664,2,12876871707
TX,U2,ce90d8aad432750c1aac4b2a,847576908432,00,090124,123439,52483,,1,1,0,IOB,0,Jacynthe.Will@yapl,PNB,5411,finopay.dailygrocer@timecosmos,SMB,SBM3689581,1,52496856107,PNB,AXB5874415,2,35409946756
TX,U2,0bdc6bdee7eb7a991fecdcbd,894932154728,Z7,090124,131541,96707,,1,1,0,ARL,0,Maurine36@okhdfcbank,CBI,5814,razorpay.tacos@timecosmos,SMB,SBM3709306,1,66311327684,IDC,UOB1677856,2,85597716640
TX,U2,33679eae6c464ecb6ec1a8be,162728805882,Z9,090124,010910,56928,,1,1,0,INB,0,Cristopher_Schuppe98@timecosmos,UOB,4722,tripay.adventure@timecosmos,SMB,SBM5768039,1,22004610386,CNB,GTI2994424,2,03573718971
TX,U2,98b4664adc33c9cf496bc481,408139133521,Z9,090124,200709,53469,,1,1,0,SIB,0,Amiya97@paytm,INB,4814,jiopay.cable@timecosmos,SMB,SBM2804647,1,29247496217,BOM,ICI1993652,2,06404988809
TX,U2,1a84ab5e22eec3ff23a32bb7,794730632849,RB,090124,085056,60520,,1,1,0,YJU,0,Freida.Thompson50@axisb,YES,4722,tripay.expedition@timecosmos,SMB,SBM1524251,1,63246890893,UOB,IDB3417757,2,69169792739
TX,U2,2bef12dca56dba0d442d3ed8,715501308382,00,090124,210447,17524,,1,1,0,BOI,0,Gaston.Harvey@rapl,KMB,5814,razorpay.vegetarian@timecosmos,SMB,SBM1036468,1,02364243568,MBK,ICI9638626,2,91731781971
TX,U2,365b5f0fb1c015a749025f5c,856347181601,Z7,090124,171008,97694,,1,1,0,CNB,0,Ahmad33@paytm,CNB,4722,tripay.explore@timecosmos,SMB,SBM1396963,1,82630339289,CBI,BOM6138130,2,42192161054
TX,U2,2cac41af321527da55ddb725,110227888025,RB,090124,034319,87260,,1,1,0,YBS,0,Afton49@idfcbank,FBL,5411,finopay.town@timecosmos,SMB,SBM3779199,1,10518314533,ARL,SBI0046184,2,45819831668
TX,U2,6da476b4682cee1eb799ba15,361704083672,00,090124,095437,82913,,1,1,0,GTI,0,Wendell15@axl,IPB,5814,razorpay.soup@timecosmos,SMB,SBM4339481,1,38573000898,MBK,ARL7776289,2,22404172630
TX,U2,2fa2c30b6e5b0fb13e921109,463848502359,0,090124,060338,60005,,1,1,0,SIB,0,Caesar.Feest@axl,YOM,4814,jiopay.internet@timecosmos,SMB,SBM3789665,1,34988549635,ICI,BOB0074682,2,35316673374
TX,U2,0cc3265ec2d9a68b821c05cc,929408350218,Z7,090124,133547,38473,,1,1,0,KVB,0,Johnson.Greenholt@oksbi,IIB,4722,tripay.expedition@timecosmos,SMB,SBM4993760,1,01958046839,KVB,KTP6607824,2,92919064327
TX,U2,95aaee66876dbc8c3bcadbea,583669030867,0,090124,232337,85325,,1,1,0,BOM,0,Jasmin_Volkman@oksbi,BOM,4814,jiopay.broadband@timecosmos,SMB,SBM3880534,1,63325735727,PNB,UCO0246415,2,23817937271
TX,U2,e4d89cf65f5ace14b281c56d,876999636992,00,090124,130051,84707,,1,1,0,YES,0,Jaron_Muller@axisb,YJU,5816,airpay.helmet@timecosmos,SMB,SBM4591299,1,20543071118,IPB,YES7419630,2,61709315762
TX,U2,de67cc02b912acecceece34e,073274135050,RB,090124,234631,58859,,1,1,0,BOM,0,Hardy.Collins@axl,KTP,5411,finopay.town@timecosmos,SMB,SBM5170862,1,41897158557,CNB,IDB6402143,2,98439058285
TX,U2,d5d11bfe018a35513cbd2a04,313492453523,Z7,090124,124713,53464,,1,1,0,PNB,0,Kara.Batz@yesg,IPB,4814,jiopay.broadband@timecosmos,SMB,SBM9322407,1,39574001731,KTP,IDB1692562,2,27629241327
TX,U2,bbeeb7aebf141b1eea9c3fd7,118454725731,00,090124,200440,86929,,1,1,0,MBK,0,Trenton38@axisb,YBS,5814,razorpay.tacos@timecosmos,SMB,SBM9516868,1,78931934976,UOB,SIB7552577,2,44797344531
TX,U2,34ef87a2f8e1a6afe8dc3c4c,294238395200,Z9,090124,051839,6987,,1,1,0,IPB,0,Jaquelin_Reilly@fkaxis,IPB,4722,tripay.explore@timecosmos,SMB,SBM7868197,1,56514005765,YES,FIB5570124,2,12487948434
TX,U2,c8bba652337fd5f2d7db71a3,368557371717,Z9,090124,140917,65879,,1,1,0,YES,0,Suzanne_Goldner@paytm,FIB,4814,jiopay.wireless@timecosmos,SMB,SBM3101317,1,05683496223,IOB,IIB7191822,2,84364609389
TX,U2,fcbc8bef2fbacbbbc8b7c9da,997112635086,RB,090124,060322,31566,,1,1,0,HDF,0,Raphaelle_Stracke20@ybl,YES,4722,tripay.getaway@timecosmos,SMB,SBM5810612,1,65285844446,YBS,FBL4244055,2,51447989837
TX,U2,4ddceeede8b8adccd4887ec3,741045161458,Z9,090124,043004,61820,,1,1,0,IDC,0,Margot_Denesik98@okaxis,YES,5411,finopay.corner@timecosmos,SMB,SBM4108047,1,71989332891,KTP,BOB7426205,2,52959811590
TX,U2,80eb64fce09deccbbdbeb3e2,786288987682,0,090124,154818,3281,,1,1,0,UOB,0,Royce.Russel18@apl,CNB,5814,razorpay.pizza@timecosmos,SMB,SBM8579538,1,08581996967,BOB,YES2098598,2,64255124498
TX,U2,89b0a91b0a77c71eb57e2275,802261479120,0,090124,124421,64206,,1,1,0,KMB,0,Columbus.Treutel@abfspay,INB,4722,tripay.vacation@timecosmos,SMB,SBM4245624,1,91957393066,CNB,IDB2485708,2,35268219392
TX,U2,4ac09e39edb864e3cedfb5be,242996726372,RB,090124,003856,29715,,1,1,0,SIB,0,Willie49@ybl,ICI,5814,razorpay.burger@timecosmos,SMB,SBM4824008,1,28336582298,AXB,BOI7082863,2,50958076727
TX,U2,1ab5570fe3bea8f408ec9561,881769584537,Z9,090124,162831,35499,,1,1,0,GTI,0,Everette.Flatley77@okicici,ICI,5814,razorpay.steak@timecosmos,SMB,SBM5932372,1,83936105480,YBS,IDC1260546,2,33501040270
TX,U2,c3ac5b757ac4acaef4b9e2b0,484760214721,0,090124,191916,37164,,1,1,0,IOB,0,Felicity.Kuphal59@abfspay,PNB,5816,airpay.boat@timecosmos,SMB,SBM5103898,1,95319714795,YOM,BOM0844266,2,02022782649
TX,U2,abf80f7d6ed935f9cefda7e1,748809316459,00,090124,131508,96281,,1,1,0,KVB,0,Vidal_Dicki@axl,YOM,4722,tripay.destinations@timecosmos,SMB,SBM0083414,1,31175089646,FBL,INB6570129,2,05464239253
TX,U2,1a4ea61f9a02c74bbdfcb498,596674383395,0,090124,073328,18280,,1,1,0,IIB,0,Ryleigh81@abfspay,BOM,4814,jiopay.internet@timecosmos,SMB,SBM1585313,1,04124176341,KTP,BOM5129065,2,63647732257
TX,U2,e43fcdecdd39cb5ae6a90dc7,222817644770,Z7,090124,144551,48149,,1,1,0,INB,0,Kaya_Medhurst@fkaxis,YES,5816,airpay.helmet@timecosmos,SMB,SBM7040176,1,79753409698,BOB,AXB5944517,2,63011122603
TX,U2,2becc62d1b60f6a692371422,550231926469,RB,090124,021732,52865,,1,1,0,FIB,0,Violette.Wolff@abfspay,YES,4814,jiopay.voip@timecosmos,SMB,SBM1300669,1,97230849342,AXB,FIB3006391,2,15702913768
TX,U2,f8abad8b45dfa3eb0d0e127e,024293163999,RB,090124,003816,60635,,1,1,0,UOB,0,Meredith82@axl,KMB,5411,finopay.timecosmosrite@timecosmos,SMB,SBM3225512,1,14688609385,KMB,BOM6674972,2,94117478683
TX,U2,bdc3eed3fe4ced70d8cd76b8,657450992775,0,090124,183449,60228,,1,1,0,GTI,0,Alford.Stehr@ybl,KMB,5816,airpay.car@timecosmos,SMB,SBM3541315,1,91432302922,IOB,AXB3516739,2,05904944120
TX,U2,aef253dd4cf9e0cbb449a1aa,556561007470,00,090124,181045,35684,,1,1,0,YES,0,Darron_Shields@abfspay,GTI,5814,razorpay.sushi@timecosmos,SMB,SBM5779712,1,00830028986,MBK,IIB4937293,2,32868721386
TX,U2,0a58224ae3cc2fbc50b43fbe,047685793115,Z9,090124,043333,85701,,1,1,0,BOM,0,Georgiana_Romaguera95@abfspay,SIB,5411,finopay.dailygrocer@timecosmos,SMB,SBM0056742,1,80745998466,KTP,YBS2303370,2,76632315807
TX,U2,7c44aa5deadfb5d7ff4000b3,348372604690,Z9,090124,175843,56655,,1,1,0,KVB,0,Vesta_Osinski@abfspay,IDB,5816,airpay.helmet@timecosmos,SMB,SBM5293561,1,35223902694,GTI,SIB9628642,2,41273945591
TX,U2,6cc342efaa0d77adc8bc07ee,772389630780,00,090124,092718,69341,,1,1,0,YJU,0,Lucio_Hermiston67@apl,IPB,5411,finopay.marketplace@timecosmos,SMB,SBM5709160,1,66122578426,APP,CNB6035118,2,88577231082
TX,U2,9e600cf5ea0e714ae31b6807,876546401952,RB,090124,104222,96948,,1,1,0,BOI,0,Hailie.Becker@yesg,KTP,5411,finopay.greenbasket@timecosmos,SMB,SBM2785341,1,93130785878,KMB,FBL5546412,2,93725967105
TX,U2,d6bffaf2dc93bd189aa38c5c,632592477563,0,090124,055110,18308,,1,1,0,MBK,0,Prudence.Kunde32@rapl,IIB,4722,tripay.escape@timecosmos,SMB,SBM0009144,1,52379854083,AXB,YES6227582,2,50631244102
TX,U2,e22ee1bed66aebb36c55d2ab,015265559336,Z9,090124,201321,30291,,1,1,0,APP,0,Ally_Ankunding@yesg,FBL,5816,airpay.drone@timecosmos,SMB,SBM3902775,1,00386633216,MBK,CNB5578706,2,20640167611
TX,U2,45eced82abbf18aa481dc3ed,792405238854,00,090124,174133,29205,,1,1,0,APP,0,Deshawn.Grady45@paytm,BDN,4722,tripay.getaway@timecosmos,SMB,SBM3634039,1,05164827731,ICI,KVB1566682,2,61748424930
TX,U2,de237b0c1d5e97e8d7b8460d,996283656009,RB,090124,102633,94430,,1,1,0,IPB,0,Cheyanne.Frami@timecosmos,ARL,5411,finopay.bulkstore@timecosmos,SMB,SBM9750814,1,65330162001,APP,IDC9228184,2,48502319893
TX,U2,8bbb7f77aa9cc4622e7fc81b,033358501727,Z9,090124,231817,43983,,1,1,0,BOM,0,Chesley41@icici,BDN,5814,razorpay.pizza@timecosmos,SMB,SBM8069103,1,43263763718,PNB,YES5964559,2,61532357615
TX,U2,4ff4fcfa664cad85d9584be9,427598560344,Z9,090124,211551,67105,,1,1,0,KVB,0,Lexie68@axisb,BOI,4814,jiopay.wireless@timecosmos,SMB,SBM7150781,1,89640140163,BOI,IOB4345214,2,96085383987
TX,U2,704942aaacca12f0f1bcedaf,172178120988,Z7,090124,193222,75621,,1,1,0,PNB,0,Enola_Heathcote@rapl,APP,4814,jiopay.cable@timecosmos,SMB,SBM0374694,1,73233646242,ICI,SBI2528334,2,93611707446
TX,U2,19de5f4f0db084c07eda6cff,215929409628,00,090124,015205,82182,,1,1,0,BOI,0,Ruth3@abfspay,IDB,4722,tripay.tour@timecosmos,SMB,SBM7096779,1,68373704962,YBS,YES0180499,2,01523928697
TX,U2,ebfbdbf0bde7a4f97aaf909e,402524302082,00,090124,055020,52915,,1,1,0,YJU,0,Brandon.Leuschke@okaxis,UOB,4722,tripay.adventure@timecosmos,SMB,SBM6028932,1,00917190868,CNB,MBK2119237,2,03650989516
TX,U2,0e1aa9c5eadf0ad8f3aecc12,766763653717,Z7,090124,122526,18188,,1,1,0,SBI,0,Dalton_Haag2@fkaxis,HDF,5411,finopay.organic@timecosmos,SMB,SBM3974120,1,93595985191,IOB,INB6080330,2,00330515885
TX,U2,1c0bf486f48f0fcfe93eeafd,152389570005,Z9,090124,022649,73543,,1,1,0,SIB,0,Santa12@yapl,BOI,5411,finopay.organic@timecosmos,SMB,SBM1314031,1,98594127968,SIB,YES7158860,2,82417277484
TX,U2,eda1fa442bbd9a2c2f68d6ab,210229897057,Z9,090124,122340,50179,,1,1,0,UOB,0,Ubaldo.Barrows@okhdfcbank,BDN,5816,airpay.truck@timecosmos,SMB,SBM8214679,1,95504827024,KMB,KVB6208811,2,23622749657
TX,U2,584c6dbaf7c8a7e1af0dac15,058946710637,Z7,090124,063730,71326,,1,1,0,IDC,0,Bobby8@axisb,AXB,4814,jiopay.fiber@timecosmos,SMB,SBM8965402,1,67232063289,INB,UOB0864728,2,33770864572
TX,U2,462b07d7de21b09e0ff998b8,116225802598,00,090124,010023,32640,,1,1,0,BOB,0,Agustina54@timecosmos,BOM,5814,razorpay.burger@timecosmos,SMB,SBM8286923,1,92413904848,IDB,BOM2221504,2,24932841778
TX,U2,a8abef6a74cf9ac1eeddbdbe,908371563360,00,090124,090551,85444,,1,1,0,GTI,0,Willy_Kilback14@rapl,YES,5816,airpay.airplane@timecosmos,SMB,SBM0932571,1,65256593912,FIB,SBI4515132,2,56423255182
TX,U2,8f40e9df8ea2cfdfc1fdeda1,731240733645,RB,090124,052650,29656,,1,1,0,IDB,0,Emerson.Schmeler@fkaxis,HDF,4722,tripay.tour@timecosmos,SMB,SBM8079640,1,51308016385,AXB,AXB7512296,2,15632331447
TX,U2,ccd8bb4b50fb40be4ab371bd,100573735433,Z7,090124,135259,94752,,1,1,0,FBL,0,Lia.Doyle@yapl,BDN,5411,finopay.freshmart@timecosmos,SMB,SBM9831111,1,92789176730,PNB,APP3051287,2,36010857120
TX,U2,6ae3509cc99b7753f0b12e52,695917524098,Z7,090124,202215,56493,,1,1,0,YBS,0,Gretchen_Marquardt@apl,FBL,4814,jiopay.cable@timecosmos,SMB,SBM0327312,1,11321255657,CBI,IIB8324168,2,85338837401
TX,U2,1badbbfffbe95df90eaa61f5,390934052233,00,090124,162618,85898,,1,1,0,SIB,0,Casey_Stoltenberg88@icici,KMB,5814,razorpay.steak@timecosmos,SMB,SBM5398850,1,34562518465,BOI,IPB4329342,2,64343901820
TX,U2,8afdddba3f1fb761d30b5bca,606692597926,00,090124,031351,1734,,1,1,0,SIB,0,Mathias_Rath@axl,AXB,4814,jiopay.internet@timecosmos,SMB,SBM0266858,1,00820192841,BOM,KVB6078938,2,79692249456
TX,U2,baf034119cf59ef55362cdde,255663407336,Z7,090124,142150,65397,,1,1,0,MBK,0,Joannie99@timecosmos,YBS,5411,finopay.organic@timecosmos,SMB,SBM2268938,1,53064048425,BOM,BOB4797306,2,17254506769
TX,U2,c997a1b782dceaafb5caba92,235054151538,00,090124,150837,23189,,1,1,0,IOB,0,Sandy.Watsica@rapl,YES,4722,tripay.expedition@timecosmos,SMB,SBM9829210,1,88290959709,CNB,IDB0231671,2,79384478834
TX,U2,928da2f1dd194aaf8a8add7d,722540071682,0,090124,064215,25205,,1,1,0,GTI,0,Zander21@ybl,YBS,5816,airpay.submarine@timecosmos,SMB,SBM3642148,1,69498906853,CNB,MBK7700715,2,69653875660
TX,U2,4c1b55fdc28c5eaee62d3a6c,033984513567,Z7,090124,014527,4923,,1,1,0,AXB,0,Adolfo_Volkman-Mosciski@rapl,KVB,4814,jiopay.cable@timecosmos,SMB,SBM9650394,1,46544480559,BDN,UCO1632214,2,78393603612
TX,U2,ce3a8d39e3ba6fb4abd5ec93,907409628206,00,090124,050939,16497,,1,1,0,HDF,0,Kyleigh_Botsford@rapl,IOB,5816,airpay.airplane@timecosmos,SMB,SBM9616726,1,26725973302,GTI,FBL2489739,2,12912686761
TX,U2,dcc7807957cfb1b1d6cea1e7,347784345099,RB,090124,215819,56895,,1,1,0,KMB,0,Bradford_Crist@timecosmos,SBI,4814,jiopay.convergence@timecosmos,SMB,SBM3157428,1,60749352996,UCO,AXB0935426,2,39571249902
TX,U2,94216a9c4cf1171443d17e5e,075428930916,Z9,090124,042956,75619,,1,1,0,CNB,0,Brenna77@icici,BOB,4814,jiopay.wireless@timecosmos,SMB,SBM3062296,1,08463944782,INB,PNB9710672,2,13485356533
TX,U2,6c182cedacdbaefda8f00b4e,620072761714,Z7,090124,162114,35112,,1,1,0,IOB,0,Jaylen18@okicici,BOB,5411,finopay.corner@timecosmos,SMB,SBM5878053,1,57136136248,IDC,YES8802163,2,79558491744
TX,U2,e5fab79e5838fdae4fd2a2b4,816539928916,00,090124,132755,72463,,1,1,0,SIB,0,Alysha48@oksbi,BOM,4814,jiopay.satellite@timecosmos,SMB,SBM9112479,1,57711619916,IIB,AXB4099899,2,76164373109
TX,U2,851cabc00fd19eafae56aecb,892032098327,Z7,090124,134906,68275,,1,1,0,YBS,0,Mike38@axisb,GTI,4722,tripay.expedition@timecosmos,SMB,SBM1123135,1,87908024219,UCO,APP0734992,2,00423302689
TX,U2,5ce074ee64e1f3a9dac8d5fd,597772204090,Z7,090124,083601,16718,,1,1,0,IDC,0,Braeden78@okaxis,IOB,4814,jiopay.convergence@timecosmos,SMB,SBM4682498,1,93219458684,CBI,BOM5826634,2,05447599932
TX,U2,beedad4fdcce97cadb6bde60,739900733778,00,090124,181046,68355,,1,1,0,PNB,0,Jackson.Conroy82@ybl,SIB,5814,razorpay.sushi@timecosmos,SMB,SBM7421310,1,15691681366,CBI,YOM9122837,2,51229674753
TX,U2,caabcabdd32ce90e6906bf9d,053387616301,Z9,090124,215232,67270,,1,1,0,PNB,0,Waino_Crona51@axisb,YJU,5816,airpay.car@timecosmos,SMB,SBM2910469,1,22919585911,PNB,YOM6959302,2,17242075535
TX,U2,dad19ec7f8ddb3affb4ead0b,156334848496,00,090124,034426,51996,,1,1,0,ARL,0,Consuelo.Conroy36@yapl,SBI,4814,jiopay.cable@timecosmos,SMB,SBM5918018,1,06425925715,KTP,IPB6548995,2,57921005795
TX,U2,2ae39c3ac3bb2f5f6f70ee6d,921667951679,Z7,090124,041319,7791,,1,1,0,AXB,0,Theresa24@okicici,HDF,4814,jiopay.broadband@timecosmos,SMB,SBM3621202,1,23796286395,IDC,KVB3157529,2,27709972033
TX,U2,d562aa2e592e9cac836edbbf,930530449967,Z7,090124,224500,24765,,1,1,0,IDC,0,Travis_Oberbrunner15@okhdfcbank,KTP,5816,airpay.submarine@timecosmos,SMB,SBM7938604,1,35116900494,AXB,BOI0756718,2,92660066858
TX,U2,facdf53afdcb3a0cac90e5e5,180085852247,Z9,090124,223654,16718,,1,1,0,PNB,0,Francis64@ybl,IDB,4814,jiopay.broadband@timecosmos,SMB,SBM2655799,1,67922465694,FIB,APP6795516,2,61006465476
TX,U2,3bafffba50a6ad4cfa5bbcf1,760507159401,Z9,090124,203816,22131,,1,1,0,BDN,0,Effie.Heidenreich@okaxis,IDC,4814,jiopay.cable@timecosmos,SMB,SBM2947212,1,51445076515,KVB,YES3123058,2,68627849672
TX,U2,efeb2ad80504ae5388141d50,717680693333,Z7,090124,094705,62697,,1,1,0,IOB,0,Brown_Lesch@abfspay,IDC,5411,finopay.greenbasket@timecosmos,SMB,SBM2017658,1,50849212318,BDN,FBL8978650,2,19815327407
TX,U2,6a66c1aa665e54ef564dff7d,731031387062,Z9,090124,014524,23703,,1,1,0,CNB,0,Aubrey_Willms@axl,CBI,4722,tripay.adventure@timecosmos,SMB,SBM3217600,1,02248031541,FBL,CBI2639177,2,90911262740
TX,U2,39dcbdeafa023d862fc89c2e,236635057809,Z9,090124,065623,71059,,1,1,0,SIB,0,Lilian39@abfspay,YBS,5411,finopay.bulkstore@timecosmos,SMB,SBM4373929,1,49547992769,IOB,YOM7870079,2,91521257756
TX,U2,ff95bfcda06a022e69b1a25c,519803236380,Z7,090124,085616,98263,,1,1,0,KVB,0,Ayla66@timecosmos,UOB,5411,finopay.foodland@timecosmos,SMB,SBM1760098,1,81186968230,YJU,BOM0040808,2,84053678796
TX,U2,1e9e1a9caaf4fe2a3330b86a,854372642832,Z7,090124,132737,61153,,1,1,0,MBK,0,Arden.Lakin27@idfcbank,YOM,4722,tripay.vacation@timecosmos,SMB,SBM3885656,1,78247433902,IDC,SBI0363410,2,12926042771
TX,U2,57e7fb8abcd5d2b20dbf7ebe,593563156647,Z7,090124,013133,36770,,1,1,0,FBL,0,Gardner7@paytm,GTI,5816,airpay.drone@timecosmos,SMB,SBM9513575,1,41455099446,GTI,IPB6569851,2,63436746726
TX,U2,b2690f7419c7dfca79c7418f,659205501419,0,090124,025714,24922,,1,1,0,ARL,0,Khalid_Stracke@fkaxis,FIB,5816,airpay.scooter@timecosmos,SMB,SBM8217422,1,43505277813,AXB,FIB8443390,2,05486589485
TX,U2,70adadebceedfea1df1b6baa,198761864137,Z9,090124,164522,30532,,1,1,0,YBS,0,Kaylie.Spencer96@yapl,KTP,5814,razorpay.burger@timecosmos,SMB,SBM1470962,1,45863980738,KTP,SBI6856675,2,88748848964
TX,U2,81f1ceb5a7ce6379f1d626ae,958195383119,Z9,090124,154930,14172,,1,1,0,ICI,0,Destiny_Parisian40@axl,KVB,5816,airpay.submarine@timecosmos,SMB,SBM2029977,1,02942053070,BOB,HDF8878219,2,20446915364
TX,U2,4acafdce8fc2b9922f61a2ac,673938341374,RB,090124,110103,77077,,1,1,0,IDC,0,Lucio_Kuvalis@ybl,BOM,4814,jiopay.satellite@timecosmos,SMB,SBM7703567,1,29586877138,MBK,KVB8584987,2,92552854976
TX,U2,32f8b4522e2629acecdbbf7d,944941222948,Z7,090124,180042,61733,,1,1,0,YBS,0,Kenyon.Sauer@abfspay,CBI,5814,razorpay.steak@timecosmos,SMB,SBM1945344,1,88566483798,BOM,MBK5914103,2,52286945210
TX,U2,4abed5e0a43a9af6dc17adf2,005608091802,Z7,090124,010418,35688,,1,1,0,HDF,0,Princess_Hoppe@idfcbank,YJU,5411,finopay.bulkstore@timecosmos,SMB,SBM0245941,1,43688857027,IIB,KVB2281408,2,31079153258
TX,U2,7cfce00ccb05dc8821aba73e,898863534517,RB,090124,030235,44358,,1,1,0,KTP,0,Jalyn.Stiedemann@yapl,APP,5816,airpay.submarine@timecosmos,SMB,SBM1088965,1,87466454714,GTI,ICI5435224,2,05481473134
TX,U2,d59e6dac0ce1bf3ce13f4350,606665405690,Z9,090124,032033,40820,,1,1,0,SIB,0,Jailyn_Rowe@paytm,BDN,4814,jiopay.convergence@timecosmos,SMB,SBM5243732,1,34394740114,KTP,YOM6565755,2,21413188092
TX,U2,e17deb3f9bc3aea6cdb6e10c,600836001719,0,090124,013808,10195,,1,1,0,YOM,0,Laron.Hagenes22@okaxis,SIB,5814,razorpay.salad@timecosmos,SMB,SBM5916386,1,13361650718,YJU,BOI2744675,2,26186085745
TX,U2,3c3d6663ea1c9a0f0bcbd780,465465097267,Z7,090124,232433,69935,,1,1,0,CNB,0,Margie.Osinski6@yesg,KVB,4722,tripay.wander@timecosmos,SMB,SBM2217960,1,39564370547,CNB,UCO8220924,2,04499116207
TX,U2,45e9fc98cd8ab91dadb4a4cd,144760040455,RB,090124,202346,772,,1,1,0,CNB,0,Jada30@okicici,BOM,5411,finopay.corner@timecosmos,SMB,SBM7193066,1,05110681065,CBI,AXB5029455,2,52455862488
TX,U2,eeaccab296d3d7adc7e3efd0,179883006252,0,090124,124459,9727,,1,1,0,INB,0,Ethel_Kihn65@okaxis,IPB,5814,razorpay.dessert@timecosmos,SMB,SBM0895506,1,28260439421,YOM,YES4797681,2,48598036731
TX,U2,444dce29c5bbe5d8effad276,473485775287,00,090124,074619,35057,,1,1,0,FBL,0,Jany.Murazik85@abfspay,CNB,5816,airpay.helmet@timecosmos,SMB,SBM8569051,1,48931743654,BOM,YJU3451217,2,93979312888
