A,DATE,AMOUNT,B,C,D,E,F,G,RRN,H,TXNID
S75960940,01-09-2024 00:00:00,123.82,01-09-2024 00:00:00,,2001,2650,20012207843065,27111001182650,299497206121,01-09-2024 00:00:00,a557ea7aa2ab950f6ceefbad
S75960940,01-09-2024 00:00:00,961.15,01-09-2024 00:00:00,,2001,2650,20012207843065,27111001182650,307066109853,01-09-2024 00:00:00,6bb2d81bef759e0cfaeed1c6
S75960940,01-09-2024 00:00:00,46.87,01-09-2024 00:00:00,,2001,2650,20012207843065,27111001182650,940426462804,01-09-2024 00:00:00,faff2cb3be43b0dc5f95f70c
S75960940,01-09-2024 00:00:00,634.16,01-09-2024 00:00:00,,2001,2650,20012207843065,27111001182650,744658718083,01-09-2024 00:00:00,cf8a45eaafbd3fc255fbeef7
S75960940,01-09-2024 00:00:00,923.72,01-09-2024 00:00:00,,2001,2650,20012207843065,27111001182650,683254303949,01-09-2024 00:00:00,c8865ac3cc9dda4dea1fc2cf
S75960940,01-09-2024 00:00:00,932.98,01-09-2024 00:00:00,,2001,2650,20012207843065,27111001182650,924796233471,01-09-2024 00:00:00,9ef6e8fbbbdf22ae7c61d90d
S75960940,01-09-2024 00:00:00,671.09,01-09-2024 00:00:00,,2001,2650,20012207843065,27111001182650,310188943101,01-09-2024 00:00:00,f5f54f210a9dadbe34e9bd04
S75960940,01-09-2024 00:00:00,550.72,01-09-2024 00:00:00,,2001,2650,20012207843065,27111001182650,500005051013,01-09-2024 00:00:00,27b6bed39c7b4795494ba683
S75960940,01-09-2024 00:00:00,455.03,01-09-2024 00:00:00,,2001,2650,20012207843065,27111001182650,037273029452,01-09-2024 00:00:00,6447b6efc112e2a929e4d3b3
S75960940,01-09-2024 00:00:00,60.65,01-09-2024 00:00:00,,2001,2650,20012207843065,27111001182650,945533836178,01-09-2024 00:00:00,02ca2d6ffabe221cfc29a5f4
S75960940,01-09-2024 00:00:00,335.99,01-09-2024 00:00:00,,2001,2650,20012207843065,27111001182650,873928450661,01-09-2024 00:00:00,f405fbda57fade470cb5a304
S75960940,01-09-2024 00:00:00,814.60,01-09-2024 00:00:00,,2001,2650,20012207843065,27111001182650,275479113302,01-09-2024 00:00:00,2ec15fbddca9aeb2c300f8ae
S75960940,01-09-2024 00:00:00,659.56,01-09-2024 00:00:00,,2001,2650,20012207843065,27111001182650,986111640606,01-09-2024 00:00:00,fc9ecbb328ef3e97bf86c167
S75960940,01-09-2024 00:00:00,653.83,01-09-2024 00:00:00,,2001,2650,20012207843065,27111001182650,158877963630,01-09-2024 00:00:00,a3b3aa650473d53eabf9e33f
S75960940,01-09-2024 00:00:00,654.55,01-09-2024 00:00:00,,2001,2650,20012207843065,27111001182650,510379694789,01-09-2024 00:00:00,0866328404dbaa0b5a587f42
S75960940,01-09-2024 00:00:00,442.91,01-09-2024 00:00:00,,2001,2650,20012207843065,27111001182650,075280651807,01-09-2024 00:00:00,f47bbd58abdac5da2e2eaedd
S75960940,01-09-2024 00:00:00,340.66,01-09-2024 00:00:00,,2001,2650,20012207843065,27111001182650,141337012312,01-09-2024 00:00:00,40afaf3bade3ef3c2c9fe0d8
S75960940,01-09-2024 00:00:00,79.40,01-09-2024 00:00:00,,2001,2650,20012207843065,27111001182650,246743974800,01-09-2024 00:00:00,51a7e52936eac28c96cb158f
S75960940,01-09-2024 00:00:00,674.05,01-09-2024 00:00:00,,2001,2650,20012207843065,27111001182650,051186085314,01-09-2024 00:00:00,b0b695f75cbd6a33eea55bc1
S75960940,01-09-2024 00:00:00,559.43,01-09-2024 00:00:00,,2001,2650,20012207843065,27111001182650,951319878693,01-09-2024 00:00:00,8dffcfb17041e87e736eaf33
S75960940,01-09-2024 00:00:00,394.44,01-09-2024 00:00:00,,2001,2650,20012207843065,27111001182650,969794596810,01-09-2024 00:00:00,71d1fd7820b7e316b32e8b05
S75960940,01-09-2024 00:00:00,275.48,01-09-2024 00:00:00,,2001,2650,20012207843065,27111001182650,158009467114,01-09-2024 00:00:00,5b4227d88cada7b4bba4e5d4
S75960940,01-09-2024 00:00:00,262.74,01-09-2024 00:00:00,,2001,2650,20012207843065,27111001182650,864844228495,01-09-2024 00:00:00,2779fbbeb0fe69a689cb67fc
S75960940,01-09-2024 00:00:00,41.02,01-09-2024 00:00:00,,2001,2650,20012207843065,27111001182650,741534159408,01-09-2024 00:00:00,1acd8ad59e60daefcbb971c0
S75960940,01-09-2024 00:00:00,150.75,01-09-2024 00:00:00,,2001,2650,20012207843065,27111001182650,215146459319,01-09-2024 00:00:00,62eb9be0c5c1ceea57fdf9ab
S75960940,01-09-2024 00:00:00,617.37,01-09-2024 00:00:00,,2001,2650,20012207843065,27111001182650,621961252726,01-09-2024 00:00:00,e802dd5ae4cafb375adeeccd
S75960940,01-09-2024 00:00:00,695.56,01-09-2024 00:00:00,,2001,2650,20012207843065,27111001182650,389339897806,01-09-2024 00:00:00,f6edda1938cb4eebd26d00a7
S75960940,01-09-2024 00:00:00,109.08,01-09-2024 00:00:00,,2001,2650,20012207843065,27111001182650,908837122297,01-09-2024 00:00:00,894cb6afcfdf19d860b6d2c5
S75960940,01-09-2024 00:00:00,623.99,01-09-2024 00:00:00,,2001,2650,20012207843065,27111001182650,904275412875,01-09-2024 00:00:00,cd5fea73ffcbc98ca869bb7d
S75960940,01-09-2024 00:00:00,383.85,01-09-2024 00:00:00,,2001,2650,20012207843065,27111001182650,677079284850,01-09-2024 00:00:00,ab3279b86b87abaca96cd11d
S75960940,01-09-2024 00:00:00,521.14,01-09-2024 00:00:00,,2001,2650,20012207843065,27111001182650,039810199044,01-09-2024 00:00:00,9bbb533ad69e08fb696a75ad
S75960940,01-09-2024 00:00:00,913.14,01-09-2024 00:00:00,,2001,2650,20012207843065,27111001182650,279558940106,01-09-2024 00:00:00,00ab58fcdf7d78a10d601c89
S75960940,01-09-2024 00:00:00,507.00,01-09-2024 00:00:00,,2001,2650,20012207843065,27111001182650,455244501193,01-09-2024 00:00:00,668dc5eeeea28eceb8872b0c
S75960940,01-09-2024 00:00:00,212.15,01-09-2024 00:00:00,,2001,2650,20012207843065,27111001182650,887576355661,01-09-2024 00:00:00,5bd29eb8f46eae9ad2d2fbcd
S75960940,01-09-2024 00:00:00,459.13,01-09-2024 00:00:00,,2001,2650,20012207843065,27111001182650,166188180443,01-09-2024 00:00:00,7ccba1f0e7a68ccafffde29b
S75960940,01-09-2024 00:00:00,616.06,01-09-2024 00:00:00,,2001,2650,20012207843065,27111001182650,010441866188,01-09-2024 00:00:00,3ab0cb316fedada9fa0f1d68
S75960940,01-09-2024 00:00:00,85.77,01-09-2024 00:00:00,,2001,2650,20012207843065,27111001182650,158924369545,01-09-2024 00:00:00,14fca102a9506d9daf1ae60f
S75960940,01-09-2024 00:00:00,495.70,01-09-2024 00:00:00,,2001,2650,20012207843065,27111001182650,630702444059,01-09-2024 00:00:00,d144d3df45358cbcfcefcb6e
S75960940,01-09-2024 00:00:00,196.86,01-09-2024 00:00:00,,2001,2650,20012207843065,27111001182650,952538857532,01-09-2024 00:00:00,d69afb3ac21eeddbec05a27e
S75960940,01-09-2024 00:00:00,320.55,01-09-2024 00:00:00,,2001,2650,20012207843065,27111001182650,464441282133,01-09-2024 00:00:00,aa47daceaaa9a57cfc7e4e0d
S75960940,01-09-2024 00:00:00,822.02,01-09-2024 00:00:00,,2001,2650,20012207843065,27111001182650,896328743083,01-09-2024 00:00:00,80ccbea697c12d8b1703d0e4
S75960940,01-09-2024 00:00:00,785.22,01-09-2024 00:00:00,,2001,2650,20012207843065,27111001182650,481148086018,01-09-2024 00:00:00,7ae2e7ea3d42091fa0b31bdf
S75960940,01-09-2024 00:00:00,593.20,01-09-2024 00:00:00,,2001,2650,20012207843065,27111001182650,295654782664,01-09-2024 00:00:00,9540835c53e2d08c92f6c54b
S75960940,01-09-2024 00:00:00,365.86,01-09-2024 00:00:00,,2001,2650,20012207843065,27111001182650,761665506446,01-09-2024 00:00:00,50b37eccad0eebf85b9bc87f
S75960940,01-09-2024 00:00:00,589.37,01-09-2024 00:00:00,,2001,2650,20012207843065,27111001182650,816472829331,01-09-2024 00:00:00,db5f2f386dcd9f57f5dde8cc
S75960940,01-09-2024 00:00:00,112.51,01-09-2024 00:00:00,,2001,2650,20012207843065,27111001182650,350009801826,01-09-2024 00:00:00,92ded02bf5b744bedcbfebec
S75960940,01-09-2024 00:00:00,652.46,01-09-2024 00:00:00,,2001,2650,20012207843065,27111001182650,594111502180,01-09-2024 00:00:00,fdcecced7839c83e07fe82a6
S75960940,01-09-2024 00:00:00,768.47,01-09-2024 00:00:00,,2001,2650,20012207843065,27111001182650,525623410983,01-09-2024 00:00:00,ed666dcc1ec4335c5cea6eeb
S75960940,01-09-2024 00:00:00,330.69,01-09-2024 00:00:00,,2001,2650,20012207843065,27111001182650,636074681562,01-09-2024 00:00:00,dac5167f25b3ac08dd04c98a
S75960940,01-09-2024 00:00:00,853.20,01-09-2024 00:00:00,,2001,2650,20012207843065,27111001182650,148271410687,01-09-2024 00:00:00,a081f70bab1d5ffb808fab2f
S75960940,01-09-2024 00:00:00,327.21,01-09-2024 00:00:00,,2001,2650,20012207843065,27111001182650,071699577508,01-09-2024 00:00:00,59935a3f22d4c16aec90f72b
S75960940,01-09-2024 00:00:00,639.88,01-09-2024 00:00:00,,2001,2650,20012207843065,27111001182650,268561183352,01-09-2024 00:00:00,63de2acb840440da0ebf50ba
S75960940,01-09-2024 00:00:00,548.82,01-09-2024 00:00:00,,2001,2650,20012207843065,27111001182650,903826222153,01-09-2024 00:00:00,bdcc70d5f68caceb2b4527ea
S75960940,01-09-2024 00:00:00,717.15,01-09-2024 00:00:00,,2001,2650,20012207843065,27111001182650,261468910659,01-09-2024 00:00:00,da829115363a091dfbea9f6a
S75960940,01-09-2024 00:00:00,363.36,01-09-2024 00:00:00,,2001,2650,20012207843065,27111001182650,428136259212,01-09-2024 00:00:00,48d2fefc79e5bdaccf9ef08e
S75960940,01-09-2024 00:00:00,734.04,01-09-2024 00:00:00,,2001,2650,20012207843065,27111001182650,571692569399,01-09-2024 00:00:00,00ec9cf95f5b2eef89eb6ef2
S75960940,01-09-2024 00:00:00,244.57,01-09-2024 00:00:00,,2001,2650,20012207843065,27111001182650,004303545160,01-09-2024 00:00:00,06daffd0a8ec77a4c51f3bde
S75960940,01-09-2024 00:00:00,235.93,01-09-2024 00:00:00,,2001,2650,20012207843065,27111001182650,492755004141,01-09-2024 00:00:00,eac2b1ddb3cecaeabf5f80f2
S75960940,01-09-2024 00:00:00,585.74,01-09-2024 00:00:00,,2001,2650,20012207843065,27111001182650,560827209608,01-09-2024 00:00:00,1fa427dbdce9c71ccdb4419f
S75960940,01-09-2024 00:00:00,366.91,01-09-2024 00:00:00,,2001,2650,20012207843065,27111001182650,091445987198,01-09-2024 00:00:00,1670c48c72cebe9ee4eb99be
S75960940,01-09-2024 00:00:00,663.18,01-09-2024 00:00:00,,2001,2650,20012207843065,27111001182650,702411229673,01-09-2024 00:00:00,55c1c8d19e3046cec9923dbf
S75960940,01-09-2024 00:00:00,69.42,01-09-2024 00:00:00,,2001,2650,20012207843065,27111001182650,587497260475,01-09-2024 00:00:00,b2b6a70e453d0ab99a2febae
S75960940,01-09-2024 00:00:00,218.05,01-09-2024 00:00:00,,2001,2650,20012207843065,27111001182650,624832456666,01-09-2024 00:00:00,ef56b69ac6cd61f16b2dafe1
S75960940,01-09-2024 00:00:00,1.39,01-09-2024 00:00:00,,2001,2650,20012207843065,27111001182650,856157098218,01-09-2024 00:00:00,69da27bddaab4fb1d7378382
S75960940,01-09-2024 00:00:00,349.20,01-09-2024 00:00:00,,2001,2650,20012207843065,27111001182650,371072754686,01-09-2024 00:00:00,dc16cdae610240c6e5ddfd3f
S75960940,01-09-2024 00:00:00,865.95,01-09-2024 00:00:00,,2001,2650,20012207843065,27111001182650,690314372665,01-09-2024 00:00:00,4bcbf9d0b58dd16d2b7f77fe
S75960940,01-09-2024 00:00:00,238.48,01-09-2024 00:00:00,,2001,2650,20012207843065,27111001182650,340320860797,01-09-2024 00:00:00,1c25faaf28a4d4dbc8bfdfca
S75960940,01-09-2024 00:00:00,318.94,01-09-2024 00:00:00,,2001,2650,20012207843065,27111001182650,308417544849,01-09-2024 00:00:00,781abbbd186efe5f3a05e00e
S75960940,01-09-2024 00:00:00,211.81,01-09-2024 00:00:00,,2001,2650,20012207843065,27111001182650,889367501882,01-09-2024 00:00:00,a7f9a85b225d6d9ab51f3c20
S75960940,01-09-2024 00:00:00,526.06,01-09-2024 00:00:00,,2001,2650,20012207843065,27111001182650,283418544702,01-09-2024 00:00:00,6c41fe5d7badd325eaa0db5e
S75960940,01-09-2024 00:00:00,665.94,01-09-2024 00:00:00,,2001,2650,20012207843065,27111001182650,123432817861,01-09-2024 00:00:00,eb7ff9190fabdfe4fadd3b9a
S75960940,01-09-2024 00:00:00,275.64,01-09-2024 00:00:00,,2001,2650,20012207843065,27111001182650,583134352151,01-09-2024 00:00:00,7ea84ac506fb6546fcb50b46
S75960940,01-09-2024 00:00:00,10.00,01-09-2024 00:00:00,,2001,2650,20012207843065,27111001182650,142387576719,01-09-2024 00:00:00,7d3e6ee7d1bc7bcfa8c96ede
S75960940,01-09-2024 00:00:00,222.70,01-09-2024 00:00:00,,2001,2650,20012207843065,27111001182650,009118262034,01-09-2024 00:00:00,decbc5cc622319bbcdf6d871
S75960940,01-09-2024 00:00:00,191.35,01-09-2024 00:00:00,,2001,2650,20012207843065,27111001182650,723966554659,01-09-2024 00:00:00,7191e4cfd6438d9aefef7dac
S75960940,01-09-2024 00:00:00,767.13,01-09-2024 00:00:00,,2001,2650,20012207843065,27111001182650,501721487913,01-09-2024 00:00:00,a4dca2b1f64aff64dbbbefd3
S75960940,01-09-2024 00:00:00,131.55,01-09-2024 00:00:00,,2001,2650,20012207843065,27111001182650,427446330313,01-09-2024 00:00:00,d4b43fd2c0372a6fe8baeffc
S75960940,01-09-2024 00:00:00,952.51,01-09-2024 00:00:00,,2001,2650,20012207843065,27111001182650,015716146762,01-09-2024 00:00:00,23b8fece53f567cf79cfb088
S75960940,01-09-2024 00:00:00,484.40,01-09-2024 00:00:00,,2001,2650,20012207843065,27111001182650,824525834670,01-09-2024 00:00:00,628dceca079addb7c1f48aae
S75960940,01-09-2024 00:00:00,234.79,01-09-2024 00:00:00,,2001,2650,20012207843065,27111001182650,196363071828,01-09-2024 00:00:00,681db36d8af36d32de8eaa10
S75960940,01-09-2024 00:00:00,783.73,01-09-2024 00:00:00,,2001,2650,20012207843065,27111001182650,857519469606,01-09-2024 00:00:00,a6da333ad19dee90cc14e5f5
S75960940,01-09-2024 00:00:00,380.08,01-09-2024 00:00:00,,2001,2650,20012207843065,27111001182650,381772803063,01-09-2024 00:00:00,b5239f299bacafdafe32edca
S75960940,01-09-2024 00:00:00,763.79,01-09-2024 00:00:00,,2001,2650,20012207843065,27111001182650,783258164601,01-09-2024 00:00:00,a5efff7cbe1af17eeb5a4c9e
S75960940,01-09-2024 00:00:00,691.51,01-09-2024 00:00:00,,2001,2650,20012207843065,27111001182650,563724916582,01-09-2024 00:00:00,00411b3ed109fa9fea187e22
S75960940,01-09-2024 00:00:00,821.79,01-09-2024 00:00:00,,2001,2650,20012207843065,27111001182650,443562623081,01-09-2024 00:00:00,2cac73d72cb61337fdf2c17a
S75960940,01-09-2024 00:00:00,361.90,01-09-2024 00:00:00,,2001,2650,20012207843065,27111001182650,673221725678,01-09-2024 00:00:00,a9dede03ffccee1eec2fecee
S75960940,01-09-2024 00:00:00,536.08,01-09-2024 00:00:00,,2001,2650,20012207843065,27111001182650,201904628850,01-09-2024 00:00:00,2bfbc3d4d6cade5abaded1b3
S75960940,01-09-2024 00:00:00,600.64,01-09-2024 00:00:00,,2001,2650,20012207843065,27111001182650,557181882451,01-09-2024 00:00:00,f5fc5ff7affe6449c9214479
S75960940,01-09-2024 00:00:00,439.63,01-09-2024 00:00:00,,2001,2650,20012207843065,27111001182650,373209760564,01-09-2024 00:00:00,bfdfd863ddda25cadc46f36a
S75960940,01-09-2024 00:00:00,851.53,01-09-2024 00:00:00,,2001,2650,20012207843065,27111001182650,342074699686,01-09-2024 00:00:00,097ccf98bd84b6b5f40ddaec
S75960940,01-09-2024 00:00:00,419.17,01-09-2024 00:00:00,,2001,2650,20012207843065,27111001182650,453753690116,01-09-2024 00:00:00,b9b6e358f0d6bd6ba07ec057
S75960940,01-09-2024 00:00:00,853.49,01-09-2024 00:00:00,,2001,2650,20012207843065,27111001182650,273566313182,01-09-2024 00:00:00,efeb27756bc23f313eabb7a5
S75960940,01-09-2024 00:00:00,970.74,01-09-2024 00:00:00,,2001,2650,20012207843065,27111001182650,891224884688,01-09-2024 00:00:00,4e7eb7826c041c65e9e2f0fe
S75960940,01-09-2024 00:00:00,55.77,01-09-2024 00:00:00,,2001,2650,20012207843065,27111001182650,514103473261,01-09-2024 00:00:00,46cc356d00e68c4f7affb8ef
S75960940,01-09-2024 00:00:00,151.64,01-09-2024 00:00:00,,2001,2650,20012207843065,27111001182650,871310562440,01-09-2024 00:00:00,c28d13d61fafda74bcb68c8b
S75960940,01-09-2024 00:00:00,860.81,01-09-2024 00:00:00,,2001,2650,20012207843065,27111001182650,975335931761,01-09-2024 00:00:00,84b23b4cbce7aa5ab9e021ad
S75960940,01-09-2024 00:00:00,139.16,01-09-2024 00:00:00,,2001,2650,20012207843065,27111001182650,535910563887,01-09-2024 00:00:00,ae153b8e7b145f648281bbb8
S75960940,01-09-2024 00:00:00,272.65,01-09-2024 00:00:00,,2001,2650,20012207843065,27111001182650,516324212883,01-09-2024 00:00:00,6008a3c06bf96c5cadbbd340
S75960940,01-09-2024 00:00:00,382.57,01-09-2024 00:00:00,,2001,2650,20012207843065,27111001182650,484071358997,01-09-2024 00:00:00,e72a628fc6a8abeff6a288db
S75960940,01-09-2024 00:00:00,894.68,01-09-2024 00:00:00,,2001,2650,20012207843065,27111001182650,170406301140,01-09-2024 00:00:00,1cb0ededaae2afe6dc23ba19
S75960940,01-09-2024 00:00:00,894.06,01-09-2024 00:00:00,,2001,2650,20012207843065,27111001182650,835236962663,01-09-2024 00:00:00,c5b8e4f0df81d20c80e36fcc
S75960940,01-09-2024 00:00:00,435.45,01-09-2024 00:00:00,,2001,2650,20012207843065,27111001182650,244951051713,01-09-2024 00:00:00,eca3a2f6fbc119b62c216cb3
S75960940,01-09-2024 00:00:00,147.48,01-09-2024 00:00:00,,2001,2650,20012207843065,27111001182650,803908122445,01-09-2024 00:00:00,7ba2d0fbe48cc7cfd9ee4bba
S75960940,01-09-2024 00:00:00,518.95,01-09-2024 00:00:00,,2001,2650,20012207843065,27111001182650,220451116363,01-09-2024 00:00:00,8d07b8b5cc2d7afbdfeeaef9
S75960940,01-09-2024 00:00:00,960.44,01-09-2024 00:00:00,,2001,2650,20012207843065,27111001182650,008380692349,01-09-2024 00:00:00,6dce7dfda8b93970ca3eece5
S75960940,01-09-2024 00:00:00,637.63,01-09-2024 00:00:00,,2001,2650,20012207843065,27111001182650,936758921386,01-09-2024 00:00:00,acefad4014a31e4f4debef0e
S75960940,01-09-2024 00:00:00,212.55,01-09-2024 00:00:00,,2001,2650,20012207843065,27111001182650,858773533364,01-09-2024 00:00:00,95b128cf0cc75bcbc19eb87d
S75960940,01-09-2024 00:00:00,704.20,01-09-2024 00:00:00,,2001,2650,20012207843065,27111001182650,820215504657,01-09-2024 00:00:00,8cfeba4fb0b2bfe0beffaa80
S75960940,01-09-2024 00:00:00,793.06,01-09-2024 00:00:00,,2001,2650,20012207843065,27111001182650,871965660768,01-09-2024 00:00:00,1e3b8a22ca9ce1cf7fc5b80d
S75960940,01-09-2024 00:00:00,561.11,01-09-2024 00:00:00,,2001,2650,20012207843065,27111001182650,953589723714,01-09-2024 00:00:00,c22f80f2fc22ffc916e3fc91
S75960940,01-09-2024 00:00:00,955.92,01-09-2024 00:00:00,,2001,2650,20012207843065,27111001182650,882439625561,01-09-2024 00:00:00,62b817a1eb92dc1dd442e413
S75960940,01-09-2024 00:00:00,71.58,01-09-2024 00:00:00,,2001,2650,20012207843065,27111001182650,117164800787,01-09-2024 00:00:00,ff7dc6777cebea0dc2f16abb
S75960940,01-09-2024 00:00:00,304.84,01-09-2024 00:00:00,,2001,2650,20012207843065,27111001182650,927944217711,01-09-2024 00:00:00,03bf2aa6a5eacbbd6d6c717e
S75960940,01-09-2024 00:00:00,317.23,01-09-2024 00:00:00,,2001,2650,20012207843065,27111001182650,222734211380,01-09-2024 00:00:00,efe0141dfcacea65c60f0d7c
S75960940,01-09-2024 00:00:00,601.43,01-09-2024 00:00:00,,2001,2650,20012207843065,27111001182650,868973397698,01-09-2024 00:00:00,70b213812bb5bceac6911acb
S75960940,01-09-2024 00:00:00,526.00,01-09-2024 00:00:00,,2001,2650,20012207843065,27111001182650,389817800260,01-09-2024 00:00:00,6ec8bdeda3b88af2ccbd04e4
S75960940,01-09-2024 00:00:00,480.62,01-09-2024 00:00:00,,2001,2650,20012207843065,27111001182650,764572104921,01-09-2024 00:00:00,7bae5d5b6f9aa7ad9a2fc42b
S75960940,01-09-2024 00:00:00,23.45,01-09-2024 00:00:00,,2001,2650,20012207843065,27111001182650,767448016107,01-09-2024 00:00:00,f8efd325ff17b96fc583e17b
S75960940,01-09-2024 00:00:00,7.72,01-09-2024 00:00:00,,2001,2650,20012207843065,27111001182650,227266064842,01-09-2024 00:00:00,77fa7b498e08bfa87ca69b0d
S75960940,01-09-2024 00:00:00,684.57,01-09-2024 00:00:00,,2001,2650,20012207843065,27111001182650,336484840263,01-09-2024 00:00:00,53fc7ceae6881bbbf36cb01e
S75960940,01-09-2024 00:00:00,52.18,01-09-2024 00:00:00,,2001,2650,20012207843065,27111001182650,368659622950,01-09-2024 00:00:00,7ef5b03daf06cbec635aafef
S75960940,01-09-2024 00:00:00,830.05,01-09-2024 00:00:00,,2001,2650,20012207843065,27111001182650,780219852779,01-09-2024 00:00:00,17c6c8fc6f932e3c33bffe36
S75960940,01-09-2024 00:00:00,244.06,01-09-2024 00:00:00,,2001,2650,20012207843065,27111001182650,033483453710,01-09-2024 00:00:00,89ce9c450ab7cb7defcc0dcb
S75960940,01-09-2024 00:00:00,242.46,01-09-2024 00:00:00,,2001,2650,20012207843065,27111001182650,390882173169,01-09-2024 00:00:00,d779ea17e931627edca8a9ed
S75960940,01-09-2024 00:00:00,696.07,01-09-2024 00:00:00,,2001,2650,20012207843065,27111001182650,170817237166,01-09-2024 00:00:00,8c7ab7a10e045ed449d21564
S75960940,01-09-2024 00:00:00,60.41,01-09-2024 00:00:00,,2001,2650,20012207843065,27111001182650,014835917898,01-09-2024 00:00:00,295ac6299711a341bfd95fe1
S75960940,01-09-2024 00:00:00,131.35,01-09-2024 00:00:00,,2001,2650,20012207843065,27111001182650,074110170333,01-09-2024 00:00:00,73db4ef4c15cc82bccc4c123
S75960940,01-09-2024 00:00:00,612.48,01-09-2024 00:00:00,,2001,2650,20012207843065,27111001182650,302595677771,01-09-2024 00:00:00,e6cbe4cebdd11cf891e51d41
S75960940,01-09-2024 00:00:00,812.35,01-09-2024 00:00:00,,2001,2650,20012207843065,27111001182650,351533835350,01-09-2024 00:00:00,ed103663d1ddecdcf1fe3c8a
S75960940,01-09-2024 00:00:00,112.92,01-09-2024 00:00:00,,2001,2650,20012207843065,27111001182650,558886541608,01-09-2024 00:00:00,ead7bf4bc7255d033847ddb6
S75960940,01-09-2024 00:00:00,984.51,01-09-2024 00:00:00,,2001,2650,20012207843065,27111001182650,781145219660,01-09-2024 00:00:00,bb1eb65ad39ce0a714a51adb
S75960940,01-09-2024 00:00:00,428.86,01-09-2024 00:00:00,,2001,2650,20012207843065,27111001182650,030997716688,01-09-2024 00:00:00,42291a35ad5ecdecadfe7bfd
S75960940,01-09-2024 00:00:00,974.70,01-09-2024 00:00:00,,2001,2650,20012207843065,27111001182650,742300529896,01-09-2024 00:00:00,e2dec44b0b0cf6e3b6dc7ea3
S75960940,01-09-2024 00:00:00,716.67,01-09-2024 00:00:00,,2001,2650,20012207843065,27111001182650,659534897654,01-09-2024 00:00:00,fba798aa3dec3e0d2905e3ee
S75960940,01-09-2024 00:00:00,497.72,01-09-2024 00:00:00,,2001,2650,20012207843065,27111001182650,960126545869,01-09-2024 00:00:00,743cbd8be6a7fc43161fef46
S75960940,01-09-2024 00:00:00,862.25,01-09-2024 00:00:00,,2001,2650,20012207843065,27111001182650,624421625969,01-09-2024 00:00:00,afcced9c4a2ba8d1ca1ba4ee
S75960940,01-09-2024 00:00:00,658.99,01-09-2024 00:00:00,,2001,2650,20012207843065,27111001182650,226751988571,01-09-2024 00:00:00,90d6cfefff57e152e0deca45
S75960940,01-09-2024 00:00:00,349.39,01-09-2024 00:00:00,,2001,2650,20012207843065,27111001182650,551679816842,01-09-2024 00:00:00,14b7d2a410dfbcdcabaafa7d
S75960940,01-09-2024 00:00:00,249.48,01-09-2024 00:00:00,,2001,2650,20012207843065,27111001182650,439330911459,01-09-2024 00:00:00,1d3efc3b1747e738c658c3b6
S75960940,01-09-2024 00:00:00,725.31,01-09-2024 00:00:00,,2001,2650,20012207843065,27111001182650,105995221034,01-09-2024 00:00:00,aa7c7afccee0debbd469554a
S75960940,01-09-2024 00:00:00,144.92,01-09-2024 00:00:00,,2001,2650,20012207843065,27111001182650,017535810324,01-09-2024 00:00:00,8e88abcdbbace41cfbfdf9cb
S75960940,01-09-2024 00:00:00,427.91,01-09-2024 00:00:00,,2001,2650,20012207843065,27111001182650,931438096704,01-09-2024 00:00:00,484b13c9bcf6c54aa1dbd3f6
S75960940,01-09-2024 00:00:00,664.35,01-09-2024 00:00:00,,2001,2650,20012207843065,27111001182650,509489387017,01-09-2024 00:00:00,cf8c449c82d6beceaf4ed040
S75960940,01-09-2024 00:00:00,183.18,01-09-2024 00:00:00,,2001,2650,20012207843065,27111001182650,802152487037,01-09-2024 00:00:00,c7dddac6533c766cb0074928
S75960940,01-09-2024 00:00:00,698.38,01-09-2024 00:00:00,,2001,2650,20012207843065,27111001182650,202334425651,01-09-2024 00:00:00,ebae0ba9905f46cbe7dbf5b0
S75960940,01-09-2024 00:00:00,952.67,01-09-2024 00:00:00,,2001,2650,20012207843065,27111001182650,223127191269,01-09-2024 00:00:00,bd80d00d842c96e12fb7b45d
S75960940,01-09-2024 00:00:00,81.22,01-09-2024 00:00:00,,2001,2650,20012207843065,27111001182650,608307346522,01-09-2024 00:00:00,eba00b33e4da87585cc0cd62
S75960940,01-09-2024 00:00:00,859.18,01-09-2024 00:00:00,,2001,2650,20012207843065,27111001182650,511140810771,01-09-2024 00:00:00,1169edff2b8bdf0dcadffc55
S75960940,01-09-2024 00:00:00,515.47,01-09-2024 00:00:00,,2001,2650,20012207843065,27111001182650,963624946316,01-09-2024 00:00:00,0eee0ddae940d1e71d3a4c8e
S75960940,01-09-2024 00:00:00,202.44,01-09-2024 00:00:00,,2001,2650,20012207843065,27111001182650,266744973351,01-09-2024 00:00:00,cec275fde2bfedc7b97eed40
S75960940,01-09-2024 00:00:00,268.35,01-09-2024 00:00:00,,2001,2650,20012207843065,27111001182650,166287559972,01-09-2024 00:00:00,7c52a1d9e7b55b6d329115ee
S75960940,01-09-2024 00:00:00,66.50,01-09-2024 00:00:00,,2001,2650,20012207843065,27111001182650,235402787458,01-09-2024 00:00:00,1bc98e99a328ecc735dcd84b
S75960940,01-09-2024 00:00:00,554.55,01-09-2024 00:00:00,,2001,2650,20012207843065,27111001182650,391844229313,01-09-2024 00:00:00,acfb5efc09d1a60769ebe8fb
S75960940,01-09-2024 00:00:00,666.02,01-09-2024 00:00:00,,2001,2650,20012207843065,27111001182650,228444523363,01-09-2024 00:00:00,cbe3be555a8fe47cfc19d8d7
S75960940,01-09-2024 00:00:00,968.69,01-09-2024 00:00:00,,2001,2650,20012207843065,27111001182650,278170336002,01-09-2024 00:00:00,91ad9ae3ab0386fce568b8ab
S75960940,01-09-2024 00:00:00,854.66,01-09-2024 00:00:00,,2001,2650,20012207843065,27111001182650,228202073511,01-09-2024 00:00:00,fc4c0982559fdc348ac7fadd
S75960940,01-09-2024 00:00:00,377.21,01-09-2024 00:00:00,,2001,2650,20012207843065,27111001182650,675459372971,01-09-2024 00:00:00,fee25fdb4ee1c1d4bde0757c
S75960940,01-09-2024 00:00:00,383.14,01-09-2024 00:00:00,,2001,2650,20012207843065,27111001182650,590143605083,01-09-2024 00:00:00,e0cd1092dbd45b6e1fde641d
S75960940,01-09-2024 00:00:00,529.23,01-09-2024 00:00:00,,2001,2650,20012207843065,27111001182650,601169222573,01-09-2024 00:00:00,f67aa4db66cd8424de012e03
S75960940,01-09-2024 00:00:00,986.35,01-09-2024 00:00:00,,2001,2650,20012207843065,27111001182650,496633291414,01-09-2024 00:00:00,ef46108dcf2dcdaf411ceeb4
S75960940,01-09-2024 00:00:00,114.50,01-09-2024 00:00:00,,2001,2650,20012207843065,27111001182650,165641298979,01-09-2024 00:00:00,f72fce06bc37c83726d0d9df
S75960940,01-09-2024 00:00:00,685.66,01-09-2024 00:00:00,,2001,2650,20012207843065,27111001182650,928972740912,01-09-2024 00:00:00,9adabe558fb5e0d76c0eefe5
S75960940,01-09-2024 00:00:00,692.10,01-09-2024 00:00:00,,2001,2650,20012207843065,27111001182650,195339388133,01-09-2024 00:00:00,dd7f69db8f0412b143498ce5
S75960940,01-09-2024 00:00:00,232.30,01-09-2024 00:00:00,,2001,2650,20012207843065,27111001182650,485378212948,01-09-2024 00:00:00,c6ce1bbff5acef6adaa43e75
S75960940,01-09-2024 00:00:00,516.05,01-09-2024 00:00:00,,2001,2650,20012207843065,27111001182650,318637530313,01-09-2024 00:00:00,e52ce8a125b4fa432c7729fc
S75960940,01-09-2024 00:00:00,931.79,01-09-2024 00:00:00,,2001,2650,20012207843065,27111001182650,337573567294,01-09-2024 00:00:00,3e2b4e815a49c1ada43ac43c
S75960940,01-09-2024 00:00:00,583.46,01-09-2024 00:00:00,,2001,2650,20012207843065,27111001182650,909252183256,01-09-2024 00:00:00,dc47b1f48ba7ffeb43cae5eb
S75960940,01-09-2024 00:00:00,272.00,01-09-2024 00:00:00,,2001,2650,20012207843065,27111001182650,039835444884,01-09-2024 00:00:00,3d13d23cd02d08aae8afad58
S75960940,01-09-2024 00:00:00,410.56,01-09-2024 00:00:00,,2001,2650,20012207843065,27111001182650,259817345643,01-09-2024 00:00:00,facdfecdc051fe1a2fbe5ed6
S75960940,01-09-2024 00:00:00,265.48,01-09-2024 00:00:00,,2001,2650,20012207843065,27111001182650,419237203046,01-09-2024 00:00:00,8f46f1fb8bef4dc71b2eb86e
S75960940,01-09-2024 00:00:00,542.26,01-09-2024 00:00:00,,2001,2650,20012207843065,27111001182650,004258216034,01-09-2024 00:00:00,dfa5cce074ada37300d7fb09
S75960940,01-09-2024 00:00:00,884.09,01-09-2024 00:00:00,,2001,2650,20012207843065,27111001182650,526931260416,01-09-2024 00:00:00,1a7cfad2d9cb532d9e83b357
S75960940,01-09-2024 00:00:00,595.96,01-09-2024 00:00:00,,2001,2650,20012207843065,27111001182650,442454395234,01-09-2024 00:00:00,48ebbcac63bae56ce9f0740d
S75960940,01-09-2024 00:00:00,547.99,01-09-2024 00:00:00,,2001,2650,20012207843065,27111001182650,799622581408,01-09-2024 00:00:00,1f68d3cdcf32b7ed4bfcc95a
S75960940,01-09-2024 00:00:00,669.27,01-09-2024 00:00:00,,2001,2650,20012207843065,27111001182650,989936924335,01-09-2024 00:00:00,bc7d37a24f23a5ca7f9c517a
S75960940,01-09-2024 00:00:00,398.02,01-09-2024 00:00:00,,2001,2650,20012207843065,27111001182650,038656365968,01-09-2024 00:00:00,7c32dbcbb1643bfaecdb0d1e
S75960940,01-09-2024 00:00:00,686.54,01-09-2024 00:00:00,,2001,2650,20012207843065,27111001182650,740636409756,01-09-2024 00:00:00,89c6a1a908bafb6cdc53c8ea
S75960940,01-09-2024 00:00:00,537.18,01-09-2024 00:00:00,,2001,2650,20012207843065,27111001182650,733469039987,01-09-2024 00:00:00,92236cf9fefdd4dfa9cf91eb
S75960940,01-09-2024 00:00:00,740.07,01-09-2024 00:00:00,,2001,2650,20012207843065,27111001182650,549251465828,01-09-2024 00:00:00,a13fe1da9dc8b4cf40c1bf7e
S75960940,01-09-2024 00:00:00,187.08,01-09-2024 00:00:00,,2001,2650,20012207843065,27111001182650,755021077257,01-09-2024 00:00:00,9b9b3fb0af8bf173ad5abdcc
S75960940,01-09-2024 00:00:00,633.87,01-09-2024 00:00:00,,2001,2650,20012207843065,27111001182650,193128473093,01-09-2024 00:00:00,9e3989675447b3d6a0916bb7
S75960940,01-09-2024 00:00:00,492.31,01-09-2024 00:00:00,,2001,2650,20012207843065,27111001182650,738716882430,01-09-2024 00:00:00,7d05cba2c2acdcefab1a466e
S75960940,01-09-2024 00:00:00,646.67,01-09-2024 00:00:00,,2001,2650,20012207843065,27111001182650,639384073469,01-09-2024 00:00:00,7b713755a21ddebb8afb2fc6
S75960940,01-09-2024 00:00:00,536.95,01-09-2024 00:00:00,,2001,2650,20012207843065,27111001182650,686099319336,01-09-2024 00:00:00,4016aefdf5e6c7cecaaefafc
S75960940,01-09-2024 00:00:00,991.16,01-09-2024 00:00:00,,2001,2650,20012207843065,27111001182650,602311373061,01-09-2024 00:00:00,b925b0b9875d6eeba5ffc6e1
S75960940,01-09-2024 00:00:00,37.52,01-09-2024 00:00:00,,2001,2650,20012207843065,27111001182650,775943525974,01-09-2024 00:00:00,efbca4b5dcb4df179bfc9ec7
S75960940,01-09-2024 00:00:00,516.08,01-09-2024 00:00:00,,2001,2650,20012207843065,27111001182650,240674623764,01-09-2024 00:00:00,f8626feb9ee22ef2833ab10b
S75960940,01-09-2024 00:00:00,343.91,01-09-2024 00:00:00,,2001,2650,20012207843065,27111001182650,659123248118,01-09-2024 00:00:00,d7aa306ebbce50f7519e6502
S75960940,01-09-2024 00:00:00,555.91,01-09-2024 00:00:00,,2001,2650,20012207843065,27111001182650,886691941125,01-09-2024 00:00:00,6900cce9f00dba3d86d80eb4
S75960940,01-09-2024 00:00:00,840.59,01-09-2024 00:00:00,,2001,2650,20012207843065,27111001182650,943337987296,01-09-2024 00:00:00,90a7cfd2e1619bec400adad0
S75960940,01-09-2024 00:00:00,668.40,01-09-2024 00:00:00,,2001,2650,20012207843065,27111001182650,424081630025,01-09-2024 00:00:00,f3fe24db563bd7eb2bfd2c65
S75960940,01-09-2024 00:00:00,864.71,01-09-2024 00:00:00,,2001,2650,20012207843065,27111001182650,766024910612,01-09-2024 00:00:00,b0bb8daec3bbac2d3d7fb2ca
S75960940,01-09-2024 00:00:00,742.65,01-09-2024 00:00:00,,2001,2650,20012207843065,27111001182650,500916177302,01-09-2024 00:00:00,2fdfe96b3ad8c80bef8c6b7e
S75960940,01-09-2024 00:00:00,924.72,01-09-2024 00:00:00,,2001,2650,20012207843065,27111001182650,330282148317,01-09-2024 00:00:00,fe5ecdcec2cdaadcc1ab17a2
S75960940,01-09-2024 00:00:00,39.67,01-09-2024 00:00:00,,2001,2650,20012207843065,27111001182650,070638152777,01-09-2024 00:00:00,fedac6f7cd1f05d2b1edc1d1
S75960940,01-09-2024 00:00:00,148.71,01-09-2024 00:00:00,,2001,2650,20012207843065,27111001182650,542652931409,01-09-2024 00:00:00,c604d6be830cd665be73ddd6
S75960940,01-09-2024 00:00:00,82.70,01-09-2024 00:00:00,,2001,2650,20012207843065,27111001182650,639186142321,01-09-2024 00:00:00,9c90db3f2aa2a42d6a18e5f5
S75960940,01-09-2024 00:00:00,447.14,01-09-2024 00:00:00,,2001,2650,20012207843065,27111001182650,598881417430,01-09-2024 00:00:00,b0bdfc3d234ffcf9c7aa1eeb
S75960940,01-09-2024 00:00:00,844.50,01-09-2024 00:00:00,,2001,2650,20012207843065,27111001182650,721033701911,01-09-2024 00:00:00,dc193cce35ad3a9be2dd8769
S75960940,01-09-2024 00:00:00,584.36,01-09-2024 00:00:00,,2001,2650,20012207843065,27111001182650,564467066590,01-09-2024 00:00:00,9aae8618b6327be0accccfbb
S75960940,01-09-2024 00:00:00,956.21,01-09-2024 00:00:00,,2001,2650,20012207843065,27111001182650,736348078828,01-09-2024 00:00:00,db2af49f97c9a6c66a463c4e
S75960940,01-09-2024 00:00:00,742.96,01-09-2024 00:00:00,,2001,2650,20012207843065,27111001182650,487605375471,01-09-2024 00:00:00,abfdc1dac107922dedf8287c
S75960940,01-09-2024 00:00:00,947.33,01-09-2024 00:00:00,,2001,2650,20012207843065,27111001182650,756536186282,01-09-2024 00:00:00,8113f1a7c6dcff94660dc6ed
S75960940,01-09-2024 00:00:00,39.36,01-09-2024 00:00:00,,2001,2650,20012207843065,27111001182650,570795653457,01-09-2024 00:00:00,e9a3e1ff97c2fc7a519eeecd
S75960940,01-09-2024 00:00:00,758.65,01-09-2024 00:00:00,,2001,2650,20012207843065,27111001182650,502213258701,01-09-2024 00:00:00,3fad4b60b930cb143656fc63
S75960940,01-09-2024 00:00:00,267.35,01-09-2024 00:00:00,,2001,2650,20012207843065,27111001182650,170070380123,01-09-2024 00:00:00,dfdbd2faff3c4d095f410a12
S75960940,01-09-2024 00:00:00,292.88,01-09-2024 00:00:00,,2001,2650,20012207843065,27111001182650,517478721575,01-09-2024 00:00:00,fca44c7acc1603c97edb5e3e
S75960940,01-09-2024 00:00:00,998.42,01-09-2024 00:00:00,,2001,2650,20012207843065,27111001182650,481997696227,01-09-2024 00:00:00,4eed3f3be8a6d02ee6295bcf
S75960940,01-09-2024 00:00:00,791.33,01-09-2024 00:00:00,,2001,2650,20012207843065,27111001182650,384715244517,01-09-2024 00:00:00,3073cd9a705775aa583b8124
S75960940,01-09-2024 00:00:00,718.24,01-09-2024 00:00:00,,2001,2650,20012207843065,27111001182650,416515882114,01-09-2024 00:00:00,bdb24a4b4fa8afdf6cb1b2e2
S75960940,01-09-2024 00:00:00,657.53,01-09-2024 00:00:00,,2001,2650,20012207843065,27111001182650,777608480626,01-09-2024 00:00:00,dde87cfecb3a8adbd4caf24b
S75960940,01-09-2024 00:00:00,282.49,01-09-2024 00:00:00,,2001,2650,20012207843065,27111001182650,545768512306,01-09-2024 00:00:00,f687a7a38ce63ec655cc0b80
S75960940,01-09-2024 00:00:00,323.84,01-09-2024 00:00:00,,2001,2650,20012207843065,27111001182650,036390340171,01-09-2024 00:00:00,d81da0fb828daf9b679ac5aa
S75960940,01-09-2024 00:00:00,281.40,01-09-2024 00:00:00,,2001,2650,20012207843065,27111001182650,640741834881,01-09-2024 00:00:00,f6ac452d2d55a3fd8bcdc751
S75960940,01-09-2024 00:00:00,681.29,01-09-2024 00:00:00,,2001,2650,20012207843065,27111001182650,048076261454,01-09-2024 00:00:00,2fde0dd4addc207732db794c
S75960940,01-09-2024 00:00:00,111.26,01-09-2024 00:00:00,,2001,2650,20012207843065,27111001182650,430996893825,01-09-2024 00:00:00,e26fe45f71493d2cb0ebae69
S75960940,01-09-2024 00:00:00,265.16,01-09-2024 00:00:00,,2001,2650,20012207843065,27111001182650,154350015870,01-09-2024 00:00:00,2cfc9f139bc3645599a0c2bc
S75960940,01-09-2024 00:00:00,255.11,01-09-2024 00:00:00,,2001,2650,20012207843065,27111001182650,368994670826,01-09-2024 00:00:00,3eb62a78ffcc8443991ca604
S75960940,01-09-2024 00:00:00,14.18,01-09-2024 00:00:00,,2001,2650,20012207843065,27111001182650,330517978220,01-09-2024 00:00:00,e5f99dbe8fc61fd4b0b419dc
S75960940,01-09-2024 00:00:00,716.05,01-09-2024 00:00:00,,2001,2650,20012207843065,27111001182650,755884967309,01-09-2024 00:00:00,cd01d7fcecadcd6ca5f22c73
S75960940,01-09-2024 00:00:00,976.73,01-09-2024 00:00:00,,2001,2650,20012207843065,27111001182650,096367855369,01-09-2024 00:00:00,3b14944ed98eb79a4da97c63
S75960940,01-09-2024 00:00:00,659.99,01-09-2024 00:00:00,,2001,2650,20012207843065,27111001182650,735411188192,01-09-2024 00:00:00,584aa30d0ceca37ba3eab7ea
S75960940,01-09-2024 00:00:00,284.95,01-09-2024 00:00:00,,2001,2650,20012207843065,27111001182650,893294830789,01-09-2024 00:00:00,aa99126cddff7ada8a214a67
S75960940,01-09-2024 00:00:00,142.78,01-09-2024 00:00:00,,2001,2650,20012207843065,27111001182650,549942744835,01-09-2024 00:00:00,cb2fba1abcdc1cad36c3346b
S75960940,01-09-2024 00:00:00,137.56,01-09-2024 00:00:00,,2001,2650,20012207843065,27111001182650,152791620736,01-09-2024 00:00:00,9f3b04b15ed0ccfd7e075e79
S75960940,01-09-2024 00:00:00,491.69,01-09-2024 00:00:00,,2001,2650,20012207843065,27111001182650,077998315070,01-09-2024 00:00:00,f36c2c63746bc0ebfef50acc
S75960940,01-09-2024 00:00:00,272.78,01-09-2024 00:00:00,,2001,2650,20012207843065,27111001182650,418100416624,01-09-2024 00:00:00,5b2f5cc72ed95cef06095cad
S75960940,01-09-2024 00:00:00,939.54,01-09-2024 00:00:00,,2001,2650,20012207843065,27111001182650,644040776701,01-09-2024 00:00:00,16802ad44f092bbbaff5454b
S75960940,01-09-2024 00:00:00,256.84,01-09-2024 00:00:00,,2001,2650,20012207843065,27111001182650,628450006229,01-09-2024 00:00:00,bcbd0cdacaeba9fd41c122bd
S75960940,01-09-2024 00:00:00,501.64,01-09-2024 00:00:00,,2001,2650,20012207843065,27111001182650,966154412379,01-09-2024 00:00:00,f2e2b86ccf8dbb4638f367d3
S75960940,01-09-2024 00:00:00,262.15,01-09-2024 00:00:00,,2001,2650,20012207843065,27111001182650,704850307951,01-09-2024 00:00:00,5a936bbaac7c86eb0ead3ce7
S75960940,01-09-2024 00:00:00,386.77,01-09-2024 00:00:00,,2001,2650,20012207843065,27111001182650,571264924986,01-09-2024 00:00:00,cccfd4a16d5c6a4edb50c192
S75960940,01-09-2024 00:00:00,386.88,01-09-2024 00:00:00,,2001,2650,20012207843065,27111001182650,392858372371,01-09-2024 00:00:00,cdad1cc00effc934d79b1a9a
S75960940,01-09-2024 00:00:00,507.41,01-09-2024 00:00:00,,2001,2650,20012207843065,27111001182650,571432332287,01-09-2024 00:00:00,0496edbe888aa30ddf778f2d
S75960940,01-09-2024 00:00:00,126.28,01-09-2024 00:00:00,,2001,2650,20012207843065,27111001182650,833568664817,01-09-2024 00:00:00,ba7c1a1c63fda0eff7ce9072
S75960940,01-09-2024 00:00:00,807.14,01-09-2024 00:00:00,,2001,2650,20012207843065,27111001182650,161130750089,01-09-2024 00:00:00,afb0c80ee2d7f93d46a4e48d
S75960940,01-09-2024 00:00:00,931.27,01-09-2024 00:00:00,,2001,2650,20012207843065,27111001182650,908981705789,01-09-2024 00:00:00,fe41ae65df3e0d890b1a7c55
S75960940,01-09-2024 00:00:00,528.22,01-09-2024 00:00:00,,2001,2650,20012207843065,27111001182650,965138058748,01-09-2024 00:00:00,bc49deda5fb1b763baed56e5
S75960940,01-09-2024 00:00:00,979.55,01-09-2024 00:00:00,,2001,2650,20012207843065,27111001182650,849465560585,01-09-2024 00:00:00,80e7455d1fecdd7b29fcd3db
S75960940,01-09-2024 00:00:00,700.35,01-09-2024 00:00:00,,2001,2650,20012207843065,27111001182650,223541587796,01-09-2024 00:00:00,ae10cb6cdce7fcdfbad6d2bd
S75960940,01-09-2024 00:00:00,76.87,01-09-2024 00:00:00,,2001,2650,20012207843065,27111001182650,470766062971,01-09-2024 00:00:00,654e71e2ebcfc32dee41cdea
S75960940,01-09-2024 00:00:00,34.60,01-09-2024 00:00:00,,2001,2650,20012207843065,27111001182650,657428808196,01-09-2024 00:00:00,869ac8ab1dc5b29adce55ee9
S75960940,01-09-2024 00:00:00,481.05,01-09-2024 00:00:00,,2001,2650,20012207843065,27111001182650,514607674160,01-09-2024 00:00:00,a12bdfeb559f9e0df9a28268
S75960940,01-09-2024 00:00:00,143.73,01-09-2024 00:00:00,,2001,2650,20012207843065,27111001182650,237094724356,01-09-2024 00:00:00,a3099effa03cbfddd0b5da9d
S75960940,01-09-2024 00:00:00,713.35,01-09-2024 00:00:00,,2001,2650,20012207843065,27111001182650,990891771694,01-09-2024 00:00:00,49f61de1ec4aeb1a0b8dbb56
S75960940,01-09-2024 00:00:00,94.34,01-09-2024 00:00:00,,2001,2650,20012207843065,27111001182650,190445000522,01-09-2024 00:00:00,05fcfd5e2cfb5ccee9a0ea63
S75960940,01-09-2024 00:00:00,861.87,01-09-2024 00:00:00,,2001,2650,20012207843065,27111001182650,506025567901,01-09-2024 00:00:00,bf208ed8c767c024efb23eac
S75960940,01-09-2024 00:00:00,662.44,01-09-2024 00:00:00,,2001,2650,20012207843065,27111001182650,802671696120,01-09-2024 00:00:00,54bfd7cf6e04ebfbe1f9faf5
S75960940,01-09-2024 00:00:00,633.14,01-09-2024 00:00:00,,2001,2650,20012207843065,27111001182650,556099627051,01-09-2024 00:00:00,acd8a0c2a902b5185f9aa11d
S75960940,01-09-2024 00:00:00,89.96,01-09-2024 00:00:00,,2001,2650,20012207843065,27111001182650,623879803980,01-09-2024 00:00:00,560bae6c6fdf7ec530b7c57a
S75960940,01-09-2024 00:00:00,931.33,01-09-2024 00:00:00,,2001,2650,20012207843065,27111001182650,518039037859,01-09-2024 00:00:00,6312f1d6bf3e83dbdafbf5d9
S75960940,01-09-2024 00:00:00,497.78,01-09-2024 00:00:00,,2001,2650,20012207843065,27111001182650,069291482617,01-09-2024 00:00:00,f1fa4cf56b5a5c568ed3cef0
S75960940,01-09-2024 00:00:00,365.16,01-09-2024 00:00:00,,2001,2650,20012207843065,27111001182650,319432859767,01-09-2024 00:00:00,e9eeb1fdffb30aa3ff2fc51b
S75960940,01-09-2024 00:00:00,608.25,01-09-2024 00:00:00,,2001,2650,20012207843065,27111001182650,534209162320,01-09-2024 00:00:00,cbebedf2ecdcccfadaf5836a
S75960940,01-09-2024 00:00:00,619.37,01-09-2024 00:00:00,,2001,2650,20012207843065,27111001182650,084608205996,01-09-2024 00:00:00,57db60a81cbff4ac7ac43fff
S75960940,01-09-2024 00:00:00,277.46,01-09-2024 00:00:00,,2001,2650,20012207843065,27111001182650,664094510488,01-09-2024 00:00:00,8e8bcf3ff5cfe4caf7aaced3
S75960940,01-09-2024 00:00:00,887.62,01-09-2024 00:00:00,,2001,2650,20012207843065,27111001182650,127282546053,01-09-2024 00:00:00,1037367949dc1da2ff7ce19d
S75960940,01-09-2024 00:00:00,631.00,01-09-2024 00:00:00,,2001,2650,20012207843065,27111001182650,888234996286,01-09-2024 00:00:00,c66cb7860ebf6a8860cc7ce7
S75960940,01-09-2024 00:00:00,604.19,01-09-2024 00:00:00,,2001,2650,20012207843065,27111001182650,500014809875,01-09-2024 00:00:00,a0ac0bbb2ee9d0fd6ddbbdae
S75960940,01-09-2024 00:00:00,908.61,01-09-2024 00:00:00,,2001,2650,20012207843065,27111001182650,674074058095,01-09-2024 00:00:00,6e5ebbec5eb6a38ade2ec5cd
S75960940,01-09-2024 00:00:00,573.54,01-09-2024 00:00:00,,2001,2650,20012207843065,27111001182650,577969323989,01-09-2024 00:00:00,84ffef4b7fafae4b0a857b0d
S75960940,01-09-2024 00:00:00,824.36,01-09-2024 00:00:00,,2001,2650,20012207843065,27111001182650,425754907229,01-09-2024 00:00:00,adc8ca48c6ea337cba7edfbe
S75960940,01-09-2024 00:00:00,93.38,01-09-2024 00:00:00,,2001,2650,20012207843065,27111001182650,858637764931,01-09-2024 00:00:00,fceeaf648760a9d86a04bac1
S75960940,01-09-2024 00:00:00,221.21,01-09-2024 00:00:00,,2001,2650,20012207843065,27111001182650,301072373126,01-09-2024 00:00:00,c9da39a72ace0b0ed5f04d48
S75960940,01-09-2024 00:00:00,754.97,01-09-2024 00:00:00,,2001,2650,20012207843065,27111001182650,038451041369,01-09-2024 00:00:00,9f4ce06fcc0b593fa0fac4bd
S75960940,01-09-2024 00:00:00,922.71,01-09-2024 00:00:00,,2001,2650,20012207843065,27111001182650,800759282223,01-09-2024 00:00:00,8ebeb7c8a18fa39cada43eee
S75960940,01-09-2024 00:00:00,827.98,01-09-2024 00:00:00,,2001,2650,20012207843065,27111001182650,786237064598,01-09-2024 00:00:00,0be924fbb1ff21dc2bf208b7
S75960940,01-09-2024 00:00:00,635.55,01-09-2024 00:00:00,,2001,2650,20012207843065,27111001182650,006590843273,01-09-2024 00:00:00,214edb6f804fe36ae7ee625a
S75960940,01-09-2024 00:00:00,368.31,01-09-2024 00:00:00,,2001,2650,20012207843065,27111001182650,555004254947,01-09-2024 00:00:00,61edcef438da958a4abaf59a
S75960940,01-09-2024 00:00:00,920.60,01-09-2024 00:00:00,,2001,2650,20012207843065,27111001182650,544916442929,01-09-2024 00:00:00,cb91510dfceb5fccfac6cf6e
S75960940,01-09-2024 00:00:00,598.85,01-09-2024 00:00:00,,2001,2650,20012207843065,27111001182650,689767998365,01-09-2024 00:00:00,aceaacf8fc7f1b68ff0b7351
S75960940,01-09-2024 00:00:00,291.94,01-09-2024 00:00:00,,2001,2650,20012207843065,27111001182650,658828756363,01-09-2024 00:00:00,d4da6c2bb0d11716fd7a7e4b
S75960940,01-09-2024 00:00:00,472.97,01-09-2024 00:00:00,,2001,2650,20012207843065,27111001182650,769438471814,01-09-2024 00:00:00,eaae8f67e6ff59e2318a21fe
S75960940,01-09-2024 00:00:00,67.94,01-09-2024 00:00:00,,2001,2650,20012207843065,27111001182650,492244544121,01-09-2024 00:00:00,ebe79becc4169ae7a3ca2d3b
S75960940,01-09-2024 00:00:00,546.49,01-09-2024 00:00:00,,2001,2650,20012207843065,27111001182650,664161709380,01-09-2024 00:00:00,ff3dfe8489c5dfaa4c3ea4b3
S75960940,01-09-2024 00:00:00,702.39,01-09-2024 00:00:00,,2001,2650,20012207843065,27111001182650,244885772015,01-09-2024 00:00:00,6aae93fcfb83b863ef9e7764
S75960940,01-09-2024 00:00:00,657.24,01-09-2024 00:00:00,,2001,2650,20012207843065,27111001182650,978865766157,01-09-2024 00:00:00,e4ef9629e6902ff2bf5e8dea
S75960940,01-09-2024 00:00:00,52.06,01-09-2024 00:00:00,,2001,2650,20012207843065,27111001182650,829867720401,01-09-2024 00:00:00,bc1ca7da86a05a8b474d6fed
S75960940,01-09-2024 00:00:00,656.85,01-09-2024 00:00:00,,2001,2650,20012207843065,27111001182650,178655613486,01-09-2024 00:00:00,fbd7d1bedad8c655ea6131ab
S75960940,01-09-2024 00:00:00,367.13,01-09-2024 00:00:00,,2001,2650,20012207843065,27111001182650,046011886529,01-09-2024 00:00:00,f7ca62beec86fbf2b754b1e0
S75960940,01-09-2024 00:00:00,623.48,01-09-2024 00:00:00,,2001,2650,20012207843065,27111001182650,095422320651,01-09-2024 00:00:00,4966faffeeeab34b9a30fade
S75960940,01-09-2024 00:00:00,765.99,01-09-2024 00:00:00,,2001,2650,20012207843065,27111001182650,999973727224,01-09-2024 00:00:00,fead68e1bf44cdffa3be35ac
S75960940,01-09-2024 00:00:00,716.73,01-09-2024 00:00:00,,2001,2650,20012207843065,27111001182650,774947033504,01-09-2024 00:00:00,c6bff2e161eafb8be68f6014
S75960940,01-09-2024 00:00:00,79.08,01-09-2024 00:00:00,,2001,2650,20012207843065,27111001182650,450952136911,01-09-2024 00:00:00,af15a1a1f2924eb7a8ba2a21
S75960940,01-09-2024 00:00:00,980.83,01-09-2024 00:00:00,,2001,2650,20012207843065,27111001182650,307098881878,01-09-2024 00:00:00,4b296a6d2aa1bb3b3ae7cc72
S75960940,01-09-2024 00:00:00,216.64,01-09-2024 00:00:00,,2001,2650,20012207843065,27111001182650,728506367947,01-09-2024 00:00:00,ec7053dcb0f52ac7b377b02f
S75960940,01-09-2024 00:00:00,248.16,01-09-2024 00:00:00,,2001,2650,20012207843065,27111001182650,670006446252,01-09-2024 00:00:00,4ef3b7ffede79db022b1199c
S75960940,01-09-2024 00:00:00,548.73,01-09-2024 00:00:00,,2001,2650,20012207843065,27111001182650,979459332664,01-09-2024 00:00:00,fcbad17abfe3cf45d17b7bfa
S75960940,01-09-2024 00:00:00,87.66,01-09-2024 00:00:00,,2001,2650,20012207843065,27111001182650,252564889219,01-09-2024 00:00:00,6d0c11a7a77bf79e73ff1cfd
S75960940,01-09-2024 00:00:00,81.50,01-09-2024 00:00:00,,2001,2650,20012207843065,27111001182650,800020201870,01-09-2024 00:00:00,dc2de87f9ceaf9cdda18befe
S75960940,01-09-2024 00:00:00,431.68,01-09-2024 00:00:00,,2001,2650,20012207843065,27111001182650,307870260330,01-09-2024 00:00:00,f66fc0eebbf31e369deba80a
S75960940,01-09-2024 00:00:00,67.92,01-09-2024 00:00:00,,2001,2650,20012207843065,27111001182650,621430099495,01-09-2024 00:00:00,cda2a9eeee05f90b2a1ef77d
S75960940,01-09-2024 00:00:00,408.37,01-09-2024 00:00:00,,2001,2650,20012207843065,27111001182650,855964901464,01-09-2024 00:00:00,3cb5804efedabbfe17bfabcc
S75960940,01-09-2024 00:00:00,840.23,01-09-2024 00:00:00,,2001,2650,20012207843065,27111001182650,981437491363,01-09-2024 00:00:00,aa05f09c837caf49aeabca7c
S75960940,01-09-2024 00:00:00,925.96,01-09-2024 00:00:00,,2001,2650,20012207843065,27111001182650,382176713807,01-09-2024 00:00:00,6bedf506ec3d7ac92a620c1c
S75960940,01-09-2024 00:00:00,559.89,01-09-2024 00:00:00,,2001,2650,20012207843065,27111001182650,141741241232,01-09-2024 00:00:00,47df5d270aaddec57cb1bbdf
S75960940,01-09-2024 00:00:00,836.84,01-09-2024 00:00:00,,2001,2650,20012207843065,27111001182650,352639823179,01-09-2024 00:00:00,c406aecaa42da846adae8afd
S75960940,01-09-2024 00:00:00,531.13,01-09-2024 00:00:00,,2001,2650,20012207843065,27111001182650,748871212763,01-09-2024 00:00:00,5e7a1ad0f0a2bfcd0cb6af4e
S75960940,01-09-2024 00:00:00,230.43,01-09-2024 00:00:00,,2001,2650,20012207843065,27111001182650,353653691944,01-09-2024 00:00:00,e16e4ecdccb2afcc3ef653a1
S75960940,01-09-2024 00:00:00,383.12,01-09-2024 00:00:00,,2001,2650,20012207843065,27111001182650,096207459804,01-09-2024 00:00:00,bec774ef77eafc7cb71c7ec7
S75960940,01-09-2024 00:00:00,810.79,01-09-2024 00:00:00,,2001,2650,20012207843065,27111001182650,192952469916,01-09-2024 00:00:00,ec14fc64ecc938d52e18ffbc
S75960940,01-09-2024 00:00:00,540.54,01-09-2024 00:00:00,,2001,2650,20012207843065,27111001182650,382911081954,01-09-2024 00:00:00,39c0d3afc5e469ae93bbd1b5
S75960940,01-09-2024 00:00:00,694.28,01-09-2024 00:00:00,,2001,2650,20012207843065,27111001182650,455156411593,01-09-2024 00:00:00,c052a3449fe2cdff9ee3960c
S75960940,01-09-2024 00:00:00,661.59,01-09-2024 00:00:00,,2001,2650,20012207843065,27111001182650,416912553215,01-09-2024 00:00:00,2c1e9f7f27dc1d7b7fdedbc9
S75960940,01-09-2024 00:00:00,720.21,01-09-2024 00:00:00,,2001,2650,20012207843065,27111001182650,668149943499,01-09-2024 00:00:00,c0992d8a9fa24bdaaf7b3a4a
S75960940,01-09-2024 00:00:00,619.86,01-09-2024 00:00:00,,2001,2650,20012207843065,27111001182650,252915517659,01-09-2024 00:00:00,1bba5dd01f4e03b0b1dbc3ae
S75960940,01-09-2024 00:00:00,216.57,01-09-2024 00:00:00,,2001,2650,20012207843065,27111001182650,035452391981,01-09-2024 00:00:00,411c5b23ea9bcc8c8fab8fcc
S75960940,01-09-2024 00:00:00,758.22,01-09-2024 00:00:00,,2001,2650,20012207843065,27111001182650,989839882605,01-09-2024 00:00:00,ecca9f65aadcc0bc03a5f9fc
S75960940,01-09-2024 00:00:00,873.94,01-09-2024 00:00:00,,2001,2650,20012207843065,27111001182650,424920459428,01-09-2024 00:00:00,4f5f4cdad242c424d70dc0b3
S75960940,01-09-2024 00:00:00,579.45,01-09-2024 00:00:00,,2001,2650,20012207843065,27111001182650,506909604370,01-09-2024 00:00:00,8dfecf8babd2578cbee265fe
S75960940,01-09-2024 00:00:00,496.55,01-09-2024 00:00:00,,2001,2650,20012207843065,27111001182650,361532816377,01-09-2024 00:00:00,72c1ebb24efd3d9b1bbe39aa
S75960940,01-09-2024 00:00:00,94.66,01-09-2024 00:00:00,,2001,2650,20012207843065,27111001182650,109852411029,01-09-2024 00:00:00,fabdda5c89d58dcbf2aec817
S75960940,01-09-2024 00:00:00,417.97,01-09-2024 00:00:00,,2001,2650,20012207843065,27111001182650,003083207749,01-09-2024 00:00:00,3a4ca50d56fefcadbceca28c
S75960940,01-09-2024 00:00:00,927.18,01-09-2024 00:00:00,,2001,2650,20012207843065,27111001182650,411839610746,01-09-2024 00:00:00,842fbcdd05705ccd6743b6ba
S75960940,01-09-2024 00:00:00,156.81,01-09-2024 00:00:00,,2001,2650,20012207843065,27111001182650,182437783665,01-09-2024 00:00:00,be30cb8aeeebbff7addd6edf
S75960940,01-09-2024 00:00:00,0.47,01-09-2024 00:00:00,,2001,2650,20012207843065,27111001182650,402248096768,01-09-2024 00:00:00,dcd3e142f85b8a28ca9eb153
S75960940,01-09-2024 00:00:00,393.96,01-09-2024 00:00:00,,2001,2650,20012207843065,27111001182650,949382819107,01-09-2024 00:00:00,95e9be1aaff0c6cdaaea57e4
S75960940,01-09-2024 00:00:00,668.40,01-09-2024 00:00:00,,2001,2650,20012207843065,27111001182650,740203027803,01-09-2024 00:00:00,7a9f979eae51bb2eda2ddec0
S75960940,01-09-2024 00:00:00,404.50,01-09-2024 00:00:00,,2001,2650,20012207843065,27111001182650,092644635632,01-09-2024 00:00:00,cf08d5f8e509d6c79d326fd4
S75960940,01-09-2024 00:00:00,947.53,01-09-2024 00:00:00,,2001,2650,20012207843065,27111001182650,656050504202,01-09-2024 00:00:00,bfc7c783cdcb6f5cf3bdc4f2
S75960940,01-09-2024 00:00:00,980.54,01-09-2024 00:00:00,,2001,2650,20012207843065,27111001182650,895341302219,01-09-2024 00:00:00,ce8caa0fbfcbaba9bc652c71
S75960940,01-09-2024 00:00:00,125.62,01-09-2024 00:00:00,,2001,2650,20012207843065,27111001182650,286095141571,01-09-2024 00:00:00,f78a9cffd13ea0af72a9b26a
S75960940,01-09-2024 00:00:00,714.17,01-09-2024 00:00:00,,2001,2650,20012207843065,27111001182650,846283575625,01-09-2024 00:00:00,e5e26e9b28e18ec29afef8f2
S75960940,01-09-2024 00:00:00,130.91,01-09-2024 00:00:00,,2001,2650,20012207843065,27111001182650,505280905630,01-09-2024 00:00:00,a28c1f4a37eeee574c45df1d
S75960940,01-09-2024 00:00:00,840.98,01-09-2024 00:00:00,,2001,2650,20012207843065,27111001182650,554666732328,01-09-2024 00:00:00,4f7cea91ae5d5de5bfdeafbd
S75960940,01-09-2024 00:00:00,532.17,01-09-2024 00:00:00,,2001,2650,20012207843065,27111001182650,319355457138,01-09-2024 00:00:00,d6f0aafc0b9704beec6d5ee2
S75960940,01-09-2024 00:00:00,807.00,01-09-2024 00:00:00,,2001,2650,20012207843065,27111001182650,345639996152,01-09-2024 00:00:00,4febc64a78cfc2bbedc1d358
S75960940,01-09-2024 00:00:00,664.62,01-09-2024 00:00:00,,2001,2650,20012207843065,27111001182650,590693795813,01-09-2024 00:00:00,6a1e40cf8fc37cc740ffd980
S75960940,01-09-2024 00:00:00,408.43,01-09-2024 00:00:00,,2001,2650,20012207843065,27111001182650,440002559953,01-09-2024 00:00:00,bca138afdcc9208d9bc2f9df
S75960940,01-09-2024 00:00:00,504.21,01-09-2024 00:00:00,,2001,2650,20012207843065,27111001182650,366518616171,01-09-2024 00:00:00,ccfc4acefc07efdfa64d1579
S75960940,01-09-2024 00:00:00,103.27,01-09-2024 00:00:00,,2001,2650,20012207843065,27111001182650,163748687770,01-09-2024 00:00:00,368afe58e8dda73ad63f2eb2
S75960940,01-09-2024 00:00:00,465.18,01-09-2024 00:00:00,,2001,2650,20012207843065,27111001182650,901141622754,01-09-2024 00:00:00,f874ccf6e0baf14e0ceb4f4f
S75960940,01-09-2024 00:00:00,446.13,01-09-2024 00:00:00,,2001,2650,20012207843065,27111001182650,209951962746,01-09-2024 00:00:00,39fcb51c8fb4e0506aa4da15
S75960940,01-09-2024 00:00:00,989.65,01-09-2024 00:00:00,,2001,2650,20012207843065,27111001182650,268792609826,01-09-2024 00:00:00,286de7895aff9dda07dfee86
S75960940,01-09-2024 00:00:00,536.29,01-09-2024 00:00:00,,2001,2650,20012207843065,27111001182650,537658230284,01-09-2024 00:00:00,fb7fbacab8ef5c6fad46c1e7
S75960940,01-09-2024 00:00:00,300.28,01-09-2024 00:00:00,,2001,2650,20012207843065,27111001182650,578062611985,01-09-2024 00:00:00,b45fc40baffebbe0da6fdfbc
S75960940,01-09-2024 00:00:00,757.62,01-09-2024 00:00:00,,2001,2650,20012207843065,27111001182650,142822121947,01-09-2024 00:00:00,f2fccb1d4bebbc59c2ffa3a5
S75960940,01-09-2024 00:00:00,360.98,01-09-2024 00:00:00,,2001,2650,20012207843065,27111001182650,887036643748,01-09-2024 00:00:00,5a2636eb675ad4a6afa1c1a2
S75960940,01-09-2024 00:00:00,362.20,01-09-2024 00:00:00,,2001,2650,20012207843065,27111001182650,140895056390,01-09-2024 00:00:00,acc1ffd7d5e1ffebcc7bfcea
S75960940,01-09-2024 00:00:00,389.85,01-09-2024 00:00:00,,2001,2650,20012207843065,27111001182650,733290501642,01-09-2024 00:00:00,f2c1be555d5afde3dd33cdcb
S75960940,01-09-2024 00:00:00,684.88,01-09-2024 00:00:00,,2001,2650,20012207843065,27111001182650,203734318493,01-09-2024 00:00:00,a09c41b4372ae9df7eef7c11
S75960940,01-09-2024 00:00:00,128.53,01-09-2024 00:00:00,,2001,2650,20012207843065,27111001182650,453850128435,01-09-2024 00:00:00,b77e949dadb47b2f6b6eb631
S75960940,01-09-2024 00:00:00,702.34,01-09-2024 00:00:00,,2001,2650,20012207843065,27111001182650,316209766361,01-09-2024 00:00:00,42da5fa29b6dae7c3ed521eb
S75960940,01-09-2024 00:00:00,415.76,01-09-2024 00:00:00,,2001,2650,20012207843065,27111001182650,669597229953,01-09-2024 00:00:00,08d54de5e142d9c0da9eb89d
S75960940,01-09-2024 00:00:00,304.11,01-09-2024 00:00:00,,2001,2650,20012207843065,27111001182650,639739242258,01-09-2024 00:00:00,dca8a8bf391d450cac0a9cdd
S75960940,01-09-2024 00:00:00,290.91,01-09-2024 00:00:00,,2001,2650,20012207843065,27111001182650,528673164259,01-09-2024 00:00:00,be98bd9dea3eab01f1d0dbbc
S75960940,01-09-2024 00:00:00,253.36,01-09-2024 00:00:00,,2001,2650,20012207843065,27111001182650,020635666184,01-09-2024 00:00:00,c255afd1ad8f687d421da3be
S75960940,01-09-2024 00:00:00,319.98,01-09-2024 00:00:00,,2001,2650,20012207843065,27111001182650,873166383108,01-09-2024 00:00:00,1b2d8f5d6fbf2e1278cf8af5
S75960940,01-09-2024 00:00:00,832.49,01-09-2024 00:00:00,,2001,2650,20012207843065,27111001182650,751252815852,01-09-2024 00:00:00,e6bb9bbedb45e2c2151edee8
S75960940,01-09-2024 00:00:00,963.41,01-09-2024 00:00:00,,2001,2650,20012207843065,27111001182650,993734296034,01-09-2024 00:00:00,7ec0f4c64b94ebe53447d48b
S75960940,01-09-2024 00:00:00,335.03,01-09-2024 00:00:00,,2001,2650,20012207843065,27111001182650,983708957306,01-09-2024 00:00:00,443ca6e6547dbe5acddc23d4
S75960940,01-09-2024 00:00:00,736.49,01-09-2024 00:00:00,,2001,2650,20012207843065,27111001182650,872744887394,01-09-2024 00:00:00,a6ac4fc3b42c2cefaefce1ab
S75960940,01-09-2024 00:00:00,550.99,01-09-2024 00:00:00,,2001,2650,20012207843065,27111001182650,154561799372,01-09-2024 00:00:00,4ab8faaa75bacabda0de96cc
S75960940,01-09-2024 00:00:00,113.10,01-09-2024 00:00:00,,2001,2650,20012207843065,27111001182650,691474396515,01-09-2024 00:00:00,01bfcf50a3ff82bde0d9a74a
S75960940,01-09-2024 00:00:00,118.58,01-09-2024 00:00:00,,2001,2650,20012207843065,27111001182650,009644766051,01-09-2024 00:00:00,5cffccb68ffdb03f3eb7b6ff
S75960940,01-09-2024 00:00:00,348.52,01-09-2024 00:00:00,,2001,2650,20012207843065,27111001182650,014957392803,01-09-2024 00:00:00,73b93238eea24c0e74b21098
S75960940,01-09-2024 00:00:00,307.54,01-09-2024 00:00:00,,2001,2650,20012207843065,27111001182650,591636886394,01-09-2024 00:00:00,d53edab0becebfcd6ce66eba
S75960940,01-09-2024 00:00:00,65.89,01-09-2024 00:00:00,,2001,2650,20012207843065,27111001182650,717035731546,01-09-2024 00:00:00,63b70ae13eacb5a58546b222
S75960940,01-09-2024 00:00:00,956.21,01-09-2024 00:00:00,,2001,2650,20012207843065,27111001182650,326065991124,01-09-2024 00:00:00,6c7e2caeafcfde84e0ad43b3
S75960940,01-09-2024 00:00:00,667.39,01-09-2024 00:00:00,,2001,2650,20012207843065,27111001182650,434142161302,01-09-2024 00:00:00,bbd06dbc3a4cd8f17fa5eaaa
S75960940,01-09-2024 00:00:00,43.76,01-09-2024 00:00:00,,2001,2650,20012207843065,27111001182650,260750572856,01-09-2024 00:00:00,0cdc8d2701e5c4f9bd7d3b0b
S75960940,01-09-2024 00:00:00,114.78,01-09-2024 00:00:00,,2001,2650,20012207843065,27111001182650,986833490588,01-09-2024 00:00:00,2a4474d913d2bff31b911de0
S75960940,01-09-2024 00:00:00,189.11,01-09-2024 00:00:00,,2001,2650,20012207843065,27111001182650,077073731704,01-09-2024 00:00:00,f35e9039be2d4db81ccf0d6c
S75960940,01-09-2024 00:00:00,835.25,01-09-2024 00:00:00,,2001,2650,20012207843065,27111001182650,547076544968,01-09-2024 00:00:00,3c5eb4cbbe139b5dcc2deeef
S75960940,01-09-2024 00:00:00,405.29,01-09-2024 00:00:00,,2001,2650,20012207843065,27111001182650,884691265409,01-09-2024 00:00:00,cdf18cdcded4a1b8cf601e4c
S75960940,01-09-2024 00:00:00,826.24,01-09-2024 00:00:00,,2001,2650,20012207843065,27111001182650,652664163240,01-09-2024 00:00:00,ca21eb046ece1fc9626fdee5
S75960940,01-09-2024 00:00:00,940.75,01-09-2024 00:00:00,,2001,2650,20012207843065,27111001182650,476529613526,01-09-2024 00:00:00,a3f2054fe029c0acdbeba65e
S75960940,01-09-2024 00:00:00,204.52,01-09-2024 00:00:00,,2001,2650,20012207843065,27111001182650,291810788154,01-09-2024 00:00:00,cddb3d0af8c3adec98758538
S75960940,01-09-2024 00:00:00,113.80,01-09-2024 00:00:00,,2001,2650,20012207843065,27111001182650,634607063621,01-09-2024 00:00:00,4c6cb0ec5fd81ee91f4fce2a
S75960940,01-09-2024 00:00:00,187.35,01-09-2024 00:00:00,,2001,2650,20012207843065,27111001182650,488371865713,01-09-2024 00:00:00,efdbe5b81a45ea051ebc83a8
S75960940,01-09-2024 00:00:00,442.84,01-09-2024 00:00:00,,2001,2650,20012207843065,27111001182650,949746697211,01-09-2024 00:00:00,992bb5ece86aef9cb5b2b3ae
S75960940,01-09-2024 00:00:00,721.59,01-09-2024 00:00:00,,2001,2650,20012207843065,27111001182650,581726301475,01-09-2024 00:00:00,fd12e46ac0d1c6b4a38ecce5
S75960940,01-09-2024 00:00:00,19.17,01-09-2024 00:00:00,,2001,2650,20012207843065,27111001182650,196427812635,01-09-2024 00:00:00,170d0caf31af4df8879fc0ab
S75960940,01-09-2024 00:00:00,235.54,01-09-2024 00:00:00,,2001,2650,20012207843065,27111001182650,802048840726,01-09-2024 00:00:00,1d551b2253e26529af481cee
S75960940,01-09-2024 00:00:00,759.00,01-09-2024 00:00:00,,2001,2650,20012207843065,27111001182650,248874990505,01-09-2024 00:00:00,8f6c9db6d582dc5ce3b8ae2c
S75960940,01-09-2024 00:00:00,352.36,01-09-2024 00:00:00,,2001,2650,20012207843065,27111001182650,505556830242,01-09-2024 00:00:00,dba36442dec0acebb9cf69fc
S75960940,01-09-2024 00:00:00,641.96,01-09-2024 00:00:00,,2001,2650,20012207843065,27111001182650,642517636494,01-09-2024 00:00:00,faed625a777efe1bbbcebd4b
S75960940,01-09-2024 00:00:00,64.38,01-09-2024 00:00:00,,2001,2650,20012207843065,27111001182650,447851175079,01-09-2024 00:00:00,01dadfc8a0e91ed8cfa9aa10
S75960940,01-09-2024 00:00:00,759.88,01-09-2024 00:00:00,,2001,2650,20012207843065,27111001182650,966011515327,01-09-2024 00:00:00,7b9a4ead9fbacaaf2eecebb4
S75960940,01-09-2024 00:00:00,626.97,01-09-2024 00:00:00,,2001,2650,20012207843065,27111001182650,432905915218,01-09-2024 00:00:00,eded4a4cbd45ce2bcdbd0ad5
S75960940,01-09-2024 00:00:00,321.13,01-09-2024 00:00:00,,2001,2650,20012207843065,27111001182650,042172694794,01-09-2024 00:00:00,19faedfba5cf3ccd56e0c407
S75960940,01-09-2024 00:00:00,497.43,01-09-2024 00:00:00,,2001,2650,20012207843065,27111001182650,945230829987,01-09-2024 00:00:00,57d13270df65aa2bd2fda48d
S75960940,01-09-2024 00:00:00,581.95,01-09-2024 00:00:00,,2001,2650,20012207843065,27111001182650,632549199576,01-09-2024 00:00:00,1cbec6a182d44fd94b843bfc
S75960940,01-09-2024 00:00:00,475.50,01-09-2024 00:00:00,,2001,2650,20012207843065,27111001182650,242014353712,01-09-2024 00:00:00,7abaf32c00396cc447ff13eb
S75960940,01-09-2024 00:00:00,899.40,01-09-2024 00:00:00,,2001,2650,20012207843065,27111001182650,296888029303,01-09-2024 00:00:00,0be7bcfb08f2cbeec9634dcc
S75960940,01-09-2024 00:00:00,776.68,01-09-2024 00:00:00,,2001,2650,20012207843065,27111001182650,316135356365,01-09-2024 00:00:00,dfa1075e57cd01b2995bcfbc
S75960940,01-09-2024 00:00:00,637.11,01-09-2024 00:00:00,,2001,2650,20012207843065,27111001182650,473205142035,01-09-2024 00:00:00,b61e0ff5093bd7f0bab7c90a
S75960940,01-09-2024 00:00:00,263.36,01-09-2024 00:00:00,,2001,2650,20012207843065,27111001182650,406193908017,01-09-2024 00:00:00,929f2bef8eb49ac95d003dee
S75960940,01-09-2024 00:00:00,877.14,01-09-2024 00:00:00,,2001,2650,20012207843065,27111001182650,020224461278,01-09-2024 00:00:00,8723cad108ccce9a4efe5c36
S75960940,01-09-2024 00:00:00,15.41,01-09-2024 00:00:00,,2001,2650,20012207843065,27111001182650,107110029879,01-09-2024 00:00:00,907fcd8c1e08abcfffb8b969
S75960940,01-09-2024 00:00:00,331.48,01-09-2024 00:00:00,,2001,2650,20012207843065,27111001182650,526750191768,01-09-2024 00:00:00,ecc5ff0c0f8f49cfa57f33de
S75960940,01-09-2024 00:00:00,784.31,01-09-2024 00:00:00,,2001,2650,20012207843065,27111001182650,596386546947,01-09-2024 00:00:00,3d1cc1adecf3a3ad0f433def
S75960940,01-09-2024 00:00:00,290.45,01-09-2024 00:00:00,,2001,2650,20012207843065,27111001182650,630095888294,01-09-2024 00:00:00,ad8d89c5d3bf1c5bd6ef00a3
S75960940,01-09-2024 00:00:00,675.53,01-09-2024 00:00:00,,2001,2650,20012207843065,27111001182650,448486564038,01-09-2024 00:00:00,dbcffcd0bd28d29e8cad2885
S75960940,01-09-2024 00:00:00,459.55,01-09-2024 00:00:00,,2001,2650,20012207843065,27111001182650,756431065772,01-09-2024 00:00:00,22aee091a05c89d2fda6056a
S75960940,01-09-2024 00:00:00,855.92,01-09-2024 00:00:00,,2001,2650,20012207843065,27111001182650,601273857464,01-09-2024 00:00:00,6a4aee1ff6cfcbf5b66ddde3
S75960940,01-09-2024 00:00:00,797.57,01-09-2024 00:00:00,,2001,2650,20012207843065,27111001182650,367125999002,01-09-2024 00:00:00,453d290dbd9e8d6a2ba87b7f
S75960940,01-09-2024 00:00:00,11.41,01-09-2024 00:00:00,,2001,2650,20012207843065,27111001182650,029160084860,01-09-2024 00:00:00,bbb921a8445339efa6d770af
S75960940,01-09-2024 00:00:00,826.64,01-09-2024 00:00:00,,2001,2650,20012207843065,27111001182650,233975142885,01-09-2024 00:00:00,4014b3afcf7dc2fdcdfbfa1f
S75960940,01-09-2024 00:00:00,978.02,01-09-2024 00:00:00,,2001,2650,20012207843065,27111001182650,849352713149,01-09-2024 00:00:00,65d5fad04311ccedb3bdbee0
S75960940,01-09-2024 00:00:00,64.96,01-09-2024 00:00:00,,2001,2650,20012207843065,27111001182650,335198621600,01-09-2024 00:00:00,ba08af687b9b40ca7090733d
S75960940,01-09-2024 00:00:00,4.95,01-09-2024 00:00:00,,2001,2650,20012207843065,27111001182650,622301429607,01-09-2024 00:00:00,a6db3b7f44a9c8cc53fc95b6
S75960940,01-09-2024 00:00:00,761.63,01-09-2024 00:00:00,,2001,2650,20012207843065,27111001182650,728382922934,01-09-2024 00:00:00,50f55d5cd448bef48cc9be5c
S75960940,01-09-2024 00:00:00,954.12,01-09-2024 00:00:00,,2001,2650,20012207843065,27111001182650,683865280352,01-09-2024 00:00:00,3bb7cc9b2b9a1ddedc94ce73
S75960940,01-09-2024 00:00:00,769.73,01-09-2024 00:00:00,,2001,2650,20012207843065,27111001182650,354881167159,01-09-2024 00:00:00,fcb42f7dcf2394e3b1c16f28
S75960940,01-09-2024 00:00:00,64.74,01-09-2024 00:00:00,,2001,2650,20012207843065,27111001182650,622054607570,01-09-2024 00:00:00,bd0f3afe63e0a11abbbfced0
S75960940,01-09-2024 00:00:00,472.56,01-09-2024 00:00:00,,2001,2650,20012207843065,27111001182650,864087012260,01-09-2024 00:00:00,c1bce2d8e9dd3b643fe11033
S75960940,01-09-2024 00:00:00,327.40,01-09-2024 00:00:00,,2001,2650,20012207843065,27111001182650,764635096868,01-09-2024 00:00:00,21441f4e6e6cae585cc4aa56
S75960940,01-09-2024 00:00:00,880.94,01-09-2024 00:00:00,,2001,2650,20012207843065,27111001182650,617848493717,01-09-2024 00:00:00,3b57cfd6f9fe5d8caf5b1040
S75960940,01-09-2024 00:00:00,1.31,01-09-2024 00:00:00,,2001,2650,20012207843065,27111001182650,533414296765,01-09-2024 00:00:00,1afe2c7efd3fea9ec5e492da
S75960940,01-09-2024 00:00:00,853.01,01-09-2024 00:00:00,,2001,2650,20012207843065,27111001182650,627169257558,01-09-2024 00:00:00,46b0dad01d03accce6d9c2e9
S75960940,01-09-2024 00:00:00,870.32,01-09-2024 00:00:00,,2001,2650,20012207843065,27111001182650,685693818219,01-09-2024 00:00:00,66ddbc3f8255e706da90afcf
S75960940,01-09-2024 00:00:00,178.80,01-09-2024 00:00:00,,2001,2650,20012207843065,27111001182650,492864690431,01-09-2024 00:00:00,dace8c5eadf7fb0cc7a61a46
S75960940,01-09-2024 00:00:00,432.35,01-09-2024 00:00:00,,2001,2650,20012207843065,27111001182650,242586869204,01-09-2024 00:00:00,bd2d9f304bf7f4301b41bdcd
S75960940,01-09-2024 00:00:00,40.28,01-09-2024 00:00:00,,2001,2650,20012207843065,27111001182650,257197782382,01-09-2024 00:00:00,2d929f71a9281a44e7cffa84
S75960940,01-09-2024 00:00:00,150.12,01-09-2024 00:00:00,,2001,2650,20012207843065,27111001182650,798255975850,01-09-2024 00:00:00,cd2fb47cbe72dfd75c70070c
S75960940,01-09-2024 00:00:00,0.72,01-09-2024 00:00:00,,2001,2650,20012207843065,27111001182650,354166919049,01-09-2024 00:00:00,ac2f3d5a982ccc3e9dbaade2
S75960940,01-09-2024 00:00:00,562.39,01-09-2024 00:00:00,,2001,2650,20012207843065,27111001182650,694964487669,01-09-2024 00:00:00,ebabe074e7848ecfadb79d4c
S75960940,01-09-2024 00:00:00,4.37,01-09-2024 00:00:00,,2001,2650,20012207843065,27111001182650,583044944332,01-09-2024 00:00:00,ffd37eafce231e3ed620dbcb
S75960940,01-09-2024 00:00:00,822.26,01-09-2024 00:00:00,,2001,2650,20012207843065,27111001182650,058371583136,01-09-2024 00:00:00,bbfed01fe03cbfff39afd0ca
S75960940,01-09-2024 00:00:00,311.44,01-09-2024 00:00:00,,2001,2650,20012207843065,27111001182650,331341156068,01-09-2024 00:00:00,fcbc8582fffcee35b0e18216
S75960940,01-09-2024 00:00:00,527.66,01-09-2024 00:00:00,,2001,2650,20012207843065,27111001182650,217886024957,01-09-2024 00:00:00,413ba4dae28a6d595cc36f5a
S75960940,01-09-2024 00:00:00,723.92,01-09-2024 00:00:00,,2001,2650,20012207843065,27111001182650,127155921812,01-09-2024 00:00:00,6908c87b8a50a860fa5f05fe
S75960940,01-09-2024 00:00:00,955.73,01-09-2024 00:00:00,,2001,2650,20012207843065,27111001182650,537089377062,01-09-2024 00:00:00,131ebce5f744eabd9ae1ceb1
S75960940,01-09-2024 00:00:00,588.59,01-09-2024 00:00:00,,2001,2650,20012207843065,27111001182650,584537811365,01-09-2024 00:00:00,ebe047dfb0e7547a0ced7c2d
S75960940,01-09-2024 00:00:00,335.97,01-09-2024 00:00:00,,2001,2650,20012207843065,27111001182650,843193080175,01-09-2024 00:00:00,f631d0a525a66941c47e3eea
S75960940,01-09-2024 00:00:00,257.70,01-09-2024 00:00:00,,2001,2650,20012207843065,27111001182650,656258808121,01-09-2024 00:00:00,1a8f58acae963c734e3ba6dc
S75960940,01-09-2024 00:00:00,921.62,01-09-2024 00:00:00,,2001,2650,20012207843065,27111001182650,894249018886,01-09-2024 00:00:00,cee4ca2abcf1bd24f2ad2acb
S75960940,01-09-2024 00:00:00,545.49,01-09-2024 00:00:00,,2001,2650,20012207843065,27111001182650,811123187312,01-09-2024 00:00:00,ee9d7c6a2b379f4964d11e8f
S75960940,01-09-2024 00:00:00,661.80,01-09-2024 00:00:00,,2001,2650,20012207843065,27111001182650,502199807529,01-09-2024 00:00:00,1af8becc502b0cbbcfcaa8be
S75960940,01-09-2024 00:00:00,441.55,01-09-2024 00:00:00,,2001,2650,20012207843065,27111001182650,643531709061,01-09-2024 00:00:00,cacefdad9b53066cfadea2e1
S75960940,01-09-2024 00:00:00,296.41,01-09-2024 00:00:00,,2001,2650,20012207843065,27111001182650,254384328417,01-09-2024 00:00:00,5e0576da5f7dda565ff4b8af
S75960940,01-09-2024 00:00:00,787.60,01-09-2024 00:00:00,,2001,2650,20012207843065,27111001182650,887242258076,01-09-2024 00:00:00,7ec7c26341e9c5c84f7164de
S75960940,01-09-2024 00:00:00,828.73,01-09-2024 00:00:00,,2001,2650,20012207843065,27111001182650,178765122385,01-09-2024 00:00:00,eaeeebf1a808a35a1c4c3e14
S75960940,01-09-2024 00:00:00,405.49,01-09-2024 00:00:00,,2001,2650,20012207843065,27111001182650,959097745270,01-09-2024 00:00:00,d3a04c86d7b6b7811db539a5
S75960940,01-09-2024 00:00:00,765.24,01-09-2024 00:00:00,,2001,2650,20012207843065,27111001182650,514078127389,01-09-2024 00:00:00,d6b2ab91e96aadd3bbfb90ae
S75960940,01-09-2024 00:00:00,884.70,01-09-2024 00:00:00,,2001,2650,20012207843065,27111001182650,607514346045,01-09-2024 00:00:00,eaaa4f749e6dcafaebaabb00
S75960940,01-09-2024 00:00:00,16.41,01-09-2024 00:00:00,,2001,2650,20012207843065,27111001182650,667883207348,01-09-2024 00:00:00,beffac8b021be8cedeac4def
S75960940,01-09-2024 00:00:00,485.45,01-09-2024 00:00:00,,2001,2650,20012207843065,27111001182650,240677090996,01-09-2024 00:00:00,66c22f47b5f9dbea0f24e2dd
S75960940,01-09-2024 00:00:00,108.49,01-09-2024 00:00:00,,2001,2650,20012207843065,27111001182650,061865579223,01-09-2024 00:00:00,ff61c4a2753ad70e42cb9b2f
S75960940,01-09-2024 00:00:00,536.09,01-09-2024 00:00:00,,2001,2650,20012207843065,27111001182650,942663135008,01-09-2024 00:00:00,8234db79cccab9ab9a7d56ad
S75960940,01-09-2024 00:00:00,127.03,01-09-2024 00:00:00,,2001,2650,20012207843065,27111001182650,514338910816,01-09-2024 00:00:00,ce5de6308a62474d1af8d3ae
S75960940,01-09-2024 00:00:00,258.74,01-09-2024 00:00:00,,2001,2650,20012207843065,27111001182650,466371188232,01-09-2024 00:00:00,dd3bfaef3c5dc7a9c5baefce
S75960940,01-09-2024 00:00:00,526.03,01-09-2024 00:00:00,,2001,2650,20012207843065,27111001182650,692652555255,01-09-2024 00:00:00,c408fd1fc848c1fbc49dd8b8
S75960940,01-09-2024 00:00:00,501.18,01-09-2024 00:00:00,,2001,2650,20012207843065,27111001182650,564901160992,01-09-2024 00:00:00,658e0e204e1e66ee4ff3ff8a
S75960940,01-09-2024 00:00:00,736.75,01-09-2024 00:00:00,,2001,2650,20012207843065,27111001182650,192465128781,01-09-2024 00:00:00,7811fb7debf1ffba809ce3e3
S75960940,01-09-2024 00:00:00,50.37,01-09-2024 00:00:00,,2001,2650,20012207843065,27111001182650,434804071331,01-09-2024 00:00:00,abffd8fef0e71b165a305abb
S75960940,01-09-2024 00:00:00,392.60,01-09-2024 00:00:00,,2001,2650,20012207843065,27111001182650,379192290449,01-09-2024 00:00:00,db6ad9ff4ab7ec8241d90153
S75960940,01-09-2024 00:00:00,249.00,01-09-2024 00:00:00,,2001,2650,20012207843065,27111001182650,198723316974,01-09-2024 00:00:00,23d27801ecadfa2dabdbab41
S75960940,01-09-2024 00:00:00,132.04,01-09-2024 00:00:00,,2001,2650,20012207843065,27111001182650,649605816101,01-09-2024 00:00:00,cb77e0e8a006c8e835ebb3d6
S75960940,01-09-2024 00:00:00,129.52,01-09-2024 00:00:00,,2001,2650,20012207843065,27111001182650,267643744722,01-09-2024 00:00:00,2ebc2e093c1e7b6d20edb58a
S75960940,01-09-2024 00:00:00,729.42,01-09-2024 00:00:00,,2001,2650,20012207843065,27111001182650,778612462025,01-09-2024 00:00:00,248deabec568ee6f7f24ae95
S75960940,01-09-2024 00:00:00,2.69,01-09-2024 00:00:00,,2001,2650,20012207843065,27111001182650,700258096609,01-09-2024 00:00:00,fbb4b5dec77e6aedfc4b2e33
S75960940,01-09-2024 00:00:00,164.13,01-09-2024 00:00:00,,2001,2650,20012207843065,27111001182650,322124957586,01-09-2024 00:00:00,3af6a54dfbf40ca799ccdd5f
S75960940,01-09-2024 00:00:00,245.15,01-09-2024 00:00:00,,2001,2650,20012207843065,27111001182650,233029506281,01-09-2024 00:00:00,69eb1cca11c73da1cca05fba
S75960940,01-09-2024 00:00:00,550.03,01-09-2024 00:00:00,,2001,2650,20012207843065,27111001182650,764581441564,01-09-2024 00:00:00,c71eaffae6a8adfeb2dd0483
S75960940,01-09-2024 00:00:00,981.42,01-09-2024 00:00:00,,2001,2650,20012207843065,27111001182650,078518054945,01-09-2024 00:00:00,fa76f5abefdc9a2eaa0cbfe2
S75960940,01-09-2024 00:00:00,733.64,01-09-2024 00:00:00,,2001,2650,20012207843065,27111001182650,945458858754,01-09-2024 00:00:00,4dca1ae01f0f99cbdffb014b
S75960940,01-09-2024 00:00:00,721.93,01-09-2024 00:00:00,,2001,2650,20012207843065,27111001182650,402014351669,01-09-2024 00:00:00,bad1bbfcac07eee52dd0364c
S75960940,01-09-2024 00:00:00,752.58,01-09-2024 00:00:00,,2001,2650,20012207843065,27111001182650,875636250746,01-09-2024 00:00:00,d84cefddf5befdfb83d6c732
S75960940,01-09-2024 00:00:00,334.93,01-09-2024 00:00:00,,2001,2650,20012207843065,27111001182650,851801988092,01-09-2024 00:00:00,6c3f691a9a1bc7fececcdae6
S75960940,01-09-2024 00:00:00,528.27,01-09-2024 00:00:00,,2001,2650,20012207843065,27111001182650,703421239971,01-09-2024 00:00:00,02d45ef4ffc9ca8f7d9acd7e
S75960940,01-09-2024 00:00:00,469.23,01-09-2024 00:00:00,,2001,2650,20012207843065,27111001182650,089194538926,01-09-2024 00:00:00,b42c9553102b5e6e4b15db24
S75960940,01-09-2024 00:00:00,842.77,01-09-2024 00:00:00,,2001,2650,20012207843065,27111001182650,774593418305,01-09-2024 00:00:00,bcaff3c7afea7b3ab2faac39
S75960940,01-09-2024 00:00:00,395.90,01-09-2024 00:00:00,,2001,2650,20012207843065,27111001182650,114675558836,01-09-2024 00:00:00,af285806e1f525ff6c13aa94
S75960940,01-09-2024 00:00:00,981.74,01-09-2024 00:00:00,,2001,2650,20012207843065,27111001182650,035646181204,01-09-2024 00:00:00,c72f5109aa5ac6effb3b33e1
S75960940,01-09-2024 00:00:00,341.06,01-09-2024 00:00:00,,2001,2650,20012207843065,27111001182650,803514875157,01-09-2024 00:00:00,a3ddbf5b4e80ae7dadbccbc1
S75960940,01-09-2024 00:00:00,945.93,01-09-2024 00:00:00,,2001,2650,20012207843065,27111001182650,571482449368,01-09-2024 00:00:00,b2faa67bcbccc2cea6ab9c8e
S75960940,01-09-2024 00:00:00,462.41,01-09-2024 00:00:00,,2001,2650,20012207843065,27111001182650,655209433338,01-09-2024 00:00:00,dffbe320b11cbc7a1de471ae
S75960940,01-09-2024 00:00:00,619.95,01-09-2024 00:00:00,,2001,2650,20012207843065,27111001182650,680015546874,01-09-2024 00:00:00,bd64052706c8b4ef7b4f44cf
S75960940,01-09-2024 00:00:00,401.73,01-09-2024 00:00:00,,2001,2650,20012207843065,27111001182650,800450513330,01-09-2024 00:00:00,f5a8bf3bcdbecbfaeafa126f
S75960940,01-09-2024 00:00:00,211.27,01-09-2024 00:00:00,,2001,2650,20012207843065,27111001182650,251042587603,01-09-2024 00:00:00,cfddd58491f9ceb63d9a0960
S75960940,01-09-2024 00:00:00,211.51,01-09-2024 00:00:00,,2001,2650,20012207843065,27111001182650,769779129028,01-09-2024 00:00:00,1955542b25bffefc2f88aa28
S75960940,01-09-2024 00:00:00,55.31,01-09-2024 00:00:00,,2001,2650,20012207843065,27111001182650,819084456355,01-09-2024 00:00:00,cee0cf3dc5def4c403844c89
S75960940,01-09-2024 00:00:00,952.60,01-09-2024 00:00:00,,2001,2650,20012207843065,27111001182650,195388985048,01-09-2024 00:00:00,1ce3dd8f9ed2b9c1f4d3eaf1
S75960940,01-09-2024 00:00:00,953.72,01-09-2024 00:00:00,,2001,2650,20012207843065,27111001182650,588052308882,01-09-2024 00:00:00,dafad6b00edf48f4bfdc3b8c
S75960940,01-09-2024 00:00:00,9.62,01-09-2024 00:00:00,,2001,2650,20012207843065,27111001182650,949116550204,01-09-2024 00:00:00,e2f03fdc9c35a7783fce22bf
S75960940,01-09-2024 00:00:00,818.58,01-09-2024 00:00:00,,2001,2650,20012207843065,27111001182650,848732958158,01-09-2024 00:00:00,461d7a56cfab6348ae642f5a
S75960940,01-09-2024 00:00:00,30.35,01-09-2024 00:00:00,,2001,2650,20012207843065,27111001182650,759362976724,01-09-2024 00:00:00,1ae9c6c3b044e4eead9ff1eb
S75960940,01-09-2024 00:00:00,996.91,01-09-2024 00:00:00,,2001,2650,20012207843065,27111001182650,743688131662,01-09-2024 00:00:00,2fcc93beccfac2e3d76ddebb
S75960940,01-09-2024 00:00:00,400.73,01-09-2024 00:00:00,,2001,2650,20012207843065,27111001182650,567295717893,01-09-2024 00:00:00,b85d1f0bf606a7abb2cec80e
S75960940,01-09-2024 00:00:00,446.33,01-09-2024 00:00:00,,2001,2650,20012207843065,27111001182650,470052735129,01-09-2024 00:00:00,3acc710d785ff0364c2edbf2
S75960940,01-09-2024 00:00:00,128.13,01-09-2024 00:00:00,,2001,2650,20012207843065,27111001182650,357130298430,01-09-2024 00:00:00,e5aedd4faaebca69acad5347
S75960940,01-09-2024 00:00:00,366.68,01-09-2024 00:00:00,,2001,2650,20012207843065,27111001182650,129974742628,01-09-2024 00:00:00,1add129cdcedf3baaffaeb0c
S75960940,01-09-2024 00:00:00,306.14,01-09-2024 00:00:00,,2001,2650,20012207843065,27111001182650,435971170183,01-09-2024 00:00:00,17aaedba484c2c41813f5187
S75960940,01-09-2024 00:00:00,859.61,01-09-2024 00:00:00,,2001,2650,20012207843065,27111001182650,482111264926,01-09-2024 00:00:00,11bca08f9dab8fcade81fadc
S75960940,01-09-2024 00:00:00,862.40,01-09-2024 00:00:00,,2001,2650,20012207843065,27111001182650,095099043765,01-09-2024 00:00:00,becbbdbffb361f297debbbce
S75960940,01-09-2024 00:00:00,577.73,01-09-2024 00:00:00,,2001,2650,20012207843065,27111001182650,549949931994,01-09-2024 00:00:00,1edc1ddc40aabdff2ed7b25b
S75960940,01-09-2024 00:00:00,55.10,01-09-2024 00:00:00,,2001,2650,20012207843065,27111001182650,449149542566,01-09-2024 00:00:00,af3a292cef0e9f5fb4aaccee
S75960940,01-09-2024 00:00:00,599.80,01-09-2024 00:00:00,,2001,2650,20012207843065,27111001182650,600008173233,01-09-2024 00:00:00,eedd7dec40eaee6e7acccfd1
S75960940,01-09-2024 00:00:00,408.97,01-09-2024 00:00:00,,2001,2650,20012207843065,27111001182650,884219331732,01-09-2024 00:00:00,cce0103b75642d18a2d2aa69
S75960940,01-09-2024 00:00:00,537.63,01-09-2024 00:00:00,,2001,2650,20012207843065,27111001182650,425470145477,01-09-2024 00:00:00,2df41baff04509afaeecaedf
S75960940,01-09-2024 00:00:00,181.03,01-09-2024 00:00:00,,2001,2650,20012207843065,27111001182650,146260737414,01-09-2024 00:00:00,d34e99864da2ab9bedbee2b8
S75960940,01-09-2024 00:00:00,665.25,01-09-2024 00:00:00,,2001,2650,20012207843065,27111001182650,325461349005,01-09-2024 00:00:00,bbffeb037d0ed3c5b8acde7d
S75960940,01-09-2024 00:00:00,726.57,01-09-2024 00:00:00,,2001,2650,20012207843065,27111001182650,136313659182,01-09-2024 00:00:00,efafe9f18f1ee075ce8fdef0
S75960940,01-09-2024 00:00:00,738.08,01-09-2024 00:00:00,,2001,2650,20012207843065,27111001182650,385021371790,01-09-2024 00:00:00,99e3a4ac75df39ef628d3aea
S75960940,01-09-2024 00:00:00,88.90,01-09-2024 00:00:00,,2001,2650,20012207843065,27111001182650,446278210983,01-09-2024 00:00:00,dfcc96eeeeb9f03bf6efabbc
S75960940,01-09-2024 00:00:00,913.59,01-09-2024 00:00:00,,2001,2650,20012207843065,27111001182650,032014696276,01-09-2024 00:00:00,8acb57a53d5c8c8bfc8cefb2
S75960940,01-09-2024 00:00:00,421.26,01-09-2024 00:00:00,,2001,2650,20012207843065,27111001182650,187374773004,01-09-2024 00:00:00,9c0553752db11632be56f7fb
S75960940,01-09-2024 00:00:00,150.50,01-09-2024 00:00:00,,2001,2650,20012207843065,27111001182650,738417237869,01-09-2024 00:00:00,ea2280d130a57f31eded6ee6
S75960940,01-09-2024 00:00:00,545.23,01-09-2024 00:00:00,,2001,2650,20012207843065,27111001182650,331289059421,01-09-2024 00:00:00,24082cfd9e07ef2c6ac5a5cd
S75960940,01-09-2024 00:00:00,162.01,01-09-2024 00:00:00,,2001,2650,20012207843065,27111001182650,601562388408,01-09-2024 00:00:00,dfabf7fb1ada77fd2be1258d
S75960940,01-09-2024 00:00:00,355.29,01-09-2024 00:00:00,,2001,2650,20012207843065,27111001182650,459137125766,01-09-2024 00:00:00,1a86b10defc5825e0abcb6e5
S75960940,01-09-2024 00:00:00,588.61,01-09-2024 00:00:00,,2001,2650,20012207843065,27111001182650,354410130514,01-09-2024 00:00:00,e6b33b0ed4b7c30b851c08ac
S75960940,01-09-2024 00:00:00,518.39,01-09-2024 00:00:00,,2001,2650,20012207843065,27111001182650,474472367128,01-09-2024 00:00:00,1ba3eccc3ac0c96ae9bcad0f
S75960940,01-09-2024 00:00:00,658.59,01-09-2024 00:00:00,,2001,2650,20012207843065,27111001182650,854576508862,01-09-2024 00:00:00,ff3f0bd8356f257df0fa0270
S75960940,01-09-2024 00:00:00,926.63,01-09-2024 00:00:00,,2001,2650,20012207843065,27111001182650,774745788011,01-09-2024 00:00:00,d4beb82fdfcfeaada76a7cbf
S75960940,01-09-2024 00:00:00,505.63,01-09-2024 00:00:00,,2001,2650,20012207843065,27111001182650,690792920705,01-09-2024 00:00:00,e7c05a79c5b58e1bdabd0b62
S75960940,01-09-2024 00:00:00,146.37,01-09-2024 00:00:00,,2001,2650,20012207843065,27111001182650,146278447474,01-09-2024 00:00:00,cb152d304af4e49daed4dc90
S75960940,01-09-2024 00:00:00,80.53,01-09-2024 00:00:00,,2001,2650,20012207843065,27111001182650,465331035956,01-09-2024 00:00:00,ae9b8ff74e8abf6efa2ee451
S75960940,01-09-2024 00:00:00,383.10,01-09-2024 00:00:00,,2001,2650,20012207843065,27111001182650,309708985514,01-09-2024 00:00:00,d4bec623b0aecfcfdc41ec0f
S75960940,01-09-2024 00:00:00,699.72,01-09-2024 00:00:00,,2001,2650,20012207843065,27111001182650,193023275720,01-09-2024 00:00:00,ebac6d6a5d0a5c5383e12c99
S75960940,01-09-2024 00:00:00,101.42,01-09-2024 00:00:00,,2001,2650,20012207843065,27111001182650,582552346164,01-09-2024 00:00:00,91f40ccbb2fbb1fc93df57de
S75960940,01-09-2024 00:00:00,374.52,01-09-2024 00:00:00,,2001,2650,20012207843065,27111001182650,343554210459,01-09-2024 00:00:00,128b7fbc029a49dce99c2f26
S75960940,01-09-2024 00:00:00,920.76,01-09-2024 00:00:00,,2001,2650,20012207843065,27111001182650,279768585659,01-09-2024 00:00:00,62ce6faecc0c460bc93bdaba
S75960940,01-09-2024 00:00:00,943.62,01-09-2024 00:00:00,,2001,2650,20012207843065,27111001182650,106491398290,01-09-2024 00:00:00,bc3fddbab880aaffeda95feb
S75960940,01-09-2024 00:00:00,345.00,01-09-2024 00:00:00,,2001,2650,20012207843065,27111001182650,262444201459,01-09-2024 00:00:00,9b3161d05caa79c1ad883c5b
S75960940,01-09-2024 00:00:00,28.96,01-09-2024 00:00:00,,2001,2650,20012207843065,27111001182650,213262766294,01-09-2024 00:00:00,dbaa5b3da3f7d610492fbf00
S75960940,01-09-2024 00:00:00,368.08,01-09-2024 00:00:00,,2001,2650,20012207843065,27111001182650,237980299538,01-09-2024 00:00:00,a5fcf1ebf07b4ee8b25274a4
S75960940,01-09-2024 00:00:00,242.60,01-09-2024 00:00:00,,2001,2650,20012207843065,27111001182650,128286060579,01-09-2024 00:00:00,e1ac0ee6867dd1c2f86f04fb
S75960940,01-09-2024 00:00:00,557.26,01-09-2024 00:00:00,,2001,2650,20012207843065,27111001182650,221756998735,01-09-2024 00:00:00,fa41dbeea2eb6d2d3aaaddcb
S75960940,01-09-2024 00:00:00,147.91,01-09-2024 00:00:00,,2001,2650,20012207843065,27111001182650,874336569670,01-09-2024 00:00:00,2dd2af1fdd41dded143f0572
S75960940,01-09-2024 00:00:00,655.17,01-09-2024 00:00:00,,2001,2650,20012207843065,27111001182650,206172305247,01-09-2024 00:00:00,bac56f4dfe9af885dd4f83ef
S75960940,01-09-2024 00:00:00,885.94,01-09-2024 00:00:00,,2001,2650,20012207843065,27111001182650,706342822146,01-09-2024 00:00:00,5dacfeee5c4fedd2cd1bc0da
S75960940,01-09-2024 00:00:00,761.58,01-09-2024 00:00:00,,2001,2650,20012207843065,27111001182650,429750478602,01-09-2024 00:00:00,b2dacfbaff0d9a26caadbfae
S75960940,01-09-2024 00:00:00,92.98,01-09-2024 00:00:00,,2001,2650,20012207843065,27111001182650,996836323274,01-09-2024 00:00:00,efe9b1a9a44ba00efca5962a
S75960940,01-09-2024 00:00:00,407.15,01-09-2024 00:00:00,,2001,2650,20012207843065,27111001182650,347659352268,01-09-2024 00:00:00,c2fcbfff20257bfedfaca59d
S75960940,01-09-2024 00:00:00,336.05,01-09-2024 00:00:00,,2001,2650,20012207843065,27111001182650,875051044568,01-09-2024 00:00:00,3c330371ed6cefe442e11763
S75960940,01-09-2024 00:00:00,512.18,01-09-2024 00:00:00,,2001,2650,20012207843065,27111001182650,967224181705,01-09-2024 00:00:00,fbbbea33a64d2f0f9faf1187
S75960940,01-09-2024 00:00:00,336.24,01-09-2024 00:00:00,,2001,2650,20012207843065,27111001182650,385213531962,01-09-2024 00:00:00,d6d1bfd5ecec3aab71bb23f8
S75960940,01-09-2024 00:00:00,285.97,01-09-2024 00:00:00,,2001,2650,20012207843065,27111001182650,377553747389,01-09-2024 00:00:00,cf4aea87e855af987a0f2ddb
S75960940,01-09-2024 00:00:00,771.59,01-09-2024 00:00:00,,2001,2650,20012207843065,27111001182650,738922835496,01-09-2024 00:00:00,b9e95faf61acb3fca91be85b
S75960940,01-09-2024 00:00:00,488.06,01-09-2024 00:00:00,,2001,2650,20012207843065,27111001182650,168149923206,01-09-2024 00:00:00,f67ead8b553e4fd0d58ffcd5
S75960940,01-09-2024 00:00:00,455.41,01-09-2024 00:00:00,,2001,2650,20012207843065,27111001182650,720399255118,01-09-2024 00:00:00,ddd1c882d8d6e60d31ff63cb
S75960940,01-09-2024 00:00:00,624.51,01-09-2024 00:00:00,,2001,2650,20012207843065,27111001182650,119272377870,01-09-2024 00:00:00,b5bbb7b7bff52edbd6ae63cb
S75960940,01-09-2024 00:00:00,140.66,01-09-2024 00:00:00,,2001,2650,20012207843065,27111001182650,800193202759,01-09-2024 00:00:00,42b6f722e3d0d5a09accc92c
S75960940,01-09-2024 00:00:00,562.47,01-09-2024 00:00:00,,2001,2650,20012207843065,27111001182650,439970882882,01-09-2024 00:00:00,f08bdff4dcd8f41c42efb5dc
S75960940,01-09-2024 00:00:00,405.96,01-09-2024 00:00:00,,2001,2650,20012207843065,27111001182650,541353533438,01-09-2024 00:00:00,616a29efaf4acabfef04af2d
S75960940,01-09-2024 00:00:00,633.65,01-09-2024 00:00:00,,2001,2650,20012207843065,27111001182650,823819393132,01-09-2024 00:00:00,b9dfb23acefd83a2990d3c00
S75960940,01-09-2024 00:00:00,11.73,01-09-2024 00:00:00,,2001,2650,20012207843065,27111001182650,704491776041,01-09-2024 00:00:00,f6dbbdcd2576bbfa6eab79f5
S75960940,01-09-2024 00:00:00,763.35,01-09-2024 00:00:00,,2001,2650,20012207843065,27111001182650,189956530922,01-09-2024 00:00:00,ad8d314effa7cdcead7ffb0f
S75960940,01-09-2024 00:00:00,752.72,01-09-2024 00:00:00,,2001,2650,20012207843065,27111001182650,642153435754,01-09-2024 00:00:00,ee3d716faebb44329dceff6a
S75960940,01-09-2024 00:00:00,38.48,01-09-2024 00:00:00,,2001,2650,20012207843065,27111001182650,421747771376,01-09-2024 00:00:00,ce5b5627214c9bc765c1eb47
S75960940,01-09-2024 00:00:00,614.64,01-09-2024 00:00:00,,2001,2650,20012207843065,27111001182650,183010815372,01-09-2024 00:00:00,e8be03d1a0985a7b5c8780d2
S75960940,01-09-2024 00:00:00,343.76,01-09-2024 00:00:00,,2001,2650,20012207843065,27111001182650,410403189715,01-09-2024 00:00:00,aa2dabf3e2df46091d4b2744
S75960940,01-09-2024 00:00:00,850.47,01-09-2024 00:00:00,,2001,2650,20012207843065,27111001182650,938239941355,01-09-2024 00:00:00,ebf34b61c3ecb4d30fdc1ac8
S75960940,01-09-2024 00:00:00,987.80,01-09-2024 00:00:00,,2001,2650,20012207843065,27111001182650,078987357244,01-09-2024 00:00:00,6d92c8f4f4fe7a23c69e5a4c
S75960940,01-09-2024 00:00:00,952.83,01-09-2024 00:00:00,,2001,2650,20012207843065,27111001182650,356277572116,01-09-2024 00:00:00,d64d6e8eacea14caf92a1ee7
S75960940,01-09-2024 00:00:00,537.55,01-09-2024 00:00:00,,2001,2650,20012207843065,27111001182650,903981926402,01-09-2024 00:00:00,34030cc34cfde9ec83daad85
S75960940,01-09-2024 00:00:00,137.43,01-09-2024 00:00:00,,2001,2650,20012207843065,27111001182650,310112715875,01-09-2024 00:00:00,dfcbb7a6f58abd3dc3c6add2
S75960940,01-09-2024 00:00:00,203.47,01-09-2024 00:00:00,,2001,2650,20012207843065,27111001182650,889066361134,01-09-2024 00:00:00,80adadd6b3ef2cc1a8cd8d97
S75960940,01-09-2024 00:00:00,940.91,01-09-2024 00:00:00,,2001,2650,20012207843065,27111001182650,292895027226,01-09-2024 00:00:00,9d2b6c78f1fb3cacde5dd32e
S75960940,01-09-2024 00:00:00,324.38,01-09-2024 00:00:00,,2001,2650,20012207843065,27111001182650,328680140049,01-09-2024 00:00:00,e4fe8fbf2a6eec78dd77a20a
S75960940,01-09-2024 00:00:00,835.82,01-09-2024 00:00:00,,2001,2650,20012207843065,27111001182650,310155874281,01-09-2024 00:00:00,6aec2fa8213cca20cbb731ff
S75960940,01-09-2024 00:00:00,776.56,01-09-2024 00:00:00,,2001,2650,20012207843065,27111001182650,126341582014,01-09-2024 00:00:00,c32da4cb0fd351822bbfa6e3
S75960940,01-09-2024 00:00:00,726.08,01-09-2024 00:00:00,,2001,2650,20012207843065,27111001182650,174011374173,01-09-2024 00:00:00,1fb4a6fecb6af9cdefa1de5a
S75960940,01-09-2024 00:00:00,560.89,01-09-2024 00:00:00,,2001,2650,20012207843065,27111001182650,934030585113,01-09-2024 00:00:00,43cada34ecfa3c3c737ea343
S75960940,01-09-2024 00:00:00,702.25,01-09-2024 00:00:00,,2001,2650,20012207843065,27111001182650,251984944276,01-09-2024 00:00:00,c4fea2a4a8ae8ee84ac2aadd
S75960940,01-09-2024 00:00:00,109.38,01-09-2024 00:00:00,,2001,2650,20012207843065,27111001182650,366601035634,01-09-2024 00:00:00,afdcbf0f057deddd0714f8fe
S75960940,01-09-2024 00:00:00,781.16,01-09-2024 00:00:00,,2001,2650,20012207843065,27111001182650,622203594626,01-09-2024 00:00:00,aff7899cec87844f7d05fd9d
S75960940,01-09-2024 00:00:00,518.07,01-09-2024 00:00:00,,2001,2650,20012207843065,27111001182650,286678463739,01-09-2024 00:00:00,0625e4eff9eff47a1fc80cf7
S75960940,01-09-2024 00:00:00,670.70,01-09-2024 00:00:00,,2001,2650,20012207843065,27111001182650,991603805685,01-09-2024 00:00:00,2b9dd6bfb674e93f4ef4c6bb
S75960940,01-09-2024 00:00:00,179.28,01-09-2024 00:00:00,,2001,2650,20012207843065,27111001182650,178715964188,01-09-2024 00:00:00,24a1d8cb758223c0ced6cc7d
S75960940,01-09-2024 00:00:00,768.05,01-09-2024 00:00:00,,2001,2650,20012207843065,27111001182650,217211949584,01-09-2024 00:00:00,f5ea91a9edbaecab1bec24cb
S75960940,01-09-2024 00:00:00,967.04,01-09-2024 00:00:00,,2001,2650,20012207843065,27111001182650,876360387134,01-09-2024 00:00:00,d6de40606cddff205a7cbd4b
S75960940,01-09-2024 00:00:00,89.69,01-09-2024 00:00:00,,2001,2650,20012207843065,27111001182650,846628625087,01-09-2024 00:00:00,743cda0aedc54764a0a3fbfa
S75960940,01-09-2024 00:00:00,847.61,01-09-2024 00:00:00,,2001,2650,20012207843065,27111001182650,856726255588,01-09-2024 00:00:00,7af61f0669cb80f248ef1fbe
S75960940,01-09-2024 00:00:00,280.37,01-09-2024 00:00:00,,2001,2650,20012207843065,27111001182650,961059472002,01-09-2024 00:00:00,ddee8a331d523c30ccc1ed3a
S75960940,01-09-2024 00:00:00,450.87,01-09-2024 00:00:00,,2001,2650,20012207843065,27111001182650,647798732077,01-09-2024 00:00:00,f79aa4847e28fb460a94c63c
S75960940,01-09-2024 00:00:00,602.67,01-09-2024 00:00:00,,2001,2650,20012207843065,27111001182650,719030225915,01-09-2024 00:00:00,9b6094cd0d9cb5aff42edc45
S75960940,01-09-2024 00:00:00,17.26,01-09-2024 00:00:00,,2001,2650,20012207843065,27111001182650,261747122671,01-09-2024 00:00:00,049039a6fa3d4ea4fb215eab
S75960940,01-09-2024 00:00:00,869.33,01-09-2024 00:00:00,,2001,2650,20012207843065,27111001182650,954767276102,01-09-2024 00:00:00,b6c773b6fa9e018dd3caf503
S75960940,01-09-2024 00:00:00,983.49,01-09-2024 00:00:00,,2001,2650,20012207843065,27111001182650,673420490162,01-09-2024 00:00:00,b2700beff1b489f48f0f4c61
S75960940,01-09-2024 00:00:00,644.01,01-09-2024 00:00:00,,2001,2650,20012207843065,27111001182650,091211287516,01-09-2024 00:00:00,d3da0c2d17decba9bdd45afd
S75960940,01-09-2024 00:00:00,449.64,01-09-2024 00:00:00,,2001,2650,20012207843065,27111001182650,116684898616,01-09-2024 00:00:00,ef6cefedde56a00588b5c015
S75960940,01-09-2024 00:00:00,428.08,01-09-2024 00:00:00,,2001,2650,20012207843065,27111001182650,948355484639,01-09-2024 00:00:00,6dd8ccf4aa73c2bbdcc2c1a1
S75960940,01-09-2024 00:00:00,334.50,01-09-2024 00:00:00,,2001,2650,20012207843065,27111001182650,201359224431,01-09-2024 00:00:00,34dacba4e4b3ec7aaf33ad6a
S75960940,01-09-2024 00:00:00,328.52,01-09-2024 00:00:00,,2001,2650,20012207843065,27111001182650,551041984473,01-09-2024 00:00:00,8bfeb7ab0ffccfbf4aeee54f
S75960940,01-09-2024 00:00:00,599.05,01-09-2024 00:00:00,,2001,2650,20012207843065,27111001182650,050888117863,01-09-2024 00:00:00,bb9299b10f5fcee4a9fdeeba
S75960940,01-09-2024 00:00:00,880.91,01-09-2024 00:00:00,,2001,2650,20012207843065,27111001182650,492153033265,01-09-2024 00:00:00,5cd6803f7b2cbd7f15a0c21f
S75960940,01-09-2024 00:00:00,823.50,01-09-2024 00:00:00,,2001,2650,20012207843065,27111001182650,546445101238,01-09-2024 00:00:00,fc5aaaeeead55d522eb4cfa5
S75960940,01-09-2024 00:00:00,487.07,01-09-2024 00:00:00,,2001,2650,20012207843065,27111001182650,938148234947,01-09-2024 00:00:00,6ed8b8a9decc4daed6d1fb2c
S75960940,01-09-2024 00:00:00,81.68,01-09-2024 00:00:00,,2001,2650,20012207843065,27111001182650,961131105705,01-09-2024 00:00:00,02765a0f3fb27c8dafa1c77f
S75960940,01-09-2024 00:00:00,658.88,01-09-2024 00:00:00,,2001,2650,20012207843065,27111001182650,143132079520,01-09-2024 00:00:00,43e5a1737d8f2e06befe0077
S75960940,01-09-2024 00:00:00,149.57,01-09-2024 00:00:00,,2001,2650,20012207843065,27111001182650,950840172302,01-09-2024 00:00:00,eddddf381cb9c34bfd9b59ac
S75960940,01-09-2024 00:00:00,69.87,01-09-2024 00:00:00,,2001,2650,20012207843065,27111001182650,641627805456,01-09-2024 00:00:00,65f4982aca05347a3862d502
S75960940,01-09-2024 00:00:00,429.69,01-09-2024 00:00:00,,2001,2650,20012207843065,27111001182650,438309108941,01-09-2024 00:00:00,a7e979ad6b6b2fbfacbd0fe6
S75960940,01-09-2024 00:00:00,920.77,01-09-2024 00:00:00,,2001,2650,20012207843065,27111001182650,452604000263,01-09-2024 00:00:00,b40dcc63bd8d9b93fa3bb20e
S75960940,01-09-2024 00:00:00,18.70,01-09-2024 00:00:00,,2001,2650,20012207843065,27111001182650,986167220390,01-09-2024 00:00:00,c5581efb2e1bb17a62d4b3cd
S75960940,01-09-2024 00:00:00,570.24,01-09-2024 00:00:00,,2001,2650,20012207843065,27111001182650,555521959639,01-09-2024 00:00:00,12cd9ecdf3a8ac6dd62f719b
S75960940,01-09-2024 00:00:00,401.35,01-09-2024 00:00:00,,2001,2650,20012207843065,27111001182650,284267152752,01-09-2024 00:00:00,e429babfa473bb538b70a4db
S75960940,01-09-2024 00:00:00,939.22,01-09-2024 00:00:00,,2001,2650,20012207843065,27111001182650,439161343693,01-09-2024 00:00:00,9a4faf89be1c9e74906a66cc
S75960940,01-09-2024 00:00:00,385.23,01-09-2024 00:00:00,,2001,2650,20012207843065,27111001182650,739991756435,01-09-2024 00:00:00,c653fb389b951cdda5d2bfbd
S75960940,01-09-2024 00:00:00,826.48,01-09-2024 00:00:00,,2001,2650,20012207843065,27111001182650,662184954965,01-09-2024 00:00:00,5bba534cc9db4b2c8b83c8ca
S75960940,01-09-2024 00:00:00,616.00,01-09-2024 00:00:00,,2001,2650,20012207843065,27111001182650,881552613952,01-09-2024 00:00:00,248d809dea642893ac56a85a
S75960940,01-09-2024 00:00:00,766.18,01-09-2024 00:00:00,,2001,2650,20012207843065,27111001182650,579436437674,01-09-2024 00:00:00,2cf1cbe4c4ecce93bd6ee0ac
S75960940,01-09-2024 00:00:00,925.50,01-09-2024 00:00:00,,2001,2650,20012207843065,27111001182650,328562696531,01-09-2024 00:00:00,dee83db444ccd5ce0b52de88
S75960940,01-09-2024 00:00:00,905.65,01-09-2024 00:00:00,,2001,2650,20012207843065,27111001182650,740013291333,01-09-2024 00:00:00,23bef4ed0eaca2ca18545909
S75960940,01-09-2024 00:00:00,281.69,01-09-2024 00:00:00,,2001,2650,20012207843065,27111001182650,036349103086,01-09-2024 00:00:00,cd4be396db45c31a1a113dc3
S75960940,01-09-2024 00:00:00,964.25,01-09-2024 00:00:00,,2001,2650,20012207843065,27111001182650,541543344532,01-09-2024 00:00:00,52df05d103197fb67c792be7
S75960940,01-09-2024 00:00:00,767.56,01-09-2024 00:00:00,,2001,2650,20012207843065,27111001182650,850942092256,01-09-2024 00:00:00,dea9bff9a4a8bcabeb60a5f9
S75960940,01-09-2024 00:00:00,515.52,01-09-2024 00:00:00,,2001,2650,20012207843065,27111001182650,441835387988,01-09-2024 00:00:00,afa1b8c01dbb413c77a532bb
S75960940,01-09-2024 00:00:00,536.72,01-09-2024 00:00:00,,2001,2650,20012207843065,27111001182650,616061555172,01-09-2024 00:00:00,987ae41cabc615319e3e5fea
S75960940,01-09-2024 00:00:00,419.60,01-09-2024 00:00:00,,2001,2650,20012207843065,27111001182650,620039233122,01-09-2024 00:00:00,fb02c9e2cdb1b4dacfdda31e
S75960940,01-09-2024 00:00:00,333.31,01-09-2024 00:00:00,,2001,2650,20012207843065,27111001182650,632429615362,01-09-2024 00:00:00,e1afd011bbcceeef5791cb5d
S75960940,01-09-2024 00:00:00,766.80,01-09-2024 00:00:00,,2001,2650,20012207843065,27111001182650,200815846783,01-09-2024 00:00:00,f408b72e710ad94a1f9fdafa
S75960940,01-09-2024 00:00:00,453.60,01-09-2024 00:00:00,,2001,2650,20012207843065,27111001182650,254599603860,01-09-2024 00:00:00,8eb5ffcf550ef1dd5bf4ce8d
S75960940,01-09-2024 00:00:00,863.95,01-09-2024 00:00:00,,2001,2650,20012207843065,27111001182650,184111483501,01-09-2024 00:00:00,c00d805b33ccfd41e10c5a37
S75960940,01-09-2024 00:00:00,584.56,01-09-2024 00:00:00,,2001,2650,20012207843065,27111001182650,942345074850,01-09-2024 00:00:00,7755effd1af01d93c7bcecaa
S75960940,01-09-2024 00:00:00,67.73,01-09-2024 00:00:00,,2001,2650,20012207843065,27111001182650,912182221045,01-09-2024 00:00:00,b3db8ebc4c4d11f2bc91b78e
S75960940,01-09-2024 00:00:00,296.02,01-09-2024 00:00:00,,2001,2650,20012207843065,27111001182650,865160026283,01-09-2024 00:00:00,2d6acecfacb9de1de3ebf3fd
S75960940,01-09-2024 00:00:00,677.70,01-09-2024 00:00:00,,2001,2650,20012207843065,27111001182650,415903362704,01-09-2024 00:00:00,accf8722cdff5e427d4092f3
S75960940,01-09-2024 00:00:00,322.39,01-09-2024 00:00:00,,2001,2650,20012207843065,27111001182650,378694557005,01-09-2024 00:00:00,ad0a257ef2a6e4357da2dd9c
S75960940,01-09-2024 00:00:00,523.41,01-09-2024 00:00:00,,2001,2650,20012207843065,27111001182650,970453976776,01-09-2024 00:00:00,fbe45bf505669c82ce6df49d
S75960940,01-09-2024 00:00:00,378.11,01-09-2024 00:00:00,,2001,2650,20012207843065,27111001182650,428339949958,01-09-2024 00:00:00,0f3b8fab21eee2d8cbcb8f04
S75960940,01-09-2024 00:00:00,186.91,01-09-2024 00:00:00,,2001,2650,20012207843065,27111001182650,895962585337,01-09-2024 00:00:00,ecfcdbc8af7a6abfacc4862b
S75960940,01-09-2024 00:00:00,967.21,01-09-2024 00:00:00,,2001,2650,20012207843065,27111001182650,635092884106,01-09-2024 00:00:00,aa9695d80fbc161212e86f90
S75960940,01-09-2024 00:00:00,164.81,01-09-2024 00:00:00,,2001,2650,20012207843065,27111001182650,873492474495,01-09-2024 00:00:00,da4fe7646daa10eb95cb3dca
S75960940,01-09-2024 00:00:00,585.98,01-09-2024 00:00:00,,2001,2650,20012207843065,27111001182650,108706167482,01-09-2024 00:00:00,cba6c6c8ba4bfdafdc09ba71
S75960940,01-09-2024 00:00:00,62.44,01-09-2024 00:00:00,,2001,2650,20012207843065,27111001182650,032216486196,01-09-2024 00:00:00,c6f1406bab61fce3e3d1fd9b
S75960940,01-09-2024 00:00:00,177.18,01-09-2024 00:00:00,,2001,2650,20012207843065,27111001182650,294491616128,01-09-2024 00:00:00,b54e0fbfcef2d54c9bd21aeb
S75960940,01-09-2024 00:00:00,95.43,01-09-2024 00:00:00,,2001,2650,20012207843065,27111001182650,066382857995,01-09-2024 00:00:00,a15c3aaf83afcbcc14829f1d
S75960940,01-09-2024 00:00:00,793.81,01-09-2024 00:00:00,,2001,2650,20012207843065,27111001182650,765554701597,01-09-2024 00:00:00,c16802673dfdf99423370549
S75960940,01-09-2024 00:00:00,745.90,01-09-2024 00:00:00,,2001,2650,20012207843065,27111001182650,179971426036,01-09-2024 00:00:00,a20210de6f580f73af330be4
S75960940,01-09-2024 00:00:00,740.99,01-09-2024 00:00:00,,2001,2650,20012207843065,27111001182650,205447865896,01-09-2024 00:00:00,c47ce719e72a1fec12309efe
S75960940,01-09-2024 00:00:00,836.47,01-09-2024 00:00:00,,2001,2650,20012207843065,27111001182650,866677452899,01-09-2024 00:00:00,ffc42cace418d0b4b3dce3e5
S75960940,01-09-2024 00:00:00,139.59,01-09-2024 00:00:00,,2001,2650,20012207843065,27111001182650,074689046885,01-09-2024 00:00:00,58b3ae05f68acd207fde4a2d
S75960940,01-09-2024 00:00:00,692.69,01-09-2024 00:00:00,,2001,2650,20012207843065,27111001182650,932476907374,01-09-2024 00:00:00,d6c51ecfab991cf6605ee2e6
S75960940,01-09-2024 00:00:00,244.52,01-09-2024 00:00:00,,2001,2650,20012207843065,27111001182650,811577139318,01-09-2024 00:00:00,61a38c51bad3cadcb0b5f6ad
S75960940,01-09-2024 00:00:00,542.49,01-09-2024 00:00:00,,2001,2650,20012207843065,27111001182650,354239925364,01-09-2024 00:00:00,a5ebd5e0b4efab5b0baf1e4c
S75960940,01-09-2024 00:00:00,821.57,01-09-2024 00:00:00,,2001,2650,20012207843065,27111001182650,308763387403,01-09-2024 00:00:00,bda4ec6cda7b3430fff80dca
S75960940,01-09-2024 00:00:00,161.70,01-09-2024 00:00:00,,2001,2650,20012207843065,27111001182650,241272127093,01-09-2024 00:00:00,310c3fac5cad71bafa5eec1d
S75960940,01-09-2024 00:00:00,717.90,01-09-2024 00:00:00,,2001,2650,20012207843065,27111001182650,055450046002,01-09-2024 00:00:00,83afbc2f5388ed489ea6d30f
S75960940,01-09-2024 00:00:00,580.32,01-09-2024 00:00:00,,2001,2650,20012207843065,27111001182650,146497427181,01-09-2024 00:00:00,dd3e0fea8eae003bebab8ffc
S75960940,01-09-2024 00:00:00,185.65,01-09-2024 00:00:00,,2001,2650,20012207843065,27111001182650,210775663106,01-09-2024 00:00:00,74470d0226c6bb386ea1377c
S75960940,01-09-2024 00:00:00,83.26,01-09-2024 00:00:00,,2001,2650,20012207843065,27111001182650,586307977705,01-09-2024 00:00:00,e16d1b7d7039355f2aa97273
S75960940,01-09-2024 00:00:00,903.19,01-09-2024 00:00:00,,2001,2650,20012207843065,27111001182650,681665796962,01-09-2024 00:00:00,adfae4461aef1fee5e966ecd
S75960940,01-09-2024 00:00:00,956.58,01-09-2024 00:00:00,,2001,2650,20012207843065,27111001182650,216994673846,01-09-2024 00:00:00,9c9ec612a82e4ffbb27e056c
S75960940,01-09-2024 00:00:00,649.71,01-09-2024 00:00:00,,2001,2650,20012207843065,27111001182650,450608385056,01-09-2024 00:00:00,a127ba04ef3ffaacbd4a4acd
S75960940,01-09-2024 00:00:00,424.38,01-09-2024 00:00:00,,2001,2650,20012207843065,27111001182650,463384393863,01-09-2024 00:00:00,5f9efce1a9601bbae5bdf4ab
S75960940,01-09-2024 00:00:00,88.36,01-09-2024 00:00:00,,2001,2650,20012207843065,27111001182650,701536170213,01-09-2024 00:00:00,eaedc7c6cfd2cb93d4bb0cb9
S75960940,01-09-2024 00:00:00,669.26,01-09-2024 00:00:00,,2001,2650,20012207843065,27111001182650,117824698055,01-09-2024 00:00:00,93285adfb2b0ea77eba15e85
S75960940,01-09-2024 00:00:00,20.47,01-09-2024 00:00:00,,2001,2650,20012207843065,27111001182650,724722629121,01-09-2024 00:00:00,bdcedcc5c2edd1c5d7272465
S75960940,01-09-2024 00:00:00,709.50,01-09-2024 00:00:00,,2001,2650,20012207843065,27111001182650,848751612142,01-09-2024 00:00:00,a93d76cdd52a16c8ad6afeaa
S75960940,01-09-2024 00:00:00,806.13,01-09-2024 00:00:00,,2001,2650,20012207843065,27111001182650,977349051637,01-09-2024 00:00:00,ba1a2bccfb96c7b60acb3b8c
S75960940,01-09-2024 00:00:00,678.56,01-09-2024 00:00:00,,2001,2650,20012207843065,27111001182650,095942838969,01-09-2024 00:00:00,04ebfdd5b29efda2fd137fdd
S75960940,01-09-2024 00:00:00,574.75,01-09-2024 00:00:00,,2001,2650,20012207843065,27111001182650,528708723617,01-09-2024 00:00:00,c62edffca15dccabf1a61ff7
S75960940,01-09-2024 00:00:00,61.47,01-09-2024 00:00:00,,2001,2650,20012207843065,27111001182650,858892523775,01-09-2024 00:00:00,fcb7037dac4991a965f4cc1a
S75960940,01-09-2024 00:00:00,504.32,01-09-2024 00:00:00,,2001,2650,20012207843065,27111001182650,614860438648,01-09-2024 00:00:00,53215de5ca70fe4cdcf9a296
S75960940,01-09-2024 00:00:00,274.39,01-09-2024 00:00:00,,2001,2650,20012207843065,27111001182650,097429549534,01-09-2024 00:00:00,9659b65ffe47f9ab5ebb3d98
S75960940,01-09-2024 00:00:00,12.41,01-09-2024 00:00:00,,2001,2650,20012207843065,27111001182650,309630111138,01-09-2024 00:00:00,9f659d78ce90c85bceebdf4a
S75960940,01-09-2024 00:00:00,713.16,01-09-2024 00:00:00,,2001,2650,20012207843065,27111001182650,809361895216,01-09-2024 00:00:00,ad097e5cd7b55efc2fccc8e0
S75960940,01-09-2024 00:00:00,977.49,01-09-2024 00:00:00,,2001,2650,20012207843065,27111001182650,469118606598,01-09-2024 00:00:00,73cd29be7e002aaa9691f06e
S75960940,01-09-2024 00:00:00,612.98,01-09-2024 00:00:00,,2001,2650,20012207843065,27111001182650,428358822214,01-09-2024 00:00:00,bfe92ed1b185fa38fb390eba
S75960940,01-09-2024 00:00:00,448.18,01-09-2024 00:00:00,,2001,2650,20012207843065,27111001182650,420775399643,01-09-2024 00:00:00,e8e9bd3c1aea1f76b2bf80fd
S75960940,01-09-2024 00:00:00,899.77,01-09-2024 00:00:00,,2001,2650,20012207843065,27111001182650,509286244976,01-09-2024 00:00:00,6b6e2543ecb6a4b82daaa966
S75960940,01-09-2024 00:00:00,814.43,01-09-2024 00:00:00,,2001,2650,20012207843065,27111001182650,852247556201,01-09-2024 00:00:00,31ccddef0e8de4dde5e7fdb6
S75960940,01-09-2024 00:00:00,434.84,01-09-2024 00:00:00,,2001,2650,20012207843065,27111001182650,370909679233,01-09-2024 00:00:00,c7ba92ea25354b3eec34d578
S75960940,01-09-2024 00:00:00,546.92,01-09-2024 00:00:00,,2001,2650,20012207843065,27111001182650,417902241681,01-09-2024 00:00:00,86d5ddbd91e74ed1ffeeb478
S75960940,01-09-2024 00:00:00,693.31,01-09-2024 00:00:00,,2001,2650,20012207843065,27111001182650,018867701161,01-09-2024 00:00:00,4b3f2bb8822f8d8b6da2eacf
S75960940,01-09-2024 00:00:00,410.08,01-09-2024 00:00:00,,2001,2650,20012207843065,27111001182650,241758602946,01-09-2024 00:00:00,af080fb1afebf2400af112af
S75960940,01-09-2024 00:00:00,685.81,01-09-2024 00:00:00,,2001,2650,20012207843065,27111001182650,364901152276,01-09-2024 00:00:00,af74f8e898ea6703daa35aad
S75960940,01-09-2024 00:00:00,635.99,01-09-2024 00:00:00,,2001,2650,20012207843065,27111001182650,881603449618,01-09-2024 00:00:00,b998ea0efd9fa3f2eb2b12a8
S75960940,01-09-2024 00:00:00,426.67,01-09-2024 00:00:00,,2001,2650,20012207843065,27111001182650,792884413146,01-09-2024 00:00:00,0cffba4d30dda64f930dbd63
S75960940,01-09-2024 00:00:00,248.47,01-09-2024 00:00:00,,2001,2650,20012207843065,27111001182650,935091744664,01-09-2024 00:00:00,aa7f12c0a08e87a2eff5c013
S75960940,01-09-2024 00:00:00,937.09,01-09-2024 00:00:00,,2001,2650,20012207843065,27111001182650,622940316395,01-09-2024 00:00:00,b4dcca2cad6c304be6fcdbb1
S75960940,01-09-2024 00:00:00,216.22,01-09-2024 00:00:00,,2001,2650,20012207843065,27111001182650,824668296054,01-09-2024 00:00:00,0576a561ec73bbd0c95cb0ae
S75960940,01-09-2024 00:00:00,394.24,01-09-2024 00:00:00,,2001,2650,20012207843065,27111001182650,018689899963,01-09-2024 00:00:00,e394fdbf9c49e37c285f5fbd
S75960940,01-09-2024 00:00:00,335.64,01-09-2024 00:00:00,,2001,2650,20012207843065,27111001182650,035230692182,01-09-2024 00:00:00,e9159ee0ed370bed60ddefc4
S75960940,01-09-2024 00:00:00,888.21,01-09-2024 00:00:00,,2001,2650,20012207843065,27111001182650,923679980556,01-09-2024 00:00:00,6f1e4eeed87b1f3aba13e9e0
S75960940,01-09-2024 00:00:00,478.13,01-09-2024 00:00:00,,2001,2650,20012207843065,27111001182650,661161366176,01-09-2024 00:00:00,e6fbbffc63a3711d5b8528ed
S75960940,01-09-2024 00:00:00,866.04,01-09-2024 00:00:00,,2001,2650,20012207843065,27111001182650,282294238482,01-09-2024 00:00:00,b2e2c0524fc393a3ae171bc7
S75960940,01-09-2024 00:00:00,297.42,01-09-2024 00:00:00,,2001,2650,20012207843065,27111001182650,223822798747,01-09-2024 00:00:00,023f1cee10e878ceb1f8bdf4
S75960940,01-09-2024 00:00:00,774.26,01-09-2024 00:00:00,,2001,2650,20012207843065,27111001182650,459084392337,01-09-2024 00:00:00,fba993b1faaf334cca442fae
S75960940,01-09-2024 00:00:00,699.88,01-09-2024 00:00:00,,2001,2650,20012207843065,27111001182650,610335646063,01-09-2024 00:00:00,9c86daa8d27ad78e646e406d
S75960940,01-09-2024 00:00:00,94.76,01-09-2024 00:00:00,,2001,2650,20012207843065,27111001182650,032577584456,01-09-2024 00:00:00,add72a31dfde63ccedd89e9d
S75960940,01-09-2024 00:00:00,898.71,01-09-2024 00:00:00,,2001,2650,20012207843065,27111001182650,364620069848,01-09-2024 00:00:00,d91948b1d4927fe4b5f40bb0
S75960940,01-09-2024 00:00:00,162.90,01-09-2024 00:00:00,,2001,2650,20012207843065,27111001182650,870254510423,01-09-2024 00:00:00,750656331dbe38c7aca9646b
S75960940,01-09-2024 00:00:00,787.94,01-09-2024 00:00:00,,2001,2650,20012207843065,27111001182650,978295345184,01-09-2024 00:00:00,a3f56dda1fbff8d3edd52e3d
S75960940,01-09-2024 00:00:00,192.39,01-09-2024 00:00:00,,2001,2650,20012207843065,27111001182650,702927607791,01-09-2024 00:00:00,a97f1f20a61c92315aa8f67c
S75960940,01-09-2024 00:00:00,517.07,01-09-2024 00:00:00,,2001,2650,20012207843065,27111001182650,703850594113,01-09-2024 00:00:00,ebeace1ebb63012f3d6611dd
S75960940,01-09-2024 00:00:00,587.22,01-09-2024 00:00:00,,2001,2650,20012207843065,27111001182650,411189750783,01-09-2024 00:00:00,df51d9d7b851a60f6cda63af
S75960940,01-09-2024 00:00:00,996.18,01-09-2024 00:00:00,,2001,2650,20012207843065,27111001182650,904474345331,01-09-2024 00:00:00,7c9487b4a362c6f3cde0840b
S75960940,01-09-2024 00:00:00,821.82,01-09-2024 00:00:00,,2001,2650,20012207843065,27111001182650,844019571822,01-09-2024 00:00:00,45f430eeebdbda0a4fadd8ee
S75960940,01-09-2024 00:00:00,75.80,01-09-2024 00:00:00,,2001,2650,20012207843065,27111001182650,618700412318,01-09-2024 00:00:00,fb7ad2adfdaba52cdd4b2f7c
S75960940,01-09-2024 00:00:00,634.65,01-09-2024 00:00:00,,2001,2650,20012207843065,27111001182650,230464571064,01-09-2024 00:00:00,fdb35d7c3947d65a02669ac9
S75960940,01-09-2024 00:00:00,114.45,01-09-2024 00:00:00,,2001,2650,20012207843065,27111001182650,438666164625,01-09-2024 00:00:00,2b6c76a80d882cd7bafcdd64
S75960940,01-09-2024 00:00:00,847.33,01-09-2024 00:00:00,,2001,2650,20012207843065,27111001182650,908775648764,01-09-2024 00:00:00,8eecdafc57b3c62d4d290b81
S75960940,01-09-2024 00:00:00,343.87,01-09-2024 00:00:00,,2001,2650,20012207843065,27111001182650,186478268905,01-09-2024 00:00:00,36d4324e9ad4a03fb67c1efb
S75960940,01-09-2024 00:00:00,369.65,01-09-2024 00:00:00,,2001,2650,20012207843065,27111001182650,774485989500,01-09-2024 00:00:00,06feb5f3b53a7dac469a1f8d
S75960940,01-09-2024 00:00:00,142.07,01-09-2024 00:00:00,,2001,2650,20012207843065,27111001182650,671151151390,01-09-2024 00:00:00,ee5ebd8f06b11db2ec9c8f4c
S75960940,01-09-2024 00:00:00,429.85,01-09-2024 00:00:00,,2001,2650,20012207843065,27111001182650,372101781257,01-09-2024 00:00:00,59edb545d9261dafb0d0496e
S75960940,01-09-2024 00:00:00,196.02,01-09-2024 00:00:00,,2001,2650,20012207843065,27111001182650,529169929365,01-09-2024 00:00:00,c68faa5001cfe09d24e767b8
S75960940,01-09-2024 00:00:00,300.30,01-09-2024 00:00:00,,2001,2650,20012207843065,27111001182650,249631078912,01-09-2024 00:00:00,2bbbf416aecfbb4e20de4c5f
S75960940,01-09-2024 00:00:00,802.09,01-09-2024 00:00:00,,2001,2650,20012207843065,27111001182650,301650200679,01-09-2024 00:00:00,9de1f077cf1b0faa213ebf07
S75960940,01-09-2024 00:00:00,138.49,01-09-2024 00:00:00,,2001,2650,20012207843065,27111001182650,718851520871,01-09-2024 00:00:00,b2ba43ddbf3185baddadb094
S75960940,01-09-2024 00:00:00,348.32,01-09-2024 00:00:00,,2001,2650,20012207843065,27111001182650,187479178915,01-09-2024 00:00:00,8ee3bbcfecccefb63cb73888
S75960940,01-09-2024 00:00:00,487.57,01-09-2024 00:00:00,,2001,2650,20012207843065,27111001182650,659187601525,01-09-2024 00:00:00,dfa5a3ad48fafe6ef1dcfaa8
S75960940,01-09-2024 00:00:00,503.29,01-09-2024 00:00:00,,2001,2650,20012207843065,27111001182650,723610530354,01-09-2024 00:00:00,c207e525cc75e0d4ce07969c
S75960940,01-09-2024 00:00:00,992.93,01-09-2024 00:00:00,,2001,2650,20012207843065,27111001182650,621825716223,01-09-2024 00:00:00,dd465ecbb4fe11e94aafd9ec
S75960940,01-09-2024 00:00:00,597.71,01-09-2024 00:00:00,,2001,2650,20012207843065,27111001182650,410606294048,01-09-2024 00:00:00,a006553bb6800dccafd39013
S75960940,01-09-2024 00:00:00,299.16,01-09-2024 00:00:00,,2001,2650,20012207843065,27111001182650,897048896859,01-09-2024 00:00:00,deccdf7fc5066c9fd321abc6
S75960940,01-09-2024 00:00:00,196.66,01-09-2024 00:00:00,,2001,2650,20012207843065,27111001182650,454806722948,01-09-2024 00:00:00,4b5bfa5a0e61cfa9b8da7ad2
S75960940,01-09-2024 00:00:00,409.82,01-09-2024 00:00:00,,2001,2650,20012207843065,27111001182650,058863715103,01-09-2024 00:00:00,45bbddcf54b95ffdb731cf4b
S75960940,01-09-2024 00:00:00,54.24,01-09-2024 00:00:00,,2001,2650,20012207843065,27111001182650,814066908737,01-09-2024 00:00:00,af9a5b1c18083870ecba8710
S75960940,01-09-2024 00:00:00,111.60,01-09-2024 00:00:00,,2001,2650,20012207843065,27111001182650,413655280600,01-09-2024 00:00:00,64e0ab05e6cd3e4fdba16490
S75960940,01-09-2024 00:00:00,428.31,01-09-2024 00:00:00,,2001,2650,20012207843065,27111001182650,741967317749,01-09-2024 00:00:00,0afb26eabd7e86badbdc01a2
S75960940,01-09-2024 00:00:00,206.86,01-09-2024 00:00:00,,2001,2650,20012207843065,27111001182650,924156474212,01-09-2024 00:00:00,45aecec70f7e3bc7ddad0b11
S75960940,01-09-2024 00:00:00,435.70,01-09-2024 00:00:00,,2001,2650,20012207843065,27111001182650,848665299136,01-09-2024 00:00:00,fa8fc062ba9ea5bc636bdc6c
S75960940,01-09-2024 00:00:00,14.23,01-09-2024 00:00:00,,2001,2650,20012207843065,27111001182650,827032958651,01-09-2024 00:00:00,a8b585eaeb96beeb2410ee6e
S75960940,01-09-2024 00:00:00,892.55,01-09-2024 00:00:00,,2001,2650,20012207843065,27111001182650,820048226106,01-09-2024 00:00:00,0a12f6db32fedbc8ccb6a2e9
S75960940,01-09-2024 00:00:00,504.81,01-09-2024 00:00:00,,2001,2650,20012207843065,27111001182650,986619635917,01-09-2024 00:00:00,29eedc1bdd7ef922ce1f2c8c
S75960940,01-09-2024 00:00:00,40.15,01-09-2024 00:00:00,,2001,2650,20012207843065,27111001182650,040118961596,01-09-2024 00:00:00,4fe087636eba1b4f2b2dff0a
S75960940,01-09-2024 00:00:00,536.49,01-09-2024 00:00:00,,2001,2650,20012207843065,27111001182650,511712180779,01-09-2024 00:00:00,d3dad933b4bccc5dc8965def
S75960940,01-09-2024 00:00:00,392.06,01-09-2024 00:00:00,,2001,2650,20012207843065,27111001182650,307090989230,01-09-2024 00:00:00,eb97ebc73c7ca0fcbccaf2d7
S75960940,01-09-2024 00:00:00,124.93,01-09-2024 00:00:00,,2001,2650,20012207843065,27111001182650,714079095907,01-09-2024 00:00:00,ae89aab751914e25aa3a9bc3
S75960940,01-09-2024 00:00:00,128.86,01-09-2024 00:00:00,,2001,2650,20012207843065,27111001182650,541141128291,01-09-2024 00:00:00,deb6ee55ecd3b7c8b058bc8a
S75960940,01-09-2024 00:00:00,914.29,01-09-2024 00:00:00,,2001,2650,20012207843065,27111001182650,309458676914,01-09-2024 00:00:00,a58bbeebceedf4db7fcdca2e
S75960940,01-09-2024 00:00:00,168.78,01-09-2024 00:00:00,,2001,2650,20012207843065,27111001182650,885311182280,01-09-2024 00:00:00,2ee26fca84bd7eb4fc8810bc
S75960940,01-09-2024 00:00:00,912.26,01-09-2024 00:00:00,,2001,2650,20012207843065,27111001182650,459681530956,01-09-2024 00:00:00,da1d7f6c1747f055cfbb2e7b
S75960940,01-09-2024 00:00:00,908.14,01-09-2024 00:00:00,,2001,2650,20012207843065,27111001182650,782358800295,01-09-2024 00:00:00,a8cdab2b9bb674b9baef3b55
S75960940,01-09-2024 00:00:00,299.87,01-09-2024 00:00:00,,2001,2650,20012207843065,27111001182650,115389865513,01-09-2024 00:00:00,e9f4efbb5b8a33b00facdb1c
S75960940,01-09-2024 00:00:00,5.46,01-09-2024 00:00:00,,2001,2650,20012207843065,27111001182650,827246703897,01-09-2024 00:00:00,e1f448d5f8af0e708c4eaf15
S75960940,01-09-2024 00:00:00,726.49,01-09-2024 00:00:00,,2001,2650,20012207843065,27111001182650,142666849355,01-09-2024 00:00:00,ebc3b06f3d7f54d4accbd3b7
S75960940,01-09-2024 00:00:00,11.67,01-09-2024 00:00:00,,2001,2650,20012207843065,27111001182650,193594978103,01-09-2024 00:00:00,eaf995b3dda856a88bfa0532
S75960940,01-09-2024 00:00:00,936.89,01-09-2024 00:00:00,,2001,2650,20012207843065,27111001182650,404975491745,01-09-2024 00:00:00,f43a1bdb7d5ef4daf8aab11e
S75960940,01-09-2024 00:00:00,968.62,01-09-2024 00:00:00,,2001,2650,20012207843065,27111001182650,027750453060,01-09-2024 00:00:00,ac8dfec681994aced61caa43
S75960940,01-09-2024 00:00:00,469.77,01-09-2024 00:00:00,,2001,2650,20012207843065,27111001182650,391870138946,01-09-2024 00:00:00,006c21d21ad02fb05e22b736
S75960940,01-09-2024 00:00:00,781.54,01-09-2024 00:00:00,,2001,2650,20012207843065,27111001182650,646585536576,01-09-2024 00:00:00,24afaaa64408bbedc2377a9e
S75960940,01-09-2024 00:00:00,415.40,01-09-2024 00:00:00,,2001,2650,20012207843065,27111001182650,565715926675,01-09-2024 00:00:00,bdcf928de7e53e1da0f9bdeb
S75960940,01-09-2024 00:00:00,876.68,01-09-2024 00:00:00,,2001,2650,20012207843065,27111001182650,010872939259,01-09-2024 00:00:00,e2fdf219d10c5ebce1cc37bf
S75960940,01-09-2024 00:00:00,637.86,01-09-2024 00:00:00,,2001,2650,20012207843065,27111001182650,929632862763,01-09-2024 00:00:00,c44a3eeba5f9a29c7f7dcfeb
S75960940,01-09-2024 00:00:00,440.28,01-09-2024 00:00:00,,2001,2650,20012207843065,27111001182650,267486803645,01-09-2024 00:00:00,2df9f6a0beabbdce621146c7
S75960940,01-09-2024 00:00:00,763.34,01-09-2024 00:00:00,,2001,2650,20012207843065,27111001182650,817686242160,01-09-2024 00:00:00,fd4ab2149d4e709d6ea5acd7
S75960940,01-09-2024 00:00:00,820.17,01-09-2024 00:00:00,,2001,2650,20012207843065,27111001182650,656303771966,01-09-2024 00:00:00,5275fdd807fdbb49fe680afd
S75960940,01-09-2024 00:00:00,532.45,01-09-2024 00:00:00,,2001,2650,20012207843065,27111001182650,847496451356,01-09-2024 00:00:00,ae4c02b540b0c0a5dec48d81
S75960940,01-09-2024 00:00:00,507.07,01-09-2024 00:00:00,,2001,2650,20012207843065,27111001182650,738840789456,01-09-2024 00:00:00,38ff5e94b80dcebebcc69068
S75960940,01-09-2024 00:00:00,370.29,01-09-2024 00:00:00,,2001,2650,20012207843065,27111001182650,594499613869,01-09-2024 00:00:00,7a13cdaa3acc9ec1cc9ad3ed
S75960940,01-09-2024 00:00:00,659.46,01-09-2024 00:00:00,,2001,2650,20012207843065,27111001182650,197263317240,01-09-2024 00:00:00,415a104d44c2ff4ec333f3ec
S75960940,01-09-2024 00:00:00,76.58,01-09-2024 00:00:00,,2001,2650,20012207843065,27111001182650,508649645621,01-09-2024 00:00:00,baadd554cde3d03b5afbdbe4
S75960940,01-09-2024 00:00:00,654.30,01-09-2024 00:00:00,,2001,2650,20012207843065,27111001182650,662063001539,01-09-2024 00:00:00,6f8afae1cdcafc0d12ed862b
S75960940,01-09-2024 00:00:00,604.82,01-09-2024 00:00:00,,2001,2650,20012207843065,27111001182650,725242422975,01-09-2024 00:00:00,faeafbb6feab789cbd4c55af
S75960940,01-09-2024 00:00:00,4.76,01-09-2024 00:00:00,,2001,2650,20012207843065,27111001182650,980720771817,01-09-2024 00:00:00,7a3e8e9f9c8314dbfbd6d76b
S75960940,01-09-2024 00:00:00,303.33,01-09-2024 00:00:00,,2001,2650,20012207843065,27111001182650,067272159728,01-09-2024 00:00:00,efc2fca8dd59dc2b2c32e8ee
S75960940,01-09-2024 00:00:00,160.68,01-09-2024 00:00:00,,2001,2650,20012207843065,27111001182650,478379492964,01-09-2024 00:00:00,c7702dc8d6bd730a84e66d6a
S75960940,01-09-2024 00:00:00,21.12,01-09-2024 00:00:00,,2001,2650,20012207843065,27111001182650,618247024643,01-09-2024 00:00:00,be59a9d3ea51aace7ccffd64
S75960940,01-09-2024 00:00:00,870.79,01-09-2024 00:00:00,,2001,2650,20012207843065,27111001182650,211150727721,01-09-2024 00:00:00,faa9be49fd3a9d28b20568dc
S75960940,01-09-2024 00:00:00,558.24,01-09-2024 00:00:00,,2001,2650,20012207843065,27111001182650,029611985095,01-09-2024 00:00:00,2077f0b7beeab310dd93f38d
S75960940,01-09-2024 00:00:00,331.32,01-09-2024 00:00:00,,2001,2650,20012207843065,27111001182650,044376925285,01-09-2024 00:00:00,a3a2caf5cee418f36207affa
S75960940,01-09-2024 00:00:00,846.82,01-09-2024 00:00:00,,2001,2650,20012207843065,27111001182650,706118215685,01-09-2024 00:00:00,1eb1d6e06ad4dcff1b5eadc9
S75960940,01-09-2024 00:00:00,260.21,01-09-2024 00:00:00,,2001,2650,20012207843065,27111001182650,871704748633,01-09-2024 00:00:00,0434f20aaf08858f2f8cf61d
S75960940,01-09-2024 00:00:00,219.87,01-09-2024 00:00:00,,2001,2650,20012207843065,27111001182650,943478170595,01-09-2024 00:00:00,f9b20c7debaf4afa768bd79d
S75960940,01-09-2024 00:00:00,849.74,01-09-2024 00:00:00,,2001,2650,20012207843065,27111001182650,491695260574,01-09-2024 00:00:00,1b4fd434efcb0cdfb9c106b5
S75960940,01-09-2024 00:00:00,934.03,01-09-2024 00:00:00,,2001,2650,20012207843065,27111001182650,814087415827,01-09-2024 00:00:00,ab4666b57affb86385ec34f0
S75960940,01-09-2024 00:00:00,364.57,01-09-2024 00:00:00,,2001,2650,20012207843065,27111001182650,299153525627,01-09-2024 00:00:00,a6bceba5af46a5fabdee7b3f
S75960940,01-09-2024 00:00:00,946.83,01-09-2024 00:00:00,,2001,2650,20012207843065,27111001182650,676116844922,01-09-2024 00:00:00,d5ef7fb3344caa116ccc5a02
S75960940,01-09-2024 00:00:00,72.34,01-09-2024 00:00:00,,2001,2650,20012207843065,27111001182650,971577331173,01-09-2024 00:00:00,a4fb5b85e9d0a2e94c0f4fd9
S75960940,01-09-2024 00:00:00,152.55,01-09-2024 00:00:00,,2001,2650,20012207843065,27111001182650,475884806679,01-09-2024 00:00:00,61217119efe99dacb1f2eeb6
S75960940,01-09-2024 00:00:00,666.28,01-09-2024 00:00:00,,2001,2650,20012207843065,27111001182650,714829363849,01-09-2024 00:00:00,cedcc2f1bcec22aa3a25e6d4
S75960940,01-09-2024 00:00:00,457.30,01-09-2024 00:00:00,,2001,2650,20012207843065,27111001182650,690030595895,01-09-2024 00:00:00,5c47abe974aed0f49f044d4b
S75960940,01-09-2024 00:00:00,455.58,01-09-2024 00:00:00,,2001,2650,20012207843065,27111001182650,718249703760,01-09-2024 00:00:00,a5aef8c3cdbc3f688ecee0eb
S75960940,01-09-2024 00:00:00,331.49,01-09-2024 00:00:00,,2001,2650,20012207843065,27111001182650,022453554855,01-09-2024 00:00:00,ad0e3a0d88be668e66bdda15
S75960940,01-09-2024 00:00:00,360.72,01-09-2024 00:00:00,,2001,2650,20012207843065,27111001182650,046308711341,01-09-2024 00:00:00,6d2a77df1db9fabe82ccac6b
S75960940,01-09-2024 00:00:00,281.36,01-09-2024 00:00:00,,2001,2650,20012207843065,27111001182650,220209478243,01-09-2024 00:00:00,adc042e9bf75bbebb077d65c
S75960940,01-09-2024 00:00:00,940.55,01-09-2024 00:00:00,,2001,2650,20012207843065,27111001182650,161038231466,01-09-2024 00:00:00,a85af7a4b7b2bcc1a4ee0e9d
S75960940,01-09-2024 00:00:00,249.84,01-09-2024 00:00:00,,2001,2650,20012207843065,27111001182650,090330796747,01-09-2024 00:00:00,2b5eb0ac21034b1edcfd4e1e
S75960940,01-09-2024 00:00:00,321.62,01-09-2024 00:00:00,,2001,2650,20012207843065,27111001182650,826703166088,01-09-2024 00:00:00,2e67fd7afcb2540c7ce3c6d2
S75960940,01-09-2024 00:00:00,828.52,01-09-2024 00:00:00,,2001,2650,20012207843065,27111001182650,947452738407,01-09-2024 00:00:00,6cd250efb003de7f2ce0e4b6
S75960940,01-09-2024 00:00:00,738.01,01-09-2024 00:00:00,,2001,2650,20012207843065,27111001182650,167767533922,01-09-2024 00:00:00,ea44e2ced10db9dde543420e
S75960940,01-09-2024 00:00:00,521.08,01-09-2024 00:00:00,,2001,2650,20012207843065,27111001182650,523745298591,01-09-2024 00:00:00,4ebbf0fff02df3b33d1f4efc
S75960940,01-09-2024 00:00:00,270.90,01-09-2024 00:00:00,,2001,2650,20012207843065,27111001182650,619324025849,01-09-2024 00:00:00,f88c55b7d7b5db887aaeadfb
S75960940,01-09-2024 00:00:00,930.18,01-09-2024 00:00:00,,2001,2650,20012207843065,27111001182650,659743767069,01-09-2024 00:00:00,5f29ad6d9a2fde3bed490afb
S75960940,01-09-2024 00:00:00,157.50,01-09-2024 00:00:00,,2001,2650,20012207843065,27111001182650,186294540426,01-09-2024 00:00:00,befcac6a0949ddb344f6ba85
S75960940,01-09-2024 00:00:00,385.73,01-09-2024 00:00:00,,2001,2650,20012207843065,27111001182650,705567852125,01-09-2024 00:00:00,a6afaf4bece1dcffbbd9eac8
S75960940,01-09-2024 00:00:00,484.54,01-09-2024 00:00:00,,2001,2650,20012207843065,27111001182650,911939321604,01-09-2024 00:00:00,e3cbdce844b3eacb210f1acd
S75960940,01-09-2024 00:00:00,822.80,01-09-2024 00:00:00,,2001,2650,20012207843065,27111001182650,625263910728,01-09-2024 00:00:00,2bef53fd82610babdd3f062c
S75960940,01-09-2024 00:00:00,639.86,01-09-2024 00:00:00,,2001,2650,20012207843065,27111001182650,757860688725,01-09-2024 00:00:00,eeb37acab0bb445e9f89b028
S75960940,01-09-2024 00:00:00,746.63,01-09-2024 00:00:00,,2001,2650,20012207843065,27111001182650,807074807036,01-09-2024 00:00:00,bacd7866b4fcf27fab50f83c
S75960940,01-09-2024 00:00:00,379.24,01-09-2024 00:00:00,,2001,2650,20012207843065,27111001182650,519185502031,01-09-2024 00:00:00,da8ccbde741c36aee7f4cc99
S75960940,01-09-2024 00:00:00,733.84,01-09-2024 00:00:00,,2001,2650,20012207843065,27111001182650,979221942617,01-09-2024 00:00:00,efc55271ddeea8d2803bc9c4
S75960940,01-09-2024 00:00:00,580.60,01-09-2024 00:00:00,,2001,2650,20012207843065,27111001182650,711875020929,01-09-2024 00:00:00,f304dba1bcea22de7e65d018
S75960940,01-09-2024 00:00:00,844.13,01-09-2024 00:00:00,,2001,2650,20012207843065,27111001182650,543555128309,01-09-2024 00:00:00,749acaeed12e463cc8caae01
S75960940,01-09-2024 00:00:00,806.80,01-09-2024 00:00:00,,2001,2650,20012207843065,27111001182650,245457034127,01-09-2024 00:00:00,096caaffc63f184a8e87d4cc
S75960940,01-09-2024 00:00:00,349.87,01-09-2024 00:00:00,,2001,2650,20012207843065,27111001182650,473146650896,01-09-2024 00:00:00,ffbcb2fb2fa72c8c745ae90b
S75960940,01-09-2024 00:00:00,45.66,01-09-2024 00:00:00,,2001,2650,20012207843065,27111001182650,720583956808,01-09-2024 00:00:00,cd0366bce437bf47d5c41af7
S75960940,01-09-2024 00:00:00,695.59,01-09-2024 00:00:00,,2001,2650,20012207843065,27111001182650,969332556866,01-09-2024 00:00:00,b017c7acb8f081bcc6e6f2ca
S75960940,01-09-2024 00:00:00,318.16,01-09-2024 00:00:00,,2001,2650,20012207843065,27111001182650,632381617036,01-09-2024 00:00:00,fed0b5c0a9cebcecd17baca2
S75960940,01-09-2024 00:00:00,322.47,01-09-2024 00:00:00,,2001,2650,20012207843065,27111001182650,436066857555,01-09-2024 00:00:00,b255a9c5c00e8de990e2a4eb
S75960940,01-09-2024 00:00:00,213.82,01-09-2024 00:00:00,,2001,2650,20012207843065,27111001182650,783404254036,01-09-2024 00:00:00,424ccc3b5ca486fe7bd1c398
S75960940,01-09-2024 00:00:00,8.49,01-09-2024 00:00:00,,2001,2650,20012207843065,27111001182650,139844117645,01-09-2024 00:00:00,ac62ecf7ccc3108fabf5dd43
S75960940,01-09-2024 00:00:00,342.32,01-09-2024 00:00:00,,2001,2650,20012207843065,27111001182650,107465547880,01-09-2024 00:00:00,1190d9f2ffc54d6f56ec5939
S75960940,01-09-2024 00:00:00,841.87,01-09-2024 00:00:00,,2001,2650,20012207843065,27111001182650,415983342986,01-09-2024 00:00:00,aac0ce08d77e133d81fc3d0d
S75960940,01-09-2024 00:00:00,661.27,01-09-2024 00:00:00,,2001,2650,20012207843065,27111001182650,219395036701,01-09-2024 00:00:00,2fce35abcedcc45df3bc4fe6
S75960940,01-09-2024 00:00:00,834.44,01-09-2024 00:00:00,,2001,2650,20012207843065,27111001182650,159688824029,01-09-2024 00:00:00,ca9d4e0d937e9e8a3abf6f18
S75960940,01-09-2024 00:00:00,946.39,01-09-2024 00:00:00,,2001,2650,20012207843065,27111001182650,796808607987,01-09-2024 00:00:00,983ae09bdc9f905911e1c5d9
S75960940,01-09-2024 00:00:00,290.46,01-09-2024 00:00:00,,2001,2650,20012207843065,27111001182650,553714510487,01-09-2024 00:00:00,8a7ead37cdf5d5c6aefab56d
S75960940,01-09-2024 00:00:00,700.58,01-09-2024 00:00:00,,2001,2650,20012207843065,27111001182650,554600475265,01-09-2024 00:00:00,1ffc79ebbd265b4b30dfec03
S75960940,01-09-2024 00:00:00,975.98,01-09-2024 00:00:00,,2001,2650,20012207843065,27111001182650,703399973805,01-09-2024 00:00:00,7f44695180d9ccac4eddde30
S75960940,01-09-2024 00:00:00,27.18,01-09-2024 00:00:00,,2001,2650,20012207843065,27111001182650,449930261713,01-09-2024 00:00:00,6bbd932bc049b30f8b678e89
S75960940,01-09-2024 00:00:00,541.23,01-09-2024 00:00:00,,2001,2650,20012207843065,27111001182650,842877534904,01-09-2024 00:00:00,9b30b9eeaa4edfffe1a849e6
S75960940,01-09-2024 00:00:00,443.51,01-09-2024 00:00:00,,2001,2650,20012207843065,27111001182650,719487978589,01-09-2024 00:00:00,bebffbd04bcfdd745037e601
S75960940,01-09-2024 00:00:00,611.11,01-09-2024 00:00:00,,2001,2650,20012207843065,27111001182650,731520593217,01-09-2024 00:00:00,be4b05cedeb3b66ef637fbaa
S75960940,01-09-2024 00:00:00,306.93,01-09-2024 00:00:00,,2001,2650,20012207843065,27111001182650,704412616702,01-09-2024 00:00:00,08e6b67cc7de0f3f324f6856
S75960940,01-09-2024 00:00:00,957.52,01-09-2024 00:00:00,,2001,2650,20012207843065,27111001182650,781530043477,01-09-2024 00:00:00,b5a22bc219f1666cbe9f5196
S75960940,01-09-2024 00:00:00,360.67,01-09-2024 00:00:00,,2001,2650,20012207843065,27111001182650,124269089062,01-09-2024 00:00:00,c10fdd4d86a2c6789d0d7de9
S75960940,01-09-2024 00:00:00,218.27,01-09-2024 00:00:00,,2001,2650,20012207843065,27111001182650,188327020593,01-09-2024 00:00:00,1d57c0a2e905ffd1aebde511
S75960940,01-09-2024 00:00:00,666.78,01-09-2024 00:00:00,,2001,2650,20012207843065,27111001182650,000668453333,01-09-2024 00:00:00,d4390c881aeabdf9e38ef58e
S75960940,01-09-2024 00:00:00,297.48,01-09-2024 00:00:00,,2001,2650,20012207843065,27111001182650,430727399763,01-09-2024 00:00:00,dbd4413e27bcab3bee4f17ab
S75960940,01-09-2024 00:00:00,353.08,01-09-2024 00:00:00,,2001,2650,20012207843065,27111001182650,572300521218,01-09-2024 00:00:00,abcef0fe5fb15eb1c3ae4471
S75960940,01-09-2024 00:00:00,614.90,01-09-2024 00:00:00,,2001,2650,20012207843065,27111001182650,435105326226,01-09-2024 00:00:00,87af47d897a0a8104f8affdc
S75960940,01-09-2024 00:00:00,768.04,01-09-2024 00:00:00,,2001,2650,20012207843065,27111001182650,909259465619,01-09-2024 00:00:00,8bf0aecadbf98a3be6bd2e26
S75960940,01-09-2024 00:00:00,400.70,01-09-2024 00:00:00,,2001,2650,20012207843065,27111001182650,741884686788,01-09-2024 00:00:00,a65cede7ab6e170e5f55ad0b
S75960940,01-09-2024 00:00:00,180.66,01-09-2024 00:00:00,,2001,2650,20012207843065,27111001182650,400732255510,01-09-2024 00:00:00,54f7bb2dbf23a796fa8075ad
S75960940,01-09-2024 00:00:00,582.89,01-09-2024 00:00:00,,2001,2650,20012207843065,27111001182650,862864813379,01-09-2024 00:00:00,3eaddbc80da53b9b3aacdbc0
S75960940,01-09-2024 00:00:00,424.36,01-09-2024 00:00:00,,2001,2650,20012207843065,27111001182650,997128122874,01-09-2024 00:00:00,5d755baed228c8c135bcdaa5
S75960940,01-09-2024 00:00:00,979.79,01-09-2024 00:00:00,,2001,2650,20012207843065,27111001182650,252804115739,01-09-2024 00:00:00,2cd2023c1beabe8ae0d867fd
S75960940,01-09-2024 00:00:00,83.22,01-09-2024 00:00:00,,2001,2650,20012207843065,27111001182650,929985688581,01-09-2024 00:00:00,ee09eea85dd090960a98ace0
S75960940,01-09-2024 00:00:00,35.95,01-09-2024 00:00:00,,2001,2650,20012207843065,27111001182650,887444354553,01-09-2024 00:00:00,b9db0e194a2d3a0d460cff9d
S75960940,01-09-2024 00:00:00,706.26,01-09-2024 00:00:00,,2001,2650,20012207843065,27111001182650,045487050058,01-09-2024 00:00:00,def82a6a3a0e6cf6918b53e1
S75960940,01-09-2024 00:00:00,318.79,01-09-2024 00:00:00,,2001,2650,20012207843065,27111001182650,959185079019,01-09-2024 00:00:00,524ac7dd82c15e5d8914d2b6
S75960940,01-09-2024 00:00:00,633.11,01-09-2024 00:00:00,,2001,2650,20012207843065,27111001182650,277802074030,01-09-2024 00:00:00,1ee79d0e7e9bfaa7a4adda02
S75960940,01-09-2024 00:00:00,197.16,01-09-2024 00:00:00,,2001,2650,20012207843065,27111001182650,745372174413,01-09-2024 00:00:00,c75ac23f864e622bb11faeab
S75960940,01-09-2024 00:00:00,661.93,01-09-2024 00:00:00,,2001,2650,20012207843065,27111001182650,599150506544,01-09-2024 00:00:00,1fe5e293cf8ac7afd1dfebce
S75960940,01-09-2024 00:00:00,436.96,01-09-2024 00:00:00,,2001,2650,20012207843065,27111001182650,230595478601,01-09-2024 00:00:00,880b488a1c5ecc325d4a488e
S75960940,01-09-2024 00:00:00,795.81,01-09-2024 00:00:00,,2001,2650,20012207843065,27111001182650,344681896142,01-09-2024 00:00:00,c5facaee4ea6dbf5e97de03a
S75960940,01-09-2024 00:00:00,819.36,01-09-2024 00:00:00,,2001,2650,20012207843065,27111001182650,397953764918,01-09-2024 00:00:00,5b1aed0fb52badeecce1e17c
S75960940,01-09-2024 00:00:00,245.32,01-09-2024 00:00:00,,2001,2650,20012207843065,27111001182650,525829853036,01-09-2024 00:00:00,eaf0cf68ffa1e0eab07deb09
S75960940,01-09-2024 00:00:00,425.05,01-09-2024 00:00:00,,2001,2650,20012207843065,27111001182650,277838229186,01-09-2024 00:00:00,efa4b5df18d1a103ce90b3ea
S75960940,01-09-2024 00:00:00,62.55,01-09-2024 00:00:00,,2001,2650,20012207843065,27111001182650,326818693827,01-09-2024 00:00:00,91c8ad5c7aeb5cabed2490dd
S75960940,01-09-2024 00:00:00,432.28,01-09-2024 00:00:00,,2001,2650,20012207843065,27111001182650,758917739229,01-09-2024 00:00:00,e6984cbf1c7ba1acaa193a5a
S75960940,01-09-2024 00:00:00,246.92,01-09-2024 00:00:00,,2001,2650,20012207843065,27111001182650,694059556364,01-09-2024 00:00:00,6d777e85b847a1ebc6ee8cbb
S75960940,01-09-2024 00:00:00,67.42,01-09-2024 00:00:00,,2001,2650,20012207843065,27111001182650,085822549284,01-09-2024 00:00:00,f208c05eb9eae64f43fdfada
S75960940,01-09-2024 00:00:00,43.83,01-09-2024 00:00:00,,2001,2650,20012207843065,27111001182650,256862343848,01-09-2024 00:00:00,ff97afdf5a56aab65acbfe9f
S75960940,01-09-2024 00:00:00,681.37,01-09-2024 00:00:00,,2001,2650,20012207843065,27111001182650,269661067057,01-09-2024 00:00:00,11f0af993dc787ca5b9d762b
S75960940,01-09-2024 00:00:00,442.46,01-09-2024 00:00:00,,2001,2650,20012207843065,27111001182650,043379615175,01-09-2024 00:00:00,9e3ef57edfe0141af438db4c
S75960940,01-09-2024 00:00:00,397.73,01-09-2024 00:00:00,,2001,2650,20012207843065,27111001182650,875181549157,01-09-2024 00:00:00,bff9cff0c66bbb808a469e82
S75960940,01-09-2024 00:00:00,810.37,01-09-2024 00:00:00,,2001,2650,20012207843065,27111001182650,689148767421,01-09-2024 00:00:00,2e54c04f93dfaaedd0d70dee
S75960940,01-09-2024 00:00:00,824.28,01-09-2024 00:00:00,,2001,2650,20012207843065,27111001182650,578317046955,01-09-2024 00:00:00,d8a1e426f387b8aeec36e8e5
S75960940,01-09-2024 00:00:00,880.14,01-09-2024 00:00:00,,2001,2650,20012207843065,27111001182650,333461054728,01-09-2024 00:00:00,d420f2f317401a054048091a
S75960940,01-09-2024 00:00:00,390.54,01-09-2024 00:00:00,,2001,2650,20012207843065,27111001182650,651364531800,01-09-2024 00:00:00,b9dae6ecb4fcc7bd1fa7c1ef
S75960940,01-09-2024 00:00:00,858.20,01-09-2024 00:00:00,,2001,2650,20012207843065,27111001182650,902274864466,01-09-2024 00:00:00,addcfb0aeb5cedbe1ed39c0f
S75960940,01-09-2024 00:00:00,465.05,01-09-2024 00:00:00,,2001,2650,20012207843065,27111001182650,220358203647,01-09-2024 00:00:00,a298b2abea04fafdae9940cf
S75960940,01-09-2024 00:00:00,108.58,01-09-2024 00:00:00,,2001,2650,20012207843065,27111001182650,427826631596,01-09-2024 00:00:00,bdcdcee9ffd1b5faaec52b4e
S75960940,01-09-2024 00:00:00,426.95,01-09-2024 00:00:00,,2001,2650,20012207843065,27111001182650,861443475310,01-09-2024 00:00:00,55a6382c7eb26cedcd6eae5b
S75960940,01-09-2024 00:00:00,734.58,01-09-2024 00:00:00,,2001,2650,20012207843065,27111001182650,485325407223,01-09-2024 00:00:00,2bfb258dacb603becc452e40
S75960940,01-09-2024 00:00:00,532.04,01-09-2024 00:00:00,,2001,2650,20012207843065,27111001182650,951072785255,01-09-2024 00:00:00,9dbdafec9445fb8df392a6ac
S75960940,01-09-2024 00:00:00,114.77,01-09-2024 00:00:00,,2001,2650,20012207843065,27111001182650,822290360603,01-09-2024 00:00:00,4b1bc7c4fc0eadbfd84a02da
S75960940,01-09-2024 00:00:00,906.07,01-09-2024 00:00:00,,2001,2650,20012207843065,27111001182650,967281869434,01-09-2024 00:00:00,f9865fdf5657b40bcfd8fef2
S75960940,01-09-2024 00:00:00,359.55,01-09-2024 00:00:00,,2001,2650,20012207843065,27111001182650,173695410405,01-09-2024 00:00:00,fda80d043ce8fd2864dccd00
S75960940,01-09-2024 00:00:00,887.46,01-09-2024 00:00:00,,2001,2650,20012207843065,27111001182650,189293653230,01-09-2024 00:00:00,f27ddae1498fa27daddd747c
S75960940,01-09-2024 00:00:00,875.27,01-09-2024 00:00:00,,2001,2650,20012207843065,27111001182650,631913703151,01-09-2024 00:00:00,5c4bef07d94e5cffb9bde25c
S75960940,01-09-2024 00:00:00,357.92,01-09-2024 00:00:00,,2001,2650,20012207843065,27111001182650,670069759575,01-09-2024 00:00:00,cce4ccbee7bafe6281b2a6da
S75960940,01-09-2024 00:00:00,509.43,01-09-2024 00:00:00,,2001,2650,20012207843065,27111001182650,743184357846,01-09-2024 00:00:00,1ee1a13dd29fdce6cf62aeec
S75960940,01-09-2024 00:00:00,479.25,01-09-2024 00:00:00,,2001,2650,20012207843065,27111001182650,340963119910,01-09-2024 00:00:00,f0b3a6bf9a8ae2559bd1934d
S75960940,01-09-2024 00:00:00,592.60,01-09-2024 00:00:00,,2001,2650,20012207843065,27111001182650,907480265908,01-09-2024 00:00:00,ad433ddfd331bbc2d0cacf08
S75960940,01-09-2024 00:00:00,834.58,01-09-2024 00:00:00,,2001,2650,20012207843065,27111001182650,630258469524,01-09-2024 00:00:00,31f1c7f147f0814db3b7a03c
S75960940,01-09-2024 00:00:00,647.23,01-09-2024 00:00:00,,2001,2650,20012207843065,27111001182650,619555060762,01-09-2024 00:00:00,926941bdfdbf1cbc09d6cdac
S75960940,01-09-2024 00:00:00,1.66,01-09-2024 00:00:00,,2001,2650,20012207843065,27111001182650,740753358620,01-09-2024 00:00:00,51cecd1b5cefa6707afc9c52
S75960940,01-09-2024 00:00:00,208.25,01-09-2024 00:00:00,,2001,2650,20012207843065,27111001182650,944533999790,01-09-2024 00:00:00,bf2fb06191d26c1831f01fe2
S75960940,01-09-2024 00:00:00,200.74,01-09-2024 00:00:00,,2001,2650,20012207843065,27111001182650,072029866191,01-09-2024 00:00:00,fa689aba1f8ac8a7fbc73177
S75960940,01-09-2024 00:00:00,537.94,01-09-2024 00:00:00,,2001,2650,20012207843065,27111001182650,962398004365,01-09-2024 00:00:00,aefa04cfef49491dbac5b11e
S75960940,01-09-2024 00:00:00,678.64,01-09-2024 00:00:00,,2001,2650,20012207843065,27111001182650,885848838788,01-09-2024 00:00:00,0ddb1eca33a00f9bdecdbfbf
S75960940,01-09-2024 00:00:00,553.71,01-09-2024 00:00:00,,2001,2650,20012207843065,27111001182650,826475112226,01-09-2024 00:00:00,3ecbff31c8bd2e14f8df1d2e
S75960940,01-09-2024 00:00:00,131.21,01-09-2024 00:00:00,,2001,2650,20012207843065,27111001182650,652593525188,01-09-2024 00:00:00,31d3ed2b58f05af2e75aeb8c
S75960940,01-09-2024 00:00:00,965.01,01-09-2024 00:00:00,,2001,2650,20012207843065,27111001182650,308184418612,01-09-2024 00:00:00,1c94d5a38f5f0eb44b49ab54
S75960940,01-09-2024 00:00:00,74.85,01-09-2024 00:00:00,,2001,2650,20012207843065,27111001182650,327829154498,01-09-2024 00:00:00,fb5ba475a0ece3f4de05ead2
S75960940,01-09-2024 00:00:00,184.77,01-09-2024 00:00:00,,2001,2650,20012207843065,27111001182650,922432679365,01-09-2024 00:00:00,10cf0dba545c935dafef06aa
S75960940,01-09-2024 00:00:00,802.70,01-09-2024 00:00:00,,2001,2650,20012207843065,27111001182650,197379790001,01-09-2024 00:00:00,21c9aabdc2d6cbebe12a6d7f
S75960940,01-09-2024 00:00:00,545.09,01-09-2024 00:00:00,,2001,2650,20012207843065,27111001182650,725038974731,01-09-2024 00:00:00,2e6495aed07a0ef6b59efb47
S75960940,01-09-2024 00:00:00,770.44,01-09-2024 00:00:00,,2001,2650,20012207843065,27111001182650,528743682560,01-09-2024 00:00:00,83e9f70ab27ca1ffed10fd11
S75960940,01-09-2024 00:00:00,185.43,01-09-2024 00:00:00,,2001,2650,20012207843065,27111001182650,159489781957,01-09-2024 00:00:00,b077c16e96fe6a4d08d589f8
S75960940,01-09-2024 00:00:00,416.48,01-09-2024 00:00:00,,2001,2650,20012207843065,27111001182650,573677951210,01-09-2024 00:00:00,f4bed2eccc95406841f1eaba
S75960940,01-09-2024 00:00:00,600.91,01-09-2024 00:00:00,,2001,2650,20012207843065,27111001182650,321178512333,01-09-2024 00:00:00,d8068019afeed4fc6eda150d
S75960940,01-09-2024 00:00:00,660.94,01-09-2024 00:00:00,,2001,2650,20012207843065,27111001182650,195828475201,01-09-2024 00:00:00,4acdb6bc1e3ae80195aedfcd
S75960940,01-09-2024 00:00:00,947.00,01-09-2024 00:00:00,,2001,2650,20012207843065,27111001182650,611986045221,01-09-2024 00:00:00,af4c45f5e47cac0ca8de7aea
S75960940,01-09-2024 00:00:00,980.59,01-09-2024 00:00:00,,2001,2650,20012207843065,27111001182650,211082639683,01-09-2024 00:00:00,faaebbcabd2dd13d0fa2c8e2
S75960940,01-09-2024 00:00:00,144.06,01-09-2024 00:00:00,,2001,2650,20012207843065,27111001182650,426417401993,01-09-2024 00:00:00,cc8188d68165d5f20deed153
S75960940,01-09-2024 00:00:00,338.65,01-09-2024 00:00:00,,2001,2650,20012207843065,27111001182650,960681709582,01-09-2024 00:00:00,ddd41ce68aed2ebda8034def
S75960940,01-09-2024 00:00:00,310.64,01-09-2024 00:00:00,,2001,2650,20012207843065,27111001182650,369190608515,01-09-2024 00:00:00,da10b12fb2bae536e25adda6
S75960940,01-09-2024 00:00:00,391.11,01-09-2024 00:00:00,,2001,2650,20012207843065,27111001182650,531488889306,01-09-2024 00:00:00,3d57f8b038118ecba97cac7e
S75960940,01-09-2024 00:00:00,155.86,01-09-2024 00:00:00,,2001,2650,20012207843065,27111001182650,328629973649,01-09-2024 00:00:00,4df26ceb4628337e68cc4dcd
S75960940,01-09-2024 00:00:00,241.88,01-09-2024 00:00:00,,2001,2650,20012207843065,27111001182650,802815620332,01-09-2024 00:00:00,144ebae1c827aa13003aaa1a
S75960940,01-09-2024 00:00:00,74.93,01-09-2024 00:00:00,,2001,2650,20012207843065,27111001182650,771571489189,01-09-2024 00:00:00,5ba9931453db67ad83c32e74
S75960940,01-09-2024 00:00:00,229.84,01-09-2024 00:00:00,,2001,2650,20012207843065,27111001182650,478195189786,01-09-2024 00:00:00,17f76fd0b09ab8e3dcc23ede
S75960940,01-09-2024 00:00:00,761.30,01-09-2024 00:00:00,,2001,2650,20012207843065,27111001182650,504346255487,01-09-2024 00:00:00,644746c16cb5f9e6997fa623
S75960940,01-09-2024 00:00:00,187.13,01-09-2024 00:00:00,,2001,2650,20012207843065,27111001182650,608295368706,01-09-2024 00:00:00,b535c1ad69d7c4fc31d0b71d
S75960940,01-09-2024 00:00:00,277.65,01-09-2024 00:00:00,,2001,2650,20012207843065,27111001182650,558387812279,01-09-2024 00:00:00,28d0f86a58df1a6653e4daba
S75960940,01-09-2024 00:00:00,435.91,01-09-2024 00:00:00,,2001,2650,20012207843065,27111001182650,401822406744,01-09-2024 00:00:00,4a6863eca17ecebe1cfaaf4f
S75960940,01-09-2024 00:00:00,484.40,01-09-2024 00:00:00,,2001,2650,20012207843065,27111001182650,416245612917,01-09-2024 00:00:00,8d22adc8bcfc4e26e350f6bd
S75960940,01-09-2024 00:00:00,358.56,01-09-2024 00:00:00,,2001,2650,20012207843065,27111001182650,813645760466,01-09-2024 00:00:00,6bfc1fa9df19177abd2c2efd
S75960940,01-09-2024 00:00:00,192.64,01-09-2024 00:00:00,,2001,2650,20012207843065,27111001182650,914243698344,01-09-2024 00:00:00,88fdc5f9f3bcc876a6a4832f
S75960940,01-09-2024 00:00:00,179.85,01-09-2024 00:00:00,,2001,2650,20012207843065,27111001182650,812959085242,01-09-2024 00:00:00,abd4c0d5c307cd0b2334aa4a
S75960940,01-09-2024 00:00:00,847.20,01-09-2024 00:00:00,,2001,2650,20012207843065,27111001182650,443788170221,01-09-2024 00:00:00,2a81d634f27b855f9e8a5bf2
S75960940,01-09-2024 00:00:00,628.15,01-09-2024 00:00:00,,2001,2650,20012207843065,27111001182650,439135876715,01-09-2024 00:00:00,7ce8f4b47ed8c2ac93f94af9
S75960940,01-09-2024 00:00:00,711.46,01-09-2024 00:00:00,,2001,2650,20012207843065,27111001182650,582962228347,01-09-2024 00:00:00,151d6edc0e78bdef3f1e7d4a
S75960940,01-09-2024 00:00:00,858.82,01-09-2024 00:00:00,,2001,2650,20012207843065,27111001182650,766344417541,01-09-2024 00:00:00,fd3fa5fabd9ccf7deae62d7f
S75960940,01-09-2024 00:00:00,305.46,01-09-2024 00:00:00,,2001,2650,20012207843065,27111001182650,861949862016,01-09-2024 00:00:00,0c5a9131cebceccc4a9fc1be
S75960940,01-09-2024 00:00:00,81.14,01-09-2024 00:00:00,,2001,2650,20012207843065,27111001182650,386660312828,01-09-2024 00:00:00,f402011daafc4040fba97413
S75960940,01-09-2024 00:00:00,314.25,01-09-2024 00:00:00,,2001,2650,20012207843065,27111001182650,936488582395,01-09-2024 00:00:00,0a70aab5eabd44be637f9953
S75960940,01-09-2024 00:00:00,72.73,01-09-2024 00:00:00,,2001,2650,20012207843065,27111001182650,638386389114,01-09-2024 00:00:00,1b58f669c3db3cfd2cae4bfc
S75960940,01-09-2024 00:00:00,630.69,01-09-2024 00:00:00,,2001,2650,20012207843065,27111001182650,767918942905,01-09-2024 00:00:00,1b484dbcd595aa76fe24a7e4
S75960940,01-09-2024 00:00:00,996.71,01-09-2024 00:00:00,,2001,2650,20012207843065,27111001182650,866613678157,01-09-2024 00:00:00,2a9564c3bbedd0bae94a1fdb
S75960940,01-09-2024 00:00:00,424.46,01-09-2024 00:00:00,,2001,2650,20012207843065,27111001182650,550285606337,01-09-2024 00:00:00,384cb1f4f03d9c1de6feadbe
S75960940,01-09-2024 00:00:00,14.46,01-09-2024 00:00:00,,2001,2650,20012207843065,27111001182650,510711578112,01-09-2024 00:00:00,bab5f50ad7726daf3deef1c3
S75960940,01-09-2024 00:00:00,85.67,01-09-2024 00:00:00,,2001,2650,20012207843065,27111001182650,458144989400,01-09-2024 00:00:00,869143541ac1ada48e17cd91
S75960940,01-09-2024 00:00:00,895.32,01-09-2024 00:00:00,,2001,2650,20012207843065,27111001182650,495794240224,01-09-2024 00:00:00,7bc0a0ea77ef90dfee8cbb63
S75960940,01-09-2024 00:00:00,492.09,01-09-2024 00:00:00,,2001,2650,20012207843065,27111001182650,802952412110,01-09-2024 00:00:00,8bc925d2fd812bc7b054636c
S75960940,01-09-2024 00:00:00,524.83,01-09-2024 00:00:00,,2001,2650,20012207843065,27111001182650,303300744382,01-09-2024 00:00:00,ce90d8aad432750c1aac4b2a
S75960940,01-09-2024 00:00:00,967.07,01-09-2024 00:00:00,,2001,2650,20012207843065,27111001182650,733948681097,01-09-2024 00:00:00,0bdc6bdee7eb7a991fecdcbd
S75960940,01-09-2024 00:00:00,569.28,01-09-2024 00:00:00,,2001,2650,20012207843065,27111001182650,291790243467,01-09-2024 00:00:00,33679eae6c464ecb6ec1a8be
S75960940,01-09-2024 00:00:00,534.69,01-09-2024 00:00:00,,2001,2650,20012207843065,27111001182650,289623885387,01-09-2024 00:00:00,98b4664adc33c9cf496bc481
S75960940,01-09-2024 00:00:00,605.20,01-09-2024 00:00:00,,2001,2650,20012207843065,27111001182650,915500325943,01-09-2024 00:00:00,1a84ab5e22eec3ff23a32bb7
S75960940,01-09-2024 00:00:00,175.24,01-09-2024 00:00:00,,2001,2650,20012207843065,27111001182650,903119507715,01-09-2024 00:00:00,2bef12dca56dba0d442d3ed8
S75960940,01-09-2024 00:00:00,976.94,01-09-2024 00:00:00,,2001,2650,20012207843065,27111001182650,660173460066,01-09-2024 00:00:00,365b5f0fb1c015a749025f5c
S75960940,01-09-2024 00:00:00,872.60,01-09-2024 00:00:00,,2001,2650,20012207843065,27111001182650,361090356200,01-09-2024 00:00:00,2cac41af321527da55ddb725
S75960940,01-09-2024 00:00:00,829.13,01-09-2024 00:00:00,,2001,2650,20012207843065,27111001182650,996811216964,01-09-2024 00:00:00,6da476b4682cee1eb799ba15
S75960940,01-09-2024 00:00:00,600.05,01-09-2024 00:00:00,,2001,2650,20012207843065,27111001182650,021763092162,01-09-2024 00:00:00,2fa2c30b6e5b0fb13e921109
S75960940,01-09-2024 00:00:00,384.73,01-09-2024 00:00:00,,2001,2650,20012207843065,27111001182650,365954160627,01-09-2024 00:00:00,0cc3265ec2d9a68b821c05cc
S75960940,01-09-2024 00:00:00,853.25,01-09-2024 00:00:00,,2001,2650,20012207843065,27111001182650,972757252300,01-09-2024 00:00:00,95aaee66876dbc8c3bcadbea
S75960940,01-09-2024 00:00:00,847.07,01-09-2024 00:00:00,,2001,2650,20012207843065,27111001182650,850190768432,01-09-2024 00:00:00,e4d89cf65f5ace14b281c56d
S75960940,01-09-2024 00:00:00,588.59,01-09-2024 00:00:00,,2001,2650,20012207843065,27111001182650,384624978060,01-09-2024 00:00:00,de67cc02b912acecceece34e
S75960940,01-09-2024 00:00:00,534.64,01-09-2024 00:00:00,,2001,2650,20012207843065,27111001182650,747854153149,01-09-2024 00:00:00,d5d11bfe018a35513cbd2a04
S75960940,01-09-2024 00:00:00,869.29,01-09-2024 00:00:00,,2001,2650,20012207843065,27111001182650,392990564271,01-09-2024 00:00:00,bbeeb7aebf141b1eea9c3fd7
S75960940,01-09-2024 00:00:00,69.87,01-09-2024 00:00:00,,2001,2650,20012207843065,27111001182650,167833201915,01-09-2024 00:00:00,34ef87a2f8e1a6afe8dc3c4c
S75960940,01-09-2024 00:00:00,658.79,01-09-2024 00:00:00,,2001,2650,20012207843065,27111001182650,181856371610,01-09-2024 00:00:00,c8bba652337fd5f2d7db71a3
S75960940,01-09-2024 00:00:00,315.66,01-09-2024 00:00:00,,2001,2650,20012207843065,27111001182650,726320760042,01-09-2024 00:00:00,fcbc8bef2fbacbbbc8b7c9da
S75960940,01-09-2024 00:00:00,618.20,01-09-2024 00:00:00,,2001,2650,20012207843065,27111001182650,172734348466,01-09-2024 00:00:00,4ddceeede8b8adccd4887ec3
S75960940,01-09-2024 00:00:00,32.81,01-09-2024 00:00:00,,2001,2650,20012207843065,27111001182650,694553218839,01-09-2024 00:00:00,80eb64fce09deccbbdbeb3e2
S75960940,01-09-2024 00:00:00,642.06,01-09-2024 00:00:00,,2001,2650,20012207843065,27111001182650,082355634502,01-09-2024 00:00:00,89b0a91b0a77c71eb57e2275
S75960940,01-09-2024 00:00:00,297.15,01-09-2024 00:00:00,,2001,2650,20012207843065,27111001182650,538971265869,01-09-2024 00:00:00,4ac09e39edb864e3cedfb5be
S75960940,01-09-2024 00:00:00,354.99,01-09-2024 00:00:00,,2001,2650,20012207843065,27111001182650,853545911029,01-09-2024 00:00:00,1ab5570fe3bea8f408ec9561
S75960940,01-09-2024 00:00:00,371.64,01-09-2024 00:00:00,,2001,2650,20012207843065,27111001182650,054356722220,01-09-2024 00:00:00,c3ac5b757ac4acaef4b9e2b0
S75960940,01-09-2024 00:00:00,962.81,01-09-2024 00:00:00,,2001,2650,20012207843065,27111001182650,057152019680,01-09-2024 00:00:00,abf80f7d6ed935f9cefda7e1
S75960940,01-09-2024 00:00:00,182.80,01-09-2024 00:00:00,,2001,2650,20012207843065,27111001182650,413040911894,01-09-2024 00:00:00,1a4ea61f9a02c74bbdfcb498
S75960940,01-09-2024 00:00:00,481.49,01-09-2024 00:00:00,,2001,2650,20012207843065,27111001182650,476251452620,01-09-2024 00:00:00,e43fcdecdd39cb5ae6a90dc7
S75960940,01-09-2024 00:00:00,528.65,01-09-2024 00:00:00,,2001,2650,20012207843065,27111001182650,148205840511,01-09-2024 00:00:00,2becc62d1b60f6a692371422
S75960940,01-09-2024 00:00:00,606.35,01-09-2024 00:00:00,,2001,2650,20012207843065,27111001182650,639475175987,01-09-2024 00:00:00,f8abad8b45dfa3eb0d0e127e
S75960940,01-09-2024 00:00:00,602.28,01-09-2024 00:00:00,,2001,2650,20012207843065,27111001182650,915231349893,01-09-2024 00:00:00,bdc3eed3fe4ced70d8cd76b8
S75960940,01-09-2024 00:00:00,356.84,01-09-2024 00:00:00,,2001,2650,20012207843065,27111001182650,112329455059,01-09-2024 00:00:00,aef253dd4cf9e0cbb449a1aa
S75960940,01-09-2024 00:00:00,857.01,01-09-2024 00:00:00,,2001,2650,20012207843065,27111001182650,724678586339,01-09-2024 00:00:00,0a58224ae3cc2fbc50b43fbe
S75960940,01-09-2024 00:00:00,566.55,01-09-2024 00:00:00,,2001,2650,20012207843065,27111001182650,586373001372,01-09-2024 00:00:00,7c44aa5deadfb5d7ff4000b3
S75960940,01-09-2024 00:00:00,693.41,01-09-2024 00:00:00,,2001,2650,20012207843065,27111001182650,778932782111,01-09-2024 00:00:00,6cc342efaa0d77adc8bc07ee
S75960940,01-09-2024 00:00:00,969.48,01-09-2024 00:00:00,,2001,2650,20012207843065,27111001182650,814917064312,01-09-2024 00:00:00,9e600cf5ea0e714ae31b6807
S75960940,01-09-2024 00:00:00,183.08,01-09-2024 00:00:00,,2001,2650,20012207843065,27111001182650,367032256150,01-09-2024 00:00:00,d6bffaf2dc93bd189aa38c5c
S75960940,01-09-2024 00:00:00,302.91,01-09-2024 00:00:00,,2001,2650,20012207843065,27111001182650,614669432273,01-09-2024 00:00:00,e22ee1bed66aebb36c55d2ab
S75960940,01-09-2024 00:00:00,292.05,01-09-2024 00:00:00,,2001,2650,20012207843065,27111001182650,088407500280,01-09-2024 00:00:00,45eced82abbf18aa481dc3ed
S75960940,01-09-2024 00:00:00,944.30,01-09-2024 00:00:00,,2001,2650,20012207843065,27111001182650,046897572374,01-09-2024 00:00:00,de237b0c1d5e97e8d7b8460d
S75960940,01-09-2024 00:00:00,439.83,01-09-2024 00:00:00,,2001,2650,20012207843065,27111001182650,389592982931,01-09-2024 00:00:00,8bbb7f77aa9cc4622e7fc81b
S75960940,01-09-2024 00:00:00,671.05,01-09-2024 00:00:00,,2001,2650,20012207843065,27111001182650,909627735889,01-09-2024 00:00:00,4ff4fcfa664cad85d9584be9
S75960940,01-09-2024 00:00:00,756.21,01-09-2024 00:00:00,,2001,2650,20012207843065,27111001182650,538057577967,01-09-2024 00:00:00,704942aaacca12f0f1bcedaf
S75960940,01-09-2024 00:00:00,821.82,01-09-2024 00:00:00,,2001,2650,20012207843065,27111001182650,752312432850,01-09-2024 00:00:00,19de5f4f0db084c07eda6cff
S75960940,01-09-2024 00:00:00,529.15,01-09-2024 00:00:00,,2001,2650,20012207843065,27111001182650,633229827915,01-09-2024 00:00:00,ebfbdbf0bde7a4f97aaf909e
S75960940,01-09-2024 00:00:00,181.88,01-09-2024 00:00:00,,2001,2650,20012207843065,27111001182650,297122174025,01-09-2024 00:00:00,0e1aa9c5eadf0ad8f3aecc12
S75960940,01-09-2024 00:00:00,735.43,01-09-2024 00:00:00,,2001,2650,20012207843065,27111001182650,466408838606,01-09-2024 00:00:00,1c0bf486f48f0fcfe93eeafd
S75960940,01-09-2024 00:00:00,501.79,01-09-2024 00:00:00,,2001,2650,20012207843065,27111001182650,229426144452,01-09-2024 00:00:00,eda1fa442bbd9a2c2f68d6ab
S75960940,01-09-2024 00:00:00,713.26,01-09-2024 00:00:00,,2001,2650,20012207843065,27111001182650,436008602069,01-09-2024 00:00:00,584c6dbaf7c8a7e1af0dac15
S75960940,01-09-2024 00:00:00,326.40,01-09-2024 00:00:00,,2001,2650,20012207843065,27111001182650,788810481923,01-09-2024 00:00:00,462b07d7de21b09e0ff998b8
S75960940,01-09-2024 00:00:00,854.44,01-09-2024 00:00:00,,2001,2650,20012207843065,27111001182650,561632149150,01-09-2024 00:00:00,a8abef6a74cf9ac1eeddbdbe
S75960940,01-09-2024 00:00:00,296.56,01-09-2024 00:00:00,,2001,2650,20012207843065,27111001182650,692148531631,01-09-2024 00:00:00,8f40e9df8ea2cfdfc1fdeda1
S75960940,01-09-2024 00:00:00,947.52,01-09-2024 00:00:00,,2001,2650,20012207843065,27111001182650,428214662441,01-09-2024 00:00:00,ccd8bb4b50fb40be4ab371bd
S75960940,01-09-2024 00:00:00,564.93,01-09-2024 00:00:00,,2001,2650,20012207843065,27111001182650,246960892172,01-09-2024 00:00:00,6ae3509cc99b7753f0b12e52
S75960940,01-09-2024 00:00:00,858.98,01-09-2024 00:00:00,,2001,2650,20012207843065,27111001182650,816643527158,01-09-2024 00:00:00,1badbbfffbe95df90eaa61f5
S75960940,01-09-2024 00:00:00,17.34,01-09-2024 00:00:00,,2001,2650,20012207843065,27111001182650,772286529884,01-09-2024 00:00:00,8afdddba3f1fb761d30b5bca
S75960940,01-09-2024 00:00:00,653.97,01-09-2024 00:00:00,,2001,2650,20012207843065,27111001182650,598155447320,01-09-2024 00:00:00,baf034119cf59ef55362cdde
S75960940,01-09-2024 00:00:00,231.89,01-09-2024 00:00:00,,2001,2650,20012207843065,27111001182650,655781031233,01-09-2024 00:00:00,c997a1b782dceaafb5caba92
S75960940,01-09-2024 00:00:00,252.05,01-09-2024 00:00:00,,2001,2650,20012207843065,27111001182650,695644651413,01-09-2024 00:00:00,928da2f1dd194aaf8a8add7d
S75960940,01-09-2024 00:00:00,49.23,01-09-2024 00:00:00,,2001,2650,20012207843065,27111001182650,453339196945,01-09-2024 00:00:00,4c1b55fdc28c5eaee62d3a6c
S75960940,01-09-2024 00:00:00,164.97,01-09-2024 00:00:00,,2001,2650,20012207843065,27111001182650,342175265213,01-09-2024 00:00:00,ce3a8d39e3ba6fb4abd5ec93
S75960940,01-09-2024 00:00:00,568.95,01-09-2024 00:00:00,,2001,2650,20012207843065,27111001182650,827394691802,01-09-2024 00:00:00,dcc7807957cfb1b1d6cea1e7
S75960940,01-09-2024 00:00:00,756.19,01-09-2024 00:00:00,,2001,2650,20012207843065,27111001182650,834022837941,01-09-2024 00:00:00,94216a9c4cf1171443d17e5e
S75960940,01-09-2024 00:00:00,351.12,01-09-2024 00:00:00,,2001,2650,20012207843065,27111001182650,785519622089,01-09-2024 00:00:00,6c182cedacdbaefda8f00b4e
S75960940,01-09-2024 00:00:00,724.63,01-09-2024 00:00:00,,2001,2650,20012207843065,27111001182650,777783546868,01-09-2024 00:00:00,e5fab79e5838fdae4fd2a2b4
S75960940,01-09-2024 00:00:00,682.75,01-09-2024 00:00:00,,2001,2650,20012207843065,27111001182650,930020964571,01-09-2024 00:00:00,851cabc00fd19eafae56aecb
S75960940,01-09-2024 00:00:00,167.18,01-09-2024 00:00:00,,2001,2650,20012207843065,27111001182650,179913588978,01-09-2024 00:00:00,5ce074ee64e1f3a9dac8d5fd
S75960940,01-09-2024 00:00:00,683.55,01-09-2024 00:00:00,,2001,2650,20012207843065,27111001182650,484411342365,01-09-2024 00:00:00,beedad4fdcce97cadb6bde60
S75960940,01-09-2024 00:00:00,672.70,01-09-2024 00:00:00,,2001,2650,20012207843065,27111001182650,579471871678,01-09-2024 00:00:00,caabcabdd32ce90e6906bf9d
S75960940,01-09-2024 00:00:00,519.96,01-09-2024 00:00:00,,2001,2650,20012207843065,27111001182650,892145558391,01-09-2024 00:00:00,dad19ec7f8ddb3affb4ead0b
S75960940,01-09-2024 00:00:00,77.91,01-09-2024 00:00:00,,2001,2650,20012207843065,27111001182650,916414625096,01-09-2024 00:00:00,2ae39c3ac3bb2f5f6f70ee6d
S75960940,01-09-2024 00:00:00,247.65,01-09-2024 00:00:00,,2001,2650,20012207843065,27111001182650,643893671658,01-09-2024 00:00:00,d562aa2e592e9cac836edbbf
S75960940,01-09-2024 00:00:00,167.18,01-09-2024 00:00:00,,2001,2650,20012207843065,27111001182650,899339959922,01-09-2024 00:00:00,facdf53afdcb3a0cac90e5e5
S75960940,01-09-2024 00:00:00,221.31,01-09-2024 00:00:00,,2001,2650,20012207843065,27111001182650,971340758210,01-09-2024 00:00:00,3bafffba50a6ad4cfa5bbcf1
S75960940,01-09-2024 00:00:00,626.97,01-09-2024 00:00:00,,2001,2650,20012207843065,27111001182650,519056961773,01-09-2024 00:00:00,efeb2ad80504ae5388141d50
S75960940,01-09-2024 00:00:00,237.03,01-09-2024 00:00:00,,2001,2650,20012207843065,27111001182650,077904435023,01-09-2024 00:00:00,6a66c1aa665e54ef564dff7d
S75960940,01-09-2024 00:00:00,710.59,01-09-2024 00:00:00,,2001,2650,20012207843065,27111001182650,433014248619,01-09-2024 00:00:00,39dcbdeafa023d862fc89c2e
S75960940,01-09-2024 00:00:00,982.63,01-09-2024 00:00:00,,2001,2650,20012207843065,27111001182650,140902909408,01-09-2024 00:00:00,ff95bfcda06a022e69b1a25c
S75960940,01-09-2024 00:00:00,611.53,01-09-2024 00:00:00,,2001,2650,20012207843065,27111001182650,474073660956,01-09-2024 00:00:00,1e9e1a9caaf4fe2a3330b86a
S75960940,01-09-2024 00:00:00,367.70,01-09-2024 00:00:00,,2001,2650,20012207843065,27111001182650,757810765412,01-09-2024 00:00:00,57e7fb8abcd5d2b20dbf7ebe
S75960940,01-09-2024 00:00:00,249.22,01-09-2024 00:00:00,,2001,2650,20012207843065,27111001182650,260365321477,01-09-2024 00:00:00,b2690f7419c7dfca79c7418f
S75960940,01-09-2024 00:00:00,305.32,01-09-2024 00:00:00,,2001,2650,20012207843065,27111001182650,982419368828,01-09-2024 00:00:00,70adadebceedfea1df1b6baa
S75960940,01-09-2024 00:00:00,141.72,01-09-2024 00:00:00,,2001,2650,20012207843065,27111001182650,651153122212,01-09-2024 00:00:00,81f1ceb5a7ce6379f1d626ae
S75960940,01-09-2024 00:00:00,770.77,01-09-2024 00:00:00,,2001,2650,20012207843065,27111001182650,452419373605,01-09-2024 00:00:00,4acafdce8fc2b9922f61a2ac
S75960940,01-09-2024 00:00:00,617.33,01-09-2024 00:00:00,,2001,2650,20012207843065,27111001182650,612125543930,01-09-2024 00:00:00,32f8b4522e2629acecdbbf7d
S75960940,01-09-2024 00:00:00,356.88,01-09-2024 00:00:00,,2001,2650,20012207843065,27111001182650,200186272945,01-09-2024 00:00:00,4abed5e0a43a9af6dc17adf2
S75960940,01-09-2024 00:00:00,443.58,01-09-2024 00:00:00,,2001,2650,20012207843065,27111001182650,341194008938,01-09-2024 00:00:00,7cfce00ccb05dc8821aba73e
S75960940,01-09-2024 00:00:00,408.20,01-09-2024 00:00:00,,2001,2650,20012207843065,27111001182650,759142172701,01-09-2024 00:00:00,d59e6dac0ce1bf3ce13f4350
S75960940,01-09-2024 00:00:00,101.95,01-09-2024 00:00:00,,2001,2650,20012207843065,27111001182650,025004096435,01-09-2024 00:00:00,e17deb3f9bc3aea6cdb6e10c
S75960940,01-09-2024 00:00:00,699.35,01-09-2024 00:00:00,,2001,2650,20012207843065,27111001182650,075905499950,01-09-2024 00:00:00,3c3d6663ea1c9a0f0bcbd780
S75960940,01-09-2024 00:00:00,7.72,01-09-2024 00:00:00,,2001,2650,20012207843065,27111001182650,390793788178,01-09-2024 00:00:00,45e9fc98cd8ab91dadb4a4cd
S75960940,01-09-2024 00:00:00,97.27,01-09-2024 00:00:00,,2001,2650,20012207843065,27111001182650,026563700758,01-09-2024 00:00:00,eeaccab296d3d7adc7e3efd0
S75960940,01-09-2024 00:00:00,350.57,01-09-2024 00:00:00,,2001,2650,20012207843065,27111001182650,071136058154,01-09-2024 00:00:00,444dce29c5bbe5d8effad276
